{
  "image": "C:\\Users\\shrad\\TrendWeave\\TrendWeave\\extracted_data\\Catwalks__Women_s_Footwear___Bags_Colour_A_W_25_26_en\\page_19\\img_3.png",
  "items": [
    {
      "yolo_label": "person",
      "bbox": [
        123.5162124633789,
        63.00641632080078,
        540.7647094726562,
        1346.4183349609375
      ],
      "confidence": 0.7693851590156555,
      "clip_attributes": {
        "palette": {
          "label": "monochrome",
          "confidence": 0.22260263562202454
        },
        "dress_silhouette": {
          "label": "fit and flare",
          "confidence": 0.24772347509860992
        },
        "neckline": {
          "label": "square neckline",
          "confidence": 0.24019673466682434
        },
        "sleeve_type": {
          "label": "puffed sleeves",
          "confidence": 0.2581316828727722
        },
        "top_silhouette": {
          "label": "peplum",
          "confidence": 0.24025346338748932
        },
        "bottom_style": {
          "label": "wide-leg pants",
          "confidence": 0.28009650111198425
        },
        "outerwear": {
          "label": "blazer",
          "confidence": 0.2528715133666992
        },
        "shoe_type": {
          "label": "ankle boots",
          "confidence": 0.24010761082172394
        },
        "bag_type": {
          "label": "crossbody bag",
          "confidence": 0.22956891357898712
        },
        "accessory": {
          "label": "hoop earrings",
          "confidence": 0.22813327610492706
        },
        "hairstyle": {
          "label": "high bun",
          "confidence": 0.2199825793504715
        },
        "setting": {
          "label": "brunch look",
          "confidence": 0.2443983554840088
        },
        "fabric_type": {
          "label": "satin",
          "confidence": 0.23728340864181519
        },
        "season": {
          "label": "fall",
          "confidence": 0.19950729608535767
        },
        "style_theme": {
          "label": "elegant chic",
          "confidence": 0.25337040424346924
        }
      },
      "dominant_colors": [
        [
          10,
          132,
          126
        ],
        [
          195,
          129,
          144
        ],
        [
          125,
          139,
          145
        ]
      ],
      "texture_histogram": [
        688.0,
        6772.0,
        18923.0,
        18897.0,
        16935.0,
        13718.0,
        11420.0,
        9521.0,
        8474.0,
        7640.0,
        6921.0,
        6521.0,
        5943.0,
        5584.0,
        5209.0,
        4792.0,
        4582.0,
        4278.0,
        4008.0,
        3665.0,
        3353.0,
        3167.0,
        2998.0,
        2768.0,
        2534.0,
        2329.0,
        2189.0,
        1907.0,
        1775.0,
        1728.0,
        1581.0,
        1411.0,
        1297.0,
        1208.0,
        1162.0,
        1151.0,
        1050.0,
        1034.0,
        981.0,
        904.0,
        843.0,
        835.0,
        790.0,
        781.0,
        678.0,
        679.0,
        619.0,
        607.0,
        562.0,
        566.0,
        509.0,
        554.0,
        457.0,
        538.0,
        447.0,
        481.0,
        471.0,
        444.0,
        416.0,
        409.0,
        406.0,
        403.0,
        380.0,
        376.0,
        396.0,
        376.0,
        400.0,
        429.0,
        404.0,
        387.0,
        408.0,
        370.0,
        372.0,
        379.0,
        366.0,
        341.0,
        330.0,
        342.0,
        343.0,
        341.0,
        369.0,
        348.0,
        330.0,
        353.0,
        383.0,
        389.0,
        373.0,
        392.0,
        421.0,
        472.0,
        505.0,
        475.0,
        503.0,
        481.0,
        500.0,
        484.0,
        447.0,
        465.0,
        415.0,
        430.0,
        388.0,
        327.0,
        366.0,
        348.0,
        347.0,
        421.0,
        393.0,
        393.0,
        425.0,
        435.0,
        451.0,
        450.0,
        464.0,
        473.0,
        488.0,
        495.0,
        453.0,
        480.0,
        497.0,
        480.0,
        452.0,
        500.0,
        505.0,
        530.0,
        543.0,
        567.0,
        529.0,
        559.0,
        655.0,
        670.0,
        674.0,
        717.0,
        801.0,
        782.0,
        891.0,
        905.0,
        874.0,
        866.0,
        916.0,
        893.0,
        967.0,
        952.0,
        1021.0,
        994.0,
        1099.0,
        1118.0,
        1175.0,
        1179.0,
        1306.0,
        1270.0,
        1344.0,
        1410.0,
        1386.0,
        1514.0,
        1725.0,
        1658.0,
        1701.0,
        1626.0,
        1589.0,
        1535.0,
        1606.0,
        1627.0,
        1726.0,
        1717.0,
        1766.0,
        1580.0,
        1747.0,
        1729.0,
        1712.0,
        1851.0,
        1951.0,
        2131.0,
        2401.0,
        2935.0,
        3632.0,
        4147.0,
        4978.0,
        5961.0,
        6330.0,
        6083.0,
        5239.0,
        4638.0,
        3765.0,
        3463.0,
        3254.0,
        3903.0,
        4951.0,
        8115.0,
        9444.0,
        7145.0,
        8493.0,
        8354.0,
        8573.0,
        9157.0,
        9007.0,
        7662.0,
        8710.0,
        6837.0,
        10002.0,
        7749.0,
        10736.0,
        5967.0,
        7580.0,
        3954.0,
        7021.0,
        3922.0,
        5662.0,
        3499.0,
        5852.0,
        1558.0,
        1142.0,
        831.0,
        1043.0,
        514.0,
        352.0,
        241.0,
        207.0,
        247.0,
        197.0,
        222.0,
        151.0,
        118.0,
        81.0,
        35.0,
        16.0,
        10.0,
        8.0,
        3.0,
        1.0,
        3.0,
        3.0,
        1.0,
        0.0,
        0.0,
        0.0,
        1.0,
        0.0,
        0.0,
        0.0,
        1.0,
        0.0,
        0.0,
        0.0,
        0.0,
        1.0,
        0.0,
        0.0,
        0.0,
        0.0,
        0.0,
        0.0,
        0.0,
        0.0,
        0.0,
        0.0,
        0.0
      ],
      "silhouette_mask_path": "C:\\Users\\shrad\\TrendWeave\\MERGE_OUTPUT_FINAL\\Catwalks__Women_s_Footwear___Bags_Colour_A_W_25_26_en\\page_19\\img_3_mask_0.png"
    }
  ],
  "pose_keypoints": [
    {
      "x": 0.3647136092185974,
      "y": 0.1413479745388031,
      "z": -0.2475685477256775,
      "visibility": 0.9999328851699829
    },
    {
      "x": 0.38617658615112305,
      "y": 0.12150195240974426,
      "z": -0.2373264580965042,
      "visibility": 0.9997434020042419
    },
    {
      "x": 0.4030191898345947,
      "y": 0.12026700377464294,
      "z": -0.2371949404478073,
      "visibility": 0.9998477697372437
    },
    {
      "x": 0.4182714819908142,
      "y": 0.11907172948122025,
      "z": -0.2373579889535904,
      "visibility": 0.9998044371604919
    },
    {
      "x": 0.34008780121803284,
      "y": 0.12600135803222656,
      "z": -0.19034799933433533,
      "visibility": 0.9996954202651978
    },
    {
      "x": 0.3260612487792969,
      "y": 0.12792733311653137,
      "z": -0.19027811288833618,
      "visibility": 0.9997277855873108
    },
    {
      "x": 0.31187838315963745,
      "y": 0.1298503279685974,
      "z": -0.19049422442913055,
      "visibility": 0.9996649026870728
    },
    {
      "x": 0.4459742605686188,
      "y": 0.12296339869499207,
      "z": -0.0695410743355751,
      "visibility": 0.9998039603233337
    },
    {
      "x": 0.3101382553577423,
      "y": 0.136484295129776,
      "z": 0.16556744277477264,
      "visibility": 0.9997997879981995
    },
    {
      "x": 0.40570902824401855,
      "y": 0.15743383765220642,
      "z": -0.17325478792190552,
      "visibility": 0.9996500015258789
    },
    {
      "x": 0.3502206802368164,
      "y": 0.16347292065620422,
      "z": -0.10664284229278564,
      "visibility": 0.999606192111969
    },
    {
      "x": 0.5802632570266724,
      "y": 0.19329607486724854,
      "z": -0.18035733699798584,
      "visibility": 0.9998407363891602
    },
    {
      "x": 0.3211836814880371,
      "y": 0.22147682309150696,
      "z": 0.4208821654319763,
      "visibility": 0.9992484450340271
    },
    {
      "x": 0.46757617592811584,
      "y": 0.2574908137321472,
      "z": -0.4639725387096405,
      "visibility": 0.9929936528205872
    },
    {
      "x": 0.13242456316947937,
      "y": 0.20834435522556305,
      "z": 0.5645829439163208,
      "visibility": 0.9305155873298645
    },
    {
      "x": 0.29346638917922974,
      "y": 0.1949988305568695,
      "z": -0.3324950337409973,
      "visibility": 0.9720036387443542
    },
    {
      "x": 0.24451392889022827,
      "y": 0.1302848756313324,
      "z": 0.9314906001091003,
      "visibility": 0.7590914964675903
    },
    {
      "x": 0.2724326550960541,
      "y": 0.18384510278701782,
      "z": -0.36589592695236206,
      "visibility": 0.9555005431175232
    },
    {
      "x": 0.28141096234321594,
      "y": 0.10766896605491638,
      "z": 0.9185076951980591,
      "visibility": 0.6156557202339172
    },
    {
      "x": 0.25425612926483154,
      "y": 0.17577412724494934,
      "z": -0.36168867349624634,
      "visibility": 0.9514114260673523
    },
    {
      "x": 0.301783949136734,
      "y": 0.11515478044748306,
      "z": 1.0032440423965454,
      "visibility": 0.5691507458686829
    },
    {
      "x": 0.27217942476272583,
      "y": 0.18292415142059326,
      "z": -0.32966774702072144,
      "visibility": 0.9527640342712402
    },
    {
      "x": 0.30234143137931824,
      "y": 0.12371388077735901,
      "z": 0.9506526589393616,
      "visibility": 0.5976651310920715
    },
    {
      "x": 0.6837932467460632,
      "y": 0.4671112596988678,
      "z": -0.18264280259609222,
      "visibility": 0.9995049238204956
    },
    {
      "x": 0.4994890093803406,
      "y": 0.4803891181945801,
      "z": 0.18198657035827637,
      "visibility": 0.9989697933197021
    },
    {
      "x": 0.7945472598075867,
      "y": 0.6852113604545593,
      "z": -0.35814911127090454,
      "visibility": 0.9981271624565125
    },
    {
      "x": 0.4186611473560333,
      "y": 0.6907872557640076,
      "z": -0.044835008680820465,
      "visibility": 0.9973559379577637
    },
    {
      "x": 0.7908562421798706,
      "y": 0.8650130033493042,
      "z": 0.02924741432070732,
      "visibility": 0.9938859343528748
    },
    {
      "x": 0.6009347438812256,
      "y": 0.8579879999160767,
      "z": 0.446010559797287,
      "visibility": 0.9932656288146973
    },
    {
      "x": 0.8059818744659424,
      "y": 0.8781665563583374,
      "z": 0.04935101792216301,
      "visibility": 0.8869203329086304
    },
    {
      "x": 0.6579344272613525,
      "y": 0.8650322556495667,
      "z": 0.47941020131111145,
      "visibility": 0.9663879871368408
    },
    {
      "x": 0.6962382793426514,
      "y": 0.9590979218482971,
      "z": -0.3528344929218292,
      "visibility": 0.9804326295852661
    },
    {
      "x": 0.5356228351593018,
      "y": 0.9449363350868225,
      "z": 0.22359852492809296,
      "visibility": 0.9815938472747803
    }
  ]
}