{
  "image": "C:\\Users\\shrad\\TrendWeave\\TrendWeave\\extracted_data\\Catwalks__Women_s_APAC_Key_Trends_A_W_25_26_en\\page_10\\img_4.png",
  "items": [
    {
      "yolo_label": "person",
      "bbox": [
        147.46437072753906,
        0.20844154059886932,
        503.7724304199219,
        651.1873168945312
      ],
      "confidence": 0.8901259303092957,
      "clip_attributes": {
        "palette": {
          "label": "earth tones",
          "confidence": 0.24138422310352325
        },
        "shoe_type": {
          "label": "boots",
          "confidence": 0.20278248190879822
        },
        "bag_type": {
          "label": "belt bag",
          "confidence": 0.2384183555841446
        },
        "accessory": {
          "label": "hat",
          "confidence": 0.207846999168396
        },
        "setting": {
          "label": "streetwear",
          "confidence": 0.23830881714820862
        },
        "fabric_type": {
          "label": "linen",
          "confidence": 0.2613883912563324
        },
        "season": {
          "label": "fall",
          "confidence": 0.2158559411764145
        },
        "style_theme": {
          "label": "athleisure",
          "confidence": 0.23928618431091309
        }
      },
      "dominant_colors": [
        [
          86,
          143,
          134
        ],
        [
          203,
          131,
          138
        ],
        [
          158,
          134,
          138
        ]
      ],
      "texture_histogram": [
        0.0,
        6.0,
        15.0,
        34.0,
        36.0,
        43.0,
        48.0,
        77.0,
        64.0,
        60.0,
        75.0,
        85.0,
        79.0,
        85.0,
        85.0,
        87.0,
        105.0,
        74.0,
        89.0,
        80.0,
        97.0,
        84.0,
        94.0,
        125.0,
        129.0,
        125.0,
        123.0,
        134.0,
        124.0,
        124.0,
        163.0,
        142.0,
        172.0,
        146.0,
        161.0,
        182.0,
        213.0,
        237.0,
        283.0,
        323.0,
        364.0,
        417.0,
        439.0,
        511.0,
        562.0,
        617.0,
        659.0,
        721.0,
        825.0,
        897.0,
        1039.0,
        1206.0,
        1159.0,
        1324.0,
        1307.0,
        1417.0,
        1402.0,
        1434.0,
        1354.0,
        1490.0,
        1505.0,
        1519.0,
        1477.0,
        1460.0,
        1533.0,
        1535.0,
        1725.0,
        1768.0,
        1793.0,
        1879.0,
        2004.0,
        2151.0,
        2259.0,
        2409.0,
        2450.0,
        2642.0,
        2750.0,
        2898.0,
        2982.0,
        3024.0,
        3044.0,
        3149.0,
        3158.0,
        3279.0,
        3256.0,
        3223.0,
        3184.0,
        3297.0,
        3298.0,
        3183.0,
        3197.0,
        3202.0,
        3143.0,
        3256.0,
        3093.0,
        2969.0,
        2907.0,
        2869.0,
        2830.0,
        2736.0,
        2791.0,
        2624.0,
        2671.0,
        2534.0,
        2347.0,
        2362.0,
        2190.0,
        2111.0,
        1985.0,
        1788.0,
        1602.0,
        1431.0,
        1264.0,
        1039.0,
        966.0,
        818.0,
        767.0,
        698.0,
        636.0,
        522.0,
        540.0,
        495.0,
        460.0,
        392.0,
        364.0,
        330.0,
        284.0,
        276.0,
        255.0,
        256.0,
        252.0,
        250.0,
        239.0,
        207.0,
        253.0,
        255.0,
        240.0,
        207.0,
        260.0,
        221.0,
        255.0,
        287.0,
        341.0,
        385.0,
        422.0,
        513.0,
        494.0,
        542.0,
        533.0,
        572.0,
        545.0,
        580.0,
        719.0,
        740.0,
        849.0,
        935.0,
        837.0,
        972.0,
        821.0,
        803.0,
        875.0,
        852.0,
        755.0,
        841.0,
        836.0,
        862.0,
        817.0,
        744.0,
        847.0,
        890.0,
        889.0,
        1008.0,
        1074.0,
        978.0,
        944.0,
        1027.0,
        1048.0,
        954.0,
        896.0,
        968.0,
        923.0,
        951.0,
        914.0,
        1011.0,
        853.0,
        761.0,
        760.0,
        890.0,
        889.0,
        820.0,
        818.0,
        827.0,
        817.0,
        797.0,
        787.0,
        831.0,
        836.0,
        875.0,
        873.0,
        830.0,
        851.0,
        949.0,
        831.0,
        739.0,
        711.0,
        734.0,
        706.0,
        669.0,
        617.0,
        536.0,
        584.0,
        564.0,
        486.0,
        540.0,
        571.0,
        498.0,
        582.0,
        467.0,
        531.0,
        394.0,
        476.0,
        335.0,
        505.0,
        393.0,
        295.0,
        279.0,
        379.0,
        281.0,
        263.0,
        294.0,
        180.0,
        150.0,
        177.0,
        246.0,
        100.0,
        111.0,
        69.0,
        83.0,
        154.0,
        52.0,
        45.0,
        80.0,
        40.0,
        22.0,
        22.0,
        25.0,
        14.0,
        6.0,
        12.0,
        5.0,
        9.0,
        9.0,
        2.0,
        0.0,
        0.0,
        0.0
      ],
      "silhouette_mask_path": "C:\\Users\\shrad\\TrendWeave\\MERGE_OUTPUT_FINAL\\Catwalks__Women_s_APAC_Key_Trends_A_W_25_26_en\\page_10\\img_4_mask_0.png"
    }
  ],
  "pose_keypoints": [
    {
      "x": 0.526829183101654,
      "y": 0.12894529104232788,
      "z": -0.9228702783584595,
      "visibility": 0.9999687671661377
    },
    {
      "x": 0.5475987195968628,
      "y": 0.099609375,
      "z": -0.8887198567390442,
      "visibility": 0.9999440908432007
    },
    {
      "x": 0.5605642199516296,
      "y": 0.10082321614027023,
      "z": -0.888648509979248,
      "visibility": 0.9999216794967651
    },
    {
      "x": 0.5723479390144348,
      "y": 0.10245895385742188,
      "z": -0.8885601162910461,
      "visibility": 0.9999282360076904
    },
    {
      "x": 0.505797803401947,
      "y": 0.09650373458862305,
      "z": -0.8949951529502869,
      "visibility": 0.9999674558639526
    },
    {
      "x": 0.48758330941200256,
      "y": 0.09626972675323486,
      "z": -0.8950936198234558,
      "visibility": 0.9999622106552124
    },
    {
      "x": 0.4717969000339508,
      "y": 0.09664708375930786,
      "z": -0.8953711986541748,
      "visibility": 0.9999693632125854
    },
    {
      "x": 0.5840831995010376,
      "y": 0.12161469459533691,
      "z": -0.6182196140289307,
      "visibility": 0.999861478805542
    },
    {
      "x": 0.4474523067474365,
      "y": 0.11544901132583618,
      "z": -0.6487322449684143,
      "visibility": 0.9999693632125854
    },
    {
      "x": 0.5443959832191467,
      "y": 0.16892504692077637,
      "z": -0.8183533549308777,
      "visibility": 0.9999854564666748
    },
    {
      "x": 0.49254125356674194,
      "y": 0.16626209020614624,
      "z": -0.8260728716850281,
      "visibility": 0.9999936819076538
    },
    {
      "x": 0.6662796139717102,
      "y": 0.3293008804321289,
      "z": -0.42680445313453674,
      "visibility": 0.9998489618301392
    },
    {
      "x": 0.3475438952445984,
      "y": 0.3269539773464203,
      "z": -0.4896518588066101,
      "visibility": 0.9999431371688843
    },
    {
      "x": 0.7273960709571838,
      "y": 0.6053283214569092,
      "z": -0.24490973353385925,
      "visibility": 0.9852297902107239
    },
    {
      "x": 0.2899210453033447,
      "y": 0.5972477793693542,
      "z": -0.4334101378917694,
      "visibility": 0.9951135516166687
    },
    {
      "x": 0.741424024105072,
      "y": 0.8533833622932434,
      "z": -0.3799012005329132,
      "visibility": 0.9516960978507996
    },
    {
      "x": 0.30895867943763733,
      "y": 0.8448070287704468,
      "z": -0.624260425567627,
      "visibility": 0.9663608074188232
    },
    {
      "x": 0.7560025453567505,
      "y": 0.9310329556465149,
      "z": -0.4607330858707428,
      "visibility": 0.8979856967926025
    },
    {
      "x": 0.3072974681854248,
      "y": 0.9198184013366699,
      "z": -0.6950424909591675,
      "visibility": 0.9135822057723999
    },
    {
      "x": 0.7271643877029419,
      "y": 0.9374399185180664,
      "z": -0.5280879735946655,
      "visibility": 0.9108316898345947
    },
    {
      "x": 0.34371912479400635,
      "y": 0.9152888059616089,
      "z": -0.775439441204071,
      "visibility": 0.9252084493637085
    },
    {
      "x": 0.7118258476257324,
      "y": 0.9128259420394897,
      "z": -0.40922054648399353,
      "visibility": 0.920689582824707
    },
    {
      "x": 0.35359078645706177,
      "y": 0.8901455998420715,
      "z": -0.6562836170196533,
      "visibility": 0.9306617379188538
    },
    {
      "x": 0.6285178661346436,
      "y": 0.8224462866783142,
      "z": 0.00019491405691951513,
      "visibility": 0.9906708002090454
    },
    {
      "x": 0.43116968870162964,
      "y": 0.8383738398551941,
      "z": 0.0007593416958115995,
      "visibility": 0.9933071732521057
    },
    {
      "x": 0.6318153142929077,
      "y": 1.1698185205459595,
      "z": 0.14253222942352295,
      "visibility": 0.34574979543685913
    },
    {
      "x": 0.4513392150402069,
      "y": 1.1745795011520386,
      "z": 0.292660117149353,
      "visibility": 0.20113150775432587
    },
    {
      "x": 0.6352465152740479,
      "y": 1.4585168361663818,
      "z": 0.6397812366485596,
      "visibility": 0.027989042922854424
    },
    {
      "x": 0.45903241634368896,
      "y": 1.4586126804351807,
      "z": 0.7974507808685303,
      "visibility": 0.025266265496611595
    },
    {
      "x": 0.6335605978965759,
      "y": 1.498473882675171,
      "z": 0.6755910515785217,
      "visibility": 0.03127387911081314
    },
    {
      "x": 0.45886361598968506,
      "y": 1.5000633001327515,
      "z": 0.8441507816314697,
      "visibility": 0.030449237674474716
    },
    {
      "x": 0.6212925314903259,
      "y": 1.5743283033370972,
      "z": 0.37699463963508606,
      "visibility": 0.013879374600946903
    },
    {
      "x": 0.4752679467201233,
      "y": 1.562831163406372,
      "z": 0.5258082747459412,
      "visibility": 0.015922358259558678
    }
  ]
}