{
  "image": "C:\\Users\\shrad\\TrendWeave\\TrendWeave\\extracted_data\\Catwalks__Women_s_APAC_Key_Trends_A_W_25_26_en\\page_10\\img_1.png",
  "items": [
    {
      "yolo_label": "person",
      "bbox": [
        183.19015502929688,
        0.8090675473213196,
        522.34765625,
        652.670654296875
      ],
      "confidence": 0.9059410095214844,
      "clip_attributes": {
        "palette": {
          "label": "earth tones",
          "confidence": 0.2331051230430603
        },
        "neckline": {
          "label": "polo",
          "confidence": 0.251920223236084
        },
        "sleeve_type": {
          "label": "long sleeves",
          "confidence": 0.22627143561840057
        },
        "top_silhouette": {
          "label": "hoodie",
          "confidence": 0.22792206704616547
        },
        "bottom_style": {
          "label": "chinos",
          "confidence": 0.21926796436309814
        },
        "outerwear": {
          "label": "hoodie",
          "confidence": 0.22792206704616547
        },
        "shoe_type": {
          "label": "boots",
          "confidence": 0.21037590503692627
        },
        "bag_type": {
          "label": "duffel bag",
          "confidence": 0.2458910346031189
        },
        "accessory": {
          "label": "cap",
          "confidence": 0.22440916299819946
        },
        "hairstyle": {
          "label": "undercut",
          "confidence": 0.21628043055534363
        },
        "setting": {
          "label": "smart casual",
          "confidence": 0.22747802734375
        },
        "fabric_type": {
          "label": "wool",
          "confidence": 0.24602851271629333
        },
        "season": {
          "label": "winter",
          "confidence": 0.2214878648519516
        },
        "style_theme": {
          "label": "streetwear",
          "confidence": 0.2454262524843216
        }
      },
      "dominant_colors": [
        [
          26,
          131,
          133
        ],
        [
          165,
          129,
          136
        ],
        [
          63,
          135,
          139
        ]
      ],
      "texture_histogram": [
        6.0,
        19.0,
        28.0,
        39.0,
        73.0,
        109.0,
        154.0,
        223.0,
        312.0,
        440.0,
        566.0,
        687.0,
        863.0,
        1056.0,
        1276.0,
        1458.0,
        1704.0,
        1874.0,
        2050.0,
        2268.0,
        2436.0,
        2538.0,
        2795.0,
        2968.0,
        2844.0,
        2819.0,
        2593.0,
        2471.0,
        2409.0,
        2379.0,
        2201.0,
        2272.0,
        2288.0,
        2267.0,
        2381.0,
        2331.0,
        2679.0,
        2748.0,
        2848.0,
        2978.0,
        3073.0,
        3086.0,
        2994.0,
        2908.0,
        2822.0,
        2738.0,
        2546.0,
        2491.0,
        2495.0,
        2604.0,
        2624.0,
        2645.0,
        2619.0,
        2450.0,
        2198.0,
        1953.0,
        1598.0,
        1454.0,
        1237.0,
        1132.0,
        928.0,
        861.0,
        784.0,
        783.0,
        670.0,
        628.0,
        660.0,
        630.0,
        611.0,
        574.0,
        579.0,
        546.0,
        524.0,
        527.0,
        529.0,
        476.0,
        481.0,
        493.0,
        437.0,
        424.0,
        468.0,
        381.0,
        403.0,
        403.0,
        381.0,
        348.0,
        360.0,
        331.0,
        305.0,
        314.0,
        288.0,
        284.0,
        241.0,
        238.0,
        224.0,
        228.0,
        184.0,
        192.0,
        203.0,
        189.0,
        165.0,
        182.0,
        156.0,
        142.0,
        158.0,
        149.0,
        142.0,
        200.0,
        204.0,
        182.0,
        258.0,
        257.0,
        253.0,
        248.0,
        236.0,
        280.0,
        212.0,
        238.0,
        242.0,
        231.0,
        244.0,
        235.0,
        260.0,
        237.0,
        262.0,
        266.0,
        275.0,
        256.0,
        286.0,
        345.0,
        459.0,
        484.0,
        506.0,
        626.0,
        594.0,
        610.0,
        649.0,
        709.0,
        789.0,
        740.0,
        902.0,
        1030.0,
        1731.0,
        1726.0,
        2523.0,
        5777.0,
        3991.0,
        2643.0,
        2898.0,
        2110.0,
        1749.0,
        2162.0,
        1447.0,
        1498.0,
        1491.0,
        1162.0,
        1251.0,
        1361.0,
        1020.0,
        1052.0,
        1069.0,
        816.0,
        1054.0,
        1222.0,
        1004.0,
        1135.0,
        1163.0,
        1000.0,
        782.0,
        1108.0,
        932.0,
        1098.0,
        1096.0,
        976.0,
        1002.0,
        793.0,
        565.0,
        676.0,
        600.0,
        713.0,
        1038.0,
        1666.0,
        1150.0,
        1109.0,
        1207.0,
        986.0,
        1011.0,
        1200.0,
        1323.0,
        815.0,
        702.0,
        669.0,
        492.0,
        485.0,
        480.0,
        537.0,
        640.0,
        520.0,
        535.0,
        503.0,
        248.0,
        57.0,
        37.0,
        28.0,
        18.0,
        13.0,
        10.0,
        5.0,
        7.0,
        6.0,
        2.0,
        1.0,
        2.0,
        2.0,
        0.0,
        0.0,
        0.0,
        0.0,
        0.0,
        0.0,
        0.0,
        0.0,
        0.0,
        0.0,
        1.0,
        0.0,
        0.0,
        0.0,
        0.0,
        1.0,
        0.0,
        0.0,
        0.0,
        0.0,
        0.0,
        0.0,
        0.0,
        0.0,
        0.0,
        0.0,
        0.0,
        0.0,
        0.0,
        0.0,
        0.0,
        0.0,
        0.0,
        0.0,
        0.0,
        0.0,
        0.0,
        0.0,
        0.0,
        0.0,
        0.0,
        0.0
      ],
      "silhouette_mask_path": "C:\\Users\\shrad\\TrendWeave\\MERGE_OUTPUT_FINAL\\Catwalks__Women_s_APAC_Key_Trends_A_W_25_26_en\\page_10\\img_1_mask_0.png"
    }
  ],
  "pose_keypoints": [
    {
      "x": 0.49786803126335144,
      "y": 0.102401964366436,
      "z": -0.7379539608955383,
      "visibility": 0.9996036887168884
    },
    {
      "x": 0.5120559930801392,
      "y": 0.08078938722610474,
      "z": -0.6980545520782471,
      "visibility": 0.9994673132896423
    },
    {
      "x": 0.5233428478240967,
      "y": 0.0802922248840332,
      "z": -0.6984081864356995,
      "visibility": 0.9995660185813904
    },
    {
      "x": 0.5303547382354736,
      "y": 0.08056890964508057,
      "z": -0.6987897753715515,
      "visibility": 0.9996046423912048
    },
    {
      "x": 0.47982269525527954,
      "y": 0.08510297536849976,
      "z": -0.6959188580513,
      "visibility": 0.9991495609283447
    },
    {
      "x": 0.47047707438468933,
      "y": 0.08757919073104858,
      "z": -0.6959740519523621,
      "visibility": 0.9990007281303406
    },
    {
      "x": 0.4597070515155792,
      "y": 0.09025532007217407,
      "z": -0.6962761878967285,
      "visibility": 0.9988116025924683
    },
    {
      "x": 0.5439897775650024,
      "y": 0.09554499387741089,
      "z": -0.4194185137748718,
      "visibility": 0.9996054768562317
    },
    {
      "x": 0.44987595081329346,
      "y": 0.10838676244020462,
      "z": -0.4095238447189331,
      "visibility": 0.9989232420921326
    },
    {
      "x": 0.5229318141937256,
      "y": 0.13364553451538086,
      "z": -0.6303114891052246,
      "visibility": 0.9998989105224609
    },
    {
      "x": 0.48300233483314514,
      "y": 0.13783222436904907,
      "z": -0.6271734833717346,
      "visibility": 0.9997919201850891
    },
    {
      "x": 0.6421831250190735,
      "y": 0.2538279592990875,
      "z": -0.2216351330280304,
      "visibility": 0.9999500513076782
    },
    {
      "x": 0.38649678230285645,
      "y": 0.26519063115119934,
      "z": -0.19372989237308502,
      "visibility": 0.9993764758110046
    },
    {
      "x": 0.7173370718955994,
      "y": 0.43051403760910034,
      "z": -0.2782585322856903,
      "visibility": 0.9925202131271362
    },
    {
      "x": 0.3403546214103699,
      "y": 0.4765530228614807,
      "z": -0.023650089278817177,
      "visibility": 0.9334760904312134
    },
    {
      "x": 0.6656981706619263,
      "y": 0.5230592489242554,
      "z": -0.7455961108207703,
      "visibility": 0.9858536720275879
    },
    {
      "x": 0.3371639549732208,
      "y": 0.642112135887146,
      "z": -0.19945017993450165,
      "visibility": 0.7545466423034668
    },
    {
      "x": 0.6448729038238525,
      "y": 0.5650175213813782,
      "z": -0.8612037897109985,
      "visibility": 0.9684613943099976
    },
    {
      "x": 0.32768842577934265,
      "y": 0.712736964225769,
      "z": -0.25652551651000977,
      "visibility": 0.6539413928985596
    },
    {
      "x": 0.627344012260437,
      "y": 0.5335515737533569,
      "z": -0.8953062891960144,
      "visibility": 0.9704259037971497
    },
    {
      "x": 0.3348379135131836,
      "y": 0.7157221436500549,
      "z": -0.3368273973464966,
      "visibility": 0.6753612160682678
    },
    {
      "x": 0.6307335495948792,
      "y": 0.5207478404045105,
      "z": -0.764579176902771,
      "visibility": 0.9596220254898071
    },
    {
      "x": 0.3433111310005188,
      "y": 0.6891204714775085,
      "z": -0.2332807332277298,
      "visibility": 0.6743804812431335
    },
    {
      "x": 0.5779479146003723,
      "y": 0.6346991062164307,
      "z": 0.025493022054433823,
      "visibility": 0.9949650168418884
    },
    {
      "x": 0.4278058409690857,
      "y": 0.6309466361999512,
      "z": -0.024905579164624214,
      "visibility": 0.993873119354248
    },
    {
      "x": 0.5734485387802124,
      "y": 0.9302239418029785,
      "z": -0.11886848509311676,
      "visibility": 0.6359093189239502
    },
    {
      "x": 0.45727190375328064,
      "y": 0.9281531572341919,
      "z": -0.15226393938064575,
      "visibility": 0.6597649455070496
    },
    {
      "x": 0.5611492395401001,
      "y": 1.0532448291778564,
      "z": 0.5239976644515991,
      "visibility": 0.17850908637046814
    },
    {
      "x": 0.46472787857055664,
      "y": 1.1458983421325684,
      "z": 0.4052128195762634,
      "visibility": 0.14547231793403625
    },
    {
      "x": 0.5618542432785034,
      "y": 1.1372325420379639,
      "z": 0.5779633522033691,
      "visibility": 0.17176252603530884
    },
    {
      "x": 0.4660743176937103,
      "y": 1.1656157970428467,
      "z": 0.45057588815689087,
      "visibility": 0.06859464198350906
    },
    {
      "x": 0.593730092048645,
      "y": 1.203723430633545,
      "z": 0.3335799276828766,
      "visibility": 0.10809235274791718
    },
    {
      "x": 0.49195829033851624,
      "y": 1.2413283586502075,
      "z": 0.1569492518901825,
      "visibility": 0.08768920600414276
    }
  ]
}