{
  "image": "C:\\Users\\shrad\\TrendWeave\\TrendWeave\\extracted_data\\Catwalks__Women_s_APAC_Key_Trends_A_W_25_26_en\\page_6\\img_5.png",
  "items": [
    {
      "yolo_label": "person",
      "bbox": [
        90.00959777832031,
        0.0,
        424.404052734375,
        213.07704162597656
      ],
      "confidence": 0.7892425656318665,
      "clip_attributes": {
        "palette": {
          "label": "monochrome",
          "confidence": 0.25062838196754456
        },
        "neckline": {
          "label": "buttoned collar",
          "confidence": 0.2646929621696472
        },
        "sleeve_type": {
          "label": "long sleeves",
          "confidence": 0.2399033010005951
        },
        "top_silhouette": {
          "label": "button-up shirt",
          "confidence": 0.23158934712409973
        },
        "bottom_style": {
          "label": "tailored trousers",
          "confidence": 0.26422762870788574
        },
        "outerwear": {
          "label": "blazer",
          "confidence": 0.30409687757492065
        },
        "shoe_type": {
          "label": "derby shoes",
          "confidence": 0.2360810488462448
        },
        "bag_type": {
          "label": "duffel bag",
          "confidence": 0.22122257947921753
        },
        "accessory": {
          "label": "chain",
          "confidence": 0.22247526049613953
        },
        "hairstyle": {
          "label": "curly top",
          "confidence": 0.2297658771276474
        },
        "setting": {
          "label": "smart casual",
          "confidence": 0.27460625767707825
        },
        "fabric_type": {
          "label": "wool",
          "confidence": 0.27538198232650757
        },
        "season": {
          "label": "winter",
          "confidence": 0.21712468564510345
        },
        "style_theme": {
          "label": "streetwear",
          "confidence": 0.24477256834506989
        }
      },
      "dominant_colors": [
        [
          26,
          129,
          125
        ],
        [
          184,
          129,
          124
        ],
        [
          103,
          129,
          124
        ]
      ],
      "texture_histogram": [
        618.0,
        752.0,
        249.0,
        316.0,
        450.0,
        789.0,
        965.0,
        991.0,
        925.0,
        679.0,
        597.0,
        628.0,
        536.0,
        604.0,
        517.0,
        485.0,
        474.0,
        464.0,
        480.0,
        414.0,
        447.0,
        461.0,
        454.0,
        414.0,
        410.0,
        427.0,
        446.0,
        404.0,
        442.0,
        419.0,
        416.0,
        387.0,
        438.0,
        422.0,
        458.0,
        462.0,
        479.0,
        392.0,
        431.0,
        426.0,
        439.0,
        437.0,
        458.0,
        537.0,
        471.0,
        470.0,
        475.0,
        379.0,
        392.0,
        435.0,
        416.0,
        435.0,
        449.0,
        405.0,
        454.0,
        406.0,
        403.0,
        372.0,
        365.0,
        389.0,
        401.0,
        375.0,
        411.0,
        371.0,
        401.0,
        370.0,
        367.0,
        379.0,
        370.0,
        404.0,
        379.0,
        389.0,
        350.0,
        379.0,
        377.0,
        373.0,
        358.0,
        361.0,
        361.0,
        374.0,
        361.0,
        391.0,
        374.0,
        366.0,
        354.0,
        353.0,
        368.0,
        371.0,
        317.0,
        384.0,
        360.0,
        370.0,
        385.0,
        359.0,
        366.0,
        352.0,
        348.0,
        345.0,
        353.0,
        313.0,
        352.0,
        346.0,
        295.0,
        352.0,
        317.0,
        348.0,
        335.0,
        350.0,
        331.0,
        336.0,
        339.0,
        300.0,
        329.0,
        302.0,
        273.0,
        304.0,
        309.0,
        302.0,
        309.0,
        300.0,
        321.0,
        318.0,
        263.0,
        320.0,
        296.0,
        285.0,
        271.0,
        278.0,
        275.0,
        274.0,
        259.0,
        270.0,
        295.0,
        264.0,
        237.0,
        246.0,
        291.0,
        270.0,
        269.0,
        255.0,
        246.0,
        250.0,
        241.0,
        240.0,
        251.0,
        275.0,
        225.0,
        224.0,
        208.0,
        238.0,
        259.0,
        224.0,
        233.0,
        213.0,
        212.0,
        212.0,
        206.0,
        239.0,
        195.0,
        234.0,
        219.0,
        195.0,
        220.0,
        219.0,
        201.0,
        199.0,
        216.0,
        196.0,
        222.0,
        205.0,
        211.0,
        184.0,
        193.0,
        189.0,
        171.0,
        164.0,
        175.0,
        162.0,
        169.0,
        176.0,
        166.0,
        142.0,
        146.0,
        155.0,
        170.0,
        184.0,
        161.0,
        158.0,
        145.0,
        145.0,
        152.0,
        146.0,
        133.0,
        127.0,
        115.0,
        102.0,
        112.0,
        116.0,
        104.0,
        124.0,
        105.0,
        118.0,
        108.0,
        118.0,
        103.0,
        90.0,
        101.0,
        124.0,
        108.0,
        97.0,
        74.0,
        108.0,
        74.0,
        90.0,
        77.0,
        71.0,
        72.0,
        87.0,
        75.0,
        98.0,
        95.0,
        87.0,
        78.0,
        84.0,
        75.0,
        86.0,
        70.0,
        68.0,
        73.0,
        71.0,
        61.0,
        56.0,
        62.0,
        54.0,
        58.0,
        55.0,
        47.0,
        45.0,
        53.0,
        57.0,
        67.0,
        47.0,
        73.0,
        44.0,
        49.0,
        54.0,
        42.0,
        37.0,
        47.0,
        33.0,
        28.0,
        23.0,
        26.0,
        21.0,
        103.0,
        20.0
      ],
      "silhouette_mask_path": "C:\\Users\\shrad\\TrendWeave\\MERGE_OUTPUT_FINAL\\Catwalks__Women_s_APAC_Key_Trends_A_W_25_26_en\\page_6\\img_5_mask_0.png"
    },
    {
      "yolo_label": "person",
      "bbox": [
        392.5760192871094,
        0.9338836669921875,
        479.4317321777344,
        211.67433166503906
      ],
      "confidence": 0.47328776121139526,
      "clip_attributes": {
        "palette": {
          "label": "monochrome",
          "confidence": 0.2237793505191803
        },
        "dress_silhouette": {
          "label": "wrap dress",
          "confidence": 0.24307149648666382
        },
        "neckline": {
          "label": "square neckline",
          "confidence": 0.2728923261165619
        },
        "sleeve_type": {
          "label": "puffed sleeves",
          "confidence": 0.24540790915489197
        },
        "top_silhouette": {
          "label": "peplum",
          "confidence": 0.2418556809425354
        },
        "bottom_style": {
          "label": "flared pants",
          "confidence": 0.2445778250694275
        },
        "outerwear": {
          "label": "blazer",
          "confidence": 0.2521490156650543
        },
        "shoe_type": {
          "label": "heels",
          "confidence": 0.23797625303268433
        },
        "bag_type": {
          "label": "shoulder bag",
          "confidence": 0.23033712804317474
        },
        "accessory": {
          "label": "hoop earrings",
          "confidence": 0.2461201697587967
        },
        "hairstyle": {
          "label": "braids",
          "confidence": 0.22415447235107422
        },
        "setting": {
          "label": "office wear",
          "confidence": 0.22496965527534485
        },
        "fabric_type": {
          "label": "organza",
          "confidence": 0.25854891538619995
        },
        "season": {
          "label": "spring",
          "confidence": 0.20398245751857758
        },
        "style_theme": {
          "label": "elegant chic",
          "confidence": 0.24725885689258575
        }
      },
      "dominant_colors": [
        [
          68,
          130,
          127
        ],
        [
          171,
          131,
          129
        ],
        [
          6,
          128,
          127
        ]
      ],
      "texture_histogram": [
        23.0,
        179.0,
        1984.0,
        2760.0,
        1309.0,
        523.0,
        421.0,
        661.0,
        559.0,
        670.0,
        971.0,
        680.0,
        837.0,
        756.0,
        345.0,
        158.0,
        121.0,
        94.0,
        95.0,
        83.0,
        79.0,
        90.0,
        91.0,
        70.0,
        73.0,
        73.0,
        78.0,
        62.0,
        61.0,
        65.0,
        61.0,
        54.0,
        62.0,
        49.0,
        46.0,
        43.0,
        40.0,
        35.0,
        52.0,
        43.0,
        40.0,
        61.0,
        51.0,
        47.0,
        60.0,
        54.0,
        67.0,
        50.0,
        77.0,
        67.0,
        78.0,
        105.0,
        99.0,
        87.0,
        88.0,
        72.0,
        64.0,
        66.0,
        62.0,
        48.0,
        37.0,
        38.0,
        36.0,
        28.0,
        35.0,
        33.0,
        27.0,
        31.0,
        21.0,
        25.0,
        33.0,
        23.0,
        17.0,
        22.0,
        23.0,
        19.0,
        17.0,
        23.0,
        21.0,
        17.0,
        26.0,
        28.0,
        30.0,
        23.0,
        23.0,
        21.0,
        12.0,
        24.0,
        9.0,
        30.0,
        22.0,
        27.0,
        24.0,
        19.0,
        24.0,
        30.0,
        22.0,
        17.0,
        18.0,
        24.0,
        23.0,
        23.0,
        15.0,
        11.0,
        10.0,
        12.0,
        17.0,
        24.0,
        16.0,
        19.0,
        18.0,
        26.0,
        24.0,
        25.0,
        15.0,
        17.0,
        20.0,
        17.0,
        13.0,
        18.0,
        17.0,
        20.0,
        17.0,
        16.0,
        17.0,
        12.0,
        16.0,
        15.0,
        16.0,
        15.0,
        14.0,
        12.0,
        18.0,
        21.0,
        14.0,
        16.0,
        25.0,
        13.0,
        13.0,
        21.0,
        9.0,
        9.0,
        12.0,
        20.0,
        13.0,
        17.0,
        19.0,
        14.0,
        4.0,
        13.0,
        18.0,
        15.0,
        11.0,
        13.0,
        12.0,
        10.0,
        14.0,
        17.0,
        14.0,
        10.0,
        24.0,
        18.0,
        20.0,
        14.0,
        15.0,
        7.0,
        11.0,
        12.0,
        12.0,
        13.0,
        8.0,
        11.0,
        8.0,
        6.0,
        14.0,
        1.0,
        9.0,
        6.0,
        6.0,
        6.0,
        8.0,
        11.0,
        3.0,
        6.0,
        5.0,
        8.0,
        4.0,
        6.0,
        7.0,
        5.0,
        8.0,
        7.0,
        3.0,
        6.0,
        2.0,
        5.0,
        5.0,
        2.0,
        4.0,
        4.0,
        6.0,
        7.0,
        6.0,
        2.0,
        4.0,
        2.0,
        3.0,
        4.0,
        4.0,
        6.0,
        0.0,
        7.0,
        1.0,
        6.0,
        4.0,
        1.0,
        5.0,
        2.0,
        5.0,
        9.0,
        5.0,
        2.0,
        2.0,
        2.0,
        3.0,
        6.0,
        1.0,
        2.0,
        2.0,
        5.0,
        3.0,
        7.0,
        7.0,
        4.0,
        10.0,
        7.0,
        5.0,
        6.0,
        4.0,
        6.0,
        10.0,
        4.0,
        8.0,
        9.0,
        6.0,
        18.0,
        9.0,
        8.0,
        7.0,
        7.0,
        4.0,
        4.0,
        4.0,
        4.0,
        17.0,
        2.0
      ],
      "silhouette_mask_path": "C:\\Users\\shrad\\TrendWeave\\MERGE_OUTPUT_FINAL\\Catwalks__Women_s_APAC_Key_Trends_A_W_25_26_en\\page_6\\img_5_mask_1.png"
    }
  ],
  "pose_keypoints": null
}