{
  "image": "C:\\Users\\shrad\\TrendWeave\\TrendWeave\\extracted_data\\Catwalks__Women_s_Key_Items___Bags_A_W_25_26_en\\page_6\\img_5.jpeg",
  "items": [
    {
      "yolo_label": "person",
      "bbox": [
        84.11296081542969,
        0.990917980670929,
        293.0,
        283.3343811035156
      ],
      "confidence": 0.7062124609947205,
      "clip_attributes": {
        "palette": {
          "label": "bold colors",
          "confidence": 0.21992702782154083
        },
        "dress_silhouette": {
          "label": "fit and flare",
          "confidence": 0.23311425745487213
        },
        "neckline": {
          "label": "square neckline",
          "confidence": 0.23314021527767181
        },
        "sleeve_type": {
          "label": "puffed sleeves",
          "confidence": 0.2565149664878845
        },
        "top_silhouette": {
          "label": "peplum",
          "confidence": 0.22085684537887573
        },
        "bottom_style": {
          "label": "culottes",
          "confidence": 0.24376243352890015
        },
        "outerwear": {
          "label": "long coat",
          "confidence": 0.2361603081226349
        },
        "shoe_type": {
          "label": "ballet flats",
          "confidence": 0.23352627456188202
        },
        "bag_type": {
          "label": "crossbody bag",
          "confidence": 0.27247875928878784
        },
        "accessory": {
          "label": "hoop earrings",
          "confidence": 0.22100257873535156
        },
        "hairstyle": {
          "label": "loose curls",
          "confidence": 0.20284903049468994
        },
        "setting": {
          "label": "street style",
          "confidence": 0.24719323217868805
        },
        "fabric_type": {
          "label": "satin",
          "confidence": 0.22328422963619232
        },
        "season": {
          "label": "winter",
          "confidence": 0.20085252821445465
        },
        "style_theme": {
          "label": "elegant chic",
          "confidence": 0.23038740456104279
        }
      },
      "dominant_colors": [
        [
          147,
          132,
          136
        ],
        [
          19,
          128,
          129
        ],
        [
          67,
          128,
          129
        ]
      ],
      "texture_histogram": [
        217.0,
        417.0,
        603.0,
        561.0,
        605.0,
        512.0,
        544.0,
        574.0,
        532.0,
        545.0,
        537.0,
        617.0,
        731.0,
        733.0,
        726.0,
        770.0,
        726.0,
        729.0,
        841.0,
        842.0,
        867.0,
        740.0,
        700.0,
        690.0,
        568.0,
        597.0,
        623.0,
        623.0,
        612.0,
        573.0,
        572.0,
        614.0,
        612.0,
        570.0,
        613.0,
        658.0,
        675.0,
        639.0,
        669.0,
        608.0,
        602.0,
        704.0,
        771.0,
        785.0,
        798.0,
        772.0,
        793.0,
        747.0,
        767.0,
        735.0,
        657.0,
        622.0,
        622.0,
        629.0,
        627.0,
        548.0,
        566.0,
        588.0,
        514.0,
        506.0,
        483.0,
        480.0,
        460.0,
        404.0,
        419.0,
        374.0,
        374.0,
        301.0,
        334.0,
        281.0,
        291.0,
        281.0,
        270.0,
        287.0,
        262.0,
        263.0,
        284.0,
        285.0,
        279.0,
        293.0,
        295.0,
        300.0,
        288.0,
        249.0,
        261.0,
        226.0,
        219.0,
        200.0,
        191.0,
        164.0,
        188.0,
        168.0,
        165.0,
        160.0,
        143.0,
        153.0,
        170.0,
        170.0,
        151.0,
        134.0,
        145.0,
        130.0,
        136.0,
        164.0,
        175.0,
        147.0,
        142.0,
        165.0,
        171.0,
        158.0,
        134.0,
        161.0,
        161.0,
        174.0,
        158.0,
        149.0,
        160.0,
        168.0,
        174.0,
        167.0,
        156.0,
        167.0,
        163.0,
        155.0,
        154.0,
        163.0,
        155.0,
        148.0,
        135.0,
        129.0,
        158.0,
        136.0,
        132.0,
        112.0,
        142.0,
        133.0,
        116.0,
        108.0,
        109.0,
        110.0,
        120.0,
        95.0,
        105.0,
        89.0,
        78.0,
        78.0,
        83.0,
        70.0,
        95.0,
        95.0,
        80.0,
        103.0,
        97.0,
        112.0,
        102.0,
        83.0,
        85.0,
        74.0,
        65.0,
        68.0,
        50.0,
        85.0,
        85.0,
        71.0,
        44.0,
        52.0,
        31.0,
        27.0,
        35.0,
        29.0,
        23.0,
        33.0,
        48.0,
        40.0,
        38.0,
        31.0,
        33.0,
        40.0,
        36.0,
        37.0,
        26.0,
        30.0,
        32.0,
        29.0,
        34.0,
        29.0,
        30.0,
        25.0,
        35.0,
        27.0,
        32.0,
        29.0,
        40.0,
        28.0,
        43.0,
        38.0,
        39.0,
        32.0,
        44.0,
        39.0,
        28.0,
        30.0,
        36.0,
        28.0,
        23.0,
        25.0,
        33.0,
        29.0,
        31.0,
        30.0,
        26.0,
        28.0,
        31.0,
        20.0,
        24.0,
        23.0,
        16.0,
        15.0,
        16.0,
        22.0,
        15.0,
        14.0,
        13.0,
        15.0,
        13.0,
        8.0,
        10.0,
        12.0,
        6.0,
        7.0,
        4.0,
        6.0,
        2.0,
        4.0,
        3.0,
        4.0,
        3.0,
        3.0,
        3.0,
        1.0,
        2.0,
        2.0,
        3.0,
        3.0,
        0.0,
        0.0,
        1.0,
        2.0,
        1.0,
        1.0,
        5.0,
        2.0,
        1.0,
        0.0,
        0.0,
        0.0
      ],
      "silhouette_mask_path": "C:\\Users\\shrad\\TrendWeave\\MERGE_OUTPUT_FINAL\\Catwalks__Women_s_Key_Items___Bags_A_W_25_26_en\\page_6\\img_5_mask_0.png"
    },
    {
      "yolo_label": "motorcycle",
      "bbox": [
        5.257345676422119,
        95.0007553100586,
        289.6471862792969,
        582.7406616210938
      ],
      "confidence": 0.5228631496429443,
      "clip_attributes": {
        "palette": {
          "label": "bold colors",
          "confidence": 0.21048341691493988
        },
        "dress_silhouette": {
          "label": "fit and flare",
          "confidence": 0.2319430410861969
        },
        "neckline": {
          "label": "square neckline",
          "confidence": 0.2282913476228714
        },
        "sleeve_type": {
          "label": "bell sleeves",
          "confidence": 0.24060988426208496
        },
        "top_silhouette": {
          "label": "peplum",
          "confidence": 0.20300427079200745
        },
        "bottom_style": {
          "label": "culottes",
          "confidence": 0.22797134518623352
        },
        "outerwear": {
          "label": "long coat",
          "confidence": 0.23055751621723175
        },
        "shoe_type": {
          "label": "ankle boots",
          "confidence": 0.2241271287202835
        },
        "bag_type": {
          "label": "shoulder bag",
          "confidence": 0.27269405126571655
        },
        "accessory": {
          "label": "watch",
          "confidence": 0.20644935965538025
        },
        "hairstyle": {
          "label": "high bun",
          "confidence": 0.2060990333557129
        },
        "setting": {
          "label": "street style",
          "confidence": 0.25701576471328735
        },
        "fabric_type": {
          "label": "satin",
          "confidence": 0.21348190307617188
        },
        "season": {
          "label": "winter",
          "confidence": 0.21534591913223267
        },
        "style_theme": {
          "label": "elegant chic",
          "confidence": 0.2452089935541153
        }
      },
      "dominant_colors": [
        [
          174,
          127,
          140
        ],
        [
          17,
          127,
          129
        ],
        [
          71,
          128,
          128
        ]
      ],
      "texture_histogram": [
        267.0,
        612.0,
        1785.0,
        2356.0,
        2177.0,
        2256.0,
        2253.0,
        2172.0,
        2143.0,
        2022.0,
        1878.0,
        1942.0,
        2038.0,
        2097.0,
        1985.0,
        2008.0,
        2110.0,
        2172.0,
        2359.0,
        2656.0,
        2834.0,
        2883.0,
        3228.0,
        2701.0,
        2135.0,
        1990.0,
        1773.0,
        1606.0,
        1569.0,
        1580.0,
        1519.0,
        1547.0,
        1497.0,
        1402.0,
        1340.0,
        1278.0,
        1238.0,
        1198.0,
        1301.0,
        1283.0,
        1245.0,
        1454.0,
        1519.0,
        1502.0,
        1517.0,
        1451.0,
        1405.0,
        1171.0,
        1203.0,
        1083.0,
        964.0,
        900.0,
        874.0,
        870.0,
        909.0,
        813.0,
        831.0,
        866.0,
        791.0,
        787.0,
        752.0,
        744.0,
        716.0,
        644.0,
        651.0,
        621.0,
        627.0,
        620.0,
        588.0,
        601.0,
        602.0,
        611.0,
        597.0,
        592.0,
        548.0,
        522.0,
        509.0,
        547.0,
        537.0,
        546.0,
        521.0,
        485.0,
        491.0,
        401.0,
        395.0,
        396.0,
        374.0,
        387.0,
        311.0,
        325.0,
        357.0,
        333.0,
        293.0,
        292.0,
        275.0,
        220.0,
        257.0,
        258.0,
        228.0,
        221.0,
        225.0,
        204.0,
        189.0,
        212.0,
        206.0,
        183.0,
        186.0,
        209.0,
        181.0,
        187.0,
        170.0,
        173.0,
        154.0,
        154.0,
        169.0,
        170.0,
        157.0,
        165.0,
        179.0,
        167.0,
        177.0,
        153.0,
        173.0,
        134.0,
        152.0,
        143.0,
        152.0,
        117.0,
        115.0,
        105.0,
        105.0,
        111.0,
        99.0,
        121.0,
        111.0,
        102.0,
        86.0,
        102.0,
        91.0,
        96.0,
        96.0,
        77.0,
        87.0,
        80.0,
        90.0,
        83.0,
        76.0,
        83.0,
        70.0,
        73.0,
        77.0,
        63.0,
        90.0,
        77.0,
        77.0,
        101.0,
        105.0,
        150.0,
        142.0,
        186.0,
        196.0,
        212.0,
        292.0,
        285.0,
        300.0,
        340.0,
        365.0,
        351.0,
        375.0,
        365.0,
        432.0,
        408.0,
        472.0,
        563.0,
        557.0,
        624.0,
        637.0,
        633.0,
        613.0,
        585.0,
        515.0,
        502.0,
        468.0,
        432.0,
        398.0,
        329.0,
        273.0,
        236.0,
        237.0,
        224.0,
        161.0,
        160.0,
        167.0,
        129.0,
        120.0,
        103.0,
        105.0,
        68.0,
        66.0,
        56.0,
        42.0,
        41.0,
        42.0,
        38.0,
        28.0,
        31.0,
        28.0,
        26.0,
        26.0,
        27.0,
        22.0,
        21.0,
        24.0,
        17.0,
        22.0,
        19.0,
        14.0,
        11.0,
        16.0,
        17.0,
        10.0,
        10.0,
        10.0,
        8.0,
        9.0,
        9.0,
        4.0,
        7.0,
        4.0,
        3.0,
        2.0,
        3.0,
        4.0,
        4.0,
        6.0,
        1.0,
        5.0,
        4.0,
        1.0,
        1.0,
        6.0,
        5.0,
        5.0,
        2.0,
        0.0,
        1.0,
        1.0,
        1.0,
        3.0,
        1.0,
        2.0,
        1.0,
        1.0,
        0.0,
        0.0,
        0.0
      ],
      "silhouette_mask_path": "C:\\Users\\shrad\\TrendWeave\\MERGE_OUTPUT_FINAL\\Catwalks__Women_s_Key_Items___Bags_A_W_25_26_en\\page_6\\img_5_mask_1.png"
    },
    {
      "yolo_label": "person",
      "bbox": [
        0.5325794219970703,
        2.130958080291748,
        120.78775024414062,
        301.4853820800781
      ],
      "confidence": 0.3476426601409912,
      "clip_attributes": {
        "palette": {
          "label": "earth tones",
          "confidence": 0.23022684454917908
        },
        "dress_silhouette": {
          "label": "fit and flare",
          "confidence": 0.23953527212142944
        },
        "neckline": {
          "label": "square neckline",
          "confidence": 0.24803735315799713
        },
        "sleeve_type": {
          "label": "bell sleeves",
          "confidence": 0.23851995170116425
        },
        "top_silhouette": {
          "label": "peplum",
          "confidence": 0.23942448198795319
        },
        "bottom_style": {
          "label": "flared pants",
          "confidence": 0.24316155910491943
        },
        "outerwear": {
          "label": "blazer",
          "confidence": 0.25661370158195496
        },
        "shoe_type": {
          "label": "ankle boots",
          "confidence": 0.25438830256462097
        },
        "bag_type": {
          "label": "shoulder bag",
          "confidence": 0.26515400409698486
        },
        "accessory": {
          "label": "sunglasses",
          "confidence": 0.24257493019104004
        },
        "hairstyle": {
          "label": "loose curls",
          "confidence": 0.22107133269309998
        },
        "setting": {
          "label": "street style",
          "confidence": 0.23947854340076447
        },
        "fabric_type": {
          "label": "organza",
          "confidence": 0.2390342801809311
        },
        "season": {
          "label": "fall",
          "confidence": 0.21482789516448975
        },
        "style_theme": {
          "label": "elegant chic",
          "confidence": 0.23658105731010437
        }
      },
      "dominant_colors": [
        [
          12,
          127,
          129
        ],
        [
          148,
          131,
          145
        ],
        [
          64,
          129,
          136
        ]
      ],
      "texture_histogram": [
        37.0,
        220.0,
        1229.0,
        1908.0,
        1890.0,
        1225.0,
        735.0,
        528.0,
        637.0,
        626.0,
        523.0,
        528.0,
        454.0,
        375.0,
        331.0,
        340.0,
        400.0,
        415.0,
        475.0,
        528.0,
        492.0,
        444.0,
        447.0,
        431.0,
        386.0,
        347.0,
        320.0,
        337.0,
        324.0,
        306.0,
        306.0,
        303.0,
        337.0,
        333.0,
        307.0,
        316.0,
        306.0,
        322.0,
        343.0,
        318.0,
        316.0,
        318.0,
        326.0,
        386.0,
        344.0,
        338.0,
        318.0,
        241.0,
        262.0,
        233.0,
        276.0,
        241.0,
        214.0,
        263.0,
        215.0,
        213.0,
        249.0,
        228.0,
        203.0,
        197.0,
        193.0,
        187.0,
        211.0,
        161.0,
        166.0,
        156.0,
        166.0,
        179.0,
        150.0,
        135.0,
        138.0,
        146.0,
        136.0,
        144.0,
        136.0,
        146.0,
        142.0,
        139.0,
        105.0,
        128.0,
        125.0,
        92.0,
        114.0,
        106.0,
        128.0,
        91.0,
        102.0,
        112.0,
        96.0,
        100.0,
        96.0,
        91.0,
        74.0,
        69.0,
        63.0,
        78.0,
        91.0,
        79.0,
        67.0,
        77.0,
        78.0,
        51.0,
        68.0,
        72.0,
        60.0,
        64.0,
        69.0,
        53.0,
        61.0,
        56.0,
        48.0,
        51.0,
        52.0,
        44.0,
        43.0,
        48.0,
        51.0,
        49.0,
        57.0,
        50.0,
        51.0,
        54.0,
        51.0,
        52.0,
        50.0,
        52.0,
        50.0,
        43.0,
        49.0,
        48.0,
        47.0,
        53.0,
        58.0,
        50.0,
        61.0,
        58.0,
        50.0,
        43.0,
        55.0,
        61.0,
        66.0,
        60.0,
        60.0,
        65.0,
        66.0,
        56.0,
        87.0,
        84.0,
        89.0,
        89.0,
        82.0,
        134.0,
        182.0,
        209.0,
        202.0,
        173.0,
        158.0,
        185.0,
        144.0,
        112.0,
        80.0,
        88.0,
        87.0,
        73.0,
        48.0,
        36.0,
        21.0,
        13.0,
        14.0,
        22.0,
        21.0,
        9.0,
        12.0,
        5.0,
        2.0,
        4.0,
        4.0,
        3.0,
        2.0,
        5.0,
        4.0,
        3.0,
        4.0,
        4.0,
        4.0,
        3.0,
        2.0,
        1.0,
        6.0,
        4.0,
        0.0,
        3.0,
        3.0,
        1.0,
        4.0,
        3.0,
        1.0,
        4.0,
        1.0,
        4.0,
        3.0,
        4.0,
        3.0,
        2.0,
        2.0,
        1.0,
        2.0,
        3.0,
        4.0,
        6.0,
        3.0,
        3.0,
        4.0,
        3.0,
        1.0,
        0.0,
        4.0,
        0.0,
        1.0,
        2.0,
        1.0,
        2.0,
        2.0,
        0.0,
        2.0,
        4.0,
        2.0,
        1.0,
        2.0,
        1.0,
        1.0,
        0.0,
        1.0,
        0.0,
        1.0,
        0.0,
        1.0,
        2.0,
        0.0,
        0.0,
        1.0,
        0.0,
        3.0,
        1.0,
        0.0,
        0.0,
        1.0,
        0.0,
        1.0,
        0.0,
        0.0,
        1.0,
        1.0,
        0.0,
        0.0,
        0.0
      ],
      "silhouette_mask_path": "C:\\Users\\shrad\\TrendWeave\\MERGE_OUTPUT_FINAL\\Catwalks__Women_s_Key_Items___Bags_A_W_25_26_en\\page_6\\img_5_mask_2.png"
    }
  ],
  "pose_keypoints": [
    {
      "x": 0.09790441393852234,
      "y": 0.061740562319755554,
      "z": 0.15658360719680786,
      "visibility": 0.999734103679657
    },
    {
      "x": 0.09367075562477112,
      "y": 0.048098593950271606,
      "z": 0.17630164325237274,
      "visibility": 0.99981290102005
    },
    {
      "x": 0.09856230020523071,
      "y": 0.04353581368923187,
      "z": 0.1761426478624344,
      "visibility": 0.9997996687889099
    },
    {
      "x": 0.10341078042984009,
      "y": 0.04108037054538727,
      "z": 0.17596334218978882,
      "visibility": 0.9998352527618408
    },
    {
      "x": 0.08735406398773193,
      "y": 0.055703744292259216,
      "z": 0.19397348165512085,
      "visibility": 0.999714195728302
    },
    {
      "x": 0.08559179306030273,
      "y": 0.06010500341653824,
      "z": 0.19402334094047546,
      "visibility": 0.9996647834777832
    },
    {
      "x": 0.08517929911613464,
      "y": 0.06200429052114487,
      "z": 0.19378089904785156,
      "visibility": 0.9997555613517761
    },
    {
      "x": 0.130738765001297,
      "y": 0.038105666637420654,
      "z": 0.2531799077987671,
      "visibility": 0.9996778964996338
    },
    {
      "x": 0.10309717059135437,
      "y": 0.06462689489126205,
      "z": 0.3298024833202362,
      "visibility": 0.9997383952140808
    },
    {
      "x": 0.13176444172859192,
      "y": 0.06511989235877991,
      "z": 0.18123462796211243,
      "visibility": 0.999555766582489
    },
    {
      "x": 0.11646783351898193,
      "y": 0.07243967056274414,
      "z": 0.20324070751667023,
      "visibility": 0.9992424249649048
    },
    {
      "x": 0.22857683897018433,
      "y": 0.04949602484703064,
      "z": 0.1004214957356453,
      "visibility": 0.9996787309646606
    },
    {
      "x": 0.19062796235084534,
      "y": 0.10794679820537567,
      "z": 0.404508113861084,
      "visibility": 0.998241662979126
    },
    {
      "x": 0.3174246847629547,
      "y": 0.10983512550592422,
      "z": -0.0880272313952446,
      "visibility": 0.73014897108078
    },
    {
      "x": 0.20162618160247803,
      "y": 0.18007273972034454,
      "z": 0.36439087986946106,
      "visibility": 0.406694620847702
    },
    {
      "x": 0.27599599957466125,
      "y": 0.18229569494724274,
      "z": -0.25093045830726624,
      "visibility": 0.5494335889816284
    },
    {
      "x": 0.06607252359390259,
      "y": 0.22959215939044952,
      "z": 0.14787237346172333,
      "visibility": 0.6268362402915955
    },
    {
      "x": 0.27971744537353516,
      "y": 0.2050161510705948,
      "z": -0.2933667302131653,
      "visibility": 0.5528843402862549
    },
    {
      "x": 0.0800383985042572,
      "y": 0.2400803565979004,
      "z": 0.11061481386423111,
      "visibility": 0.6479163765907288
    },
    {
      "x": 0.2603607177734375,
      "y": 0.2022140771150589,
      "z": -0.2851108908653259,
      "visibility": 0.5517420172691345
    },
    {
      "x": 0.0607944130897522,
      "y": 0.23651878535747528,
      "z": 0.07787229865789413,
      "visibility": 0.6624020338058472
    },
    {
      "x": 0.2645059823989868,
      "y": 0.19589723646640778,
      "z": -0.24795281887054443,
      "visibility": 0.5559637546539307
    },
    {
      "x": 0.05716225504875183,
      "y": 0.23213563859462738,
      "z": 0.12512747943401337,
      "visibility": 0.6809697151184082
    },
    {
      "x": 0.46009665727615356,
      "y": 0.134550541639328,
      "z": -0.1048826277256012,
      "visibility": 0.9998617172241211
    },
    {
      "x": 0.424170583486557,
      "y": 0.17082200944423676,
      "z": 0.10449299216270447,
      "visibility": 0.9994751811027527
    },
    {
      "x": 0.4434894025325775,
      "y": 0.20707294344902039,
      "z": -0.2928878664970398,
      "visibility": 0.8540410399436951
    },
    {
      "x": 0.3889957368373871,
      "y": 0.24704450368881226,
      "z": 0.014857056550681591,
      "visibility": 0.2746449112892151
    },
    {
      "x": 0.6740143299102783,
      "y": 0.24051396548748016,
      "z": -0.3134337067604065,
      "visibility": 0.6753201484680176
    },
    {
      "x": 0.5561938881874084,
      "y": 0.2891867160797119,
      "z": 0.002548366552218795,
      "visibility": 0.17034581303596497
    },
    {
      "x": 0.7235211730003357,
      "y": 0.23673658072948456,
      "z": -0.3128475844860077,
      "visibility": 0.678357720375061
    },
    {
      "x": 0.5953457355499268,
      "y": 0.28706416487693787,
      "z": 0.0016848962986841798,
      "visibility": 0.27651628851890564
    },
    {
      "x": 0.7157707214355469,
      "y": 0.2853887379169464,
      "z": -0.3655907213687897,
      "visibility": 0.5671748518943787
    },
    {
      "x": 0.587584376335144,
      "y": 0.3341995179653168,
      "z": -0.03927886113524437,
      "visibility": 0.1986175775527954
    }
  ]
}