{
  "image": "C:\\Users\\shrad\\TrendWeave\\TrendWeave\\extracted_data\\Catwalks__Women_s_APAC_Key_Trends_A_W_25_26_en\\page_4\\img_5.jpeg",
  "items": [
    {
      "yolo_label": "person",
      "bbox": [
        119.30570983886719,
        4.030783653259277,
        572.9525756835938,
        1367.367919921875
      ],
      "confidence": 0.9013838768005371,
      "clip_attributes": {
        "palette": {
          "label": "earth tones",
          "confidence": 0.23628409206867218
        },
        "dress_silhouette": {
          "label": "fit and flare",
          "confidence": 0.24659854173660278
        },
        "neckline": {
          "label": "square neckline",
          "confidence": 0.24799983203411102
        },
        "sleeve_type": {
          "label": "puffed sleeves",
          "confidence": 0.26355040073394775
        },
        "top_silhouette": {
          "label": "fitted blouse",
          "confidence": 0.23094762861728668
        },
        "bottom_style": {
          "label": "wide-leg pants",
          "confidence": 0.2660968601703644
        },
        "outerwear": {
          "label": "cardigan",
          "confidence": 0.2650282382965088
        },
        "shoe_type": {
          "label": "ankle boots",
          "confidence": 0.22945904731750488
        },
        "bag_type": {
          "label": "crossbody bag",
          "confidence": 0.21430659294128418
        },
        "accessory": {
          "label": "scarf",
          "confidence": 0.2148328274488449
        },
        "hairstyle": {
          "label": "ponytail",
          "confidence": 0.21549712121486664
        },
        "setting": {
          "label": "street style",
          "confidence": 0.23961439728736877
        },
        "fabric_type": {
          "label": "linen",
          "confidence": 0.24069826304912567
        },
        "season": {
          "label": "winter",
          "confidence": 0.22109203040599823
        },
        "style_theme": {
          "label": "elegant chic",
          "confidence": 0.24721211194992065
        }
      },
      "dominant_colors": [
        [
          51,
          127,
          124
        ],
        [
          194,
          135,
          137
        ],
        [
          92,
          129,
          126
        ]
      ],
      "texture_histogram": [
        17.0,
        39.0,
        42.0,
        42.0,
        71.0,
        96.0,
        140.0,
        134.0,
        152.0,
        176.0,
        156.0,
        206.0,
        315.0,
        464.0,
        573.0,
        723.0,
        888.0,
        987.0,
        1049.0,
        1153.0,
        1282.0,
        1371.0,
        1743.0,
        1973.0,
        2285.0,
        2828.0,
        3000.0,
        3730.0,
        4019.0,
        4575.0,
        4912.0,
        5202.0,
        5334.0,
        5563.0,
        5694.0,
        5473.0,
        5219.0,
        5294.0,
        5220.0,
        5447.0,
        5531.0,
        5627.0,
        5852.0,
        6209.0,
        6499.0,
        6789.0,
        6864.0,
        7067.0,
        7273.0,
        7417.0,
        7616.0,
        8037.0,
        8303.0,
        8701.0,
        8870.0,
        9419.0,
        9908.0,
        10300.0,
        11152.0,
        11651.0,
        11671.0,
        12029.0,
        12121.0,
        12257.0,
        11923.0,
        11792.0,
        11386.0,
        11023.0,
        10625.0,
        10279.0,
        9687.0,
        9100.0,
        8652.0,
        8319.0,
        8232.0,
        7663.0,
        7470.0,
        7213.0,
        6768.0,
        6295.0,
        5771.0,
        5281.0,
        4949.0,
        4591.0,
        4154.0,
        3926.0,
        3701.0,
        3417.0,
        3244.0,
        3096.0,
        2978.0,
        2847.0,
        2695.0,
        2643.0,
        2605.0,
        2525.0,
        2504.0,
        2365.0,
        2400.0,
        2293.0,
        2174.0,
        2246.0,
        2028.0,
        2024.0,
        1982.0,
        1965.0,
        1935.0,
        1873.0,
        1828.0,
        1734.0,
        1620.0,
        1638.0,
        1485.0,
        1407.0,
        1399.0,
        1293.0,
        1307.0,
        1202.0,
        1095.0,
        1050.0,
        1019.0,
        956.0,
        866.0,
        832.0,
        796.0,
        770.0,
        800.0,
        689.0,
        658.0,
        617.0,
        632.0,
        589.0,
        595.0,
        545.0,
        567.0,
        542.0,
        540.0,
        478.0,
        474.0,
        445.0,
        465.0,
        441.0,
        428.0,
        431.0,
        435.0,
        419.0,
        421.0,
        435.0,
        386.0,
        397.0,
        385.0,
        402.0,
        366.0,
        363.0,
        372.0,
        344.0,
        364.0,
        341.0,
        336.0,
        327.0,
        344.0,
        340.0,
        341.0,
        355.0,
        357.0,
        354.0,
        317.0,
        368.0,
        363.0,
        386.0,
        354.0,
        384.0,
        381.0,
        388.0,
        426.0,
        413.0,
        454.0,
        456.0,
        436.0,
        462.0,
        475.0,
        507.0,
        526.0,
        570.0,
        697.0,
        669.0,
        713.0,
        813.0,
        861.0,
        942.0,
        1132.0,
        1157.0,
        1107.0,
        1109.0,
        1068.0,
        996.0,
        1027.0,
        1098.0,
        1252.0,
        1214.0,
        1370.0,
        1396.0,
        1278.0,
        1230.0,
        1180.0,
        1283.0,
        1454.0,
        1692.0,
        1729.0,
        1736.0,
        1670.0,
        1618.0,
        1314.0,
        1151.0,
        1159.0,
        959.0,
        908.0,
        772.0,
        607.0,
        449.0,
        360.0,
        336.0,
        287.0,
        270.0,
        283.0,
        203.0,
        192.0,
        173.0,
        157.0,
        149.0,
        120.0,
        107.0,
        82.0,
        62.0,
        68.0,
        40.0,
        45.0,
        39.0,
        35.0,
        26.0,
        28.0,
        10.0,
        11.0,
        16.0,
        6.0,
        5.0,
        8.0,
        7.0,
        5.0,
        3.0,
        3.0,
        7.0,
        1.0,
        4.0,
        8.0,
        1.0
      ],
      "silhouette_mask_path": "C:\\Users\\shrad\\TrendWeave\\MERGE_OUTPUT_FINAL\\Catwalks__Women_s_APAC_Key_Trends_A_W_25_26_en\\page_4\\img_5_mask_0.png"
    }
  ],
  "pose_keypoints": [
    {
      "x": 0.5010927319526672,
      "y": 0.08980995416641235,
      "z": -1.3002536296844482,
      "visibility": 0.9999551773071289
    },
    {
      "x": 0.5217769145965576,
      "y": 0.07189211249351501,
      "z": -1.2377095222473145,
      "visibility": 0.9998741149902344
    },
    {
      "x": 0.5349385142326355,
      "y": 0.07163801789283752,
      "z": -1.2380783557891846,
      "visibility": 0.9998509883880615
    },
    {
      "x": 0.5451794862747192,
      "y": 0.0713939368724823,
      "z": -1.2383537292480469,
      "visibility": 0.9998650550842285
    },
    {
      "x": 0.4788876175880432,
      "y": 0.07301688194274902,
      "z": -1.2367134094238281,
      "visibility": 0.9998486042022705
    },
    {
      "x": 0.4634248614311218,
      "y": 0.07360681891441345,
      "z": -1.2368165254592896,
      "visibility": 0.9998067021369934
    },
    {
      "x": 0.4486582279205322,
      "y": 0.07444033026695251,
      "z": -1.2372444868087769,
      "visibility": 0.9998179078102112
    },
    {
      "x": 0.5651299953460693,
      "y": 0.08125177025794983,
      "z": -0.8011729121208191,
      "visibility": 0.9997995495796204
    },
    {
      "x": 0.42859968543052673,
      "y": 0.08482789993286133,
      "z": -0.8061994910240173,
      "visibility": 0.9996476173400879
    },
    {
      "x": 0.5279628038406372,
      "y": 0.11187806725502014,
      "z": -1.1315959692001343,
      "visibility": 0.9999681711196899
    },
    {
      "x": 0.470185250043869,
      "y": 0.11237818002700806,
      "z": -1.1333622932434082,
      "visibility": 0.9999632835388184
    },
    {
      "x": 0.6865515112876892,
      "y": 0.18893636763095856,
      "z": -0.4994247257709503,
      "visibility": 0.999934196472168
    },
    {
      "x": 0.33793628215789795,
      "y": 0.20239976048469543,
      "z": -0.4685763716697693,
      "visibility": 0.9998282194137573
    },
    {
      "x": 0.7302452325820923,
      "y": 0.3536595106124878,
      "z": -0.315443754196167,
      "visibility": 0.9830469489097595
    },
    {
      "x": 0.2967635989189148,
      "y": 0.3658562898635864,
      "z": -0.31601130962371826,
      "visibility": 0.9233176112174988
    },
    {
      "x": 0.7675985097885132,
      "y": 0.5005813241004944,
      "z": -0.6827327609062195,
      "visibility": 0.9745060801506042
    },
    {
      "x": 0.25032109022140503,
      "y": 0.5105411410331726,
      "z": -0.6921287178993225,
      "visibility": 0.9148347973823547
    },
    {
      "x": 0.7841116786003113,
      "y": 0.541528582572937,
      "z": -0.7933177947998047,
      "visibility": 0.9508721232414246
    },
    {
      "x": 0.21972957253456116,
      "y": 0.5514224171638489,
      "z": -0.7958648204803467,
      "visibility": 0.8768011927604675
    },
    {
      "x": 0.7579361200332642,
      "y": 0.5412606000900269,
      "z": -0.9288812279701233,
      "visibility": 0.9547534584999084
    },
    {
      "x": 0.2476157397031784,
      "y": 0.5558290481567383,
      "z": -0.9431183934211731,
      "visibility": 0.887693464756012
    },
    {
      "x": 0.7442653179168701,
      "y": 0.5317906737327576,
      "z": -0.7397909760475159,
      "visibility": 0.9519178867340088
    },
    {
      "x": 0.26319757103919983,
      "y": 0.5447332262992859,
      "z": -0.7556396126747131,
      "visibility": 0.8841949701309204
    },
    {
      "x": 0.5813660025596619,
      "y": 0.47998180985450745,
      "z": 0.0018008732004091144,
      "visibility": 0.9983456134796143
    },
    {
      "x": 0.402088463306427,
      "y": 0.4854307174682617,
      "z": -0.001942913979291916,
      "visibility": 0.998325526714325
    },
    {
      "x": 0.5381529927253723,
      "y": 0.6957126259803772,
      "z": -0.1942744106054306,
      "visibility": 0.6521004438400269
    },
    {
      "x": 0.4574953019618988,
      "y": 0.7027667164802551,
      "z": -0.10522128641605377,
      "visibility": 0.7229356169700623
    },
    {
      "x": 0.5834892988204956,
      "y": 0.8413833975791931,
      "z": 0.666641354560852,
      "visibility": 0.3985302150249481
    },
    {
      "x": 0.521112322807312,
      "y": 0.8959861993789673,
      "z": 0.478056937456131,
      "visibility": 0.7037554979324341
    },
    {
      "x": 0.5765277147293091,
      "y": 0.8582722544670105,
      "z": 0.7279431819915771,
      "visibility": 0.33148980140686035
    },
    {
      "x": 0.530998170375824,
      "y": 0.918158769607544,
      "z": 0.5150913000106812,
      "visibility": 0.46706390380859375
    },
    {
      "x": 0.6185865998268127,
      "y": 0.9058150053024292,
      "z": 0.3551267087459564,
      "visibility": 0.4022040367126465
    },
    {
      "x": 0.5377823710441589,
      "y": 0.959213376045227,
      "z": 0.03508562967181206,
      "visibility": 0.6288370490074158
    }
  ]
}