{
  "image": "C:\\Users\\shrad\\TrendWeave\\TrendWeave\\extracted_data\\Catwalks__Women_s_APAC_Key_Trends_A_W_25_26_en\\page_4\\img_4.png",
  "items": [
    {
      "yolo_label": "person",
      "bbox": [
        151.60272216796875,
        0.9883197546005249,
        528.3662719726562,
        652.7493286132812
      ],
      "confidence": 0.8969573378562927,
      "clip_attributes": {
        "palette": {
          "label": "earth tones",
          "confidence": 0.2304214984178543
        },
        "dress_silhouette": {
          "label": "fit and flare",
          "confidence": 0.23521316051483154
        },
        "neckline": {
          "label": "square neckline",
          "confidence": 0.252980500459671
        },
        "sleeve_type": {
          "label": "puffed sleeves",
          "confidence": 0.257001668214798
        },
        "top_silhouette": {
          "label": "wrap top",
          "confidence": 0.224585622549057
        },
        "bottom_style": {
          "label": "culottes",
          "confidence": 0.23858487606048584
        },
        "outerwear": {
          "label": "long coat",
          "confidence": 0.2505562901496887
        },
        "shoe_type": {
          "label": "ankle boots",
          "confidence": 0.20463627576828003
        },
        "bag_type": {
          "label": "shoulder bag",
          "confidence": 0.26156696677207947
        },
        "accessory": {
          "label": "scarf",
          "confidence": 0.23555432260036469
        },
        "hairstyle": {
          "label": "high bun",
          "confidence": 0.2073024958372116
        },
        "setting": {
          "label": "brunch look",
          "confidence": 0.24167980253696442
        },
        "fabric_type": {
          "label": "linen",
          "confidence": 0.2677341401576996
        },
        "season": {
          "label": "winter",
          "confidence": 0.22374989092350006
        },
        "style_theme": {
          "label": "elegant chic",
          "confidence": 0.23273082077503204
        }
      },
      "dominant_colors": [
        [
          104,
          134,
          112
        ],
        [
          167,
          134,
          113
        ],
        [
          31,
          129,
          125
        ]
      ],
      "texture_histogram": [
        156.0,
        384.0,
        770.0,
        832.0,
        1003.0,
        808.0,
        710.0,
        699.0,
        684.0,
        708.0,
        897.0,
        996.0,
        973.0,
        983.0,
        978.0,
        1048.0,
        1142.0,
        1051.0,
        1010.0,
        1118.0,
        1178.0,
        1158.0,
        1414.0,
        2084.0,
        3559.0,
        4730.0,
        3772.0,
        3880.0,
        6917.0,
        4339.0,
        3140.0,
        2724.0,
        1492.0,
        2224.0,
        7538.0,
        4896.0,
        7175.0,
        14865.0,
        2161.0,
        1227.0,
        1128.0,
        1061.0,
        1099.0,
        1036.0,
        977.0,
        997.0,
        931.0,
        869.0,
        825.0,
        883.0,
        805.0,
        782.0,
        747.0,
        784.0,
        746.0,
        766.0,
        688.0,
        723.0,
        758.0,
        767.0,
        781.0,
        785.0,
        790.0,
        812.0,
        891.0,
        928.0,
        914.0,
        949.0,
        940.0,
        1007.0,
        1006.0,
        1011.0,
        1036.0,
        1095.0,
        1132.0,
        1133.0,
        1217.0,
        1212.0,
        1212.0,
        1283.0,
        1304.0,
        1406.0,
        1251.0,
        1276.0,
        1351.0,
        1328.0,
        1354.0,
        1313.0,
        1349.0,
        1399.0,
        1482.0,
        1636.0,
        1529.0,
        1600.0,
        1652.0,
        1597.0,
        1681.0,
        1737.0,
        1814.0,
        1842.0,
        1917.0,
        1918.0,
        2011.0,
        1934.0,
        2025.0,
        1943.0,
        1975.0,
        2039.0,
        1912.0,
        1867.0,
        1867.0,
        1862.0,
        1771.0,
        1710.0,
        1587.0,
        1607.0,
        1484.0,
        1416.0,
        1436.0,
        1291.0,
        1347.0,
        1164.0,
        1146.0,
        1100.0,
        1124.0,
        1030.0,
        1010.0,
        902.0,
        881.0,
        870.0,
        828.0,
        826.0,
        779.0,
        758.0,
        710.0,
        680.0,
        689.0,
        687.0,
        647.0,
        662.0,
        618.0,
        580.0,
        616.0,
        579.0,
        622.0,
        651.0,
        518.0,
        563.0,
        529.0,
        526.0,
        529.0,
        519.0,
        522.0,
        489.0,
        520.0,
        490.0,
        496.0,
        450.0,
        482.0,
        444.0,
        465.0,
        443.0,
        435.0,
        435.0,
        410.0,
        457.0,
        446.0,
        380.0,
        367.0,
        368.0,
        380.0,
        369.0,
        345.0,
        321.0,
        355.0,
        338.0,
        351.0,
        348.0,
        333.0,
        314.0,
        305.0,
        314.0,
        352.0,
        312.0,
        364.0,
        344.0,
        386.0,
        379.0,
        378.0,
        345.0,
        334.0,
        325.0,
        380.0,
        387.0,
        407.0,
        350.0,
        407.0,
        435.0,
        450.0,
        411.0,
        295.0,
        256.0,
        211.0,
        202.0,
        131.0,
        122.0,
        98.0,
        99.0,
        62.0,
        55.0,
        35.0,
        24.0,
        20.0,
        28.0,
        18.0,
        19.0,
        17.0,
        7.0,
        19.0,
        9.0,
        11.0,
        9.0,
        7.0,
        3.0,
        6.0,
        1.0,
        5.0,
        4.0,
        5.0,
        1.0,
        1.0,
        2.0,
        0.0,
        2.0,
        1.0,
        0.0,
        1.0,
        1.0,
        0.0,
        2.0,
        4.0,
        0.0,
        0.0,
        1.0,
        0.0,
        0.0,
        0.0,
        0.0,
        0.0,
        0.0,
        0.0,
        0.0,
        0.0,
        0.0,
        0.0,
        0.0
      ],
      "silhouette_mask_path": "C:\\Users\\shrad\\TrendWeave\\MERGE_OUTPUT_FINAL\\Catwalks__Women_s_APAC_Key_Trends_A_W_25_26_en\\page_4\\img_4_mask_0.png"
    }
  ],
  "pose_keypoints": [
    {
      "x": 0.4940352737903595,
      "y": 0.11547989398241043,
      "z": -0.641817569732666,
      "visibility": 0.9999136924743652
    },
    {
      "x": 0.5153473615646362,
      "y": 0.0884128212928772,
      "z": -0.6011168360710144,
      "visibility": 0.9998406171798706
    },
    {
      "x": 0.526155948638916,
      "y": 0.08904528617858887,
      "z": -0.6013224124908447,
      "visibility": 0.9998441934585571
    },
    {
      "x": 0.5346512794494629,
      "y": 0.09015220403671265,
      "z": -0.6014637351036072,
      "visibility": 0.9998190999031067
    },
    {
      "x": 0.47730696201324463,
      "y": 0.08828812837600708,
      "z": -0.597848117351532,
      "visibility": 0.9998192191123962
    },
    {
      "x": 0.4665262699127197,
      "y": 0.0887262225151062,
      "z": -0.5978823304176331,
      "visibility": 0.9998300075531006
    },
    {
      "x": 0.4555211365222931,
      "y": 0.08976161479949951,
      "z": -0.5980702638626099,
      "visibility": 0.9998012185096741
    },
    {
      "x": 0.552872359752655,
      "y": 0.1054888367652893,
      "z": -0.34501612186431885,
      "visibility": 0.9998525381088257
    },
    {
      "x": 0.4460431635379791,
      "y": 0.10477156192064285,
      "z": -0.3392042815685272,
      "visibility": 0.9998478889465332
    },
    {
      "x": 0.5167449712753296,
      "y": 0.14907020330429077,
      "z": -0.5452795028686523,
      "visibility": 0.9999502897262573
    },
    {
      "x": 0.472806841135025,
      "y": 0.14914578199386597,
      "z": -0.5430404543876648,
      "visibility": 0.9999485015869141
    },
    {
      "x": 0.6381229162216187,
      "y": 0.26736122369766235,
      "z": -0.2060288041830063,
      "visibility": 0.9999029636383057
    },
    {
      "x": 0.36550623178482056,
      "y": 0.28704115748405457,
      "z": -0.17571185529232025,
      "visibility": 0.9995577931404114
    },
    {
      "x": 0.7009314298629761,
      "y": 0.4723528325557709,
      "z": -0.06256764382123947,
      "visibility": 0.994650661945343
    },
    {
      "x": 0.2894739508628845,
      "y": 0.47823822498321533,
      "z": -0.3313416540622711,
      "visibility": 0.9821693301200867
    },
    {
      "x": 0.6781585216522217,
      "y": 0.6747952103614807,
      "z": -0.2357405424118042,
      "visibility": 0.9905571937561035
    },
    {
      "x": 0.3469056487083435,
      "y": 0.5342950224876404,
      "z": -0.8210022449493408,
      "visibility": 0.9667983055114746
    },
    {
      "x": 0.6933730840682983,
      "y": 0.7405797839164734,
      "z": -0.3112749457359314,
      "visibility": 0.9818693995475769
    },
    {
      "x": 0.36583998799324036,
      "y": 0.5673307776451111,
      "z": -0.9230216145515442,
      "visibility": 0.9506765007972717
    },
    {
      "x": 0.6699948310852051,
      "y": 0.7412655353546143,
      "z": -0.36684590578079224,
      "visibility": 0.9834597706794739
    },
    {
      "x": 0.38458770513534546,
      "y": 0.5385186672210693,
      "z": -0.9555583596229553,
      "visibility": 0.9533064961433411
    },
    {
      "x": 0.6595807671546936,
      "y": 0.7208234667778015,
      "z": -0.25591304898262024,
      "visibility": 0.983574628829956
    },
    {
      "x": 0.3814142942428589,
      "y": 0.5270773768424988,
      "z": -0.8417171239852905,
      "visibility": 0.9482003450393677
    },
    {
      "x": 0.5903375148773193,
      "y": 0.6796768307685852,
      "z": -0.010269742459058762,
      "visibility": 0.9987156391143799
    },
    {
      "x": 0.43894198536872864,
      "y": 0.6796901822090149,
      "z": 0.010698960162699223,
      "visibility": 0.9979016780853271
    },
    {
      "x": 0.5657866597175598,
      "y": 0.9581512808799744,
      "z": 0.025953717529773712,
      "visibility": 0.6797605752944946
    },
    {
      "x": 0.4499017000198364,
      "y": 0.9530447125434875,
      "z": 0.1022462546825409,
      "visibility": 0.6056862473487854
    },
    {
      "x": 0.5808200240135193,
      "y": 1.178558588027954,
      "z": 0.6894676685333252,
      "visibility": 0.17065168917179108
    },
    {
      "x": 0.46502429246902466,
      "y": 1.1851162910461426,
      "z": 0.6249573826789856,
      "visibility": 0.15623927116394043
    },
    {
      "x": 0.5783728957176208,
      "y": 1.2035754919052124,
      "z": 0.7446612119674683,
      "visibility": 0.19803504645824432
    },
    {
      "x": 0.47306931018829346,
      "y": 1.2105021476745605,
      "z": 0.6732473373413086,
      "visibility": 0.17772521078586578
    },
    {
      "x": 0.5870042443275452,
      "y": 1.2700380086898804,
      "z": 0.5308803915977478,
      "visibility": 0.08407170325517654
    },
    {
      "x": 0.46679791808128357,
      "y": 1.2833106517791748,
      "z": 0.4037221074104309,
      "visibility": 0.08581399917602539
    }
  ]
}