{
  "image": "C:\\Users\\shrad\\TrendWeave\\TrendWeave\\extracted_data\\Catwalks__Women_s_Footwear___Bags_Colour_A_W_25_26_en\\page_24\\img_2.jpeg",
  "items": [
    {
      "yolo_label": "person",
      "bbox": [
        0.0,
        257.7047119140625,
        82.99259185791016,
        454.5087585449219
      ],
      "confidence": 0.8799105882644653,
      "clip_attributes": {
        "palette": {
          "label": "pastel",
          "confidence": 0.21978747844696045
        },
        "dress_silhouette": {
          "label": "maxi dress",
          "confidence": 0.2374478578567505
        },
        "neckline": {
          "label": "square neckline",
          "confidence": 0.24833475053310394
        },
        "sleeve_type": {
          "label": "puffed sleeves",
          "confidence": 0.2658161520957947
        },
        "top_silhouette": {
          "label": "peplum",
          "confidence": 0.2396768182516098
        },
        "bottom_style": {
          "label": "wide-leg pants",
          "confidence": 0.22712069749832153
        },
        "outerwear": {
          "label": "long coat",
          "confidence": 0.2524811625480652
        },
        "shoe_type": {
          "label": "ballet flats",
          "confidence": 0.2269418090581894
        },
        "bag_type": {
          "label": "shoulder bag",
          "confidence": 0.23242749273777008
        },
        "accessory": {
          "label": "scarf",
          "confidence": 0.21147935092449188
        },
        "hairstyle": {
          "label": "high bun",
          "confidence": 0.1990717202425003
        },
        "setting": {
          "label": "office wear",
          "confidence": 0.2252860814332962
        },
        "fabric_type": {
          "label": "organza",
          "confidence": 0.2618650496006012
        },
        "season": {
          "label": "winter",
          "confidence": 0.2255886197090149
        },
        "style_theme": {
          "label": "elegant chic",
          "confidence": 0.2387324571609497
        }
      },
      "dominant_colors": [
        [
          91,
          134,
          134
        ],
        [
          32,
          132,
          130
        ],
        [
          152,
          132,
          133
        ]
      ],
      "texture_histogram": [
        5.0,
        27.0,
        35.0,
        21.0,
        46.0,
        38.0,
        53.0,
        53.0,
        54.0,
        64.0,
        54.0,
        71.0,
        78.0,
        69.0,
        83.0,
        63.0,
        87.0,
        85.0,
        78.0,
        79.0,
        83.0,
        80.0,
        77.0,
        77.0,
        73.0,
        101.0,
        83.0,
        67.0,
        89.0,
        76.0,
        83.0,
        80.0,
        81.0,
        91.0,
        99.0,
        67.0,
        86.0,
        102.0,
        88.0,
        87.0,
        85.0,
        98.0,
        92.0,
        88.0,
        87.0,
        84.0,
        93.0,
        92.0,
        96.0,
        104.0,
        88.0,
        96.0,
        100.0,
        115.0,
        109.0,
        105.0,
        118.0,
        106.0,
        98.0,
        119.0,
        123.0,
        126.0,
        131.0,
        123.0,
        129.0,
        124.0,
        118.0,
        124.0,
        124.0,
        124.0,
        121.0,
        146.0,
        149.0,
        150.0,
        117.0,
        146.0,
        152.0,
        144.0,
        140.0,
        121.0,
        133.0,
        149.0,
        145.0,
        142.0,
        123.0,
        128.0,
        136.0,
        154.0,
        132.0,
        136.0,
        138.0,
        126.0,
        138.0,
        121.0,
        119.0,
        107.0,
        126.0,
        127.0,
        92.0,
        123.0,
        111.0,
        112.0,
        117.0,
        99.0,
        118.0,
        95.0,
        104.0,
        114.0,
        103.0,
        107.0,
        102.0,
        115.0,
        100.0,
        101.0,
        112.0,
        112.0,
        87.0,
        121.0,
        103.0,
        95.0,
        97.0,
        90.0,
        107.0,
        97.0,
        113.0,
        98.0,
        87.0,
        98.0,
        101.0,
        88.0,
        86.0,
        88.0,
        86.0,
        85.0,
        87.0,
        78.0,
        79.0,
        70.0,
        79.0,
        82.0,
        70.0,
        77.0,
        66.0,
        68.0,
        71.0,
        54.0,
        69.0,
        56.0,
        53.0,
        51.0,
        55.0,
        51.0,
        47.0,
        46.0,
        42.0,
        43.0,
        51.0,
        47.0,
        32.0,
        36.0,
        35.0,
        42.0,
        27.0,
        36.0,
        30.0,
        33.0,
        37.0,
        30.0,
        37.0,
        34.0,
        42.0,
        27.0,
        29.0,
        38.0,
        36.0,
        41.0,
        39.0,
        37.0,
        27.0,
        26.0,
        47.0,
        38.0,
        24.0,
        31.0,
        21.0,
        16.0,
        27.0,
        11.0,
        15.0,
        14.0,
        13.0,
        18.0,
        4.0,
        13.0,
        10.0,
        12.0,
        11.0,
        6.0,
        4.0,
        7.0,
        6.0,
        7.0,
        3.0,
        3.0,
        3.0,
        4.0,
        2.0,
        1.0,
        1.0,
        0.0,
        3.0,
        1.0,
        0.0,
        0.0,
        2.0,
        1.0,
        1.0,
        2.0,
        1.0,
        0.0,
        0.0,
        1.0,
        3.0,
        4.0,
        1.0,
        0.0,
        1.0,
        0.0,
        2.0,
        0.0,
        0.0,
        1.0,
        0.0,
        0.0,
        0.0,
        1.0,
        1.0,
        1.0,
        1.0,
        2.0,
        1.0,
        0.0,
        0.0,
        0.0,
        1.0,
        2.0,
        4.0,
        2.0,
        7.0,
        5.0,
        4.0,
        2.0,
        2.0,
        6.0,
        6.0,
        5.0
      ],
      "silhouette_mask_path": "C:\\Users\\shrad\\TrendWeave\\MERGE_OUTPUT_FINAL\\Catwalks__Women_s_Footwear___Bags_Colour_A_W_25_26_en\\page_24\\img_2_mask_0.png"
    },
    {
      "yolo_label": "person",
      "bbox": [
        440.0331115722656,
        247.16329956054688,
        571.7930297851562,
        476.4800720214844
      ],
      "confidence": 0.8768352270126343,
      "clip_attributes": {
        "palette": {
          "label": "pastel",
          "confidence": 0.2173466682434082
        },
        "dress_silhouette": {
          "label": "maxi dress",
          "confidence": 0.24438919126987457
        },
        "neckline": {
          "label": "square neckline",
          "confidence": 0.2636213004589081
        },
        "sleeve_type": {
          "label": "puffed sleeves",
          "confidence": 0.2863703668117523
        },
        "top_silhouette": {
          "label": "fitted blouse",
          "confidence": 0.265401691198349
        },
        "bottom_style": {
          "label": "wide-leg pants",
          "confidence": 0.2659152150154114
        },
        "outerwear": {
          "label": "long coat",
          "confidence": 0.2305363416671753
        },
        "shoe_type": {
          "label": "ballet flats",
          "confidence": 0.2556202709674835
        },
        "bag_type": {
          "label": "shoulder bag",
          "confidence": 0.22862215340137482
        },
        "accessory": {
          "label": "hairband",
          "confidence": 0.2124529629945755
        },
        "hairstyle": {
          "label": "ponytail",
          "confidence": 0.2239832878112793
        },
        "setting": {
          "label": "office wear",
          "confidence": 0.22585389018058777
        },
        "fabric_type": {
          "label": "organza",
          "confidence": 0.2568821310997009
        },
        "season": {
          "label": "spring",
          "confidence": 0.20119968056678772
        },
        "style_theme": {
          "label": "elegant chic",
          "confidence": 0.23308371007442474
        }
      },
      "dominant_colors": [
        [
          163,
          136,
          125
        ],
        [
          16,
          129,
          126
        ],
        [
          74,
          131,
          132
        ]
      ],
      "texture_histogram": [
        129.0,
        199.0,
        141.0,
        256.0,
        275.0,
        333.0,
        455.0,
        502.0,
        475.0,
        526.0,
        557.0,
        527.0,
        545.0,
        594.0,
        600.0,
        591.0,
        546.0,
        572.0,
        556.0,
        530.0,
        484.0,
        391.0,
        372.0,
        357.0,
        338.0,
        351.0,
        312.0,
        259.0,
        273.0,
        290.0,
        253.0,
        223.0,
        221.0,
        225.0,
        211.0,
        200.0,
        170.0,
        182.0,
        199.0,
        187.0,
        211.0,
        194.0,
        194.0,
        224.0,
        217.0,
        251.0,
        225.0,
        271.0,
        282.0,
        259.0,
        214.0,
        177.0,
        173.0,
        170.0,
        154.0,
        167.0,
        176.0,
        164.0,
        160.0,
        174.0,
        161.0,
        157.0,
        159.0,
        173.0,
        154.0,
        149.0,
        169.0,
        147.0,
        137.0,
        133.0,
        165.0,
        131.0,
        141.0,
        125.0,
        108.0,
        124.0,
        127.0,
        120.0,
        106.0,
        83.0,
        96.0,
        94.0,
        78.0,
        86.0,
        94.0,
        82.0,
        80.0,
        70.0,
        88.0,
        78.0,
        81.0,
        79.0,
        70.0,
        60.0,
        75.0,
        69.0,
        78.0,
        62.0,
        71.0,
        66.0,
        73.0,
        61.0,
        71.0,
        82.0,
        69.0,
        61.0,
        73.0,
        78.0,
        75.0,
        60.0,
        65.0,
        63.0,
        66.0,
        59.0,
        64.0,
        58.0,
        72.0,
        60.0,
        75.0,
        80.0,
        58.0,
        63.0,
        66.0,
        59.0,
        66.0,
        60.0,
        64.0,
        61.0,
        64.0,
        61.0,
        65.0,
        55.0,
        58.0,
        64.0,
        67.0,
        61.0,
        79.0,
        61.0,
        66.0,
        63.0,
        68.0,
        57.0,
        77.0,
        68.0,
        67.0,
        74.0,
        64.0,
        60.0,
        60.0,
        76.0,
        71.0,
        73.0,
        62.0,
        70.0,
        64.0,
        82.0,
        84.0,
        108.0,
        116.0,
        95.0,
        109.0,
        112.0,
        110.0,
        130.0,
        149.0,
        150.0,
        116.0,
        111.0,
        104.0,
        95.0,
        101.0,
        101.0,
        81.0,
        93.0,
        95.0,
        87.0,
        69.0,
        61.0,
        72.0,
        61.0,
        66.0,
        54.0,
        49.0,
        44.0,
        42.0,
        33.0,
        41.0,
        38.0,
        40.0,
        28.0,
        48.0,
        30.0,
        32.0,
        24.0,
        25.0,
        29.0,
        20.0,
        15.0,
        26.0,
        16.0,
        19.0,
        21.0,
        20.0,
        16.0,
        16.0,
        22.0,
        9.0,
        18.0,
        18.0,
        13.0,
        12.0,
        11.0,
        11.0,
        9.0,
        17.0,
        14.0,
        14.0,
        9.0,
        11.0,
        7.0,
        8.0,
        16.0,
        12.0,
        8.0,
        5.0,
        6.0,
        3.0,
        9.0,
        3.0,
        7.0,
        2.0,
        6.0,
        2.0,
        2.0,
        1.0,
        1.0,
        0.0,
        0.0,
        0.0,
        0.0,
        1.0,
        0.0,
        0.0,
        0.0,
        0.0,
        0.0,
        0.0,
        0.0,
        0.0,
        1.0,
        0.0,
        0.0,
        0.0,
        0.0,
        0.0,
        0.0
      ],
      "silhouette_mask_path": "C:\\Users\\shrad\\TrendWeave\\MERGE_OUTPUT_FINAL\\Catwalks__Women_s_Footwear___Bags_Colour_A_W_25_26_en\\page_24\\img_2_mask_1.png"
    },
    {
      "yolo_label": "person",
      "bbox": [
        110.06211853027344,
        248.9638671875,
        197.73690795898438,
        463.7014465332031
      ],
      "confidence": 0.8245845437049866,
      "clip_attributes": {
        "palette": {
          "label": "earth tones",
          "confidence": 0.21700820326805115
        },
        "dress_silhouette": {
          "label": "fit and flare",
          "confidence": 0.2276194840669632
        },
        "neckline": {
          "label": "square neckline",
          "confidence": 0.23316198587417603
        },
        "sleeve_type": {
          "label": "puffed sleeves",
          "confidence": 0.22691592574119568
        },
        "top_silhouette": {
          "label": "peplum",
          "confidence": 0.21476495265960693
        },
        "bottom_style": {
          "label": "wide-leg pants",
          "confidence": 0.2308768928050995
        },
        "outerwear": {
          "label": "long coat",
          "confidence": 0.2386830449104309
        },
        "shoe_type": {
          "label": "ankle boots",
          "confidence": 0.2415415495634079
        },
        "bag_type": {
          "label": "shoulder bag",
          "confidence": 0.2718488276004791
        },
        "accessory": {
          "label": "watch",
          "confidence": 0.2123158723115921
        },
        "hairstyle": {
          "label": "loose curls",
          "confidence": 0.18869681656360626
        },
        "setting": {
          "label": "street style",
          "confidence": 0.22958721220493317
        },
        "fabric_type": {
          "label": "organza",
          "confidence": 0.21373866498470306
        },
        "season": {
          "label": "winter",
          "confidence": 0.2045663446187973
        },
        "style_theme": {
          "label": "elegant chic",
          "confidence": 0.2312690019607544
        }
      },
      "dominant_colors": [
        [
          23,
          131,
          128
        ],
        [
          155,
          131,
          131
        ],
        [
          87,
          132,
          134
        ]
      ],
      "texture_histogram": [
        29.0,
        57.0,
        60.0,
        63.0,
        97.0,
        117.0,
        132.0,
        148.0,
        171.0,
        167.0,
        162.0,
        157.0,
        148.0,
        149.0,
        159.0,
        159.0,
        132.0,
        144.0,
        159.0,
        153.0,
        150.0,
        150.0,
        143.0,
        146.0,
        143.0,
        175.0,
        177.0,
        133.0,
        154.0,
        139.0,
        155.0,
        144.0,
        147.0,
        128.0,
        145.0,
        125.0,
        135.0,
        128.0,
        112.0,
        141.0,
        119.0,
        113.0,
        107.0,
        102.0,
        82.0,
        94.0,
        88.0,
        89.0,
        85.0,
        96.0,
        77.0,
        74.0,
        89.0,
        75.0,
        104.0,
        103.0,
        118.0,
        140.0,
        121.0,
        130.0,
        123.0,
        88.0,
        102.0,
        89.0,
        66.0,
        67.0,
        69.0,
        73.0,
        63.0,
        65.0,
        53.0,
        64.0,
        61.0,
        61.0,
        52.0,
        73.0,
        65.0,
        70.0,
        66.0,
        58.0,
        53.0,
        59.0,
        60.0,
        71.0,
        58.0,
        57.0,
        65.0,
        64.0,
        74.0,
        69.0,
        69.0,
        66.0,
        57.0,
        58.0,
        76.0,
        64.0,
        70.0,
        66.0,
        97.0,
        75.0,
        62.0,
        77.0,
        62.0,
        65.0,
        75.0,
        64.0,
        60.0,
        77.0,
        90.0,
        87.0,
        88.0,
        84.0,
        71.0,
        84.0,
        86.0,
        92.0,
        92.0,
        95.0,
        85.0,
        79.0,
        102.0,
        104.0,
        100.0,
        86.0,
        87.0,
        95.0,
        90.0,
        92.0,
        125.0,
        112.0,
        118.0,
        112.0,
        101.0,
        108.0,
        114.0,
        143.0,
        142.0,
        141.0,
        148.0,
        146.0,
        146.0,
        177.0,
        163.0,
        169.0,
        175.0,
        177.0,
        202.0,
        174.0,
        160.0,
        124.0,
        144.0,
        119.0,
        106.0,
        119.0,
        102.0,
        80.0,
        99.0,
        95.0,
        85.0,
        94.0,
        84.0,
        63.0,
        78.0,
        71.0,
        66.0,
        67.0,
        45.0,
        69.0,
        62.0,
        56.0,
        57.0,
        54.0,
        58.0,
        49.0,
        46.0,
        58.0,
        54.0,
        58.0,
        43.0,
        40.0,
        40.0,
        46.0,
        42.0,
        44.0,
        30.0,
        42.0,
        28.0,
        40.0,
        26.0,
        36.0,
        32.0,
        27.0,
        37.0,
        25.0,
        33.0,
        24.0,
        28.0,
        15.0,
        19.0,
        23.0,
        23.0,
        19.0,
        12.0,
        10.0,
        6.0,
        3.0,
        7.0,
        1.0,
        7.0,
        2.0,
        3.0,
        7.0,
        2.0,
        2.0,
        4.0,
        2.0,
        1.0,
        5.0,
        0.0,
        0.0,
        5.0,
        0.0,
        2.0,
        1.0,
        1.0,
        0.0,
        0.0,
        0.0,
        1.0,
        1.0,
        4.0,
        0.0,
        0.0,
        1.0,
        0.0,
        1.0,
        0.0,
        0.0,
        0.0,
        1.0,
        1.0,
        2.0,
        0.0,
        0.0,
        0.0,
        1.0,
        0.0,
        0.0,
        0.0,
        1.0,
        1.0,
        1.0,
        0.0,
        0.0,
        3.0,
        0.0
      ],
      "silhouette_mask_path": "C:\\Users\\shrad\\TrendWeave\\MERGE_OUTPUT_FINAL\\Catwalks__Women_s_Footwear___Bags_Colour_A_W_25_26_en\\page_24\\img_2_mask_2.png"
    },
    {
      "yolo_label": "person",
      "bbox": [
        382.6058654785156,
        341.8063049316406,
        414.1723937988281,
        427.8526916503906
      ],
      "confidence": 0.5033689737319946,
      "clip_attributes": {
        "palette": {
          "label": "bold colors",
          "confidence": 0.20548436045646667
        },
        "dress_silhouette": {
          "label": "fit and flare",
          "confidence": 0.21363016963005066
        },
        "neckline": {
          "label": "square neckline",
          "confidence": 0.22579723596572876
        },
        "sleeve_type": {
          "label": "cap sleeves",
          "confidence": 0.22021514177322388
        },
        "top_silhouette": {
          "label": "peplum",
          "confidence": 0.22037948668003082
        },
        "bottom_style": {
          "label": "flared pants",
          "confidence": 0.22565858066082
        },
        "outerwear": {
          "label": "shrug",
          "confidence": 0.23593343794345856
        },
        "shoe_type": {
          "label": "heels",
          "confidence": 0.22203472256660461
        },
        "bag_type": {
          "label": "clutch",
          "confidence": 0.2260226160287857
        },
        "accessory": {
          "label": "watch",
          "confidence": 0.21974608302116394
        },
        "hairstyle": {
          "label": "ponytail",
          "confidence": 0.21098676323890686
        },
        "setting": {
          "label": "street style",
          "confidence": 0.2065954953432083
        },
        "fabric_type": {
          "label": "organza",
          "confidence": 0.21696355938911438
        },
        "season": {
          "label": "fall",
          "confidence": 0.2069166898727417
        },
        "style_theme": {
          "label": "minimalist",
          "confidence": 0.2106485664844513
        }
      },
      "dominant_colors": [
        [
          14,
          133,
          126
        ],
        [
          180,
          130,
          126
        ],
        [
          69,
          131,
          133
        ]
      ],
      "texture_histogram": [
        7.0,
        30.0,
        28.0,
        34.0,
        39.0,
        48.0,
        40.0,
        54.0,
        44.0,
        59.0,
        61.0,
        39.0,
        64.0,
        58.0,
        44.0,
        50.0,
        52.0,
        44.0,
        34.0,
        43.0,
        47.0,
        32.0,
        41.0,
        26.0,
        37.0,
        32.0,
        33.0,
        23.0,
        16.0,
        25.0,
        31.0,
        23.0,
        18.0,
        25.0,
        21.0,
        16.0,
        12.0,
        15.0,
        12.0,
        10.0,
        16.0,
        11.0,
        13.0,
        22.0,
        27.0,
        21.0,
        24.0,
        23.0,
        29.0,
        38.0,
        42.0,
        30.0,
        31.0,
        25.0,
        26.0,
        36.0,
        32.0,
        28.0,
        20.0,
        25.0,
        25.0,
        26.0,
        18.0,
        24.0,
        20.0,
        23.0,
        32.0,
        18.0,
        20.0,
        19.0,
        20.0,
        20.0,
        18.0,
        19.0,
        19.0,
        17.0,
        17.0,
        22.0,
        18.0,
        18.0,
        18.0,
        10.0,
        21.0,
        9.0,
        12.0,
        10.0,
        10.0,
        15.0,
        12.0,
        13.0,
        7.0,
        2.0,
        5.0,
        5.0,
        8.0,
        6.0,
        4.0,
        2.0,
        4.0,
        3.0,
        2.0,
        1.0,
        4.0,
        2.0,
        1.0,
        1.0,
        1.0,
        1.0,
        4.0,
        1.0,
        0.0,
        1.0,
        1.0,
        0.0,
        1.0,
        0.0,
        3.0,
        2.0,
        0.0,
        1.0,
        3.0,
        2.0,
        2.0,
        2.0,
        2.0,
        0.0,
        7.0,
        1.0,
        1.0,
        3.0,
        0.0,
        1.0,
        1.0,
        0.0,
        2.0,
        3.0,
        2.0,
        1.0,
        3.0,
        1.0,
        1.0,
        1.0,
        2.0,
        1.0,
        1.0,
        5.0,
        9.0,
        8.0,
        1.0,
        3.0,
        3.0,
        3.0,
        1.0,
        2.0,
        2.0,
        2.0,
        2.0,
        9.0,
        0.0,
        2.0,
        2.0,
        2.0,
        2.0,
        1.0,
        2.0,
        2.0,
        0.0,
        3.0,
        2.0,
        3.0,
        1.0,
        2.0,
        1.0,
        1.0,
        1.0,
        1.0,
        0.0,
        1.0,
        2.0,
        3.0,
        2.0,
        2.0,
        5.0,
        12.0,
        3.0,
        5.0,
        3.0,
        5.0,
        1.0,
        5.0,
        5.0,
        4.0,
        2.0,
        3.0,
        1.0,
        6.0,
        2.0,
        2.0,
        2.0,
        3.0,
        2.0,
        3.0,
        1.0,
        0.0,
        1.0,
        2.0,
        4.0,
        1.0,
        0.0,
        2.0,
        3.0,
        2.0,
        1.0,
        0.0,
        1.0,
        0.0,
        1.0,
        2.0,
        0.0,
        1.0,
        2.0,
        1.0,
        2.0,
        2.0,
        0.0,
        0.0,
        1.0,
        0.0,
        0.0,
        1.0,
        4.0,
        0.0,
        0.0,
        2.0,
        0.0,
        2.0,
        0.0,
        0.0,
        2.0,
        1.0,
        2.0,
        0.0,
        0.0,
        0.0,
        1.0,
        0.0,
        0.0,
        0.0,
        0.0,
        0.0,
        0.0,
        0.0,
        0.0,
        0.0,
        0.0,
        0.0
      ],
      "silhouette_mask_path": "C:\\Users\\shrad\\TrendWeave\\MERGE_OUTPUT_FINAL\\Catwalks__Women_s_Footwear___Bags_Colour_A_W_25_26_en\\page_24\\img_2_mask_3.png"
    },
    {
      "yolo_label": "person",
      "bbox": [
        223.04347229003906,
        222.96389770507812,
        397.4914855957031,
        480.833984375
      ],
      "confidence": 0.3426740765571594,
      "clip_attributes": {
        "palette": {
          "label": "pastel",
          "confidence": 0.19830793142318726
        },
        "dress_silhouette": {
          "label": "maxi dress",
          "confidence": 0.22997218370437622
        },
        "neckline": {
          "label": "square neckline",
          "confidence": 0.2327134758234024
        },
        "sleeve_type": {
          "label": "puffed sleeves",
          "confidence": 0.2668570876121521
        },
        "top_silhouette": {
          "label": "peplum",
          "confidence": 0.21766118705272675
        },
        "bottom_style": {
          "label": "wide-leg pants",
          "confidence": 0.24747373163700104
        },
        "outerwear": {
          "label": "long coat",
          "confidence": 0.2073957622051239
        },
        "shoe_type": {
          "label": "ballet flats",
          "confidence": 0.218650221824646
        },
        "bag_type": {
          "label": "shoulder bag",
          "confidence": 0.24541445076465607
        },
        "accessory": {
          "label": "hairband",
          "confidence": 0.20559410750865936
        },
        "hairstyle": {
          "label": "ponytail",
          "confidence": 0.18300393223762512
        },
        "setting": {
          "label": "office wear",
          "confidence": 0.20609785616397858
        },
        "fabric_type": {
          "label": "organza",
          "confidence": 0.2580808103084564
        },
        "season": {
          "label": "spring",
          "confidence": 0.18805038928985596
        },
        "style_theme": {
          "label": "elegant chic",
          "confidence": 0.23138290643692017
        }
      },
      "dominant_colors": [
        [
          194,
          129,
          133
        ],
        [
          17,
          130,
          127
        ],
        [
          81,
          131,
          132
        ]
      ],
      "texture_histogram": [
        117.0,
        263.0,
        248.0,
        305.0,
        373.0,
        406.0,
        450.0,
        345.0,
        371.0,
        348.0,
        306.0,
        326.0,
        313.0,
        283.0,
        314.0,
        298.0,
        285.0,
        269.0,
        234.0,
        260.0,
        241.0,
        196.0,
        224.0,
        211.0,
        188.0,
        194.0,
        186.0,
        151.0,
        191.0,
        189.0,
        239.0,
        203.0,
        180.0,
        165.0,
        175.0,
        139.0,
        157.0,
        148.0,
        140.0,
        158.0,
        124.0,
        127.0,
        127.0,
        146.0,
        159.0,
        142.0,
        184.0,
        188.0,
        166.0,
        188.0,
        209.0,
        159.0,
        178.0,
        184.0,
        172.0,
        205.0,
        190.0,
        239.0,
        252.0,
        269.0,
        300.0,
        304.0,
        336.0,
        323.0,
        327.0,
        347.0,
        294.0,
        300.0,
        253.0,
        274.0,
        294.0,
        217.0,
        216.0,
        203.0,
        183.0,
        168.0,
        181.0,
        173.0,
        169.0,
        144.0,
        114.0,
        111.0,
        93.0,
        89.0,
        83.0,
        85.0,
        115.0,
        102.0,
        92.0,
        70.0,
        92.0,
        75.0,
        80.0,
        74.0,
        62.0,
        74.0,
        70.0,
        66.0,
        60.0,
        57.0,
        70.0,
        75.0,
        84.0,
        67.0,
        62.0,
        61.0,
        61.0,
        61.0,
        56.0,
        50.0,
        55.0,
        52.0,
        61.0,
        46.0,
        56.0,
        41.0,
        48.0,
        49.0,
        63.0,
        53.0,
        41.0,
        74.0,
        61.0,
        71.0,
        64.0,
        73.0,
        58.0,
        61.0,
        65.0,
        63.0,
        65.0,
        56.0,
        92.0,
        77.0,
        75.0,
        64.0,
        88.0,
        98.0,
        78.0,
        83.0,
        96.0,
        96.0,
        125.0,
        97.0,
        95.0,
        111.0,
        127.0,
        142.0,
        132.0,
        115.0,
        143.0,
        123.0,
        124.0,
        132.0,
        148.0,
        137.0,
        168.0,
        188.0,
        191.0,
        212.0,
        203.0,
        187.0,
        175.0,
        184.0,
        208.0,
        198.0,
        202.0,
        221.0,
        240.0,
        204.0,
        239.0,
        233.0,
        251.0,
        255.0,
        265.0,
        255.0,
        267.0,
        258.0,
        313.0,
        351.0,
        325.0,
        352.0,
        313.0,
        303.0,
        291.0,
        341.0,
        319.0,
        286.0,
        279.0,
        290.0,
        305.0,
        307.0,
        309.0,
        291.0,
        351.0,
        363.0,
        299.0,
        321.0,
        326.0,
        331.0,
        301.0,
        331.0,
        359.0,
        349.0,
        379.0,
        365.0,
        367.0,
        368.0,
        404.0,
        354.0,
        329.0,
        336.0,
        285.0,
        288.0,
        249.0,
        260.0,
        250.0,
        243.0,
        226.0,
        206.0,
        217.0,
        182.0,
        168.0,
        148.0,
        146.0,
        154.0,
        145.0,
        150.0,
        116.0,
        122.0,
        113.0,
        83.0,
        87.0,
        75.0,
        68.0,
        68.0,
        41.0,
        38.0,
        34.0,
        28.0,
        25.0,
        13.0,
        16.0,
        12.0,
        16.0,
        4.0,
        5.0,
        3.0,
        0.0,
        3.0,
        1.0,
        1.0,
        1.0,
        1.0,
        1.0,
        0.0
      ],
      "silhouette_mask_path": "C:\\Users\\shrad\\TrendWeave\\MERGE_OUTPUT_FINAL\\Catwalks__Women_s_Footwear___Bags_Colour_A_W_25_26_en\\page_24\\img_2_mask_4.png"
    },
    {
      "yolo_label": "skateboard",
      "bbox": [
        253.55886840820312,
        105.23479461669922,
        387.80914306640625,
        159.3009796142578
      ],
      "confidence": 0.3239990770816803,
      "clip_attributes": {
        "palette": {
          "label": "pastel",
          "confidence": 0.19335412979125977
        },
        "shoe_type": {
          "label": "slip-ons",
          "confidence": 0.20000988245010376
        },
        "bag_type": {
          "label": "messenger bag",
          "confidence": 0.20214316248893738
        },
        "accessory": {
          "label": "bracelet",
          "confidence": 0.23396331071853638
        },
        "setting": {
          "label": "lounge",
          "confidence": 0.1917654275894165
        },
        "fabric_type": {
          "label": "cotton",
          "confidence": 0.18564888834953308
        },
        "season": {
          "label": "summer",
          "confidence": 0.18191373348236084
        },
        "style_theme": {
          "label": "minimalist",
          "confidence": 0.19415265321731567
        }
      },
      "dominant_colors": [
        [
          46,
          127,
          127
        ],
        [
          138,
          129,
          124
        ],
        [
          235,
          126,
          124
        ]
      ],
      "texture_histogram": [
        2.0,
        7.0,
        3.0,
        5.0,
        10.0,
        19.0,
        14.0,
        18.0,
        19.0,
        30.0,
        35.0,
        28.0,
        39.0,
        37.0,
        42.0,
        37.0,
        33.0,
        33.0,
        40.0,
        32.0,
        41.0,
        26.0,
        26.0,
        22.0,
        32.0,
        24.0,
        22.0,
        23.0,
        16.0,
        18.0,
        14.0,
        14.0,
        13.0,
        19.0,
        19.0,
        33.0,
        29.0,
        40.0,
        48.0,
        60.0,
        72.0,
        88.0,
        115.0,
        135.0,
        176.0,
        172.0,
        215.0,
        188.0,
        211.0,
        227.0,
        223.0,
        230.0,
        220.0,
        199.0,
        155.0,
        148.0,
        107.0,
        76.0,
        73.0,
        54.0,
        52.0,
        42.0,
        32.0,
        38.0,
        23.0,
        28.0,
        15.0,
        11.0,
        12.0,
        6.0,
        19.0,
        9.0,
        6.0,
        14.0,
        10.0,
        13.0,
        8.0,
        4.0,
        10.0,
        2.0,
        5.0,
        15.0,
        6.0,
        10.0,
        8.0,
        6.0,
        6.0,
        6.0,
        13.0,
        10.0,
        9.0,
        6.0,
        8.0,
        6.0,
        11.0,
        4.0,
        5.0,
        6.0,
        8.0,
        11.0,
        12.0,
        4.0,
        8.0,
        8.0,
        9.0,
        6.0,
        7.0,
        5.0,
        10.0,
        7.0,
        14.0,
        10.0,
        11.0,
        18.0,
        21.0,
        18.0,
        10.0,
        23.0,
        21.0,
        30.0,
        39.0,
        71.0,
        69.0,
        76.0,
        76.0,
        76.0,
        75.0,
        63.0,
        51.0,
        68.0,
        54.0,
        59.0,
        49.0,
        63.0,
        57.0,
        71.0,
        89.0,
        100.0,
        123.0,
        104.0,
        97.0,
        61.0,
        40.0,
        31.0,
        26.0,
        10.0,
        25.0,
        10.0,
        11.0,
        11.0,
        9.0,
        7.0,
        8.0,
        13.0,
        4.0,
        5.0,
        2.0,
        3.0,
        6.0,
        4.0,
        5.0,
        5.0,
        4.0,
        5.0,
        1.0,
        1.0,
        2.0,
        4.0,
        6.0,
        4.0,
        5.0,
        2.0,
        7.0,
        4.0,
        4.0,
        2.0,
        5.0,
        6.0,
        0.0,
        4.0,
        1.0,
        0.0,
        6.0,
        6.0,
        4.0,
        6.0,
        3.0,
        1.0,
        3.0,
        2.0,
        3.0,
        6.0,
        1.0,
        2.0,
        3.0,
        7.0,
        3.0,
        2.0,
        4.0,
        2.0,
        4.0,
        4.0,
        3.0,
        3.0,
        5.0,
        4.0,
        3.0,
        7.0,
        4.0,
        2.0,
        4.0,
        5.0,
        3.0,
        3.0,
        0.0,
        1.0,
        4.0,
        1.0,
        4.0,
        6.0,
        4.0,
        4.0,
        5.0,
        2.0,
        3.0,
        1.0,
        4.0,
        7.0,
        2.0,
        2.0,
        2.0,
        0.0,
        7.0,
        4.0,
        4.0,
        5.0,
        7.0,
        0.0,
        5.0,
        7.0,
        2.0,
        9.0,
        7.0,
        10.0,
        8.0,
        14.0,
        17.0,
        10.0,
        17.0,
        12.0,
        20.0,
        27.0,
        21.0,
        29.0,
        45.0,
        15.0
      ],
      "silhouette_mask_path": "C:\\Users\\shrad\\TrendWeave\\MERGE_OUTPUT_FINAL\\Catwalks__Women_s_Footwear___Bags_Colour_A_W_25_26_en\\page_24\\img_2_mask_5.png"
    }
  ],
  "pose_keypoints": [
    {
      "x": 0.5595358610153198,
      "y": 0.4158506691455841,
      "z": -0.011510300450026989,
      "visibility": 0.9996602535247803
    },
    {
      "x": 0.5556542277336121,
      "y": 0.40820181369781494,
      "z": 0.0017715415451675653,
      "visibility": 0.9995738863945007
    },
    {
      "x": 0.5549643039703369,
      "y": 0.408134400844574,
      "z": 0.001761769293807447,
      "visibility": 0.999248206615448
    },
    {
      "x": 0.5540549159049988,
      "y": 0.40804004669189453,
      "z": 0.0017522589769214392,
      "visibility": 0.9995875954627991
    },
    {
      "x": 0.5533495545387268,
      "y": 0.4081727862358093,
      "z": -0.03019912913441658,
      "visibility": 0.9996740818023682
    },
    {
      "x": 0.5513827800750732,
      "y": 0.4080628752708435,
      "z": -0.030218642204999924,
      "visibility": 0.9995300769805908
    },
    {
      "x": 0.5491581559181213,
      "y": 0.407889187335968,
      "z": -0.030312547460198402,
      "visibility": 0.9997518658638
    },
    {
      "x": 0.5418629050254822,
      "y": 0.41074082255363464,
      "z": 0.0720161721110344,
      "visibility": 0.9982550740242004
    },
    {
      "x": 0.5374273061752319,
      "y": 0.4105728268623352,
      "z": -0.07365696877241135,
      "visibility": 0.9996102452278137
    },
    {
      "x": 0.5549066662788391,
      "y": 0.42442864179611206,
      "z": 0.018102146685123444,
      "visibility": 0.999299168586731
    },
    {
      "x": 0.5524017214775085,
      "y": 0.42417237162590027,
      "z": -0.023776719346642494,
      "visibility": 0.9995937943458557
    },
    {
      "x": 0.5270902514457703,
      "y": 0.45491695404052734,
      "z": 0.16592173278331757,
      "visibility": 0.9989091157913208
    },
    {
      "x": 0.514689028263092,
      "y": 0.4505140781402588,
      "z": -0.12247758358716965,
      "visibility": 0.9999351501464844
    },
    {
      "x": 0.5232987403869629,
      "y": 0.5182791948318481,
      "z": 0.24330519139766693,
      "visibility": 0.04268395155668259
    },
    {
      "x": 0.4964805245399475,
      "y": 0.5163437128067017,
      "z": -0.15017327666282654,
      "visibility": 0.9837570786476135
    },
    {
      "x": 0.5567956566810608,
      "y": 0.5435261130332947,
      "z": 0.20473246276378632,
      "visibility": 0.047690317034721375
    },
    {
      "x": 0.5560815930366516,
      "y": 0.5389271378517151,
      "z": -0.13607098162174225,
      "visibility": 0.9475645422935486
    },
    {
      "x": 0.565947949886322,
      "y": 0.5503863096237183,
      "z": 0.19740243256092072,
      "visibility": 0.058830566704273224
    },
    {
      "x": 0.5699858069419861,
      "y": 0.546384334564209,
      "z": -0.1576288938522339,
      "visibility": 0.9128193259239197
    },
    {
      "x": 0.5675184726715088,
      "y": 0.5437813997268677,
      "z": 0.1741623729467392,
      "visibility": 0.06292727589607239
    },
    {
      "x": 0.5747228860855103,
      "y": 0.5414068698883057,
      "z": -0.15648232400417328,
      "visibility": 0.906677782535553
    },
    {
      "x": 0.5647522807121277,
      "y": 0.542451024055481,
      "z": 0.19083666801452637,
      "visibility": 0.06939617544412613
    },
    {
      "x": 0.5704572796821594,
      "y": 0.5391303896903992,
      "z": -0.13275007903575897,
      "visibility": 0.8562926054000854
    },
    {
      "x": 0.52993243932724,
      "y": 0.5938866138458252,
      "z": 0.06210808828473091,
      "visibility": 0.9940379858016968
    },
    {
      "x": 0.5248435139656067,
      "y": 0.5922785997390747,
      "z": -0.06194990128278732,
      "visibility": 0.9929855465888977
    },
    {
      "x": 0.5252560377120972,
      "y": 0.6802809834480286,
      "z": -0.01418880745768547,
      "visibility": 0.06667783111333847
    },
    {
      "x": 0.5369905829429626,
      "y": 0.6755097508430481,
      "z": -0.06343802809715271,
      "visibility": 0.14638513326644897
    },
    {
      "x": 0.5183106660842896,
      "y": 0.7779877185821533,
      "z": -0.023001931607723236,
      "visibility": 0.1498965471982956
    },
    {
      "x": 0.5349999666213989,
      "y": 0.7835668325424194,
      "z": -0.01729891449213028,
      "visibility": 0.09527890384197235
    },
    {
      "x": 0.5136592984199524,
      "y": 0.7950375080108643,
      "z": -0.027980003505945206,
      "visibility": 0.43084052205085754
    },
    {
      "x": 0.5292531251907349,
      "y": 0.8011350631713867,
      "z": -0.01611277461051941,
      "visibility": 0.25526532530784607
    },
    {
      "x": 0.5352766513824463,
      "y": 0.7929983139038086,
      "z": -0.1031331941485405,
      "visibility": 0.28608816862106323
    },
    {
      "x": 0.5558059811592102,
      "y": 0.8094038963317871,
      "z": -0.08856818079948425,
      "visibility": 0.17266641557216644
    }
  ]
}