{
  "image": "C:\\Users\\shrad\\TrendWeave\\TrendWeave\\extracted_data\\Catwalks__Women_s_Footwear___Bags_Colour_A_W_25_26_en\\page_24\\img_5.jpeg",
  "items": [
    {
      "yolo_label": "person",
      "bbox": [
        289.9644775390625,
        17.789859771728516,
        575.9623413085938,
        579.76611328125
      ],
      "confidence": 0.7097854614257812,
      "clip_attributes": {
        "palette": {
          "label": "earth tones",
          "confidence": 0.2451723963022232
        },
        "dress_silhouette": {
          "label": "fit and flare",
          "confidence": 0.24189788103103638
        },
        "neckline": {
          "label": "square neckline",
          "confidence": 0.24664980173110962
        },
        "sleeve_type": {
          "label": "puffed sleeves",
          "confidence": 0.2433776557445526
        },
        "top_silhouette": {
          "label": "wrap top",
          "confidence": 0.24756298959255219
        },
        "bottom_style": {
          "label": "wide-leg pants",
          "confidence": 0.2338784784078598
        },
        "outerwear": {
          "label": "long coat",
          "confidence": 0.25366687774658203
        },
        "shoe_type": {
          "label": "ankle boots",
          "confidence": 0.21662765741348267
        },
        "bag_type": {
          "label": "shoulder bag",
          "confidence": 0.3017064929008484
        },
        "accessory": {
          "label": "scarf",
          "confidence": 0.2296297401189804
        },
        "hairstyle": {
          "label": "ponytail",
          "confidence": 0.21616408228874207
        },
        "setting": {
          "label": "office wear",
          "confidence": 0.24549511075019836
        },
        "fabric_type": {
          "label": "organza",
          "confidence": 0.259193480014801
        },
        "season": {
          "label": "spring",
          "confidence": 0.23809386789798737
        },
        "style_theme": {
          "label": "elegant chic",
          "confidence": 0.2458341121673584
        }
      },
      "dominant_colors": [
        [
          210,
          125,
          133
        ],
        [
          29,
          127,
          127
        ],
        [
          134,
          127,
          140
        ]
      ],
      "texture_histogram": [
        2.0,
        8.0,
        7.0,
        7.0,
        17.0,
        19.0,
        31.0,
        47.0,
        98.0,
        110.0,
        171.0,
        302.0,
        530.0,
        1262.0,
        1364.0,
        1707.0,
        1897.0,
        2035.0,
        2079.0,
        2244.0,
        2067.0,
        2052.0,
        1926.0,
        1657.0,
        1469.0,
        1234.0,
        1112.0,
        1039.0,
        921.0,
        892.0,
        803.0,
        747.0,
        686.0,
        600.0,
        556.0,
        528.0,
        449.0,
        457.0,
        459.0,
        402.0,
        416.0,
        404.0,
        416.0,
        372.0,
        387.0,
        337.0,
        312.0,
        334.0,
        308.0,
        268.0,
        300.0,
        295.0,
        300.0,
        341.0,
        346.0,
        374.0,
        355.0,
        356.0,
        434.0,
        407.0,
        377.0,
        409.0,
        412.0,
        362.0,
        292.0,
        260.0,
        231.0,
        268.0,
        253.0,
        248.0,
        231.0,
        225.0,
        238.0,
        229.0,
        236.0,
        253.0,
        244.0,
        217.0,
        228.0,
        215.0,
        219.0,
        181.0,
        180.0,
        209.0,
        185.0,
        171.0,
        179.0,
        201.0,
        208.0,
        194.0,
        200.0,
        186.0,
        190.0,
        211.0,
        198.0,
        217.0,
        203.0,
        220.0,
        215.0,
        213.0,
        209.0,
        193.0,
        223.0,
        241.0,
        237.0,
        207.0,
        197.0,
        226.0,
        226.0,
        242.0,
        236.0,
        225.0,
        238.0,
        207.0,
        265.0,
        249.0,
        269.0,
        277.0,
        250.0,
        237.0,
        255.0,
        229.0,
        238.0,
        195.0,
        248.0,
        217.0,
        226.0,
        292.0,
        244.0,
        239.0,
        225.0,
        216.0,
        248.0,
        254.0,
        286.0,
        259.0,
        268.0,
        296.0,
        273.0,
        276.0,
        287.0,
        286.0,
        290.0,
        288.0,
        282.0,
        302.0,
        304.0,
        297.0,
        318.0,
        333.0,
        289.0,
        331.0,
        312.0,
        315.0,
        303.0,
        353.0,
        372.0,
        399.0,
        376.0,
        436.0,
        420.0,
        427.0,
        432.0,
        465.0,
        522.0,
        579.0,
        591.0,
        590.0,
        746.0,
        754.0,
        753.0,
        957.0,
        1011.0,
        946.0,
        987.0,
        1012.0,
        1018.0,
        1112.0,
        1071.0,
        1114.0,
        1149.0,
        1126.0,
        1111.0,
        1066.0,
        967.0,
        1044.0,
        888.0,
        831.0,
        915.0,
        794.0,
        809.0,
        726.0,
        770.0,
        839.0,
        944.0,
        891.0,
        903.0,
        835.0,
        836.0,
        901.0,
        917.0,
        911.0,
        879.0,
        1040.0,
        1123.0,
        1164.0,
        1224.0,
        1269.0,
        1248.0,
        1271.0,
        1389.0,
        1628.0,
        1881.0,
        2339.0,
        2677.0,
        2775.0,
        3022.0,
        2878.0,
        2985.0,
        3294.0,
        4050.0,
        3896.0,
        3216.0,
        2525.0,
        1969.0,
        2217.0,
        2434.0,
        1258.0,
        889.0,
        570.0,
        217.0,
        122.0,
        110.0,
        72.0,
        90.0,
        85.0,
        60.0,
        84.0,
        104.0,
        81.0,
        72.0,
        39.0,
        18.0,
        27.0,
        25.0,
        23.0,
        20.0,
        16.0,
        17.0,
        15.0,
        21.0,
        21.0,
        21.0,
        5.0,
        2.0,
        1.0
      ],
      "silhouette_mask_path": "C:\\Users\\shrad\\TrendWeave\\MERGE_OUTPUT_FINAL\\Catwalks__Women_s_Footwear___Bags_Colour_A_W_25_26_en\\page_24\\img_5_mask_0.png"
    },
    {
      "yolo_label": "person",
      "bbox": [
        54.01063919067383,
        36.19401168823242,
        287.3576354980469,
        580.3558959960938
      ],
      "confidence": 0.347339928150177,
      "clip_attributes": {
        "palette": {
          "label": "earth tones",
          "confidence": 0.2284955233335495
        },
        "dress_silhouette": {
          "label": "fit and flare",
          "confidence": 0.19898097217082977
        },
        "neckline": {
          "label": "square neckline",
          "confidence": 0.21640464663505554
        },
        "sleeve_type": {
          "label": "puffed sleeves",
          "confidence": 0.22774960100650787
        },
        "top_silhouette": {
          "label": "fitted blouse",
          "confidence": 0.22947165369987488
        },
        "bottom_style": {
          "label": "flared pants",
          "confidence": 0.22689129412174225
        },
        "outerwear": {
          "label": "cardigan",
          "confidence": 0.20796194672584534
        },
        "shoe_type": {
          "label": "ankle boots",
          "confidence": 0.21719013154506683
        },
        "bag_type": {
          "label": "shoulder bag",
          "confidence": 0.24747702479362488
        },
        "accessory": {
          "label": "scarf",
          "confidence": 0.20678648352622986
        },
        "hairstyle": {
          "label": "loose curls",
          "confidence": 0.2115757316350937
        },
        "setting": {
          "label": "office wear",
          "confidence": 0.21578627824783325
        },
        "fabric_type": {
          "label": "linen",
          "confidence": 0.23859219253063202
        },
        "season": {
          "label": "fall",
          "confidence": 0.2012106329202652
        },
        "style_theme": {
          "label": "y2k",
          "confidence": 0.203153595328331
        }
      },
      "dominant_colors": [
        [
          138,
          124,
          134
        ],
        [
          212,
          124,
          138
        ],
        [
          64,
          130,
          137
        ]
      ],
      "texture_histogram": [
        0.0,
        1.0,
        8.0,
        2.0,
        8.0,
        9.0,
        7.0,
        14.0,
        15.0,
        25.0,
        48.0,
        49.0,
        47.0,
        55.0,
        63.0,
        62.0,
        76.0,
        83.0,
        97.0,
        107.0,
        107.0,
        133.0,
        151.0,
        171.0,
        155.0,
        190.0,
        166.0,
        171.0,
        193.0,
        207.0,
        196.0,
        225.0,
        243.0,
        215.0,
        265.0,
        231.0,
        237.0,
        252.0,
        268.0,
        261.0,
        253.0,
        329.0,
        337.0,
        334.0,
        322.0,
        419.0,
        451.0,
        423.0,
        469.0,
        528.0,
        559.0,
        610.0,
        656.0,
        788.0,
        849.0,
        875.0,
        775.0,
        825.0,
        786.0,
        811.0,
        853.0,
        1036.0,
        1024.0,
        925.0,
        842.0,
        764.0,
        741.0,
        684.0,
        676.0,
        613.0,
        634.0,
        576.0,
        587.0,
        598.0,
        568.0,
        518.0,
        551.0,
        540.0,
        524.0,
        527.0,
        515.0,
        451.0,
        451.0,
        421.0,
        365.0,
        351.0,
        333.0,
        348.0,
        370.0,
        347.0,
        386.0,
        369.0,
        408.0,
        394.0,
        445.0,
        411.0,
        504.0,
        451.0,
        532.0,
        528.0,
        531.0,
        572.0,
        560.0,
        654.0,
        652.0,
        695.0,
        694.0,
        768.0,
        738.0,
        768.0,
        727.0,
        737.0,
        710.0,
        751.0,
        731.0,
        687.0,
        708.0,
        720.0,
        702.0,
        730.0,
        730.0,
        638.0,
        682.0,
        618.0,
        656.0,
        672.0,
        717.0,
        761.0,
        866.0,
        917.0,
        810.0,
        797.0,
        817.0,
        805.0,
        794.0,
        792.0,
        703.0,
        702.0,
        714.0,
        656.0,
        639.0,
        640.0,
        599.0,
        659.0,
        621.0,
        623.0,
        524.0,
        528.0,
        474.0,
        506.0,
        474.0,
        518.0,
        497.0,
        499.0,
        493.0,
        523.0,
        535.0,
        534.0,
        558.0,
        625.0,
        641.0,
        630.0,
        571.0,
        532.0,
        466.0,
        507.0,
        477.0,
        548.0,
        496.0,
        538.0,
        509.0,
        508.0,
        474.0,
        457.0,
        412.0,
        428.0,
        438.0,
        394.0,
        466.0,
        405.0,
        404.0,
        436.0,
        378.0,
        392.0,
        423.0,
        415.0,
        425.0,
        450.0,
        423.0,
        431.0,
        424.0,
        451.0,
        413.0,
        423.0,
        463.0,
        496.0,
        459.0,
        522.0,
        484.0,
        535.0,
        461.0,
        484.0,
        483.0,
        577.0,
        586.0,
        602.0,
        644.0,
        741.0,
        633.0,
        672.0,
        728.0,
        788.0,
        785.0,
        838.0,
        947.0,
        922.0,
        943.0,
        1030.0,
        913.0,
        920.0,
        906.0,
        979.0,
        1051.0,
        1577.0,
        1752.0,
        1816.0,
        2214.0,
        1467.0,
        924.0,
        570.0,
        364.0,
        329.0,
        284.0,
        157.0,
        117.0,
        127.0,
        131.0,
        89.0,
        70.0,
        63.0,
        66.0,
        50.0,
        15.0,
        3.0,
        9.0,
        6.0,
        6.0,
        6.0,
        7.0,
        5.0,
        7.0,
        5.0,
        2.0,
        2.0,
        8.0,
        3.0
      ],
      "silhouette_mask_path": "C:\\Users\\shrad\\TrendWeave\\MERGE_OUTPUT_FINAL\\Catwalks__Women_s_Footwear___Bags_Colour_A_W_25_26_en\\page_24\\img_5_mask_1.png"
    },
    {
      "yolo_label": "person",
      "bbox": [
        84.67138671875,
        37.77458572387695,
        288.688720703125,
        394.9244079589844
      ],
      "confidence": 0.2657332122325897,
      "clip_attributes": {
        "palette": {
          "label": "pastel",
          "confidence": 0.2362579107284546
        },
        "dress_silhouette": {
          "label": "shirt dress",
          "confidence": 0.25224319100379944
        },
        "neckline": {
          "label": "square neckline",
          "confidence": 0.277586430311203
        },
        "sleeve_type": {
          "label": "puffed sleeves",
          "confidence": 0.2852235734462738
        },
        "top_silhouette": {
          "label": "fitted blouse",
          "confidence": 0.2684226334095001
        },
        "bottom_style": {
          "label": "culottes",
          "confidence": 0.2322612702846527
        },
        "outerwear": {
          "label": "cardigan",
          "confidence": 0.2578456401824951
        },
        "shoe_type": {
          "label": "ballet flats",
          "confidence": 0.22621425986289978
        },
        "bag_type": {
          "label": "shoulder bag",
          "confidence": 0.25651755928993225
        },
        "accessory": {
          "label": "scarf",
          "confidence": 0.2789449989795685
        },
        "hairstyle": {
          "label": "ponytail",
          "confidence": 0.24794040620326996
        },
        "setting": {
          "label": "office wear",
          "confidence": 0.2536706030368805
        },
        "fabric_type": {
          "label": "linen",
          "confidence": 0.2785564363002777
        },
        "season": {
          "label": "spring",
          "confidence": 0.2303551584482193
        },
        "style_theme": {
          "label": "boho",
          "confidence": 0.2418876588344574
        }
      },
      "dominant_colors": [
        [
          55,
          130,
          136
        ],
        [
          210,
          124,
          140
        ],
        [
          122,
          127,
          127
        ]
      ],
      "texture_histogram": [
        0.0,
        1.0,
        6.0,
        2.0,
        5.0,
        7.0,
        6.0,
        10.0,
        12.0,
        22.0,
        42.0,
        45.0,
        40.0,
        52.0,
        57.0,
        58.0,
        73.0,
        76.0,
        94.0,
        104.0,
        102.0,
        129.0,
        142.0,
        164.0,
        147.0,
        184.0,
        162.0,
        168.0,
        187.0,
        195.0,
        186.0,
        214.0,
        229.0,
        200.0,
        244.0,
        211.0,
        200.0,
        217.0,
        221.0,
        207.0,
        190.0,
        210.0,
        195.0,
        201.0,
        168.0,
        182.0,
        202.0,
        173.0,
        203.0,
        183.0,
        187.0,
        204.0,
        227.0,
        217.0,
        217.0,
        239.0,
        240.0,
        265.0,
        239.0,
        274.0,
        236.0,
        282.0,
        319.0,
        343.0,
        308.0,
        296.0,
        300.0,
        305.0,
        310.0,
        278.0,
        302.0,
        294.0,
        271.0,
        275.0,
        249.0,
        247.0,
        258.0,
        271.0,
        283.0,
        273.0,
        257.0,
        229.0,
        247.0,
        235.0,
        196.0,
        191.0,
        188.0,
        215.0,
        235.0,
        225.0,
        272.0,
        252.0,
        272.0,
        273.0,
        321.0,
        301.0,
        367.0,
        336.0,
        410.0,
        412.0,
        424.0,
        450.0,
        450.0,
        506.0,
        500.0,
        520.0,
        539.0,
        573.0,
        530.0,
        566.0,
        517.0,
        557.0,
        542.0,
        568.0,
        552.0,
        519.0,
        517.0,
        506.0,
        486.0,
        492.0,
        463.0,
        420.0,
        442.0,
        376.0,
        379.0,
        338.0,
        321.0,
        275.0,
        319.0,
        278.0,
        244.0,
        218.0,
        224.0,
        225.0,
        203.0,
        172.0,
        146.0,
        153.0,
        146.0,
        125.0,
        127.0,
        113.0,
        102.0,
        101.0,
        111.0,
        102.0,
        92.0,
        100.0,
        93.0,
        102.0,
        96.0,
        110.0,
        105.0,
        100.0,
        109.0,
        120.0,
        149.0,
        154.0,
        161.0,
        226.0,
        253.0,
        267.0,
        266.0,
        267.0,
        217.0,
        245.0,
        245.0,
        281.0,
        255.0,
        264.0,
        266.0,
        263.0,
        275.0,
        292.0,
        277.0,
        304.0,
        313.0,
        306.0,
        366.0,
        328.0,
        335.0,
        355.0,
        320.0,
        327.0,
        360.0,
        358.0,
        364.0,
        375.0,
        367.0,
        379.0,
        374.0,
        392.0,
        361.0,
        374.0,
        401.0,
        455.0,
        408.0,
        471.0,
        435.0,
        483.0,
        416.0,
        427.0,
        431.0,
        492.0,
        484.0,
        461.0,
        473.0,
        532.0,
        501.0,
        551.0,
        563.0,
        596.0,
        643.0,
        661.0,
        748.0,
        627.0,
        652.0,
        674.0,
        596.0,
        594.0,
        551.0,
        634.0,
        657.0,
        938.0,
        930.0,
        1056.0,
        1574.0,
        1256.0,
        821.0,
        502.0,
        335.0,
        268.0,
        211.0,
        120.0,
        87.0,
        116.0,
        125.0,
        85.0,
        73.0,
        66.0,
        69.0,
        44.0,
        11.0,
        4.0,
        2.0,
        0.0,
        0.0,
        0.0,
        0.0,
        1.0,
        0.0,
        0.0,
        0.0,
        0.0,
        1.0,
        0.0
      ],
      "silhouette_mask_path": "C:\\Users\\shrad\\TrendWeave\\MERGE_OUTPUT_FINAL\\Catwalks__Women_s_Footwear___Bags_Colour_A_W_25_26_en\\page_24\\img_5_mask_2.png"
    }
  ],
  "pose_keypoints": [
    {
      "x": 0.3192932903766632,
      "y": 0.18460148572921753,
      "z": -0.18564000725746155,
      "visibility": 0.9988381266593933
    },
    {
      "x": 0.34242016077041626,
      "y": 0.15848040580749512,
      "z": -0.16292597353458405,
      "visibility": 0.9988113641738892
    },
    {
      "x": 0.3565908372402191,
      "y": 0.15914207696914673,
      "z": -0.16324010491371155,
      "visibility": 0.9989204406738281
    },
    {
      "x": 0.37027087807655334,
      "y": 0.1614990234375,
      "z": -0.16366548836231232,
      "visibility": 0.9990635514259338
    },
    {
      "x": 0.3093085289001465,
      "y": 0.160841166973114,
      "z": -0.1500796228647232,
      "visibility": 0.9986666440963745
    },
    {
      "x": 0.3005024194717407,
      "y": 0.16259974241256714,
      "z": -0.1498251110315323,
      "visibility": 0.9983007311820984
    },
    {
      "x": 0.2934845983982086,
      "y": 0.16458553075790405,
      "z": -0.1499253511428833,
      "visibility": 0.9983323216438293
    },
    {
      "x": 0.396202027797699,
      "y": 0.18097758293151855,
      "z": -0.01693127304315567,
      "visibility": 0.9991500377655029
    },
    {
      "x": 0.29895567893981934,
      "y": 0.17876344919204712,
      "z": 0.038292378187179565,
      "visibility": 0.9983392953872681
    },
    {
      "x": 0.35694557428359985,
      "y": 0.22116269171237946,
      "z": -0.12772473692893982,
      "visibility": 0.9985024929046631
    },
    {
      "x": 0.3098904490470886,
      "y": 0.2206006944179535,
      "z": -0.1119857206940651,
      "visibility": 0.9977166652679443
    },
    {
      "x": 0.4334495961666107,
      "y": 0.31150195002555847,
      "z": -0.059430308640003204,
      "visibility": 0.9995019435882568
    },
    {
      "x": 0.27671414613723755,
      "y": 0.3216992914676666,
      "z": 0.22522366046905518,
      "visibility": 0.9965818524360657
    },
    {
      "x": 0.4771101474761963,
      "y": 0.4906415641307831,
      "z": -0.13348495960235596,
      "visibility": 0.7535324692726135
    },
    {
      "x": 0.21473944187164307,
      "y": 0.4896080791950226,
      "z": 0.21483387053012848,
      "visibility": 0.10763075202703476
    },
    {
      "x": 0.4230731129646301,
      "y": 0.5407741069793701,
      "z": -0.23840712010860443,
      "visibility": 0.3582651913166046
    },
    {
      "x": 0.23143723607063293,
      "y": 0.5366326570510864,
      "z": 0.007419318426400423,
      "visibility": 0.04596678540110588
    },
    {
      "x": 0.4150978624820709,
      "y": 0.5605605840682983,
      "z": -0.2798202335834503,
      "visibility": 0.3531596064567566
    },
    {
      "x": 0.23437997698783875,
      "y": 0.5635151267051697,
      "z": -0.017504386603832245,
      "visibility": 0.06435961276292801
    },
    {
      "x": 0.4049471616744995,
      "y": 0.5349193215370178,
      "z": -0.27074912190437317,
      "visibility": 0.35804659128189087
    },
    {
      "x": 0.23333054780960083,
      "y": 0.5412318706512451,
      "z": -0.052571218460798264,
      "visibility": 0.06570540368556976
    },
    {
      "x": 0.4033006429672241,
      "y": 0.5316367745399475,
      "z": -0.23486673831939697,
      "visibility": 0.37307122349739075
    },
    {
      "x": 0.2382739782333374,
      "y": 0.5336899757385254,
      "z": -0.013849055394530296,
      "visibility": 0.07211799919605255
    },
    {
      "x": 0.4056271016597748,
      "y": 0.6662879586219788,
      "z": -0.11155678331851959,
      "visibility": 0.9932308197021484
    },
    {
      "x": 0.29211434721946716,
      "y": 0.6697192192077637,
      "z": 0.1121777892112732,
      "visibility": 0.9817599654197693
    },
    {
      "x": 0.35713934898376465,
      "y": 0.8539218306541443,
      "z": -0.37800195813179016,
      "visibility": 0.6839340329170227
    },
    {
      "x": 0.2260851263999939,
      "y": 0.8801117539405823,
      "z": 0.016421103850007057,
      "visibility": 0.31939437985420227
    },
    {
      "x": 0.38359335064888,
      "y": 1.105191946029663,
      "z": -0.36435607075691223,
      "visibility": 0.45629194378852844
    },
    {
      "x": 0.22651174664497375,
      "y": 1.1137187480926514,
      "z": 0.017401644960045815,
      "visibility": 0.20010189712047577
    },
    {
      "x": 0.4013254642486572,
      "y": 1.1411938667297363,
      "z": -0.3665648400783539,
      "visibility": 0.49112388491630554
    },
    {
      "x": 0.249102383852005,
      "y": 1.1558159589767456,
      "z": 0.011174410581588745,
      "visibility": 0.233172208070755
    },
    {
      "x": 0.37610435485839844,
      "y": 1.2045485973358154,
      "z": -0.5040829181671143,
      "visibility": 0.363493412733078
    },
    {
      "x": 0.14964540302753448,
      "y": 1.201603651046753,
      "z": -0.1247781366109848,
      "visibility": 0.17093981802463531
    }
  ]
}