{
  "image": "C:\\Users\\shrad\\TrendWeave\\TrendWeave\\extracted_data\\Catwalks__Women_s_APAC_Key_Trends_A_W_25_26_en\\page_12\\img_2.jpeg",
  "items": [
    {
      "yolo_label": "person",
      "bbox": [
        313.8707580566406,
        0.0,
        1015.9583129882812,
        676.060791015625
      ],
      "confidence": 0.8954038619995117,
      "clip_attributes": {
        "palette": {
          "label": "earth tones",
          "confidence": 0.22811168432235718
        },
        "dress_silhouette": {
          "label": "shirt dress",
          "confidence": 0.2291744351387024
        },
        "neckline": {
          "label": "square neckline",
          "confidence": 0.23650199174880981
        },
        "sleeve_type": {
          "label": "puffed sleeves",
          "confidence": 0.23618414998054504
        },
        "top_silhouette": {
          "label": "peplum",
          "confidence": 0.21916161477565765
        },
        "bottom_style": {
          "label": "mini skirt",
          "confidence": 0.22511665523052216
        },
        "outerwear": {
          "label": "long coat",
          "confidence": 0.25350967049598694
        },
        "shoe_type": {
          "label": "ankle boots",
          "confidence": 0.23532947897911072
        },
        "bag_type": {
          "label": "crossbody bag",
          "confidence": 0.21874725818634033
        },
        "accessory": {
          "label": "scarf",
          "confidence": 0.23542432487010956
        },
        "hairstyle": {
          "label": "high bun",
          "confidence": 0.21505063772201538
        },
        "setting": {
          "label": "street style",
          "confidence": 0.2292141169309616
        },
        "fabric_type": {
          "label": "chiffon",
          "confidence": 0.23033000528812408
        },
        "season": {
          "label": "winter",
          "confidence": 0.2116173952817917
        },
        "style_theme": {
          "label": "boho",
          "confidence": 0.23525628447532654
        }
      },
      "dominant_colors": [
        [
          79,
          132,
          146
        ],
        [
          211,
          123,
          129
        ],
        [
          41,
          131,
          135
        ]
      ],
      "texture_histogram": [
        0.0,
        6.0,
        44.0,
        168.0,
        507.0,
        882.0,
        1255.0,
        1279.0,
        1112.0,
        1183.0,
        1216.0,
        1174.0,
        1130.0,
        1195.0,
        1132.0,
        961.0,
        975.0,
        935.0,
        1050.0,
        1091.0,
        1120.0,
        1305.0,
        1508.0,
        1438.0,
        1573.0,
        1742.0,
        1937.0,
        2021.0,
        2143.0,
        2452.0,
        2697.0,
        2902.0,
        3108.0,
        3367.0,
        3821.0,
        3827.0,
        3862.0,
        3930.0,
        4099.0,
        4154.0,
        4519.0,
        4994.0,
        4955.0,
        5473.0,
        5700.0,
        5935.0,
        6210.0,
        7181.0,
        8295.0,
        8951.0,
        8060.0,
        7877.0,
        7762.0,
        8248.0,
        8541.0,
        8850.0,
        9316.0,
        9072.0,
        9276.0,
        8673.0,
        8387.0,
        8150.0,
        7962.0,
        7857.0,
        7868.0,
        7783.0,
        7839.0,
        7996.0,
        7581.0,
        7430.0,
        7136.0,
        7008.0,
        6817.0,
        6447.0,
        6517.0,
        6285.0,
        5971.0,
        5602.0,
        5248.0,
        5151.0,
        4849.0,
        4760.0,
        4622.0,
        4378.0,
        4026.0,
        3846.0,
        3509.0,
        3244.0,
        2996.0,
        2718.0,
        2500.0,
        2117.0,
        2142.0,
        2037.0,
        1736.0,
        1610.0,
        1440.0,
        1323.0,
        1091.0,
        981.0,
        862.0,
        741.0,
        682.0,
        611.0,
        553.0,
        480.0,
        485.0,
        403.0,
        322.0,
        297.0,
        264.0,
        259.0,
        220.0,
        238.0,
        182.0,
        200.0,
        162.0,
        167.0,
        162.0,
        146.0,
        157.0,
        161.0,
        162.0,
        166.0,
        201.0,
        223.0,
        205.0,
        159.0,
        169.0,
        170.0,
        166.0,
        114.0,
        131.0,
        128.0,
        116.0,
        108.0,
        150.0,
        140.0,
        159.0,
        118.0,
        113.0,
        110.0,
        120.0,
        130.0,
        144.0,
        122.0,
        149.0,
        125.0,
        141.0,
        152.0,
        133.0,
        134.0,
        137.0,
        147.0,
        151.0,
        201.0,
        191.0,
        162.0,
        153.0,
        157.0,
        178.0,
        169.0,
        177.0,
        190.0,
        236.0,
        209.0,
        218.0,
        210.0,
        243.0,
        247.0,
        248.0,
        213.0,
        215.0,
        210.0,
        217.0,
        207.0,
        231.0,
        198.0,
        226.0,
        193.0,
        255.0,
        267.0,
        283.0,
        281.0,
        256.0,
        238.0,
        199.0,
        178.0,
        136.0,
        156.0,
        177.0,
        202.0,
        154.0,
        176.0,
        205.0,
        191.0,
        195.0,
        204.0,
        206.0,
        256.0,
        238.0,
        234.0,
        246.0,
        301.0,
        480.0,
        1124.0,
        1218.0,
        1570.0,
        1805.0,
        1445.0,
        1304.0,
        1313.0,
        964.0,
        1300.0,
        1422.0,
        1427.0,
        2087.0,
        2984.0,
        1973.0,
        2002.0,
        2294.0,
        1428.0,
        1335.0,
        1359.0,
        889.0,
        711.0,
        638.0,
        398.0,
        142.0,
        139.0,
        206.0,
        226.0,
        262.0,
        281.0,
        285.0,
        328.0,
        302.0,
        284.0,
        256.0,
        158.0,
        99.0,
        60.0,
        16.0,
        5.0,
        3.0,
        0.0,
        1.0,
        0.0,
        0.0,
        0.0,
        0.0,
        0.0,
        0.0,
        0.0,
        0.0,
        0.0
      ],
      "silhouette_mask_path": "C:\\Users\\shrad\\TrendWeave\\MERGE_OUTPUT_FINAL\\Catwalks__Women_s_APAC_Key_Trends_A_W_25_26_en\\page_12\\img_2_mask_0.png"
    }
  ],
  "pose_keypoints": null
}