{
  "image": "C:\\Users\\shrad\\TrendWeave\\TrendWeave\\extracted_data\\Catwalks__Women_s_APAC_Key_Trends_A_W_25_26_en\\page_14\\img_5.jpeg",
  "items": [
    {
      "yolo_label": "person",
      "bbox": [
        130.36563110351562,
        1.62053382396698,
        1394.5281982421875,
        1344.57763671875
      ],
      "confidence": 0.8628389835357666,
      "clip_attributes": {
        "palette": {
          "label": "earth tones",
          "confidence": 0.2206231951713562
        },
        "shoe_type": {
          "label": "sneakers",
          "confidence": 0.20509369671344757
        },
        "bag_type": {
          "label": "backpack",
          "confidence": 0.23333284258842468
        },
        "accessory": {
          "label": "hat",
          "confidence": 0.22127075493335724
        },
        "setting": {
          "label": "streetwear",
          "confidence": 0.26200684905052185
        },
        "fabric_type": {
          "label": "linen",
          "confidence": 0.24517732858657837
        },
        "season": {
          "label": "winter",
          "confidence": 0.21134188771247864
        },
        "style_theme": {
          "label": "athleisure",
          "confidence": 0.2672511339187622
        }
      },
      "dominant_colors": [
        [
          207,
          134,
          126
        ],
        [
          15,
          130,
          125
        ],
        [
          116,
          144,
          108
        ]
      ],
      "texture_histogram": [
        2450.0,
        17725.0,
        50304.0,
        27144.0,
        31236.0,
        39437.0,
        48763.0,
        52697.0,
        34328.0,
        21237.0,
        15060.0,
        13491.0,
        11940.0,
        10915.0,
        10283.0,
        9601.0,
        9317.0,
        8684.0,
        7840.0,
        7507.0,
        7114.0,
        6768.0,
        6885.0,
        6700.0,
        6353.0,
        6254.0,
        5617.0,
        5301.0,
        4939.0,
        4411.0,
        4259.0,
        4234.0,
        4121.0,
        3977.0,
        4005.0,
        3915.0,
        4055.0,
        4027.0,
        3886.0,
        3891.0,
        3790.0,
        3808.0,
        4093.0,
        3970.0,
        4147.0,
        4019.0,
        4242.0,
        4140.0,
        4165.0,
        4006.0,
        4133.0,
        4028.0,
        4196.0,
        3948.0,
        4062.0,
        4126.0,
        4233.0,
        4459.0,
        4582.0,
        4797.0,
        4646.0,
        4702.0,
        4621.0,
        4636.0,
        4492.0,
        4356.0,
        4115.0,
        4048.0,
        3966.0,
        3946.0,
        3805.0,
        3741.0,
        3805.0,
        3643.0,
        3595.0,
        3555.0,
        3511.0,
        3526.0,
        3486.0,
        3444.0,
        3323.0,
        3312.0,
        3293.0,
        3289.0,
        3288.0,
        3212.0,
        3241.0,
        3265.0,
        3080.0,
        3024.0,
        2948.0,
        2935.0,
        2846.0,
        2967.0,
        2926.0,
        2957.0,
        2966.0,
        2974.0,
        2913.0,
        2956.0,
        3089.0,
        2940.0,
        3055.0,
        2985.0,
        3046.0,
        3008.0,
        3044.0,
        3064.0,
        3115.0,
        3156.0,
        3149.0,
        3293.0,
        3168.0,
        3228.0,
        3278.0,
        3348.0,
        3398.0,
        3291.0,
        3448.0,
        3389.0,
        3528.0,
        3453.0,
        3599.0,
        3726.0,
        3749.0,
        3734.0,
        3805.0,
        3958.0,
        4022.0,
        4087.0,
        4066.0,
        4109.0,
        4280.0,
        4147.0,
        4142.0,
        4249.0,
        4131.0,
        4273.0,
        4314.0,
        4330.0,
        4209.0,
        4273.0,
        4369.0,
        4296.0,
        4281.0,
        4398.0,
        4537.0,
        4316.0,
        4392.0,
        4272.0,
        4206.0,
        4187.0,
        4151.0,
        4248.0,
        4172.0,
        4183.0,
        4245.0,
        4095.0,
        4108.0,
        4171.0,
        4112.0,
        4123.0,
        4151.0,
        4103.0,
        4101.0,
        4161.0,
        4223.0,
        4196.0,
        4362.0,
        4389.0,
        4440.0,
        4364.0,
        4506.0,
        4547.0,
        4687.0,
        4770.0,
        4715.0,
        4859.0,
        4940.0,
        5005.0,
        5207.0,
        5293.0,
        5647.0,
        5807.0,
        5934.0,
        6075.0,
        6429.0,
        6637.0,
        6721.0,
        6795.0,
        7167.0,
        7262.0,
        7388.0,
        7408.0,
        7814.0,
        7796.0,
        8204.0,
        8376.0,
        8672.0,
        8848.0,
        9235.0,
        9767.0,
        10469.0,
        10845.0,
        11472.0,
        12473.0,
        13560.0,
        15095.0,
        16018.0,
        17500.0,
        19329.0,
        20445.0,
        20205.0,
        20532.0,
        20447.0,
        22950.0,
        24258.0,
        26232.0,
        24833.0,
        23767.0,
        21809.0,
        17983.0,
        16146.0,
        14599.0,
        11310.0,
        8523.0,
        6559.0,
        5107.0,
        4288.0,
        3804.0,
        3277.0,
        2940.0,
        2690.0,
        2574.0,
        2213.0,
        1962.0,
        1731.0,
        1537.0,
        1161.0,
        1088.0,
        787.0,
        735.0,
        657.0,
        538.0,
        444.0,
        383.0,
        340.0,
        275.0,
        215.0,
        190.0,
        165.0,
        139.0,
        99.0,
        115.0,
        135.0,
        96.0
      ],
      "silhouette_mask_path": "C:\\Users\\shrad\\TrendWeave\\MERGE_OUTPUT_FINAL\\Catwalks__Women_s_APAC_Key_Trends_A_W_25_26_en\\page_14\\img_5_mask_0.png"
    },
    {
      "yolo_label": "person",
      "bbox": [
        1331.0770263671875,
        26.845640182495117,
        1646.8017578125,
        1344.7628173828125
      ],
      "confidence": 0.833345890045166,
      "clip_attributes": {
        "palette": {
          "label": "muted tones",
          "confidence": 0.22853945195674896
        },
        "neckline": {
          "label": "buttoned collar",
          "confidence": 0.23881927132606506
        },
        "sleeve_type": {
          "label": "long sleeves",
          "confidence": 0.21939927339553833
        },
        "top_silhouette": {
          "label": "hoodie",
          "confidence": 0.22933480143547058
        },
        "bottom_style": {
          "label": "chinos",
          "confidence": 0.22898590564727783
        },
        "outerwear": {
          "label": "blazer",
          "confidence": 0.23341038823127747
        },
        "shoe_type": {
          "label": "sneakers",
          "confidence": 0.21185214817523956
        },
        "bag_type": {
          "label": "backpack",
          "confidence": 0.21308648586273193
        },
        "accessory": {
          "label": "cap",
          "confidence": 0.23093077540397644
        },
        "hairstyle": {
          "label": "slick back",
          "confidence": 0.22344687581062317
        },
        "setting": {
          "label": "smart casual",
          "confidence": 0.21601703763008118
        },
        "fabric_type": {
          "label": "linen",
          "confidence": 0.22218537330627441
        },
        "season": {
          "label": "winter",
          "confidence": 0.19612476229667664
        },
        "style_theme": {
          "label": "minimalist",
          "confidence": 0.21822260320186615
        }
      },
      "dominant_colors": [
        [
          86,
          132,
          122
        ],
        [
          23,
          130,
          124
        ],
        [
          167,
          148,
          102
        ]
      ],
      "texture_histogram": [
        286.0,
        3794.0,
        5374.0,
        4305.0,
        7222.0,
        7797.0,
        8009.0,
        5472.0,
        2684.0,
        2651.0,
        2855.0,
        2834.0,
        3243.0,
        2879.0,
        2557.0,
        2247.0,
        2149.0,
        1999.0,
        1866.0,
        1834.0,
        1731.0,
        1922.0,
        2218.0,
        2565.0,
        2996.0,
        3206.0,
        3275.0,
        3115.0,
        3366.0,
        3452.0,
        3426.0,
        3342.0,
        3528.0,
        3643.0,
        3683.0,
        3474.0,
        3584.0,
        3344.0,
        3305.0,
        3189.0,
        3059.0,
        3090.0,
        3083.0,
        3173.0,
        3252.0,
        3573.0,
        3747.0,
        3616.0,
        3235.0,
        2655.0,
        2441.0,
        2331.0,
        2526.0,
        2320.0,
        2316.0,
        2190.0,
        2306.0,
        2683.0,
        2994.0,
        3129.0,
        3114.0,
        3373.0,
        3298.0,
        3407.0,
        3339.0,
        3278.0,
        3502.0,
        3685.0,
        3900.0,
        4113.0,
        4519.0,
        4283.0,
        3928.0,
        3981.0,
        3735.0,
        3635.0,
        3835.0,
        3749.0,
        3739.0,
        3749.0,
        3635.0,
        3624.0,
        3769.0,
        3960.0,
        4137.0,
        4166.0,
        4367.0,
        4247.0,
        3900.0,
        3623.0,
        3306.0,
        3004.0,
        2992.0,
        2838.0,
        2919.0,
        3057.0,
        3097.0,
        3296.0,
        3158.0,
        3098.0,
        2801.0,
        2687.0,
        2326.0,
        1895.0,
        1474.0,
        1280.0,
        1166.0,
        1044.0,
        1108.0,
        1035.0,
        970.0,
        962.0,
        972.0,
        986.0,
        934.0,
        949.0,
        985.0,
        900.0,
        932.0,
        877.0,
        890.0,
        890.0,
        916.0,
        937.0,
        911.0,
        900.0,
        862.0,
        809.0,
        769.0,
        743.0,
        756.0,
        769.0,
        759.0,
        787.0,
        780.0,
        788.0,
        792.0,
        724.0,
        730.0,
        784.0,
        736.0,
        720.0,
        639.0,
        637.0,
        589.0,
        589.0,
        602.0,
        570.0,
        507.0,
        543.0,
        571.0,
        543.0,
        574.0,
        548.0,
        524.0,
        508.0,
        477.0,
        461.0,
        469.0,
        459.0,
        450.0,
        446.0,
        429.0,
        426.0,
        437.0,
        425.0,
        439.0,
        389.0,
        387.0,
        349.0,
        360.0,
        376.0,
        354.0,
        376.0,
        353.0,
        335.0,
        335.0,
        323.0,
        322.0,
        318.0,
        317.0,
        375.0,
        344.0,
        350.0,
        352.0,
        386.0,
        358.0,
        383.0,
        380.0,
        338.0,
        399.0,
        347.0,
        385.0,
        357.0,
        364.0,
        339.0,
        349.0,
        349.0,
        386.0,
        376.0,
        387.0,
        338.0,
        372.0,
        412.0,
        366.0,
        355.0,
        343.0,
        383.0,
        362.0,
        358.0,
        330.0,
        345.0,
        342.0,
        354.0,
        425.0,
        424.0,
        443.0,
        406.0,
        456.0,
        362.0,
        311.0,
        257.0,
        229.0,
        205.0,
        291.0,
        289.0,
        287.0,
        149.0,
        85.0,
        53.0,
        38.0,
        36.0,
        30.0,
        13.0,
        22.0,
        22.0,
        9.0,
        18.0,
        9.0,
        6.0,
        7.0,
        3.0,
        5.0,
        8.0,
        3.0,
        3.0,
        5.0,
        0.0,
        2.0,
        3.0,
        1.0,
        1.0,
        0.0,
        1.0,
        2.0,
        1.0
      ],
      "silhouette_mask_path": "C:\\Users\\shrad\\TrendWeave\\MERGE_OUTPUT_FINAL\\Catwalks__Women_s_APAC_Key_Trends_A_W_25_26_en\\page_14\\img_5_mask_1.png"
    }
  ],
  "pose_keypoints": [
    {
      "x": 0.49884310364723206,
      "y": 0.09413862228393555,
      "z": -0.7081968188285828,
      "visibility": 0.9993440508842468
    },
    {
      "x": 0.5178945660591125,
      "y": 0.05548083782196045,
      "z": -0.6747297048568726,
      "visibility": 0.9985445737838745
    },
    {
      "x": 0.5311912298202515,
      "y": 0.05471080541610718,
      "z": -0.6748328804969788,
      "visibility": 0.9980049729347229
    },
    {
      "x": 0.5422012805938721,
      "y": 0.05391073599457741,
      "z": -0.6749205589294434,
      "visibility": 0.9982969164848328
    },
    {
      "x": 0.475085586309433,
      "y": 0.05627274513244629,
      "z": -0.6823821067810059,
      "visibility": 0.9980732202529907
    },
    {
      "x": 0.4628738462924957,
      "y": 0.05740242823958397,
      "z": -0.6822630763053894,
      "visibility": 0.996967613697052
    },
    {
      "x": 0.453825980424881,
      "y": 0.05902296304702759,
      "z": -0.6821645498275757,
      "visibility": 0.9966787099838257
    },
    {
      "x": 0.5623141527175903,
      "y": 0.06525856256484985,
      "z": -0.4854760766029358,
      "visibility": 0.9969933032989502
    },
    {
      "x": 0.44010379910469055,
      "y": 0.0743478536605835,
      "z": -0.520831823348999,
      "visibility": 0.9957864880561829
    },
    {
      "x": 0.5261540412902832,
      "y": 0.13758307695388794,
      "z": -0.6374209523200989,
      "visibility": 0.9986722469329834
    },
    {
      "x": 0.47737300395965576,
      "y": 0.13778942823410034,
      "z": -0.6459606885910034,
      "visibility": 0.9985727071762085
    },
    {
      "x": 0.6298168897628784,
      "y": 0.2652808129787445,
      "z": -0.37734049558639526,
      "visibility": 0.9993625283241272
    },
    {
      "x": 0.367406964302063,
      "y": 0.26794740557670593,
      "z": -0.4185229539871216,
      "visibility": 0.9980497360229492
    },
    {
      "x": 0.726333737373352,
      "y": 0.4803209602832794,
      "z": -0.33757832646369934,
      "visibility": 0.7952443361282349
    },
    {
      "x": 0.27145054936408997,
      "y": 0.48592954874038696,
      "z": -0.41295939683914185,
      "visibility": 0.7335494756698608
    },
    {
      "x": 0.8052548766136169,
      "y": 0.6622470617294312,
      "z": -0.49943509697914124,
      "visibility": 0.5516319274902344
    },
    {
      "x": 0.25742971897125244,
      "y": 0.6878186464309692,
      "z": -0.5479079484939575,
      "visibility": 0.5142701864242554
    },
    {
      "x": 0.8400574922561646,
      "y": 0.7129224538803101,
      "z": -0.5508912801742554,
      "visibility": 0.5402927398681641
    },
    {
      "x": 0.23924896121025085,
      "y": 0.7484992146492004,
      "z": -0.5900025963783264,
      "visibility": 0.48275744915008545
    },
    {
      "x": 0.8181290030479431,
      "y": 0.7046472430229187,
      "z": -0.6012752652168274,
      "visibility": 0.5618600845336914
    },
    {
      "x": 0.26234734058380127,
      "y": 0.7427830696105957,
      "z": -0.6488180756568909,
      "visibility": 0.4883687198162079
    },
    {
      "x": 0.7911912202835083,
      "y": 0.6940026879310608,
      "z": -0.5259982347488403,
      "visibility": 0.6346470713615417
    },
    {
      "x": 0.283678263425827,
      "y": 0.7294121384620667,
      "z": -0.575955331325531,
      "visibility": 0.5472754836082458
    },
    {
      "x": 0.5647664070129395,
      "y": 0.6562160849571228,
      "z": -0.002200864255428314,
      "visibility": 0.9990103244781494
    },
    {
      "x": 0.4161899983882904,
      "y": 0.6663768887519836,
      "z": 0.0024877984542399645,
      "visibility": 0.9981670379638672
    },
    {
      "x": 0.6315444707870483,
      "y": 0.6834572553634644,
      "z": -0.04890265688300133,
      "visibility": 0.24492837488651276
    },
    {
      "x": 0.3868524134159088,
      "y": 0.7407313585281372,
      "z": -0.004949300549924374,
      "visibility": 0.2857901155948639
    },
    {
      "x": 0.5334723591804504,
      "y": 0.8364626169204712,
      "z": 0.3435722887516022,
      "visibility": 0.16403385996818542
    },
    {
      "x": 0.41481709480285645,
      "y": 0.8357658982276917,
      "z": 0.45144039392471313,
      "visibility": 0.1054283156991005
    },
    {
      "x": 0.5058124661445618,
      "y": 0.8650742173194885,
      "z": 0.373703271150589,
      "visibility": 0.2271229475736618
    },
    {
      "x": 0.435919851064682,
      "y": 0.8570764064788818,
      "z": 0.489677757024765,
      "visibility": 0.19481882452964783
    },
    {
      "x": 0.5468849539756775,
      "y": 0.9170299172401428,
      "z": 0.31436964869499207,
      "visibility": 0.11260242015123367
    },
    {
      "x": 0.38114404678344727,
      "y": 0.9204614162445068,
      "z": 0.4482382535934448,
      "visibility": 0.08604923635721207
    }
  ]
}