{
  "image": "C:\\Users\\shrad\\TrendWeave\\TrendWeave\\extracted_data\\Catwalks__Women_s_APAC_Key_Trends_A_W_25_26_en\\page_9\\img_3.jpeg",
  "items": [
    {
      "yolo_label": "person",
      "bbox": [
        105.67779541015625,
        1.892076015472412,
        556.5581665039062,
        687.69677734375
      ],
      "confidence": 0.569071352481842,
      "clip_attributes": {
        "palette": {
          "label": "pastel",
          "confidence": 0.23129940032958984
        },
        "dress_silhouette": {
          "label": "maxi dress",
          "confidence": 0.23379983007907867
        },
        "neckline": {
          "label": "square neckline",
          "confidence": 0.24881279468536377
        },
        "sleeve_type": {
          "label": "puffed sleeves",
          "confidence": 0.25736185908317566
        },
        "top_silhouette": {
          "label": "camisole",
          "confidence": 0.23871466517448425
        },
        "bottom_style": {
          "label": "wide-leg pants",
          "confidence": 0.2512817680835724
        },
        "outerwear": {
          "label": "long coat",
          "confidence": 0.21595574915409088
        },
        "shoe_type": {
          "label": "ballet flats",
          "confidence": 0.2369472235441208
        },
        "bag_type": {
          "label": "shoulder bag",
          "confidence": 0.23314732313156128
        },
        "accessory": {
          "label": "hoop earrings",
          "confidence": 0.21310216188430786
        },
        "hairstyle": {
          "label": "ponytail",
          "confidence": 0.21732136607170105
        },
        "setting": {
          "label": "brunch look",
          "confidence": 0.243513286113739
        },
        "fabric_type": {
          "label": "organza",
          "confidence": 0.26303496956825256
        },
        "season": {
          "label": "spring",
          "confidence": 0.21825431287288666
        },
        "style_theme": {
          "label": "elegant chic",
          "confidence": 0.2454737275838852
        }
      },
      "dominant_colors": [
        [
          148,
          147,
          134
        ],
        [
          206,
          138,
          127
        ],
        [
          45,
          132,
          128
        ]
      ],
      "texture_histogram": [
        0.0,
        0.0,
        13.0,
        17.0,
        14.0,
        15.0,
        19.0,
        32.0,
        66.0,
        291.0,
        865.0,
        1186.0,
        1441.0,
        1395.0,
        1330.0,
        1831.0,
        2002.0,
        2205.0,
        1741.0,
        1221.0,
        884.0,
        682.0,
        533.0,
        249.0,
        222.0,
        228.0,
        135.0,
        130.0,
        108.0,
        123.0,
        114.0,
        118.0,
        125.0,
        160.0,
        302.0,
        567.0,
        1171.0,
        1854.0,
        2263.0,
        2036.0,
        1954.0,
        1588.0,
        1513.0,
        1669.0,
        1530.0,
        1450.0,
        1621.0,
        1309.0,
        1510.0,
        1229.0,
        1100.0,
        1006.0,
        732.0,
        574.0,
        572.0,
        508.0,
        373.0,
        319.0,
        281.0,
        287.0,
        261.0,
        320.0,
        321.0,
        332.0,
        385.0,
        399.0,
        401.0,
        433.0,
        530.0,
        513.0,
        601.0,
        590.0,
        620.0,
        616.0,
        644.0,
        600.0,
        654.0,
        610.0,
        652.0,
        736.0,
        733.0,
        710.0,
        729.0,
        709.0,
        693.0,
        656.0,
        701.0,
        722.0,
        707.0,
        702.0,
        765.0,
        784.0,
        701.0,
        642.0,
        626.0,
        586.0,
        565.0,
        575.0,
        608.0,
        599.0,
        571.0,
        664.0,
        656.0,
        652.0,
        710.0,
        721.0,
        707.0,
        756.0,
        755.0,
        793.0,
        790.0,
        830.0,
        876.0,
        873.0,
        973.0,
        1001.0,
        1121.0,
        1101.0,
        1147.0,
        1224.0,
        1306.0,
        1411.0,
        1435.0,
        1491.0,
        1563.0,
        1667.0,
        1759.0,
        1783.0,
        1861.0,
        2006.0,
        2161.0,
        2164.0,
        2245.0,
        2373.0,
        2547.0,
        2524.0,
        2646.0,
        2753.0,
        2756.0,
        2960.0,
        2974.0,
        3017.0,
        3115.0,
        3100.0,
        3262.0,
        3308.0,
        3389.0,
        3397.0,
        3402.0,
        3435.0,
        3519.0,
        3565.0,
        3349.0,
        3418.0,
        3511.0,
        3372.0,
        3344.0,
        3412.0,
        3314.0,
        3243.0,
        3109.0,
        2961.0,
        2836.0,
        2777.0,
        2878.0,
        2659.0,
        2604.0,
        2590.0,
        2309.0,
        2251.0,
        2268.0,
        2081.0,
        1934.0,
        1916.0,
        1852.0,
        1699.0,
        1691.0,
        1661.0,
        1792.0,
        1616.0,
        1600.0,
        1340.0,
        1279.0,
        1120.0,
        1170.0,
        1159.0,
        1132.0,
        1207.0,
        1181.0,
        1220.0,
        1257.0,
        1231.0,
        1282.0,
        1403.0,
        1416.0,
        1450.0,
        1433.0,
        1537.0,
        1555.0,
        1398.0,
        1389.0,
        1328.0,
        1195.0,
        1164.0,
        1142.0,
        1019.0,
        1027.0,
        1067.0,
        1086.0,
        1166.0,
        1043.0,
        1116.0,
        1059.0,
        1109.0,
        950.0,
        881.0,
        921.0,
        889.0,
        909.0,
        823.0,
        898.0,
        877.0,
        905.0,
        1012.0,
        1067.0,
        1116.0,
        1112.0,
        1178.0,
        1174.0,
        1112.0,
        1045.0,
        835.0,
        917.0,
        814.0,
        674.0,
        588.0,
        552.0,
        441.0,
        398.0,
        363.0,
        306.0,
        258.0,
        213.0,
        198.0,
        154.0,
        134.0,
        119.0,
        108.0,
        80.0,
        77.0,
        59.0,
        56.0,
        24.0,
        19.0,
        41.0,
        3.0
      ],
      "silhouette_mask_path": "C:\\Users\\shrad\\TrendWeave\\MERGE_OUTPUT_FINAL\\Catwalks__Women_s_APAC_Key_Trends_A_W_25_26_en\\page_9\\img_3_mask_0.png"
    }
  ],
  "pose_keypoints": null
}