{
  "image": "C:\\Users\\shrad\\TrendWeave\\TrendWeave\\extracted_data\\Catwalks__Women_s_Key_Items___Bags_A_W_25_26_en\\page_7\\img_3.jpeg",
  "items": [
    {
      "yolo_label": "person",
      "bbox": [
        10.68851375579834,
        5.11059045791626,
        293.0,
        572.3269653320312
      ],
      "confidence": 0.3814222812652588,
      "clip_attributes": {
        "palette": {
          "label": "earth tones",
          "confidence": 0.25080350041389465
        },
        "dress_silhouette": {
          "label": "fit and flare",
          "confidence": 0.23633068799972534
        },
        "neckline": {
          "label": "square neckline",
          "confidence": 0.2566765546798706
        },
        "sleeve_type": {
          "label": "bell sleeves",
          "confidence": 0.23866036534309387
        },
        "top_silhouette": {
          "label": "wrap top",
          "confidence": 0.22004187107086182
        },
        "bottom_style": {
          "label": "culottes",
          "confidence": 0.24084310233592987
        },
        "outerwear": {
          "label": "long coat",
          "confidence": 0.2301916778087616
        },
        "shoe_type": {
          "label": "ankle boots",
          "confidence": 0.22506114840507507
        },
        "bag_type": {
          "label": "crossbody bag",
          "confidence": 0.2863723635673523
        },
        "accessory": {
          "label": "watch",
          "confidence": 0.2007063329219818
        },
        "hairstyle": {
          "label": "high bun",
          "confidence": 0.20020000636577606
        },
        "setting": {
          "label": "office wear",
          "confidence": 0.22827358543872833
        },
        "fabric_type": {
          "label": "linen",
          "confidence": 0.24021108448505402
        },
        "season": {
          "label": "spring",
          "confidence": 0.2119913250207901
        },
        "style_theme": {
          "label": "minimalist",
          "confidence": 0.23838448524475098
        }
      },
      "dominant_colors": [
        [
          155,
          130,
          148
        ],
        [
          65,
          135,
          134
        ],
        [
          225,
          130,
          130
        ]
      ],
      "texture_histogram": [
        48.0,
        45.0,
        60.0,
        86.0,
        96.0,
        118.0,
        133.0,
        87.0,
        73.0,
        63.0,
        62.0,
        63.0,
        74.0,
        121.0,
        127.0,
        110.0,
        114.0,
        92.0,
        118.0,
        137.0,
        153.0,
        190.0,
        177.0,
        201.0,
        201.0,
        200.0,
        171.0,
        126.0,
        176.0,
        204.0,
        259.0,
        306.0,
        285.0,
        327.0,
        344.0,
        643.0,
        2187.0,
        2789.0,
        2122.0,
        1305.0,
        1124.0,
        996.0,
        894.0,
        827.0,
        821.0,
        988.0,
        929.0,
        840.0,
        959.0,
        885.0,
        829.0,
        737.0,
        856.0,
        833.0,
        799.0,
        750.0,
        872.0,
        954.0,
        932.0,
        870.0,
        882.0,
        764.0,
        862.0,
        1005.0,
        1058.0,
        1287.0,
        1312.0,
        1327.0,
        1216.0,
        1165.0,
        1155.0,
        1102.0,
        1112.0,
        1196.0,
        1164.0,
        1061.0,
        1137.0,
        1183.0,
        1261.0,
        1207.0,
        1089.0,
        1107.0,
        1251.0,
        1162.0,
        1078.0,
        980.0,
        945.0,
        859.0,
        822.0,
        762.0,
        765.0,
        657.0,
        620.0,
        541.0,
        484.0,
        493.0,
        479.0,
        482.0,
        500.0,
        534.0,
        463.0,
        415.0,
        371.0,
        366.0,
        397.0,
        360.0,
        464.0,
        428.0,
        497.0,
        520.0,
        546.0,
        523.0,
        488.0,
        486.0,
        413.0,
        388.0,
        359.0,
        419.0,
        348.0,
        368.0,
        413.0,
        416.0,
        444.0,
        500.0,
        549.0,
        593.0,
        607.0,
        565.0,
        530.0,
        528.0,
        577.0,
        580.0,
        589.0,
        597.0,
        656.0,
        790.0,
        1175.0,
        1412.0,
        1578.0,
        1630.0,
        1820.0,
        1749.0,
        1679.0,
        1468.0,
        1077.0,
        912.0,
        876.0,
        726.0,
        698.0,
        673.0,
        765.0,
        1037.0,
        1083.0,
        1102.0,
        1019.0,
        1014.0,
        1121.0,
        1168.0,
        1314.0,
        1400.0,
        1522.0,
        1450.0,
        1218.0,
        1130.0,
        1081.0,
        1080.0,
        1445.0,
        1539.0,
        1625.0,
        1725.0,
        1615.0,
        1094.0,
        844.0,
        668.0,
        495.0,
        420.0,
        413.0,
        332.0,
        320.0,
        286.0,
        261.0,
        278.0,
        228.0,
        177.0,
        143.0,
        152.0,
        111.0,
        103.0,
        87.0,
        99.0,
        95.0,
        85.0,
        95.0,
        75.0,
        60.0,
        86.0,
        84.0,
        72.0,
        80.0,
        67.0,
        54.0,
        63.0,
        52.0,
        59.0,
        51.0,
        58.0,
        63.0,
        62.0,
        75.0,
        58.0,
        77.0,
        74.0,
        91.0,
        78.0,
        133.0,
        105.0,
        139.0,
        126.0,
        165.0,
        254.0,
        519.0,
        913.0,
        1534.0,
        3284.0,
        3843.0,
        3603.0,
        2994.0,
        1248.0,
        840.0,
        504.0,
        216.0,
        121.0,
        78.0,
        52.0,
        41.0,
        21.0,
        18.0,
        14.0,
        11.0,
        9.0,
        5.0,
        6.0,
        4.0,
        2.0,
        1.0,
        0.0,
        0.0,
        0.0,
        0.0,
        0.0,
        0.0,
        0.0,
        0.0,
        0.0,
        0.0,
        0.0
      ],
      "silhouette_mask_path": "C:\\Users\\shrad\\TrendWeave\\MERGE_OUTPUT_FINAL\\Catwalks__Women_s_Key_Items___Bags_A_W_25_26_en\\page_7\\img_3_mask_0.png"
    }
  ],
  "pose_keypoints": null
}