{
  "image": "C:\\Users\\shrad\\TrendWeave\\TrendWeave\\extracted_data\\Catwalks__Women_s_Key_Items___Knitwear_A_W_25_26_en\\page_3\\img_1.png",
  "items": [
    {
      "yolo_label": "person",
      "bbox": [
        135.92868041992188,
        35.39614486694336,
        561.745361328125,
        899.1619262695312
      ],
      "confidence": 0.8900682330131531,
      "clip_attributes": {
        "palette": {
          "label": "muted tones",
          "confidence": 0.2268235981464386
        },
        "neckline": {
          "label": "v-neck",
          "confidence": 0.2455350011587143
        },
        "sleeve_type": {
          "label": "long sleeves",
          "confidence": 0.23592008650302887
        },
        "top_silhouette": {
          "label": "hoodie",
          "confidence": 0.2376440018415451
        },
        "bottom_style": {
          "label": "chinos",
          "confidence": 0.22323007881641388
        },
        "outerwear": {
          "label": "hoodie",
          "confidence": 0.2376440018415451
        },
        "shoe_type": {
          "label": "loafers",
          "confidence": 0.20817895233631134
        },
        "bag_type": {
          "label": "duffel bag",
          "confidence": 0.19383442401885986
        },
        "accessory": {
          "label": "cap",
          "confidence": 0.21314120292663574
        },
        "hairstyle": {
          "label": "buzz cut",
          "confidence": 0.2156227082014084
        },
        "setting": {
          "label": "smart casual",
          "confidence": 0.2500728964805603
        },
        "fabric_type": {
          "label": "linen",
          "confidence": 0.2496216595172882
        },
        "season": {
          "label": "winter",
          "confidence": 0.20711709558963776
        },
        "style_theme": {
          "label": "streetwear",
          "confidence": 0.23378923535346985
        }
      },
      "dominant_colors": [
        [
          89,
          130,
          126
        ],
        [
          38,
          130,
          126
        ],
        [
          132,
          141,
          149
        ]
      ],
      "texture_histogram": [
        115.0,
        166.0,
        203.0,
        331.0,
        458.0,
        531.0,
        626.0,
        666.0,
        617.0,
        668.0,
        679.0,
        642.0,
        677.0,
        659.0,
        678.0,
        723.0,
        745.0,
        740.0,
        850.0,
        852.0,
        953.0,
        1016.0,
        1048.0,
        1043.0,
        1044.0,
        1137.0,
        1124.0,
        1139.0,
        1136.0,
        1138.0,
        1152.0,
        1206.0,
        1159.0,
        1185.0,
        1131.0,
        1120.0,
        1205.0,
        1223.0,
        1280.0,
        1352.0,
        1350.0,
        1453.0,
        1391.0,
        1460.0,
        1486.0,
        1593.0,
        1595.0,
        1738.0,
        1810.0,
        1761.0,
        1866.0,
        1846.0,
        1865.0,
        1994.0,
        2090.0,
        2104.0,
        2128.0,
        2251.0,
        2364.0,
        2393.0,
        2478.0,
        2606.0,
        2700.0,
        2831.0,
        2852.0,
        3010.0,
        3046.0,
        3004.0,
        3161.0,
        3239.0,
        3208.0,
        3421.0,
        3397.0,
        3424.0,
        3433.0,
        3578.0,
        3519.0,
        3616.0,
        3605.0,
        3575.0,
        3576.0,
        3628.0,
        3689.0,
        3544.0,
        3612.0,
        3360.0,
        3417.0,
        3401.0,
        3135.0,
        3164.0,
        3076.0,
        3048.0,
        3097.0,
        3127.0,
        2950.0,
        2776.0,
        2784.0,
        2768.0,
        2700.0,
        2674.0,
        2735.0,
        2704.0,
        2803.0,
        3008.0,
        3214.0,
        3579.0,
        3956.0,
        4300.0,
        4918.0,
        5153.0,
        5631.0,
        6070.0,
        6428.0,
        7158.0,
        7685.0,
        8149.0,
        8516.0,
        8154.0,
        7484.0,
        6413.0,
        5744.0,
        5182.0,
        4580.0,
        4212.0,
        3829.0,
        3287.0,
        2674.0,
        2179.0,
        1780.0,
        1318.0,
        1081.0,
        857.0,
        722.0,
        661.0,
        612.0,
        580.0,
        560.0,
        490.0,
        532.0,
        520.0,
        585.0,
        604.0,
        581.0,
        478.0,
        555.0,
        535.0,
        529.0,
        508.0,
        419.0,
        415.0,
        395.0,
        395.0,
        479.0,
        542.0,
        603.0,
        675.0,
        622.0,
        618.0,
        466.0,
        366.0,
        317.0,
        290.0,
        269.0,
        244.0,
        197.0,
        213.0,
        202.0,
        168.0,
        179.0,
        180.0,
        166.0,
        180.0,
        161.0,
        147.0,
        172.0,
        131.0,
        135.0,
        133.0,
        131.0,
        138.0,
        160.0,
        144.0,
        141.0,
        149.0,
        154.0,
        175.0,
        150.0,
        149.0,
        145.0,
        130.0,
        140.0,
        104.0,
        132.0,
        132.0,
        146.0,
        114.0,
        122.0,
        129.0,
        116.0,
        112.0,
        125.0,
        103.0,
        111.0,
        103.0,
        115.0,
        93.0,
        122.0,
        116.0,
        128.0,
        113.0,
        114.0,
        106.0,
        112.0,
        102.0,
        83.0,
        85.0,
        79.0,
        84.0,
        107.0,
        144.0,
        160.0,
        152.0,
        173.0,
        150.0,
        147.0,
        142.0,
        111.0,
        70.0,
        63.0,
        35.0,
        35.0,
        18.0,
        29.0,
        23.0,
        13.0,
        12.0,
        17.0,
        12.0,
        7.0,
        5.0,
        9.0,
        4.0,
        3.0,
        7.0,
        3.0,
        3.0,
        2.0,
        1.0,
        0.0,
        1.0,
        0.0,
        0.0,
        1.0,
        0.0,
        2.0,
        0.0
      ],
      "silhouette_mask_path": "C:\\Users\\shrad\\TrendWeave\\MERGE_OUTPUT_FINAL\\Catwalks__Women_s_Key_Items___Knitwear_A_W_25_26_en\\page_3\\img_1_mask_0.png"
    }
  ],
  "pose_keypoints": [
    {
      "x": 0.4995247721672058,
      "y": 0.17709851264953613,
      "z": -0.5880760550498962,
      "visibility": 0.998672366142273
    },
    {
      "x": 0.5200632214546204,
      "y": 0.146897554397583,
      "z": -0.5545357465744019,
      "visibility": 0.9974212646484375
    },
    {
      "x": 0.529246985912323,
      "y": 0.14641904830932617,
      "z": -0.5547900795936584,
      "visibility": 0.9967241883277893
    },
    {
      "x": 0.5399613976478577,
      "y": 0.14578968286514282,
      "z": -0.5550240874290466,
      "visibility": 0.9969131946563721
    },
    {
      "x": 0.4804009199142456,
      "y": 0.14733469486236572,
      "z": -0.5640993714332581,
      "visibility": 0.9985225796699524
    },
    {
      "x": 0.4655212461948395,
      "y": 0.14719712734222412,
      "z": -0.5641247034072876,
      "visibility": 0.9983626008033752
    },
    {
      "x": 0.45405253767967224,
      "y": 0.1476004719734192,
      "z": -0.5645989179611206,
      "visibility": 0.9987247586250305
    },
    {
      "x": 0.5549759268760681,
      "y": 0.15597935020923615,
      "z": -0.3002500832080841,
      "visibility": 0.9956918358802795
    },
    {
      "x": 0.43005892634391785,
      "y": 0.15793949365615845,
      "z": -0.3377494215965271,
      "visibility": 0.9989848732948303
    },
    {
      "x": 0.5192731618881226,
      "y": 0.20780408382415771,
      "z": -0.48534029722213745,
      "visibility": 0.9994638562202454
    },
    {
      "x": 0.47248557209968567,
      "y": 0.20863986015319824,
      "z": -0.49577027559280396,
      "visibility": 0.9996769428253174
    },
    {
      "x": 0.6666914224624634,
      "y": 0.3507995307445526,
      "z": -0.1277969628572464,
      "visibility": 0.9991484880447388
    },
    {
      "x": 0.303829550743103,
      "y": 0.3540160655975342,
      "z": -0.22644340991973877,
      "visibility": 0.9997010827064514
    },
    {
      "x": 0.724056601524353,
      "y": 0.5523127317428589,
      "z": -0.009095939807593822,
      "visibility": 0.9584292769432068
    },
    {
      "x": 0.26935839653015137,
      "y": 0.5970152616500854,
      "z": -0.11791187524795532,
      "visibility": 0.9858074188232422
    },
    {
      "x": 0.6793840527534485,
      "y": 0.6731217503547668,
      "z": -0.26432111859321594,
      "visibility": 0.8604820370674133
    },
    {
      "x": 0.25781214237213135,
      "y": 0.7972784042358398,
      "z": -0.2757316827774048,
      "visibility": 0.9447625279426575
    },
    {
      "x": 0.661902666091919,
      "y": 0.7340226769447327,
      "z": -0.3432050049304962,
      "visibility": 0.801718533039093
    },
    {
      "x": 0.25429004430770874,
      "y": 0.8694446682929993,
      "z": -0.3305584192276001,
      "visibility": 0.8989172577857971
    },
    {
      "x": 0.6568326950073242,
      "y": 0.7274110317230225,
      "z": -0.3903660178184509,
      "visibility": 0.8116051554679871
    },
    {
      "x": 0.2825942039489746,
      "y": 0.867256760597229,
      "z": -0.402935266494751,
      "visibility": 0.9094425439834595
    },
    {
      "x": 0.6490961909294128,
      "y": 0.7075920701026917,
      "z": -0.28608036041259766,
      "visibility": 0.8251174092292786
    },
    {
      "x": 0.2902984619140625,
      "y": 0.8446459770202637,
      "z": -0.30432558059692383,
      "visibility": 0.9156976342201233
    },
    {
      "x": 0.5995195508003235,
      "y": 0.7896313071250916,
      "z": 0.026838505640625954,
      "visibility": 0.9914907813072205
    },
    {
      "x": 0.37783482670783997,
      "y": 0.8154025077819824,
      "z": -0.025792574509978294,
      "visibility": 0.9940474033355713
    },
    {
      "x": 0.5819121599197388,
      "y": 1.1101865768432617,
      "z": -0.027792369946837425,
      "visibility": 0.5230649709701538
    },
    {
      "x": 0.3953120708465576,
      "y": 1.0751930475234985,
      "z": 0.016861632466316223,
      "visibility": 0.4514085352420807
    },
    {
      "x": 0.5803002715110779,
      "y": 1.3519384860992432,
      "z": 0.6250993609428406,
      "visibility": 0.027688074856996536
    },
    {
      "x": 0.39191779494285583,
      "y": 1.3691155910491943,
      "z": 0.4915730953216553,
      "visibility": 0.032968148589134216
    },
    {
      "x": 0.5806736350059509,
      "y": 1.3835277557373047,
      "z": 0.6775595545768738,
      "visibility": 0.02949107438325882
    },
    {
      "x": 0.39137932658195496,
      "y": 1.4034943580627441,
      "z": 0.530745804309845,
      "visibility": 0.027721093967556953
    },
    {
      "x": 0.5628540515899658,
      "y": 1.4558656215667725,
      "z": 0.4073207974433899,
      "visibility": 0.013265964575111866
    },
    {
      "x": 0.40500491857528687,
      "y": 1.4665348529815674,
      "z": 0.1922760158777237,
      "visibility": 0.016058633103966713
    }
  ]
}