{
  "image": "C:\\Users\\shrad\\TrendWeave\\TrendWeave\\extracted_data\\Catwalks__Women_s_Colour_A_W_25_26_en\\page_5\\img_3.jpeg",
  "items": [
    {
      "yolo_label": "person",
      "bbox": [
        144.07408142089844,
        25.930070877075195,
        603.0935668945312,
        1254.938720703125
      ],
      "confidence": 0.8511272668838501,
      "clip_attributes": {
        "palette": {
          "label": "pastel",
          "confidence": 0.23498296737670898
        },
        "dress_silhouette": {
          "label": "shirt dress",
          "confidence": 0.2404991090297699
        },
        "neckline": {
          "label": "square neckline",
          "confidence": 0.2555198669433594
        },
        "sleeve_type": {
          "label": "puffed sleeves",
          "confidence": 0.2772570550441742
        },
        "top_silhouette": {
          "label": "peplum",
          "confidence": 0.2313639521598816
        },
        "bottom_style": {
          "label": "culottes",
          "confidence": 0.2565236985683441
        },
        "outerwear": {
          "label": "long coat",
          "confidence": 0.24488413333892822
        },
        "shoe_type": {
          "label": "ballet flats",
          "confidence": 0.23357181251049042
        },
        "bag_type": {
          "label": "shoulder bag",
          "confidence": 0.22589609026908875
        },
        "accessory": {
          "label": "hairband",
          "confidence": 0.20555956661701202
        },
        "hairstyle": {
          "label": "high bun",
          "confidence": 0.20669028162956238
        },
        "setting": {
          "label": "brunch look",
          "confidence": 0.23430514335632324
        },
        "fabric_type": {
          "label": "organza",
          "confidence": 0.2617936432361603
        },
        "season": {
          "label": "spring",
          "confidence": 0.2145897001028061
        },
        "style_theme": {
          "label": "elegant chic",
          "confidence": 0.24664992094039917
        }
      },
      "dominant_colors": [
        [
          190,
          130,
          115
        ],
        [
          143,
          132,
          134
        ],
        [
          62,
          135,
          129
        ]
      ],
      "texture_histogram": [
        22.0,
        70.0,
        92.0,
        101.0,
        147.0,
        137.0,
        137.0,
        155.0,
        204.0,
        226.0,
        262.0,
        269.0,
        307.0,
        325.0,
        375.0,
        386.0,
        395.0,
        447.0,
        415.0,
        503.0,
        550.0,
        670.0,
        772.0,
        850.0,
        965.0,
        1055.0,
        1154.0,
        1239.0,
        1362.0,
        1352.0,
        1519.0,
        1565.0,
        1513.0,
        1529.0,
        1399.0,
        1410.0,
        1299.0,
        1276.0,
        1135.0,
        1077.0,
        1003.0,
        947.0,
        918.0,
        786.0,
        734.0,
        724.0,
        706.0,
        711.0,
        802.0,
        874.0,
        992.0,
        1122.0,
        1302.0,
        1457.0,
        1488.0,
        1573.0,
        1637.0,
        1772.0,
        1861.0,
        1954.0,
        1933.0,
        1958.0,
        2086.0,
        2119.0,
        2023.0,
        2106.0,
        2019.0,
        1879.0,
        1928.0,
        1767.0,
        1710.0,
        1815.0,
        1782.0,
        1761.0,
        1769.0,
        1879.0,
        1847.0,
        1915.0,
        1807.0,
        1787.0,
        1694.0,
        1691.0,
        1698.0,
        1662.0,
        1524.0,
        1507.0,
        1425.0,
        1274.0,
        1379.0,
        1452.0,
        1406.0,
        1397.0,
        1395.0,
        1444.0,
        1563.0,
        1559.0,
        1632.0,
        1714.0,
        1815.0,
        1948.0,
        1887.0,
        2120.0,
        2207.0,
        2227.0,
        2315.0,
        2342.0,
        2239.0,
        2200.0,
        2083.0,
        2069.0,
        2031.0,
        2195.0,
        2215.0,
        2117.0,
        2083.0,
        1950.0,
        1938.0,
        1907.0,
        1855.0,
        1887.0,
        1873.0,
        1988.0,
        2015.0,
        1982.0,
        2145.0,
        2270.0,
        2446.0,
        2542.0,
        2781.0,
        2865.0,
        3081.0,
        3102.0,
        3023.0,
        3171.0,
        3226.0,
        3241.0,
        3254.0,
        3440.0,
        3277.0,
        3310.0,
        3497.0,
        3607.0,
        3697.0,
        3892.0,
        3891.0,
        4079.0,
        4063.0,
        4149.0,
        4211.0,
        4217.0,
        4423.0,
        4650.0,
        4756.0,
        4792.0,
        5063.0,
        5082.0,
        5207.0,
        5332.0,
        5241.0,
        5398.0,
        5427.0,
        5723.0,
        5738.0,
        5910.0,
        6115.0,
        6178.0,
        6240.0,
        6143.0,
        6025.0,
        6091.0,
        6025.0,
        6028.0,
        6031.0,
        6120.0,
        6149.0,
        6185.0,
        6197.0,
        6273.0,
        6331.0,
        6337.0,
        6291.0,
        6073.0,
        6394.0,
        6094.0,
        5989.0,
        5755.0,
        5642.0,
        5498.0,
        5206.0,
        5088.0,
        4950.0,
        4744.0,
        4321.0,
        4149.0,
        3815.0,
        3597.0,
        3462.0,
        3277.0,
        3107.0,
        3072.0,
        2792.0,
        2672.0,
        2452.0,
        2295.0,
        2157.0,
        2092.0,
        2060.0,
        1868.0,
        1765.0,
        1720.0,
        1558.0,
        1415.0,
        1272.0,
        1112.0,
        1051.0,
        984.0,
        952.0,
        961.0,
        876.0,
        838.0,
        782.0,
        698.0,
        646.0,
        542.0,
        479.0,
        387.0,
        344.0,
        314.0,
        263.0,
        234.0,
        210.0,
        194.0,
        184.0,
        140.0,
        121.0,
        108.0,
        100.0,
        85.0,
        81.0,
        47.0,
        39.0,
        44.0,
        29.0,
        28.0,
        16.0,
        18.0,
        10.0,
        5.0,
        12.0,
        6.0,
        7.0,
        4.0,
        3.0,
        5.0,
        0.0,
        0.0
      ],
      "silhouette_mask_path": "C:\\Users\\shrad\\TrendWeave\\MERGE_OUTPUT_FINAL\\Catwalks__Women_s_Colour_A_W_25_26_en\\page_5\\img_3_mask_0.png"
    },
    {
      "yolo_label": "person",
      "bbox": [
        585.0007934570312,
        3.5644989013671875,
        869.335693359375,
        759.438232421875
      ],
      "confidence": 0.8330674767494202,
      "clip_attributes": {
        "palette": {
          "label": "pastel",
          "confidence": 0.22296419739723206
        },
        "dress_silhouette": {
          "label": "maxi dress",
          "confidence": 0.23931573331356049
        },
        "neckline": {
          "label": "square neckline",
          "confidence": 0.2517754137516022
        },
        "sleeve_type": {
          "label": "bell sleeves",
          "confidence": 0.2851793169975281
        },
        "top_silhouette": {
          "label": "peplum",
          "confidence": 0.2150854468345642
        },
        "bottom_style": {
          "label": "culottes",
          "confidence": 0.25325924158096313
        },
        "outerwear": {
          "label": "long coat",
          "confidence": 0.2462962418794632
        },
        "shoe_type": {
          "label": "ballet flats",
          "confidence": 0.23371943831443787
        },
        "bag_type": {
          "label": "shoulder bag",
          "confidence": 0.20251144468784332
        },
        "accessory": {
          "label": "scarf",
          "confidence": 0.21676991879940033
        },
        "hairstyle": {
          "label": "braids",
          "confidence": 0.21121199429035187
        },
        "setting": {
          "label": "brunch look",
          "confidence": 0.22044216096401215
        },
        "fabric_type": {
          "label": "organza",
          "confidence": 0.24537846446037292
        },
        "season": {
          "label": "winter",
          "confidence": 0.19936588406562805
        },
        "style_theme": {
          "label": "boho",
          "confidence": 0.24137376248836517
        }
      },
      "dominant_colors": [
        [
          22,
          132,
          116
        ],
        [
          173,
          129,
          131
        ],
        [
          93,
          133,
          136
        ]
      ],
      "texture_histogram": [
        17.0,
        105.0,
        359.0,
        632.0,
        815.0,
        649.0,
        590.0,
        563.0,
        582.0,
        769.0,
        1014.0,
        1430.0,
        1956.0,
        2826.0,
        3970.0,
        4956.0,
        5713.0,
        5852.0,
        5628.0,
        5206.0,
        4654.0,
        4211.0,
        4042.0,
        4013.0,
        3863.0,
        3834.0,
        3743.0,
        3540.0,
        3284.0,
        3163.0,
        3033.0,
        2931.0,
        2721.0,
        2423.0,
        2257.0,
        2221.0,
        2035.0,
        1802.0,
        1542.0,
        1351.0,
        1258.0,
        1170.0,
        1096.0,
        982.0,
        931.0,
        868.0,
        735.0,
        707.0,
        714.0,
        644.0,
        641.0,
        664.0,
        676.0,
        678.0,
        650.0,
        633.0,
        623.0,
        619.0,
        682.0,
        745.0,
        726.0,
        744.0,
        713.0,
        669.0,
        619.0,
        656.0,
        562.0,
        525.0,
        483.0,
        463.0,
        466.0,
        441.0,
        392.0,
        402.0,
        371.0,
        404.0,
        390.0,
        471.0,
        470.0,
        467.0,
        452.0,
        459.0,
        481.0,
        457.0,
        500.0,
        445.0,
        479.0,
        470.0,
        439.0,
        459.0,
        425.0,
        424.0,
        473.0,
        505.0,
        547.0,
        528.0,
        596.0,
        609.0,
        533.0,
        543.0,
        511.0,
        442.0,
        468.0,
        467.0,
        477.0,
        463.0,
        494.0,
        446.0,
        424.0,
        464.0,
        470.0,
        408.0,
        503.0,
        469.0,
        457.0,
        473.0,
        453.0,
        492.0,
        513.0,
        454.0,
        509.0,
        462.0,
        474.0,
        491.0,
        515.0,
        492.0,
        559.0,
        632.0,
        685.0,
        717.0,
        758.0,
        790.0,
        743.0,
        751.0,
        767.0,
        704.0,
        818.0,
        809.0,
        813.0,
        801.0,
        837.0,
        871.0,
        887.0,
        960.0,
        905.0,
        1000.0,
        1062.0,
        1176.0,
        1194.0,
        1226.0,
        1187.0,
        1013.0,
        935.0,
        835.0,
        765.0,
        757.0,
        642.0,
        686.0,
        618.0,
        576.0,
        521.0,
        581.0,
        603.0,
        672.0,
        641.0,
        672.0,
        737.0,
        674.0,
        789.0,
        799.0,
        773.0,
        806.0,
        849.0,
        936.0,
        778.0,
        731.0,
        794.0,
        800.0,
        719.0,
        715.0,
        740.0,
        668.0,
        584.0,
        567.0,
        550.0,
        565.0,
        556.0,
        563.0,
        528.0,
        538.0,
        535.0,
        498.0,
        522.0,
        476.0,
        458.0,
        454.0,
        457.0,
        476.0,
        454.0,
        467.0,
        449.0,
        409.0,
        418.0,
        394.0,
        414.0,
        409.0,
        384.0,
        367.0,
        361.0,
        338.0,
        319.0,
        305.0,
        284.0,
        276.0,
        283.0,
        271.0,
        292.0,
        282.0,
        284.0,
        242.0,
        266.0,
        213.0,
        203.0,
        204.0,
        162.0,
        137.0,
        131.0,
        76.0,
        71.0,
        45.0,
        57.0,
        23.0,
        21.0,
        11.0,
        10.0,
        3.0,
        1.0,
        0.0,
        1.0,
        1.0,
        0.0,
        0.0,
        0.0,
        0.0,
        0.0,
        0.0,
        0.0,
        0.0,
        0.0,
        0.0,
        0.0,
        1.0,
        0.0,
        1.0,
        0.0,
        0.0
      ],
      "silhouette_mask_path": "C:\\Users\\shrad\\TrendWeave\\MERGE_OUTPUT_FINAL\\Catwalks__Women_s_Colour_A_W_25_26_en\\page_5\\img_3_mask_1.png"
    }
  ],
  "pose_keypoints": [
    {
      "x": 0.48643872141838074,
      "y": 0.1159863993525505,
      "z": -0.7504482865333557,
      "visibility": 0.9999914169311523
    },
    {
      "x": 0.5040425658226013,
      "y": 0.09838870167732239,
      "z": -0.7206814289093018,
      "visibility": 0.9999722242355347
    },
    {
      "x": 0.513651430606842,
      "y": 0.09890830516815186,
      "z": -0.7207996845245361,
      "visibility": 0.9999712705612183
    },
    {
      "x": 0.5212461352348328,
      "y": 0.09955054521560669,
      "z": -0.7208952903747559,
      "visibility": 0.9999735355377197
    },
    {
      "x": 0.47225362062454224,
      "y": 0.09810835123062134,
      "z": -0.7240031361579895,
      "visibility": 0.9999572038650513
    },
    {
      "x": 0.46049463748931885,
      "y": 0.09857234358787537,
      "z": -0.7240827083587646,
      "visibility": 0.9999504089355469
    },
    {
      "x": 0.45047077536582947,
      "y": 0.09948676824569702,
      "z": -0.7241715788841248,
      "visibility": 0.9999415874481201
    },
    {
      "x": 0.5318853855133057,
      "y": 0.10874515026807785,
      "z": -0.4777178168296814,
      "visibility": 0.999963641166687
    },
    {
      "x": 0.4364175796508789,
      "y": 0.10895154625177383,
      "z": -0.49437427520751953,
      "visibility": 0.9999289512634277
    },
    {
      "x": 0.503711462020874,
      "y": 0.13744470477104187,
      "z": -0.6532220840454102,
      "visibility": 0.9999960660934448
    },
    {
      "x": 0.4656958281993866,
      "y": 0.13777706027030945,
      "z": -0.6579477190971375,
      "visibility": 0.9999933242797852
    },
    {
      "x": 0.6063225269317627,
      "y": 0.23420649766921997,
      "z": -0.27838045358657837,
      "visibility": 0.9999959468841553
    },
    {
      "x": 0.37317976355552673,
      "y": 0.21792788803577423,
      "z": -0.35430920124053955,
      "visibility": 0.9999494552612305
    },
    {
      "x": 0.6279619336128235,
      "y": 0.37185055017471313,
      "z": -0.11606647074222565,
      "visibility": 0.9845780730247498
    },
    {
      "x": 0.33842435479164124,
      "y": 0.3596954345703125,
      "z": -0.23236608505249023,
      "visibility": 0.9518206119537354
    },
    {
      "x": 0.6407191753387451,
      "y": 0.4991550147533417,
      "z": -0.28232285380363464,
      "visibility": 0.9742754697799683
    },
    {
      "x": 0.31572747230529785,
      "y": 0.4755741059780121,
      "z": -0.34324559569358826,
      "visibility": 0.8751439452171326
    },
    {
      "x": 0.6464107632637024,
      "y": 0.5358391404151917,
      "z": -0.34427520632743835,
      "visibility": 0.9546478390693665
    },
    {
      "x": 0.30896249413490295,
      "y": 0.5101374983787537,
      "z": -0.3959052860736847,
      "visibility": 0.8222075700759888
    },
    {
      "x": 0.6346269845962524,
      "y": 0.5354107022285461,
      "z": -0.41611647605895996,
      "visibility": 0.9589670896530151
    },
    {
      "x": 0.31685370206832886,
      "y": 0.5128840208053589,
      "z": -0.48288068175315857,
      "visibility": 0.8364589810371399
    },
    {
      "x": 0.6260103583335876,
      "y": 0.5241076946258545,
      "z": -0.3134707808494568,
      "visibility": 0.9580784440040588
    },
    {
      "x": 0.3213781714439392,
      "y": 0.5030726790428162,
      "z": -0.38107186555862427,
      "visibility": 0.8439840078353882
    },
    {
      "x": 0.5378272533416748,
      "y": 0.47845667600631714,
      "z": 0.03197978809475899,
      "visibility": 0.9998838901519775
    },
    {
      "x": 0.40306806564331055,
      "y": 0.4749983847141266,
      "z": -0.03207927942276001,
      "visibility": 0.9996089339256287
    },
    {
      "x": 0.5573692321777344,
      "y": 0.672562837600708,
      "z": -0.08141186833381653,
      "visibility": 0.838862955570221
    },
    {
      "x": 0.4208700656890869,
      "y": 0.6708794832229614,
      "z": -0.004430775530636311,
      "visibility": 0.7681453227996826
    },
    {
      "x": 0.5156004428863525,
      "y": 0.8399753570556641,
      "z": 0.3638220429420471,
      "visibility": 0.7804790735244751
    },
    {
      "x": 0.42146947979927063,
      "y": 0.8224565386772156,
      "z": 0.46244579553604126,
      "visibility": 0.7172638773918152
    },
    {
      "x": 0.4949548542499542,
      "y": 0.8549452424049377,
      "z": 0.39259520173072815,
      "visibility": 0.4763842225074768
    },
    {
      "x": 0.4233541488647461,
      "y": 0.8362715244293213,
      "z": 0.4984596371650696,
      "visibility": 0.3872476816177368
    },
    {
      "x": 0.5036590099334717,
      "y": 0.9261919856071472,
      "z": 0.12419360876083374,
      "visibility": 0.728044331073761
    },
    {
      "x": 0.4301912188529968,
      "y": 0.9019662141799927,
      "z": 0.23314526677131653,
      "visibility": 0.7266591787338257
    }
  ]
}