{
  "image": "C:\\Users\\shrad\\TrendWeave\\TrendWeave\\extracted_data\\Catwalks__Women_s_Key_Items___Jewellery_A_W_25_26_en\\page_10\\img_1.jpeg",
  "items": [
    {
      "yolo_label": "person",
      "bbox": [
        14.684844017028809,
        121.8087158203125,
        66.16840362548828,
        250.55892944335938
      ],
      "confidence": 0.884752631187439,
      "clip_attributes": {
        "palette": {
          "label": "earth tones",
          "confidence": 0.23231463134288788
        },
        "dress_silhouette": {
          "label": "fit and flare",
          "confidence": 0.23198488354682922
        },
        "neckline": {
          "label": "square neckline",
          "confidence": 0.2543773949146271
        },
        "sleeve_type": {
          "label": "bell sleeves",
          "confidence": 0.249257430434227
        },
        "top_silhouette": {
          "label": "peplum",
          "confidence": 0.24850234389305115
        },
        "bottom_style": {
          "label": "wide-leg pants",
          "confidence": 0.23951728641986847
        },
        "outerwear": {
          "label": "long coat",
          "confidence": 0.2466299831867218
        },
        "shoe_type": {
          "label": "ballet flats",
          "confidence": 0.22720056772232056
        },
        "bag_type": {
          "label": "shoulder bag",
          "confidence": 0.267254501581192
        },
        "accessory": {
          "label": "watch",
          "confidence": 0.2183249443769455
        },
        "hairstyle": {
          "label": "braids",
          "confidence": 0.18579363822937012
        },
        "setting": {
          "label": "street style",
          "confidence": 0.22940413653850555
        },
        "fabric_type": {
          "label": "organza",
          "confidence": 0.2226049154996872
        },
        "season": {
          "label": "winter",
          "confidence": 0.21124167740345
        },
        "style_theme": {
          "label": "elegant chic",
          "confidence": 0.2408018857240677
        }
      },
      "dominant_colors": [
        [
          26,
          131,
          129
        ],
        [
          92,
          132,
          134
        ],
        [
          155,
          132,
          131
        ]
      ],
      "texture_histogram": [
        6.0,
        32.0,
        41.0,
        30.0,
        31.0,
        25.0,
        38.0,
        40.0,
        46.0,
        51.0,
        53.0,
        50.0,
        55.0,
        42.0,
        45.0,
        57.0,
        47.0,
        59.0,
        51.0,
        51.0,
        53.0,
        54.0,
        61.0,
        49.0,
        77.0,
        58.0,
        60.0,
        46.0,
        54.0,
        36.0,
        48.0,
        46.0,
        37.0,
        55.0,
        39.0,
        56.0,
        50.0,
        47.0,
        55.0,
        35.0,
        33.0,
        42.0,
        37.0,
        50.0,
        42.0,
        30.0,
        38.0,
        41.0,
        34.0,
        35.0,
        40.0,
        38.0,
        41.0,
        40.0,
        50.0,
        33.0,
        43.0,
        38.0,
        39.0,
        36.0,
        29.0,
        40.0,
        39.0,
        33.0,
        32.0,
        37.0,
        19.0,
        29.0,
        25.0,
        26.0,
        18.0,
        19.0,
        30.0,
        12.0,
        29.0,
        21.0,
        20.0,
        20.0,
        18.0,
        13.0,
        31.0,
        19.0,
        26.0,
        31.0,
        29.0,
        23.0,
        21.0,
        33.0,
        26.0,
        26.0,
        23.0,
        19.0,
        16.0,
        30.0,
        23.0,
        18.0,
        27.0,
        22.0,
        34.0,
        23.0,
        21.0,
        36.0,
        30.0,
        20.0,
        34.0,
        30.0,
        22.0,
        35.0,
        30.0,
        26.0,
        33.0,
        34.0,
        31.0,
        29.0,
        39.0,
        34.0,
        30.0,
        22.0,
        28.0,
        50.0,
        41.0,
        31.0,
        36.0,
        27.0,
        29.0,
        42.0,
        40.0,
        33.0,
        46.0,
        35.0,
        34.0,
        51.0,
        38.0,
        42.0,
        43.0,
        45.0,
        37.0,
        59.0,
        58.0,
        58.0,
        52.0,
        55.0,
        66.0,
        80.0,
        80.0,
        62.0,
        56.0,
        57.0,
        52.0,
        35.0,
        48.0,
        55.0,
        38.0,
        42.0,
        41.0,
        27.0,
        38.0,
        27.0,
        31.0,
        29.0,
        31.0,
        28.0,
        28.0,
        22.0,
        15.0,
        22.0,
        18.0,
        25.0,
        19.0,
        21.0,
        18.0,
        20.0,
        22.0,
        23.0,
        19.0,
        17.0,
        19.0,
        17.0,
        17.0,
        12.0,
        13.0,
        10.0,
        9.0,
        9.0,
        10.0,
        5.0,
        10.0,
        14.0,
        12.0,
        13.0,
        6.0,
        6.0,
        7.0,
        11.0,
        11.0,
        11.0,
        11.0,
        7.0,
        4.0,
        13.0,
        3.0,
        2.0,
        4.0,
        2.0,
        2.0,
        1.0,
        3.0,
        2.0,
        1.0,
        1.0,
        2.0,
        1.0,
        3.0,
        2.0,
        1.0,
        1.0,
        0.0,
        1.0,
        0.0,
        0.0,
        0.0,
        2.0,
        0.0,
        1.0,
        0.0,
        0.0,
        0.0,
        0.0,
        0.0,
        0.0,
        0.0,
        1.0,
        0.0,
        0.0,
        0.0,
        0.0,
        0.0,
        0.0,
        0.0,
        0.0,
        0.0,
        0.0,
        0.0,
        0.0,
        0.0,
        0.0,
        0.0,
        0.0,
        0.0,
        0.0,
        1.0,
        0.0,
        0.0,
        1.0,
        0.0,
        0.0
      ],
      "silhouette_mask_path": "C:\\Users\\shrad\\TrendWeave\\MERGE_OUTPUT_FINAL\\Catwalks__Women_s_Key_Items___Jewellery_A_W_25_26_en\\page_10\\img_1_mask_0.png"
    },
    {
      "yolo_label": "person",
      "bbox": [
        210.2896728515625,
        120.36581420898438,
        263.5298156738281,
        257.0939025878906
      ],
      "confidence": 0.7930607199668884,
      "clip_attributes": {
        "palette": {
          "label": "pastel",
          "confidence": 0.2263757735490799
        },
        "dress_silhouette": {
          "label": "maxi dress",
          "confidence": 0.23836998641490936
        },
        "neckline": {
          "label": "square neckline",
          "confidence": 0.24891141057014465
        },
        "sleeve_type": {
          "label": "bell sleeves",
          "confidence": 0.25281772017478943
        },
        "top_silhouette": {
          "label": "fitted blouse",
          "confidence": 0.2566911578178406
        },
        "bottom_style": {
          "label": "culottes",
          "confidence": 0.26018497347831726
        },
        "outerwear": {
          "label": "long coat",
          "confidence": 0.23842014372348785
        },
        "shoe_type": {
          "label": "ballet flats",
          "confidence": 0.22508907318115234
        },
        "bag_type": {
          "label": "shoulder bag",
          "confidence": 0.21198643743991852
        },
        "accessory": {
          "label": "watch",
          "confidence": 0.21292836964130402
        },
        "hairstyle": {
          "label": "ponytail",
          "confidence": 0.21046218276023865
        },
        "setting": {
          "label": "office wear",
          "confidence": 0.23350739479064941
        },
        "fabric_type": {
          "label": "organza",
          "confidence": 0.2290000170469284
        },
        "season": {
          "label": "spring",
          "confidence": 0.2241688221693039
        },
        "style_theme": {
          "label": "elegant chic",
          "confidence": 0.22362907230854034
        }
      },
      "dominant_colors": [
        [
          161,
          138,
          125
        ],
        [
          18,
          130,
          126
        ],
        [
          80,
          133,
          132
        ]
      ],
      "texture_histogram": [
        21.0,
        38.0,
        38.0,
        37.0,
        46.0,
        50.0,
        84.0,
        71.0,
        91.0,
        111.0,
        139.0,
        145.0,
        142.0,
        207.0,
        153.0,
        161.0,
        174.0,
        192.0,
        158.0,
        143.0,
        92.0,
        97.0,
        87.0,
        70.0,
        71.0,
        72.0,
        84.0,
        84.0,
        70.0,
        66.0,
        76.0,
        58.0,
        60.0,
        47.0,
        61.0,
        47.0,
        50.0,
        63.0,
        53.0,
        44.0,
        43.0,
        57.0,
        51.0,
        38.0,
        52.0,
        52.0,
        45.0,
        45.0,
        36.0,
        33.0,
        34.0,
        36.0,
        22.0,
        32.0,
        34.0,
        46.0,
        41.0,
        35.0,
        48.0,
        40.0,
        36.0,
        36.0,
        41.0,
        24.0,
        35.0,
        33.0,
        41.0,
        29.0,
        28.0,
        28.0,
        23.0,
        27.0,
        25.0,
        27.0,
        33.0,
        31.0,
        31.0,
        18.0,
        27.0,
        20.0,
        33.0,
        14.0,
        28.0,
        26.0,
        19.0,
        18.0,
        28.0,
        29.0,
        23.0,
        20.0,
        17.0,
        26.0,
        21.0,
        18.0,
        11.0,
        14.0,
        9.0,
        18.0,
        15.0,
        13.0,
        29.0,
        20.0,
        17.0,
        25.0,
        11.0,
        11.0,
        17.0,
        17.0,
        13.0,
        16.0,
        17.0,
        20.0,
        18.0,
        14.0,
        16.0,
        18.0,
        13.0,
        23.0,
        19.0,
        23.0,
        27.0,
        19.0,
        16.0,
        28.0,
        20.0,
        14.0,
        21.0,
        14.0,
        16.0,
        18.0,
        20.0,
        13.0,
        23.0,
        22.0,
        27.0,
        14.0,
        13.0,
        16.0,
        27.0,
        23.0,
        16.0,
        27.0,
        15.0,
        11.0,
        19.0,
        16.0,
        14.0,
        24.0,
        16.0,
        18.0,
        17.0,
        18.0,
        17.0,
        19.0,
        19.0,
        25.0,
        18.0,
        16.0,
        23.0,
        23.0,
        23.0,
        20.0,
        37.0,
        32.0,
        45.0,
        28.0,
        40.0,
        31.0,
        23.0,
        26.0,
        26.0,
        27.0,
        41.0,
        17.0,
        26.0,
        21.0,
        9.0,
        21.0,
        16.0,
        16.0,
        18.0,
        7.0,
        15.0,
        8.0,
        6.0,
        8.0,
        8.0,
        8.0,
        8.0,
        15.0,
        8.0,
        8.0,
        10.0,
        4.0,
        12.0,
        9.0,
        4.0,
        4.0,
        9.0,
        2.0,
        4.0,
        7.0,
        4.0,
        1.0,
        4.0,
        5.0,
        8.0,
        5.0,
        8.0,
        2.0,
        4.0,
        3.0,
        2.0,
        0.0,
        1.0,
        3.0,
        3.0,
        0.0,
        3.0,
        2.0,
        3.0,
        1.0,
        2.0,
        3.0,
        0.0,
        0.0,
        1.0,
        0.0,
        0.0,
        0.0,
        0.0,
        0.0,
        0.0,
        0.0,
        0.0,
        0.0,
        1.0,
        0.0,
        0.0,
        0.0,
        0.0,
        0.0,
        0.0,
        0.0,
        0.0,
        0.0,
        0.0,
        0.0,
        0.0,
        0.0,
        0.0,
        0.0,
        0.0,
        0.0,
        0.0,
        0.0
      ],
      "silhouette_mask_path": "C:\\Users\\shrad\\TrendWeave\\MERGE_OUTPUT_FINAL\\Catwalks__Women_s_Key_Items___Jewellery_A_W_25_26_en\\page_10\\img_1_mask_1.png"
    },
    {
      "yolo_label": "person",
      "bbox": [
        80.05909729003906,
        106.21733093261719,
        185.16522216796875,
        260.01141357421875
      ],
      "confidence": 0.738427460193634,
      "clip_attributes": {
        "palette": {
          "label": "pastel",
          "confidence": 0.21061721444129944
        },
        "dress_silhouette": {
          "label": "fit and flare",
          "confidence": 0.2223772257566452
        },
        "neckline": {
          "label": "square neckline",
          "confidence": 0.24308349192142487
        },
        "sleeve_type": {
          "label": "puffed sleeves",
          "confidence": 0.24975520372390747
        },
        "top_silhouette": {
          "label": "peplum",
          "confidence": 0.22987625002861023
        },
        "bottom_style": {
          "label": "wide-leg pants",
          "confidence": 0.22045433521270752
        },
        "outerwear": {
          "label": "long coat",
          "confidence": 0.21353377401828766
        },
        "shoe_type": {
          "label": "ballet flats",
          "confidence": 0.2165876179933548
        },
        "bag_type": {
          "label": "shoulder bag",
          "confidence": 0.2414833903312683
        },
        "accessory": {
          "label": "watch",
          "confidence": 0.20825165510177612
        },
        "hairstyle": {
          "label": "braids",
          "confidence": 0.18700607120990753
        },
        "setting": {
          "label": "street style",
          "confidence": 0.20327037572860718
        },
        "fabric_type": {
          "label": "organza",
          "confidence": 0.25286221504211426
        },
        "season": {
          "label": "fall",
          "confidence": 0.19196802377700806
        },
        "style_theme": {
          "label": "elegant chic",
          "confidence": 0.2376139909029007
        }
      },
      "dominant_colors": [
        [
          82,
          130,
          131
        ],
        [
          193,
          129,
          133
        ],
        [
          18,
          130,
          128
        ]
      ],
      "texture_histogram": [
        46.0,
        134.0,
        104.0,
        99.0,
        126.0,
        115.0,
        126.0,
        143.0,
        102.0,
        116.0,
        101.0,
        109.0,
        101.0,
        88.0,
        109.0,
        83.0,
        98.0,
        93.0,
        92.0,
        88.0,
        85.0,
        83.0,
        71.0,
        74.0,
        72.0,
        77.0,
        75.0,
        80.0,
        75.0,
        65.0,
        64.0,
        72.0,
        77.0,
        51.0,
        66.0,
        68.0,
        84.0,
        54.0,
        52.0,
        62.0,
        58.0,
        54.0,
        58.0,
        68.0,
        45.0,
        58.0,
        63.0,
        54.0,
        80.0,
        70.0,
        60.0,
        64.0,
        67.0,
        70.0,
        61.0,
        82.0,
        69.0,
        80.0,
        109.0,
        99.0,
        119.0,
        130.0,
        107.0,
        128.0,
        130.0,
        102.0,
        99.0,
        86.0,
        84.0,
        96.0,
        86.0,
        80.0,
        83.0,
        74.0,
        66.0,
        76.0,
        62.0,
        56.0,
        61.0,
        51.0,
        36.0,
        43.0,
        47.0,
        36.0,
        28.0,
        36.0,
        49.0,
        35.0,
        27.0,
        32.0,
        33.0,
        27.0,
        28.0,
        35.0,
        33.0,
        26.0,
        19.0,
        32.0,
        23.0,
        32.0,
        31.0,
        20.0,
        21.0,
        22.0,
        28.0,
        24.0,
        26.0,
        16.0,
        14.0,
        26.0,
        22.0,
        25.0,
        26.0,
        24.0,
        19.0,
        28.0,
        24.0,
        18.0,
        22.0,
        19.0,
        19.0,
        22.0,
        23.0,
        26.0,
        21.0,
        24.0,
        25.0,
        24.0,
        22.0,
        24.0,
        20.0,
        39.0,
        28.0,
        36.0,
        23.0,
        31.0,
        27.0,
        26.0,
        25.0,
        31.0,
        43.0,
        47.0,
        44.0,
        43.0,
        37.0,
        44.0,
        44.0,
        47.0,
        41.0,
        35.0,
        45.0,
        43.0,
        53.0,
        52.0,
        49.0,
        68.0,
        72.0,
        65.0,
        58.0,
        55.0,
        79.0,
        72.0,
        82.0,
        94.0,
        67.0,
        70.0,
        72.0,
        77.0,
        84.0,
        67.0,
        87.0,
        97.0,
        89.0,
        98.0,
        100.0,
        97.0,
        95.0,
        88.0,
        120.0,
        105.0,
        115.0,
        102.0,
        117.0,
        116.0,
        112.0,
        109.0,
        123.0,
        106.0,
        106.0,
        109.0,
        86.0,
        90.0,
        112.0,
        109.0,
        116.0,
        123.0,
        98.0,
        115.0,
        134.0,
        125.0,
        124.0,
        132.0,
        149.0,
        158.0,
        162.0,
        124.0,
        115.0,
        122.0,
        145.0,
        118.0,
        115.0,
        110.0,
        113.0,
        107.0,
        103.0,
        94.0,
        79.0,
        75.0,
        79.0,
        74.0,
        61.0,
        64.0,
        51.0,
        51.0,
        43.0,
        45.0,
        32.0,
        32.0,
        38.0,
        34.0,
        21.0,
        27.0,
        28.0,
        31.0,
        24.0,
        21.0,
        11.0,
        10.0,
        8.0,
        7.0,
        4.0,
        7.0,
        4.0,
        7.0,
        1.0,
        2.0,
        2.0,
        1.0,
        1.0,
        1.0,
        1.0,
        0.0,
        0.0,
        0.0,
        1.0,
        0.0
      ],
      "silhouette_mask_path": "C:\\Users\\shrad\\TrendWeave\\MERGE_OUTPUT_FINAL\\Catwalks__Women_s_Key_Items___Jewellery_A_W_25_26_en\\page_10\\img_1_mask_2.png"
    },
    {
      "yolo_label": "person",
      "bbox": [
        254.51971435546875,
        185.32754516601562,
        289.3036804199219,
        255.21450805664062
      ],
      "confidence": 0.32708293199539185,
      "clip_attributes": {
        "palette": {
          "label": "earth tones",
          "confidence": 0.20972506701946259
        },
        "dress_silhouette": {
          "label": "maxi dress",
          "confidence": 0.22759388387203217
        },
        "neckline": {
          "label": "square neckline",
          "confidence": 0.23581083118915558
        },
        "sleeve_type": {
          "label": "bell sleeves",
          "confidence": 0.24558916687965393
        },
        "top_silhouette": {
          "label": "peplum",
          "confidence": 0.22254297137260437
        },
        "bottom_style": {
          "label": "culottes",
          "confidence": 0.2313409298658371
        },
        "outerwear": {
          "label": "long coat",
          "confidence": 0.2462138533592224
        },
        "shoe_type": {
          "label": "ballet flats",
          "confidence": 0.20642514526844025
        },
        "bag_type": {
          "label": "shoulder bag",
          "confidence": 0.21796032786369324
        },
        "accessory": {
          "label": "hairband",
          "confidence": 0.22190654277801514
        },
        "hairstyle": {
          "label": "braids",
          "confidence": 0.21198207139968872
        },
        "setting": {
          "label": "office wear",
          "confidence": 0.21726936101913452
        },
        "fabric_type": {
          "label": "organza",
          "confidence": 0.22988419234752655
        },
        "season": {
          "label": "fall",
          "confidence": 0.21117356419563293
        },
        "style_theme": {
          "label": "vintage",
          "confidence": 0.21946650743484497
        }
      },
      "dominant_colors": [
        [
          13,
          129,
          126
        ],
        [
          163,
          128,
          131
        ],
        [
          73,
          130,
          136
        ]
      ],
      "texture_histogram": [
        22.0,
        45.0,
        37.0,
        51.0,
        51.0,
        67.0,
        59.0,
        56.0,
        47.0,
        54.0,
        60.0,
        52.0,
        62.0,
        95.0,
        77.0,
        75.0,
        76.0,
        71.0,
        57.0,
        51.0,
        42.0,
        43.0,
        35.0,
        33.0,
        27.0,
        29.0,
        27.0,
        22.0,
        20.0,
        18.0,
        18.0,
        26.0,
        24.0,
        22.0,
        16.0,
        19.0,
        18.0,
        17.0,
        16.0,
        15.0,
        17.0,
        8.0,
        14.0,
        18.0,
        10.0,
        13.0,
        9.0,
        9.0,
        15.0,
        16.0,
        13.0,
        11.0,
        12.0,
        19.0,
        13.0,
        9.0,
        12.0,
        11.0,
        6.0,
        9.0,
        6.0,
        9.0,
        18.0,
        7.0,
        12.0,
        9.0,
        12.0,
        10.0,
        3.0,
        9.0,
        10.0,
        9.0,
        7.0,
        7.0,
        9.0,
        9.0,
        6.0,
        4.0,
        13.0,
        10.0,
        9.0,
        6.0,
        4.0,
        6.0,
        1.0,
        5.0,
        6.0,
        5.0,
        11.0,
        7.0,
        5.0,
        8.0,
        7.0,
        2.0,
        2.0,
        5.0,
        3.0,
        5.0,
        4.0,
        6.0,
        5.0,
        2.0,
        2.0,
        2.0,
        2.0,
        3.0,
        9.0,
        3.0,
        6.0,
        6.0,
        3.0,
        3.0,
        5.0,
        3.0,
        2.0,
        2.0,
        5.0,
        6.0,
        5.0,
        7.0,
        5.0,
        1.0,
        3.0,
        3.0,
        6.0,
        2.0,
        3.0,
        0.0,
        1.0,
        1.0,
        5.0,
        4.0,
        3.0,
        3.0,
        1.0,
        2.0,
        0.0,
        2.0,
        1.0,
        1.0,
        2.0,
        4.0,
        4.0,
        1.0,
        1.0,
        1.0,
        0.0,
        2.0,
        0.0,
        0.0,
        1.0,
        3.0,
        2.0,
        0.0,
        0.0,
        1.0,
        1.0,
        3.0,
        2.0,
        3.0,
        2.0,
        3.0,
        1.0,
        4.0,
        1.0,
        1.0,
        1.0,
        5.0,
        3.0,
        0.0,
        4.0,
        1.0,
        2.0,
        0.0,
        1.0,
        5.0,
        3.0,
        3.0,
        1.0,
        1.0,
        2.0,
        4.0,
        3.0,
        3.0,
        1.0,
        2.0,
        5.0,
        4.0,
        1.0,
        1.0,
        3.0,
        1.0,
        2.0,
        2.0,
        3.0,
        1.0,
        1.0,
        1.0,
        3.0,
        3.0,
        1.0,
        2.0,
        0.0,
        2.0,
        0.0,
        0.0,
        0.0,
        2.0,
        2.0,
        3.0,
        2.0,
        0.0,
        0.0,
        1.0,
        0.0,
        1.0,
        3.0,
        1.0,
        0.0,
        0.0,
        0.0,
        0.0,
        0.0,
        0.0,
        0.0,
        0.0,
        0.0,
        1.0,
        0.0,
        0.0,
        0.0,
        0.0,
        0.0,
        0.0,
        0.0,
        0.0,
        0.0,
        0.0,
        0.0,
        0.0,
        0.0,
        0.0,
        0.0,
        0.0,
        0.0,
        0.0,
        0.0,
        0.0,
        0.0,
        0.0,
        0.0,
        0.0,
        0.0,
        0.0,
        0.0,
        0.0
      ],
      "silhouette_mask_path": "C:\\Users\\shrad\\TrendWeave\\MERGE_OUTPUT_FINAL\\Catwalks__Women_s_Key_Items___Jewellery_A_W_25_26_en\\page_10\\img_1_mask_3.png"
    }
  ],
  "pose_keypoints": [
    {
      "x": 0.48723548650741577,
      "y": 0.4062959551811218,
      "z": 0.0032669389620423317,
      "visibility": 0.9996509552001953
    },
    {
      "x": 0.48249348998069763,
      "y": 0.39681339263916016,
      "z": 0.018313296139240265,
      "visibility": 0.9996771812438965
    },
    {
      "x": 0.4814249873161316,
      "y": 0.396427184343338,
      "z": 0.018326012417674065,
      "visibility": 0.9994454979896545
    },
    {
      "x": 0.48009181022644043,
      "y": 0.3959766626358032,
      "z": 0.018340708687901497,
      "visibility": 0.9997237324714661
    },
    {
      "x": 0.48080089688301086,
      "y": 0.39710533618927,
      "z": -0.02225290797650814,
      "visibility": 0.9997311234474182
    },
    {
      "x": 0.4786979556083679,
      "y": 0.3969098925590515,
      "z": -0.022276155650615692,
      "visibility": 0.9996281862258911
    },
    {
      "x": 0.47637543082237244,
      "y": 0.39662232995033264,
      "z": -0.02239891327917576,
      "visibility": 0.9997944235801697
    },
    {
      "x": 0.4658176600933075,
      "y": 0.3980094790458679,
      "z": 0.09456488490104675,
      "visibility": 0.9990994930267334
    },
    {
      "x": 0.46322163939476013,
      "y": 0.3983798623085022,
      "z": -0.09103978425264359,
      "visibility": 0.9997134804725647
    },
    {
      "x": 0.48117342591285706,
      "y": 0.415448933839798,
      "z": 0.035574525594711304,
      "visibility": 0.999560534954071
    },
    {
      "x": 0.4792727828025818,
      "y": 0.41552117466926575,
      "z": -0.017807435244321823,
      "visibility": 0.9997263550758362
    },
    {
      "x": 0.44793134927749634,
      "y": 0.45014819502830505,
      "z": 0.2062934786081314,
      "visibility": 0.9992311000823975
    },
    {
      "x": 0.43664470314979553,
      "y": 0.44580501317977905,
      "z": -0.16748180985450745,
      "visibility": 0.9999659061431885
    },
    {
      "x": 0.4417566955089569,
      "y": 0.5299666523933411,
      "z": 0.2649034559726715,
      "visibility": 0.02247169241309166
    },
    {
      "x": 0.4169732928276062,
      "y": 0.5253416895866394,
      "z": -0.24913936853408813,
      "visibility": 0.9760957360267639
    },
    {
      "x": 0.4720272123813629,
      "y": 0.5766571164131165,
      "z": 0.18879084289073944,
      "visibility": 0.038407161831855774
    },
    {
      "x": 0.48543983697891235,
      "y": 0.5512940287590027,
      "z": -0.2836248278617859,
      "visibility": 0.936180830001831
    },
    {
      "x": 0.4808523654937744,
      "y": 0.5896926522254944,
      "z": 0.17825289070606232,
      "visibility": 0.0546523816883564
    },
    {
      "x": 0.5002117156982422,
      "y": 0.5609458088874817,
      "z": -0.32022541761398315,
      "visibility": 0.9061092138290405
    },
    {
      "x": 0.48573771119117737,
      "y": 0.5830814838409424,
      "z": 0.15075160562992096,
      "visibility": 0.05727135017514229
    },
    {
      "x": 0.5060965418815613,
      "y": 0.5555295944213867,
      "z": -0.3093870282173157,
      "visibility": 0.8954936861991882
    },
    {
      "x": 0.48200640082359314,
      "y": 0.5781297087669373,
      "z": 0.17192378640174866,
      "visibility": 0.06053890660405159
    },
    {
      "x": 0.5019680857658386,
      "y": 0.552459180355072,
      "z": -0.27788135409355164,
      "visibility": 0.8295472264289856
    },
    {
      "x": 0.44972729682922363,
      "y": 0.6120505332946777,
      "z": 0.09655249863862991,
      "visibility": 0.9943447113037109
    },
    {
      "x": 0.44207361340522766,
      "y": 0.6057390570640564,
      "z": -0.09649523347616196,
      "visibility": 0.9944406151771545
    },
    {
      "x": 0.45252078771591187,
      "y": 0.7128258943557739,
      "z": -0.001036429894156754,
      "visibility": 0.050998978316783905
    },
    {
      "x": 0.4757039546966553,
      "y": 0.6936684250831604,
      "z": -0.14166349172592163,
      "visibility": 0.36218222975730896
    },
    {
      "x": 0.4252854287624359,
      "y": 0.8277628421783447,
      "z": -0.02440052293241024,
      "visibility": 0.13287301361560822
    },
    {
      "x": 0.4611746072769165,
      "y": 0.8245080709457397,
      "z": -0.11907852441072464,
      "visibility": 0.25158315896987915
    },
    {
      "x": 0.4128359258174896,
      "y": 0.846638023853302,
      "z": -0.030986519530415535,
      "visibility": 0.4230418801307678
    },
    {
      "x": 0.4475741982460022,
      "y": 0.846436083316803,
      "z": -0.1198960542678833,
      "visibility": 0.5195188522338867
    },
    {
      "x": 0.45011401176452637,
      "y": 0.8505070209503174,
      "z": -0.112143374979496,
      "visibility": 0.25419098138809204
    },
    {
      "x": 0.4967447817325592,
      "y": 0.8570348024368286,
      "z": -0.19629397988319397,
      "visibility": 0.3401404619216919
    }
  ]
}