{
  "image": "C:\\Users\\shrad\\TrendWeave\\TrendWeave\\extracted_data\\Catwalks__Women_s_Colour_A_W_25_26_en\\page_12\\img_1.png",
  "items": [
    {
      "yolo_label": "person",
      "bbox": [
        9.79372787475586,
        43.94199752807617,
        263.4143981933594,
        653.0882568359375
      ],
      "confidence": 0.7909823060035706,
      "clip_attributes": {
        "palette": {
          "label": "earth tones",
          "confidence": 0.23228766024112701
        },
        "dress_silhouette": {
          "label": "fit and flare",
          "confidence": 0.2547300457954407
        },
        "neckline": {
          "label": "square neckline",
          "confidence": 0.27371373772621155
        },
        "sleeve_type": {
          "label": "bell sleeves",
          "confidence": 0.2722858190536499
        },
        "top_silhouette": {
          "label": "peplum",
          "confidence": 0.27407535910606384
        },
        "bottom_style": {
          "label": "culottes",
          "confidence": 0.2825878858566284
        },
        "outerwear": {
          "label": "long coat",
          "confidence": 0.23576663434505463
        },
        "shoe_type": {
          "label": "ankle boots",
          "confidence": 0.24845066666603088
        },
        "bag_type": {
          "label": "crossbody bag",
          "confidence": 0.2972579300403595
        },
        "accessory": {
          "label": "hoop earrings",
          "confidence": 0.23981973528862
        },
        "hairstyle": {
          "label": "ponytail",
          "confidence": 0.22689078748226166
        },
        "setting": {
          "label": "office wear",
          "confidence": 0.2452695667743683
        },
        "fabric_type": {
          "label": "satin",
          "confidence": 0.2618584930896759
        },
        "season": {
          "label": "fall",
          "confidence": 0.22011703252792358
        },
        "style_theme": {
          "label": "elegant chic",
          "confidence": 0.25410327315330505
        }
      },
      "dominant_colors": [
        [
          14,
          130,
          131
        ],
        [
          161,
          142,
          144
        ],
        [
          58,
          134,
          137
        ]
      ],
      "texture_histogram": [
        135.0,
        447.0,
        1222.0,
        3368.0,
        5510.0,
        3852.0,
        3245.0,
        3094.0,
        2710.0,
        2336.0,
        2139.0,
        2065.0,
        1857.0,
        1759.0,
        1653.0,
        1649.0,
        1535.0,
        1611.0,
        1758.0,
        1959.0,
        2252.0,
        2418.0,
        2484.0,
        2304.0,
        2168.0,
        2070.0,
        1913.0,
        1723.0,
        1750.0,
        1675.0,
        1630.0,
        1717.0,
        1721.0,
        1694.0,
        1688.0,
        1672.0,
        1611.0,
        1622.0,
        1548.0,
        1591.0,
        1559.0,
        1703.0,
        1702.0,
        1784.0,
        1831.0,
        1939.0,
        2052.0,
        2147.0,
        2190.0,
        2227.0,
        2264.0,
        2096.0,
        2269.0,
        2253.0,
        2319.0,
        2287.0,
        2300.0,
        2035.0,
        1846.0,
        1618.0,
        1421.0,
        1181.0,
        1012.0,
        846.0,
        728.0,
        669.0,
        507.0,
        510.0,
        506.0,
        485.0,
        499.0,
        441.0,
        412.0,
        370.0,
        340.0,
        353.0,
        325.0,
        362.0,
        287.0,
        299.0,
        287.0,
        270.0,
        278.0,
        245.0,
        275.0,
        277.0,
        263.0,
        251.0,
        244.0,
        235.0,
        249.0,
        235.0,
        227.0,
        224.0,
        193.0,
        232.0,
        239.0,
        215.0,
        261.0,
        224.0,
        204.0,
        201.0,
        234.0,
        212.0,
        185.0,
        208.0,
        211.0,
        186.0,
        201.0,
        187.0,
        191.0,
        187.0,
        193.0,
        204.0,
        201.0,
        176.0,
        185.0,
        179.0,
        200.0,
        182.0,
        185.0,
        189.0,
        193.0,
        223.0,
        187.0,
        178.0,
        183.0,
        167.0,
        162.0,
        161.0,
        165.0,
        166.0,
        175.0,
        178.0,
        174.0,
        183.0,
        188.0,
        160.0,
        168.0,
        152.0,
        152.0,
        153.0,
        186.0,
        194.0,
        165.0,
        156.0,
        143.0,
        139.0,
        128.0,
        146.0,
        150.0,
        132.0,
        127.0,
        118.0,
        132.0,
        110.0,
        140.0,
        117.0,
        124.0,
        135.0,
        116.0,
        110.0,
        123.0,
        111.0,
        113.0,
        113.0,
        127.0,
        126.0,
        122.0,
        127.0,
        131.0,
        112.0,
        100.0,
        93.0,
        99.0,
        103.0,
        98.0,
        106.0,
        115.0,
        87.0,
        87.0,
        65.0,
        69.0,
        78.0,
        60.0,
        62.0,
        58.0,
        62.0,
        57.0,
        70.0,
        54.0,
        60.0,
        61.0,
        52.0,
        50.0,
        45.0,
        51.0,
        67.0,
        48.0,
        68.0,
        71.0,
        64.0,
        78.0,
        83.0,
        62.0,
        90.0,
        97.0,
        91.0,
        91.0,
        104.0,
        126.0,
        130.0,
        143.0,
        163.0,
        136.0,
        162.0,
        149.0,
        160.0,
        166.0,
        152.0,
        156.0,
        136.0,
        140.0,
        115.0,
        94.0,
        48.0,
        36.0,
        29.0,
        16.0,
        12.0,
        1.0,
        1.0,
        7.0,
        4.0,
        2.0,
        2.0,
        0.0,
        1.0,
        1.0,
        0.0,
        0.0,
        0.0,
        0.0,
        0.0,
        0.0,
        1.0,
        0.0,
        0.0,
        0.0,
        0.0,
        0.0,
        0.0,
        0.0,
        0.0,
        0.0,
        0.0
      ],
      "silhouette_mask_path": "C:\\Users\\shrad\\TrendWeave\\MERGE_OUTPUT_FINAL\\Catwalks__Women_s_Colour_A_W_25_26_en\\page_12\\img_1_mask_0.png"
    },
    {
      "yolo_label": "person",
      "bbox": [
        212.21678161621094,
        82.39472198486328,
        400.3301696777344,
        652.3678588867188
      ],
      "confidence": 0.7720175385475159,
      "clip_attributes": {
        "palette": {
          "label": "earth tones",
          "confidence": 0.25042426586151123
        },
        "dress_silhouette": {
          "label": "fit and flare",
          "confidence": 0.250075101852417
        },
        "neckline": {
          "label": "square neckline",
          "confidence": 0.26361432671546936
        },
        "sleeve_type": {
          "label": "bell sleeves",
          "confidence": 0.259439080953598
        },
        "top_silhouette": {
          "label": "peplum",
          "confidence": 0.24180461466312408
        },
        "bottom_style": {
          "label": "wide-leg pants",
          "confidence": 0.26033106446266174
        },
        "outerwear": {
          "label": "long coat",
          "confidence": 0.259571373462677
        },
        "shoe_type": {
          "label": "ankle boots",
          "confidence": 0.21218599379062653
        },
        "bag_type": {
          "label": "crossbody bag",
          "confidence": 0.24146310985088348
        },
        "accessory": {
          "label": "scarf",
          "confidence": 0.21219763159751892
        },
        "hairstyle": {
          "label": "loose curls",
          "confidence": 0.1940406858921051
        },
        "setting": {
          "label": "office wear",
          "confidence": 0.2487737387418747
        },
        "fabric_type": {
          "label": "organza",
          "confidence": 0.24799306690692902
        },
        "season": {
          "label": "fall",
          "confidence": 0.21146069467067719
        },
        "style_theme": {
          "label": "elegant chic",
          "confidence": 0.2599746584892273
        }
      },
      "dominant_colors": [
        [
          56,
          134,
          136
        ],
        [
          13,
          130,
          130
        ],
        [
          155,
          148,
          151
        ]
      ],
      "texture_histogram": [
        215.0,
        898.0,
        1656.0,
        2894.0,
        3363.0,
        2526.0,
        2224.0,
        2256.0,
        2060.0,
        1940.0,
        1670.0,
        1663.0,
        1510.0,
        1433.0,
        1511.0,
        1475.0,
        1377.0,
        1347.0,
        1288.0,
        1315.0,
        1303.0,
        1355.0,
        1461.0,
        1376.0,
        1390.0,
        1305.0,
        1435.0,
        1388.0,
        1513.0,
        1501.0,
        1623.0,
        1808.0,
        1642.0,
        1564.0,
        1493.0,
        1414.0,
        1334.0,
        1333.0,
        1297.0,
        1292.0,
        1257.0,
        1360.0,
        1275.0,
        1164.0,
        1179.0,
        1068.0,
        975.0,
        992.0,
        992.0,
        964.0,
        1071.0,
        1110.0,
        1139.0,
        1375.0,
        1531.0,
        1597.0,
        1680.0,
        1665.0,
        1624.0,
        1399.0,
        1279.0,
        1064.0,
        890.0,
        708.0,
        562.0,
        517.0,
        449.0,
        374.0,
        328.0,
        317.0,
        272.0,
        208.0,
        200.0,
        182.0,
        187.0,
        173.0,
        138.0,
        143.0,
        137.0,
        128.0,
        124.0,
        112.0,
        108.0,
        128.0,
        91.0,
        76.0,
        105.0,
        95.0,
        96.0,
        86.0,
        88.0,
        75.0,
        94.0,
        89.0,
        84.0,
        88.0,
        79.0,
        79.0,
        91.0,
        91.0,
        91.0,
        79.0,
        65.0,
        82.0,
        77.0,
        74.0,
        72.0,
        88.0,
        80.0,
        73.0,
        73.0,
        75.0,
        67.0,
        71.0,
        89.0,
        81.0,
        73.0,
        71.0,
        75.0,
        69.0,
        88.0,
        77.0,
        84.0,
        96.0,
        73.0,
        78.0,
        71.0,
        74.0,
        78.0,
        71.0,
        74.0,
        79.0,
        76.0,
        88.0,
        80.0,
        92.0,
        80.0,
        81.0,
        94.0,
        79.0,
        94.0,
        97.0,
        99.0,
        106.0,
        118.0,
        94.0,
        69.0,
        86.0,
        75.0,
        82.0,
        92.0,
        81.0,
        87.0,
        78.0,
        78.0,
        88.0,
        91.0,
        87.0,
        93.0,
        106.0,
        80.0,
        89.0,
        97.0,
        87.0,
        87.0,
        103.0,
        96.0,
        113.0,
        104.0,
        126.0,
        108.0,
        122.0,
        106.0,
        107.0,
        120.0,
        98.0,
        83.0,
        115.0,
        111.0,
        89.0,
        88.0,
        80.0,
        69.0,
        73.0,
        55.0,
        54.0,
        42.0,
        58.0,
        39.0,
        48.0,
        47.0,
        41.0,
        36.0,
        47.0,
        27.0,
        33.0,
        32.0,
        37.0,
        26.0,
        28.0,
        21.0,
        22.0,
        12.0,
        21.0,
        18.0,
        12.0,
        12.0,
        17.0,
        8.0,
        15.0,
        9.0,
        13.0,
        10.0,
        5.0,
        3.0,
        4.0,
        2.0,
        3.0,
        3.0,
        5.0,
        1.0,
        3.0,
        0.0,
        0.0,
        0.0,
        0.0,
        0.0,
        0.0,
        1.0,
        0.0,
        0.0,
        0.0,
        0.0,
        0.0,
        0.0,
        0.0,
        0.0,
        0.0,
        0.0,
        0.0,
        0.0,
        0.0,
        0.0,
        0.0,
        0.0,
        0.0,
        0.0,
        0.0,
        0.0,
        0.0,
        0.0,
        0.0,
        0.0,
        0.0,
        0.0,
        0.0
      ],
      "silhouette_mask_path": "C:\\Users\\shrad\\TrendWeave\\MERGE_OUTPUT_FINAL\\Catwalks__Women_s_Colour_A_W_25_26_en\\page_12\\img_1_mask_1.png"
    },
    {
      "yolo_label": "person",
      "bbox": [
        391.7075500488281,
        73.09973907470703,
        588.7858276367188,
        652.92138671875
      ],
      "confidence": 0.764151394367218,
      "clip_attributes": {
        "palette": {
          "label": "earth tones",
          "confidence": 0.23917660117149353
        },
        "dress_silhouette": {
          "label": "wrap dress",
          "confidence": 0.29213887453079224
        },
        "neckline": {
          "label": "square neckline",
          "confidence": 0.2889598608016968
        },
        "sleeve_type": {
          "label": "bell sleeves",
          "confidence": 0.2590464651584625
        },
        "top_silhouette": {
          "label": "wrap top",
          "confidence": 0.2732551693916321
        },
        "bottom_style": {
          "label": "flared pants",
          "confidence": 0.22860892117023468
        },
        "outerwear": {
          "label": "blazer",
          "confidence": 0.24978794157505035
        },
        "shoe_type": {
          "label": "heels",
          "confidence": 0.22095368802547455
        },
        "bag_type": {
          "label": "crossbody bag",
          "confidence": 0.22153136134147644
        },
        "accessory": {
          "label": "scarf",
          "confidence": 0.21695199608802795
        },
        "hairstyle": {
          "label": "loose curls",
          "confidence": 0.21965408325195312
        },
        "setting": {
          "label": "office wear",
          "confidence": 0.24955180287361145
        },
        "fabric_type": {
          "label": "satin",
          "confidence": 0.25719091296195984
        },
        "season": {
          "label": "fall",
          "confidence": 0.21769283711910248
        },
        "style_theme": {
          "label": "elegant chic",
          "confidence": 0.2745433449745178
        }
      },
      "dominant_colors": [
        [
          12,
          130,
          131
        ],
        [
          59,
          135,
          138
        ],
        [
          161,
          145,
          148
        ]
      ],
      "texture_histogram": [
        101.0,
        606.0,
        1350.0,
        2913.0,
        4531.0,
        4862.0,
        4293.0,
        4033.0,
        3475.0,
        2916.0,
        2450.0,
        2134.0,
        1999.0,
        1821.0,
        1741.0,
        1712.0,
        1627.0,
        1530.0,
        1442.0,
        1399.0,
        1285.0,
        1311.0,
        1240.0,
        1235.0,
        1224.0,
        1222.0,
        1164.0,
        1109.0,
        1214.0,
        1330.0,
        1442.0,
        1424.0,
        1377.0,
        1472.0,
        1382.0,
        1408.0,
        1423.0,
        1428.0,
        1481.0,
        1330.0,
        1292.0,
        1155.0,
        984.0,
        803.0,
        808.0,
        675.0,
        575.0,
        561.0,
        549.0,
        525.0,
        540.0,
        560.0,
        580.0,
        652.0,
        717.0,
        807.0,
        914.0,
        948.0,
        995.0,
        1058.0,
        1131.0,
        1210.0,
        1133.0,
        1052.0,
        985.0,
        846.0,
        769.0,
        663.0,
        602.0,
        450.0,
        423.0,
        328.0,
        291.0,
        316.0,
        272.0,
        237.0,
        202.0,
        240.0,
        212.0,
        203.0,
        169.0,
        147.0,
        162.0,
        169.0,
        164.0,
        151.0,
        143.0,
        151.0,
        154.0,
        141.0,
        133.0,
        134.0,
        142.0,
        126.0,
        105.0,
        113.0,
        117.0,
        123.0,
        104.0,
        106.0,
        81.0,
        133.0,
        121.0,
        100.0,
        104.0,
        113.0,
        108.0,
        106.0,
        103.0,
        99.0,
        103.0,
        97.0,
        101.0,
        80.0,
        117.0,
        113.0,
        102.0,
        102.0,
        118.0,
        99.0,
        102.0,
        104.0,
        97.0,
        95.0,
        116.0,
        102.0,
        106.0,
        91.0,
        126.0,
        119.0,
        102.0,
        107.0,
        89.0,
        104.0,
        94.0,
        100.0,
        95.0,
        117.0,
        109.0,
        83.0,
        103.0,
        92.0,
        90.0,
        123.0,
        102.0,
        113.0,
        101.0,
        110.0,
        107.0,
        86.0,
        98.0,
        81.0,
        111.0,
        100.0,
        106.0,
        104.0,
        118.0,
        118.0,
        107.0,
        107.0,
        129.0,
        112.0,
        109.0,
        104.0,
        121.0,
        86.0,
        108.0,
        98.0,
        98.0,
        99.0,
        110.0,
        83.0,
        85.0,
        76.0,
        56.0,
        76.0,
        70.0,
        59.0,
        64.0,
        53.0,
        52.0,
        58.0,
        47.0,
        51.0,
        68.0,
        66.0,
        70.0,
        62.0,
        63.0,
        58.0,
        65.0,
        64.0,
        65.0,
        67.0,
        63.0,
        59.0,
        67.0,
        66.0,
        59.0,
        62.0,
        65.0,
        73.0,
        67.0,
        75.0,
        83.0,
        92.0,
        99.0,
        79.0,
        81.0,
        64.0,
        80.0,
        59.0,
        52.0,
        45.0,
        29.0,
        30.0,
        24.0,
        30.0,
        25.0,
        25.0,
        27.0,
        30.0,
        27.0,
        22.0,
        19.0,
        17.0,
        11.0,
        7.0,
        5.0,
        0.0,
        2.0,
        1.0,
        1.0,
        0.0,
        0.0,
        0.0,
        0.0,
        0.0,
        0.0,
        0.0,
        0.0,
        0.0,
        0.0,
        0.0,
        0.0,
        0.0,
        0.0,
        0.0,
        0.0,
        0.0,
        1.0,
        0.0,
        0.0,
        0.0,
        0.0,
        0.0
      ],
      "silhouette_mask_path": "C:\\Users\\shrad\\TrendWeave\\MERGE_OUTPUT_FINAL\\Catwalks__Women_s_Colour_A_W_25_26_en\\page_12\\img_1_mask_2.png"
    }
  ],
  "pose_keypoints": [
    {
      "x": 0.8044610619544983,
      "y": 0.2239466905593872,
      "z": -0.34410423040390015,
      "visibility": 0.9947590231895447
    },
    {
      "x": 0.8241676092147827,
      "y": 0.20270729064941406,
      "z": -0.3272079825401306,
      "visibility": 0.9869911074638367
    },
    {
      "x": 0.8309450745582581,
      "y": 0.20237407088279724,
      "z": -0.3275600075721741,
      "visibility": 0.9857617616653442
    },
    {
      "x": 0.8469115495681763,
      "y": 0.20159748196601868,
      "z": -0.3279927372932434,
      "visibility": 0.9881008863449097
    },
    {
      "x": 0.7989407181739807,
      "y": 0.20405536890029907,
      "z": -0.316463828086853,
      "visibility": 0.9871583580970764
    },
    {
      "x": 0.7866798639297485,
      "y": 0.2046937346458435,
      "z": -0.3164549171924591,
      "visibility": 0.9848800897598267
    },
    {
      "x": 0.7823363542556763,
      "y": 0.20567181706428528,
      "z": -0.31688395142555237,
      "visibility": 0.9868446588516235
    },
    {
      "x": 0.8535686135292053,
      "y": 0.20989423990249634,
      "z": -0.165432870388031,
      "visibility": 0.9795975089073181
    },
    {
      "x": 0.775319516658783,
      "y": 0.2164393961429596,
      "z": -0.11778027564287186,
      "visibility": 0.9845852255821228
    },
    {
      "x": 0.8215038180351257,
      "y": 0.24572767317295074,
      "z": -0.2754520773887634,
      "visibility": 0.9946369528770447
    },
    {
      "x": 0.7991015911102295,
      "y": 0.24615658819675446,
      "z": -0.2621667981147766,
      "visibility": 0.9938535690307617
    },
    {
      "x": 0.9138349294662476,
      "y": 0.3294401466846466,
      "z": -0.07776979357004166,
      "visibility": 0.9986666440963745
    },
    {
      "x": 0.67423415184021,
      "y": 0.3291221261024475,
      "z": -0.007043041288852692,
      "visibility": 0.998967170715332
    },
    {
      "x": 0.9009518027305603,
      "y": 0.5119518637657166,
      "z": 0.017859552055597305,
      "visibility": 0.5385270714759827
    },
    {
      "x": 0.6113860607147217,
      "y": 0.48942163586616516,
      "z": 0.025403745472431183,
      "visibility": 0.5016656517982483
    },
    {
      "x": 0.94791579246521,
      "y": 0.6552200317382812,
      "z": -0.04072842746973038,
      "visibility": 0.3170037865638733
    },
    {
      "x": 0.61418616771698,
      "y": 0.6352730989456177,
      "z": -0.07179154455661774,
      "visibility": 0.23097048699855804
    },
    {
      "x": 0.9618266224861145,
      "y": 0.7108067274093628,
      "z": -0.07199199497699738,
      "visibility": 0.3115207850933075
    },
    {
      "x": 0.5795610547065735,
      "y": 0.6905817985534668,
      "z": -0.09449031203985214,
      "visibility": 0.21364161372184753
    },
    {
      "x": 0.9430688619613647,
      "y": 0.7075726985931396,
      "z": -0.1294441968202591,
      "visibility": 0.3325037658214569
    },
    {
      "x": 0.5939069986343384,
      "y": 0.6926419138908386,
      "z": -0.15466108918190002,
      "visibility": 0.22238075733184814
    },
    {
      "x": 0.929953932762146,
      "y": 0.690308153629303,
      "z": -0.0640571340918541,
      "visibility": 0.3592451810836792
    },
    {
      "x": 0.608207106590271,
      "y": 0.6788761019706726,
      "z": -0.09825316071510315,
      "visibility": 0.24441134929656982
    },
    {
      "x": 0.8239884376525879,
      "y": 0.6549872756004333,
      "z": -0.0078465910628438,
      "visibility": 0.9972585439682007
    },
    {
      "x": 0.699443519115448,
      "y": 0.640485942363739,
      "z": 0.007944484241306782,
      "visibility": 0.9973976612091064
    },
    {
      "x": 0.8065559267997742,
      "y": 0.8887611031532288,
      "z": -0.1413227617740631,
      "visibility": 0.6446247100830078
    },
    {
      "x": 0.674018383026123,
      "y": 0.8629733920097351,
      "z": -0.03819091618061066,
      "visibility": 0.6426295042037964
    },
    {
      "x": 0.7828657627105713,
      "y": 1.0609220266342163,
      "z": 0.31844577193260193,
      "visibility": 0.3238712549209595
    },
    {
      "x": 0.651917040348053,
      "y": 1.0202085971832275,
      "z": 0.3986367881298065,
      "visibility": 0.3749145567417145
    },
    {
      "x": 0.7711443901062012,
      "y": 1.0854439735412598,
      "z": 0.3545733094215393,
      "visibility": 0.27942535281181335
    },
    {
      "x": 0.655563235282898,
      "y": 1.043960690498352,
      "z": 0.4365360736846924,
      "visibility": 0.2147931307554245
    },
    {
      "x": 0.803573489189148,
      "y": 1.1345230340957642,
      "z": 0.1787458062171936,
      "visibility": 0.23449094593524933
    },
    {
      "x": 0.6169276237487793,
      "y": 1.0895591974258423,
      "z": 0.25051650404930115,
      "visibility": 0.2874760627746582
    }
  ]
}