{
  "image": "C:\\Users\\shrad\\TrendWeave\\TrendWeave\\extracted_data\\Catwalks__Women_s_Colour_A_W_25_26_en\\page_15\\img_4.png",
  "items": [
    {
      "yolo_label": "vase",
      "bbox": [
        55.56328201293945,
        0.0,
        577.838623046875,
        1320.7532958984375
      ],
      "confidence": 0.3855723440647125,
      "clip_attributes": {
        "palette": {
          "label": "bold colors",
          "confidence": 0.22140248119831085
        },
        "dress_silhouette": {
          "label": "wrap dress",
          "confidence": 0.23217090964317322
        },
        "neckline": {
          "label": "square neckline",
          "confidence": 0.22431515157222748
        },
        "sleeve_type": {
          "label": "puffed sleeves",
          "confidence": 0.24834087491035461
        },
        "top_silhouette": {
          "label": "wrap top",
          "confidence": 0.20831917226314545
        },
        "bottom_style": {
          "label": "flared pants",
          "confidence": 0.21481093764305115
        },
        "outerwear": {
          "label": "long coat",
          "confidence": 0.22956837713718414
        },
        "shoe_type": {
          "label": "heels",
          "confidence": 0.20295310020446777
        },
        "bag_type": {
          "label": "shoulder bag",
          "confidence": 0.20761685073375702
        },
        "accessory": {
          "label": "scarf",
          "confidence": 0.22178716957569122
        },
        "hairstyle": {
          "label": "braids",
          "confidence": 0.19848011434078217
        },
        "setting": {
          "label": "office wear",
          "confidence": 0.21795843541622162
        },
        "fabric_type": {
          "label": "organza",
          "confidence": 0.2718512713909149
        },
        "season": {
          "label": "fall",
          "confidence": 0.20719018578529358
        },
        "style_theme": {
          "label": "elegant chic",
          "confidence": 0.20987604558467865
        }
      },
      "dominant_colors": [
        [
          44,
          163,
          149
        ],
        [
          88,
          184,
          162
        ],
        [
          4,
          133,
          130
        ]
      ],
      "texture_histogram": [
        835.0,
        141093.0,
        17472.0,
        9992.0,
        9100.0,
        8088.0,
        7592.0,
        8481.0,
        7507.0,
        7646.0,
        8198.0,
        8050.0,
        8384.0,
        9107.0,
        8656.0,
        9072.0,
        9524.0,
        8925.0,
        8916.0,
        9105.0,
        8512.0,
        8334.0,
        8589.0,
        8272.0,
        8703.0,
        8763.0,
        8547.0,
        8726.0,
        8860.0,
        8500.0,
        8793.0,
        8607.0,
        8622.0,
        8523.0,
        8550.0,
        8429.0,
        8104.0,
        8020.0,
        7752.0,
        7795.0,
        7668.0,
        7709.0,
        7767.0,
        7523.0,
        7553.0,
        7897.0,
        7696.0,
        7663.0,
        7240.0,
        7194.0,
        6913.0,
        6627.0,
        6658.0,
        6263.0,
        6473.0,
        6273.0,
        6265.0,
        6086.0,
        5884.0,
        5962.0,
        5942.0,
        5870.0,
        5468.0,
        5235.0,
        4982.0,
        4841.0,
        4694.0,
        4492.0,
        3947.0,
        3562.0,
        3291.0,
        2815.0,
        2431.0,
        2125.0,
        1948.0,
        1598.0,
        1369.0,
        1178.0,
        1017.0,
        870.0,
        758.0,
        644.0,
        585.0,
        478.0,
        434.0,
        372.0,
        391.0,
        295.0,
        248.0,
        213.0,
        232.0,
        196.0,
        174.0,
        157.0,
        140.0,
        114.0,
        139.0,
        101.0,
        131.0,
        100.0,
        82.0,
        84.0,
        96.0,
        82.0,
        74.0,
        71.0,
        56.0,
        55.0,
        62.0,
        46.0,
        48.0,
        51.0,
        40.0,
        35.0,
        36.0,
        34.0,
        26.0,
        31.0,
        18.0,
        27.0,
        37.0,
        28.0,
        16.0,
        23.0,
        22.0,
        16.0,
        17.0,
        18.0,
        16.0,
        18.0,
        12.0,
        13.0,
        8.0,
        14.0,
        11.0,
        8.0,
        9.0,
        5.0,
        3.0,
        2.0,
        5.0,
        3.0,
        5.0,
        1.0,
        3.0,
        3.0,
        1.0,
        3.0,
        0.0,
        3.0,
        0.0,
        2.0,
        2.0,
        2.0,
        1.0,
        1.0,
        1.0,
        0.0,
        1.0,
        0.0,
        0.0,
        0.0,
        0.0,
        0.0,
        2.0,
        2.0,
        0.0,
        1.0,
        2.0,
        0.0,
        2.0,
        0.0,
        0.0,
        0.0,
        0.0,
        0.0,
        0.0,
        0.0,
        1.0,
        1.0,
        0.0,
        0.0,
        0.0,
        0.0,
        1.0,
        0.0,
        2.0,
        0.0,
        0.0,
        0.0,
        1.0,
        0.0,
        0.0,
        0.0,
        0.0,
        0.0,
        0.0,
        0.0,
        0.0,
        0.0,
        0.0,
        0.0,
        0.0,
        0.0,
        1.0,
        0.0,
        1.0,
        0.0,
        0.0,
        0.0,
        0.0,
        0.0,
        0.0,
        0.0,
        0.0,
        0.0,
        0.0,
        0.0,
        0.0,
        0.0,
        1.0,
        0.0,
        0.0,
        0.0,
        0.0,
        0.0,
        0.0,
        0.0,
        0.0,
        0.0,
        0.0,
        0.0,
        0.0,
        0.0,
        0.0,
        0.0,
        0.0,
        0.0,
        0.0,
        0.0,
        0.0,
        0.0,
        0.0,
        0.0,
        0.0,
        0.0,
        0.0,
        0.0,
        0.0,
        0.0,
        0.0,
        0.0,
        0.0,
        0.0,
        0.0,
        0.0
      ],
      "silhouette_mask_path": "C:\\Users\\shrad\\TrendWeave\\MERGE_OUTPUT_FINAL\\Catwalks__Women_s_Colour_A_W_25_26_en\\page_15\\img_4_mask_0.png"
    },
    {
      "yolo_label": "person",
      "bbox": [
        67.83219146728516,
        0.0,
        581.5130004882812,
        1334.1510009765625
      ],
      "confidence": 0.3632080554962158,
      "clip_attributes": {
        "palette": {
          "label": "bold colors",
          "confidence": 0.21734578907489777
        },
        "dress_silhouette": {
          "label": "wrap dress",
          "confidence": 0.22745084762573242
        },
        "neckline": {
          "label": "off-shoulder",
          "confidence": 0.21899694204330444
        },
        "sleeve_type": {
          "label": "puffed sleeves",
          "confidence": 0.23250001668930054
        },
        "top_silhouette": {
          "label": "wrap top",
          "confidence": 0.2109026461839676
        },
        "bottom_style": {
          "label": "flared pants",
          "confidence": 0.20908884704113007
        },
        "outerwear": {
          "label": "long coat",
          "confidence": 0.22027812898159027
        },
        "shoe_type": {
          "label": "heels",
          "confidence": 0.20322668552398682
        },
        "bag_type": {
          "label": "shoulder bag",
          "confidence": 0.20931154489517212
        },
        "accessory": {
          "label": "scarf",
          "confidence": 0.22924387454986572
        },
        "hairstyle": {
          "label": "braids",
          "confidence": 0.20474451780319214
        },
        "setting": {
          "label": "office wear",
          "confidence": 0.21299511194229126
        },
        "fabric_type": {
          "label": "organza",
          "confidence": 0.2667466104030609
        },
        "season": {
          "label": "fall",
          "confidence": 0.20467369258403778
        },
        "style_theme": {
          "label": "boho",
          "confidence": 0.21085715293884277
        }
      },
      "dominant_colors": [
        [
          88,
          184,
          162
        ],
        [
          44,
          163,
          149
        ],
        [
          4,
          133,
          130
        ]
      ],
      "texture_histogram": [
        840.0,
        135181.0,
        17392.0,
        10013.0,
        9047.0,
        8050.0,
        7543.0,
        8468.0,
        7504.0,
        7604.0,
        8178.0,
        8000.0,
        8366.0,
        9141.0,
        8692.0,
        9099.0,
        9562.0,
        8932.0,
        8950.0,
        9178.0,
        8600.0,
        8444.0,
        8688.0,
        8361.0,
        8791.0,
        8838.0,
        8663.0,
        8806.0,
        8944.0,
        8577.0,
        8920.0,
        8721.0,
        8717.0,
        8629.0,
        8650.0,
        8488.0,
        8189.0,
        8160.0,
        7868.0,
        7911.0,
        7753.0,
        7856.0,
        7874.0,
        7623.0,
        7680.0,
        8003.0,
        7777.0,
        7715.0,
        7287.0,
        7249.0,
        6942.0,
        6649.0,
        6668.0,
        6267.0,
        6462.0,
        6277.0,
        6252.0,
        6067.0,
        5878.0,
        5957.0,
        5938.0,
        5847.0,
        5459.0,
        5229.0,
        4974.0,
        4827.0,
        4682.0,
        4484.0,
        3931.0,
        3551.0,
        3283.0,
        2802.0,
        2423.0,
        2119.0,
        1939.0,
        1588.0,
        1361.0,
        1173.0,
        1014.0,
        868.0,
        752.0,
        641.0,
        582.0,
        476.0,
        428.0,
        367.0,
        390.0,
        293.0,
        245.0,
        211.0,
        228.0,
        192.0,
        173.0,
        154.0,
        139.0,
        112.0,
        136.0,
        99.0,
        130.0,
        99.0,
        82.0,
        82.0,
        96.0,
        81.0,
        73.0,
        71.0,
        54.0,
        54.0,
        61.0,
        45.0,
        48.0,
        51.0,
        40.0,
        35.0,
        36.0,
        34.0,
        26.0,
        31.0,
        18.0,
        27.0,
        37.0,
        28.0,
        16.0,
        23.0,
        22.0,
        16.0,
        17.0,
        18.0,
        16.0,
        18.0,
        12.0,
        13.0,
        8.0,
        14.0,
        11.0,
        8.0,
        9.0,
        5.0,
        3.0,
        2.0,
        5.0,
        3.0,
        5.0,
        1.0,
        3.0,
        3.0,
        1.0,
        3.0,
        0.0,
        3.0,
        0.0,
        2.0,
        2.0,
        2.0,
        1.0,
        1.0,
        1.0,
        0.0,
        1.0,
        0.0,
        0.0,
        0.0,
        0.0,
        0.0,
        2.0,
        2.0,
        0.0,
        1.0,
        2.0,
        0.0,
        2.0,
        0.0,
        0.0,
        0.0,
        0.0,
        0.0,
        0.0,
        0.0,
        1.0,
        1.0,
        0.0,
        0.0,
        0.0,
        0.0,
        1.0,
        0.0,
        2.0,
        0.0,
        0.0,
        0.0,
        1.0,
        0.0,
        0.0,
        0.0,
        0.0,
        0.0,
        0.0,
        0.0,
        0.0,
        0.0,
        0.0,
        0.0,
        0.0,
        0.0,
        1.0,
        0.0,
        1.0,
        0.0,
        0.0,
        0.0,
        0.0,
        0.0,
        0.0,
        0.0,
        0.0,
        0.0,
        0.0,
        0.0,
        0.0,
        0.0,
        1.0,
        0.0,
        0.0,
        0.0,
        0.0,
        0.0,
        0.0,
        0.0,
        0.0,
        0.0,
        0.0,
        0.0,
        0.0,
        0.0,
        0.0,
        0.0,
        0.0,
        0.0,
        0.0,
        0.0,
        0.0,
        0.0,
        0.0,
        0.0,
        0.0,
        0.0,
        0.0,
        0.0,
        0.0,
        0.0,
        0.0,
        0.0,
        0.0,
        0.0,
        0.0,
        0.0
      ],
      "silhouette_mask_path": "C:\\Users\\shrad\\TrendWeave\\MERGE_OUTPUT_FINAL\\Catwalks__Women_s_Colour_A_W_25_26_en\\page_15\\img_4_mask_1.png"
    }
  ],
  "pose_keypoints": [
    {
      "x": 0.6077136993408203,
      "y": -0.020469874143600464,
      "z": -0.25594744086265564,
      "visibility": 0.9673774838447571
    },
    {
      "x": 0.5924912095069885,
      "y": -0.03866305947303772,
      "z": -0.2602955102920532,
      "visibility": 0.9401100873947144
    },
    {
      "x": 0.5829566717147827,
      "y": -0.038006991147994995,
      "z": -0.260698527097702,
      "visibility": 0.933970034122467
    },
    {
      "x": 0.5961935520172119,
      "y": -0.041061729192733765,
      "z": -0.26117751002311707,
      "visibility": 0.9478003978729248
    },
    {
      "x": 0.609089732170105,
      "y": -0.03789287805557251,
      "z": -0.3339475989341736,
      "visibility": 0.9429864883422852
    },
    {
      "x": 0.6122325658798218,
      "y": -0.03678390383720398,
      "z": -0.3340509831905365,
      "visibility": 0.9358463883399963
    },
    {
      "x": 0.6150022149085999,
      "y": -0.035622477531433105,
      "z": -0.3347910940647125,
      "visibility": 0.9418401122093201
    },
    {
      "x": 0.5387453436851501,
      "y": -0.02769678831100464,
      "z": -0.18145839869976044,
      "visibility": 0.9176448583602905
    },
    {
      "x": 0.6163533926010132,
      "y": -0.025601236149668694,
      "z": -0.5042585730552673,
      "visibility": 0.9361977577209473
    },
    {
      "x": 0.5866026878356934,
      "y": 0.002496063709259033,
      "z": -0.2102644145488739,
      "visibility": 0.9814009666442871
    },
    {
      "x": 0.6033824682235718,
      "y": 0.001847386360168457,
      "z": -0.30251988768577576,
      "visibility": 0.9830301403999329
    },
    {
      "x": 0.615772008895874,
      "y": 0.10152918100357056,
      "z": 0.05737040191888809,
      "visibility": 0.9983137845993042
    },
    {
      "x": 0.4692949950695038,
      "y": 0.10437875986099243,
      "z": -0.6026098132133484,
      "visibility": 0.9977169036865234
    },
    {
      "x": 0.6939104795455933,
      "y": 0.23824399709701538,
      "z": 0.2934071719646454,
      "visibility": 0.08445338904857635
    },
    {
      "x": 0.3397540748119354,
      "y": 0.26143237948417664,
      "z": -0.5394486784934998,
      "visibility": 0.6688759326934814
    },
    {
      "x": 0.8427106738090515,
      "y": 0.30647000670433044,
      "z": 0.07489193975925446,
      "visibility": 0.07303419709205627
    },
    {
      "x": 0.2761841416358948,
      "y": 0.3921179473400116,
      "z": -0.560029149055481,
      "visibility": 0.5100303888320923
    },
    {
      "x": 0.84626704454422,
      "y": 0.3048403561115265,
      "z": 0.019798491150140762,
      "visibility": 0.07412094622850418
    },
    {
      "x": 0.2460774928331375,
      "y": 0.42943984270095825,
      "z": -0.6348986625671387,
      "visibility": 0.45368826389312744
    },
    {
      "x": 0.872383713722229,
      "y": 0.2966725826263428,
      "z": -0.10057186335325241,
      "visibility": 0.08036012947559357
    },
    {
      "x": 0.26143625378608704,
      "y": 0.431618332862854,
      "z": -0.7392604351043701,
      "visibility": 0.45168203115463257
    },
    {
      "x": 0.8339920043945312,
      "y": 0.29329195618629456,
      "z": 0.008466850966215134,
      "visibility": 0.08296245336532593
    },
    {
      "x": 0.2769932150840759,
      "y": 0.4194009006023407,
      "z": -0.6049590706825256,
      "visibility": 0.40551748871803284
    },
    {
      "x": 0.5630413293838501,
      "y": 0.3951316475868225,
      "z": 0.18038637936115265,
      "visibility": 0.996823787689209
    },
    {
      "x": 0.4686826765537262,
      "y": 0.3953133225440979,
      "z": -0.17998772859573364,
      "visibility": 0.9931597709655762
    },
    {
      "x": 0.6170615553855896,
      "y": 0.6001483201980591,
      "z": -0.055368319153785706,
      "visibility": 0.18070779740810394
    },
    {
      "x": 0.5264260768890381,
      "y": 0.5916255116462708,
      "z": 0.04189327359199524,
      "visibility": 0.13963109254837036
    },
    {
      "x": 0.5432872772216797,
      "y": 0.8082312941551208,
      "z": 0.4546493887901306,
      "visibility": 0.1907341331243515
    },
    {
      "x": 0.4978629946708679,
      "y": 0.7794779539108276,
      "z": 0.8830026984214783,
      "visibility": 0.12613104283809662
    },
    {
      "x": 0.5096580982208252,
      "y": 0.834698498249054,
      "z": 0.47883379459381104,
      "visibility": 0.18351851403713226
    },
    {
      "x": 0.4703327417373657,
      "y": 0.8041766881942749,
      "z": 0.9483951926231384,
      "visibility": 0.12672795355319977
    },
    {
      "x": 0.5876671075820923,
      "y": 0.8694806098937988,
      "z": 0.03156619518995285,
      "visibility": 0.1986868977546692
    },
    {
      "x": 0.5743729472160339,
      "y": 0.8441761136054993,
      "z": 0.5544861555099487,
      "visibility": 0.1686907559633255
    }
  ]
}