{
  "image": "C:\\Users\\shrad\\TrendWeave\\TrendWeave\\extracted_data\\Catwalks__Women_s_Colour_A_W_25_26_en\\page_15\\img_2.jpeg",
  "items": [
    {
      "yolo_label": "person",
      "bbox": [
        110.14427947998047,
        29.41049575805664,
        224.34732055664062,
        319.5885925292969
      ],
      "confidence": 0.7382984757423401,
      "clip_attributes": {
        "palette": {
          "label": "bold colors",
          "confidence": 0.2326648086309433
        },
        "dress_silhouette": {
          "label": "bodycon dress",
          "confidence": 0.2676110863685608
        },
        "neckline": {
          "label": "square neckline",
          "confidence": 0.26258212327957153
        },
        "sleeve_type": {
          "label": "cap sleeves",
          "confidence": 0.22965529561042786
        },
        "top_silhouette": {
          "label": "peplum",
          "confidence": 0.2428041696548462
        },
        "bottom_style": {
          "label": "culottes",
          "confidence": 0.22635631263256073
        },
        "outerwear": {
          "label": "long coat",
          "confidence": 0.22268131375312805
        },
        "shoe_type": {
          "label": "heels",
          "confidence": 0.21562382578849792
        },
        "bag_type": {
          "label": "shoulder bag",
          "confidence": 0.21638274192810059
        },
        "accessory": {
          "label": "watch",
          "confidence": 0.21332505345344543
        },
        "hairstyle": {
          "label": "straight hair",
          "confidence": 0.19887809455394745
        },
        "setting": {
          "label": "office wear",
          "confidence": 0.23815679550170898
        },
        "fabric_type": {
          "label": "organza",
          "confidence": 0.24716295301914215
        },
        "season": {
          "label": "fall",
          "confidence": 0.20988474786281586
        },
        "style_theme": {
          "label": "elegant chic",
          "confidence": 0.23831838369369507
        }
      },
      "dominant_colors": [
        [
          108,
          181,
          166
        ],
        [
          79,
          126,
          137
        ],
        [
          214,
          130,
          130
        ]
      ],
      "texture_histogram": [
        13.0,
        77.0,
        58.0,
        43.0,
        59.0,
        64.0,
        74.0,
        59.0,
        61.0,
        56.0,
        62.0,
        52.0,
        59.0,
        73.0,
        76.0,
        80.0,
        72.0,
        68.0,
        76.0,
        73.0,
        84.0,
        73.0,
        80.0,
        63.0,
        87.0,
        63.0,
        79.0,
        68.0,
        77.0,
        78.0,
        75.0,
        83.0,
        92.0,
        80.0,
        111.0,
        101.0,
        144.0,
        140.0,
        133.0,
        160.0,
        150.0,
        174.0,
        193.0,
        184.0,
        207.0,
        209.0,
        210.0,
        206.0,
        225.0,
        225.0,
        269.0,
        259.0,
        275.0,
        288.0,
        273.0,
        295.0,
        275.0,
        332.0,
        363.0,
        371.0,
        379.0,
        416.0,
        450.0,
        384.0,
        317.0,
        248.0,
        254.0,
        253.0,
        230.0,
        273.0,
        274.0,
        270.0,
        279.0,
        317.0,
        252.0,
        246.0,
        256.0,
        258.0,
        322.0,
        292.0,
        329.0,
        356.0,
        328.0,
        318.0,
        319.0,
        281.0,
        257.0,
        297.0,
        248.0,
        229.0,
        237.0,
        220.0,
        233.0,
        218.0,
        204.0,
        229.0,
        192.0,
        192.0,
        195.0,
        202.0,
        218.0,
        186.0,
        233.0,
        222.0,
        222.0,
        211.0,
        199.0,
        195.0,
        212.0,
        212.0,
        199.0,
        208.0,
        203.0,
        210.0,
        208.0,
        217.0,
        190.0,
        202.0,
        253.0,
        248.0,
        200.0,
        195.0,
        206.0,
        209.0,
        186.0,
        196.0,
        209.0,
        155.0,
        155.0,
        147.0,
        150.0,
        114.0,
        128.0,
        137.0,
        101.0,
        91.0,
        102.0,
        86.0,
        74.0,
        66.0,
        60.0,
        63.0,
        57.0,
        55.0,
        40.0,
        44.0,
        31.0,
        41.0,
        45.0,
        41.0,
        41.0,
        30.0,
        29.0,
        31.0,
        21.0,
        21.0,
        28.0,
        23.0,
        25.0,
        25.0,
        26.0,
        29.0,
        22.0,
        23.0,
        23.0,
        22.0,
        31.0,
        20.0,
        25.0,
        23.0,
        22.0,
        21.0,
        28.0,
        32.0,
        15.0,
        36.0,
        19.0,
        28.0,
        26.0,
        29.0,
        36.0,
        23.0,
        23.0,
        31.0,
        32.0,
        21.0,
        21.0,
        26.0,
        25.0,
        33.0,
        45.0,
        30.0,
        33.0,
        32.0,
        33.0,
        25.0,
        22.0,
        33.0,
        25.0,
        30.0,
        37.0,
        29.0,
        35.0,
        30.0,
        25.0,
        27.0,
        18.0,
        20.0,
        22.0,
        10.0,
        12.0,
        15.0,
        20.0,
        20.0,
        17.0,
        10.0,
        19.0,
        23.0,
        22.0,
        25.0,
        76.0,
        186.0,
        375.0,
        714.0,
        753.0,
        982.0,
        956.0,
        306.0,
        57.0,
        22.0,
        15.0,
        13.0,
        5.0,
        3.0,
        2.0,
        3.0,
        5.0,
        0.0,
        1.0,
        2.0,
        0.0,
        0.0,
        0.0,
        0.0,
        0.0,
        0.0,
        0.0,
        0.0,
        0.0,
        0.0,
        0.0,
        0.0,
        0.0,
        0.0,
        0.0,
        0.0
      ],
      "silhouette_mask_path": "C:\\Users\\shrad\\TrendWeave\\MERGE_OUTPUT_FINAL\\Catwalks__Women_s_Colour_A_W_25_26_en\\page_15\\img_2_mask_0.png"
    },
    {
      "yolo_label": "chair",
      "bbox": [
        182.26727294921875,
        183.29623413085938,
        240.74874877929688,
        273.0827941894531
      ],
      "confidence": 0.28595593571662903,
      "clip_attributes": {
        "palette": {
          "label": "earth tones",
          "confidence": 0.19581876695156097
        },
        "shoe_type": {
          "label": "canvas shoes",
          "confidence": 0.2253466248512268
        },
        "bag_type": {
          "label": "belt bag",
          "confidence": 0.21410100162029266
        },
        "accessory": {
          "label": "bracelet",
          "confidence": 0.21361805498600006
        },
        "setting": {
          "label": "lounge",
          "confidence": 0.20696091651916504
        },
        "fabric_type": {
          "label": "linen",
          "confidence": 0.1935437172651291
        },
        "season": {
          "label": "summer",
          "confidence": 0.19158369302749634
        },
        "style_theme": {
          "label": "vintage",
          "confidence": 0.20417152345180511
        }
      },
      "dominant_colors": [
        [
          113,
          151,
          173
        ],
        [
          104,
          120,
          139
        ],
        [
          52,
          131,
          137
        ]
      ],
      "texture_histogram": [
        0.0,
        0.0,
        0.0,
        0.0,
        0.0,
        0.0,
        6.0,
        5.0,
        9.0,
        12.0,
        7.0,
        7.0,
        10.0,
        11.0,
        17.0,
        15.0,
        15.0,
        18.0,
        7.0,
        10.0,
        16.0,
        10.0,
        12.0,
        9.0,
        7.0,
        12.0,
        7.0,
        7.0,
        6.0,
        6.0,
        6.0,
        9.0,
        5.0,
        4.0,
        9.0,
        7.0,
        10.0,
        8.0,
        7.0,
        8.0,
        12.0,
        14.0,
        12.0,
        24.0,
        15.0,
        18.0,
        27.0,
        18.0,
        29.0,
        24.0,
        25.0,
        23.0,
        29.0,
        42.0,
        31.0,
        41.0,
        33.0,
        43.0,
        47.0,
        39.0,
        34.0,
        39.0,
        41.0,
        43.0,
        38.0,
        36.0,
        47.0,
        43.0,
        40.0,
        48.0,
        40.0,
        50.0,
        35.0,
        55.0,
        56.0,
        69.0,
        73.0,
        78.0,
        98.0,
        96.0,
        83.0,
        110.0,
        111.0,
        109.0,
        114.0,
        105.0,
        105.0,
        112.0,
        98.0,
        82.0,
        103.0,
        78.0,
        91.0,
        86.0,
        86.0,
        86.0,
        67.0,
        77.0,
        63.0,
        84.0,
        59.0,
        65.0,
        76.0,
        73.0,
        58.0,
        48.0,
        58.0,
        38.0,
        38.0,
        43.0,
        34.0,
        44.0,
        22.0,
        32.0,
        14.0,
        13.0,
        17.0,
        18.0,
        25.0,
        18.0,
        15.0,
        17.0,
        11.0,
        16.0,
        12.0,
        18.0,
        21.0,
        14.0,
        28.0,
        11.0,
        19.0,
        23.0,
        21.0,
        26.0,
        19.0,
        16.0,
        21.0,
        15.0,
        20.0,
        19.0,
        14.0,
        18.0,
        19.0,
        22.0,
        16.0,
        22.0,
        9.0,
        17.0,
        22.0,
        15.0,
        14.0,
        8.0,
        9.0,
        8.0,
        3.0,
        9.0,
        8.0,
        5.0,
        7.0,
        3.0,
        4.0,
        2.0,
        2.0,
        0.0,
        1.0,
        1.0,
        3.0,
        4.0,
        5.0,
        2.0,
        2.0,
        1.0,
        3.0,
        2.0,
        0.0,
        1.0,
        0.0,
        0.0,
        1.0,
        1.0,
        2.0,
        1.0,
        1.0,
        2.0,
        0.0,
        1.0,
        0.0,
        1.0,
        1.0,
        0.0,
        1.0,
        0.0,
        0.0,
        0.0,
        0.0,
        0.0,
        0.0,
        0.0,
        0.0,
        0.0,
        0.0,
        0.0,
        1.0,
        0.0,
        1.0,
        0.0,
        0.0,
        0.0,
        1.0,
        0.0,
        0.0,
        0.0,
        0.0,
        0.0,
        0.0,
        0.0,
        0.0,
        0.0,
        0.0,
        0.0,
        0.0,
        0.0,
        0.0,
        0.0,
        0.0,
        0.0,
        0.0,
        0.0,
        0.0,
        0.0,
        0.0,
        0.0,
        0.0,
        0.0,
        0.0,
        0.0,
        0.0,
        0.0,
        0.0,
        0.0,
        0.0,
        0.0,
        0.0,
        0.0,
        0.0,
        0.0,
        0.0,
        0.0,
        0.0,
        0.0,
        0.0,
        0.0,
        0.0,
        0.0,
        0.0,
        0.0
      ],
      "silhouette_mask_path": "C:\\Users\\shrad\\TrendWeave\\MERGE_OUTPUT_FINAL\\Catwalks__Women_s_Colour_A_W_25_26_en\\page_15\\img_2_mask_1.png"
    },
    {
      "yolo_label": "chair",
      "bbox": [
        69.87033081054688,
        103.8009262084961,
        271.9470520019531,
        271.3910827636719
      ],
      "confidence": 0.25957781076431274,
      "clip_attributes": {
        "palette": {
          "label": "bold colors",
          "confidence": 0.23333731293678284
        },
        "dress_silhouette": {
          "label": "bodycon dress",
          "confidence": 0.2696678042411804
        },
        "neckline": {
          "label": "square neckline",
          "confidence": 0.26071423292160034
        },
        "sleeve_type": {
          "label": "puffed sleeves",
          "confidence": 0.25565245747566223
        },
        "top_silhouette": {
          "label": "peplum",
          "confidence": 0.2481563538312912
        },
        "bottom_style": {
          "label": "culottes",
          "confidence": 0.2549256682395935
        },
        "outerwear": {
          "label": "long coat",
          "confidence": 0.23183110356330872
        },
        "shoe_type": {
          "label": "ankle boots",
          "confidence": 0.23383210599422455
        },
        "bag_type": {
          "label": "shoulder bag",
          "confidence": 0.22792455554008484
        },
        "accessory": {
          "label": "scarf",
          "confidence": 0.22139570116996765
        },
        "hairstyle": {
          "label": "loose curls",
          "confidence": 0.19906289875507355
        },
        "setting": {
          "label": "office wear",
          "confidence": 0.25431370735168457
        },
        "fabric_type": {
          "label": "satin",
          "confidence": 0.25620484352111816
        },
        "season": {
          "label": "fall",
          "confidence": 0.22379450500011444
        },
        "style_theme": {
          "label": "vintage",
          "confidence": 0.2362533062696457
        }
      },
      "dominant_colors": [
        [
          211,
          128,
          127
        ],
        [
          72,
          124,
          135
        ],
        [
          105,
          176,
          169
        ]
      ],
      "texture_histogram": [
        0.0,
        1.0,
        3.0,
        1.0,
        3.0,
        7.0,
        14.0,
        16.0,
        21.0,
        27.0,
        28.0,
        33.0,
        36.0,
        52.0,
        54.0,
        61.0,
        56.0,
        55.0,
        66.0,
        59.0,
        80.0,
        68.0,
        73.0,
        59.0,
        89.0,
        65.0,
        87.0,
        82.0,
        83.0,
        93.0,
        103.0,
        94.0,
        114.0,
        108.0,
        153.0,
        167.0,
        196.0,
        208.0,
        184.0,
        236.0,
        231.0,
        254.0,
        296.0,
        296.0,
        301.0,
        322.0,
        315.0,
        326.0,
        366.0,
        359.0,
        418.0,
        364.0,
        357.0,
        381.0,
        360.0,
        378.0,
        346.0,
        393.0,
        424.0,
        422.0,
        437.0,
        482.0,
        521.0,
        432.0,
        395.0,
        307.0,
        296.0,
        321.0,
        283.0,
        324.0,
        319.0,
        322.0,
        328.0,
        359.0,
        312.0,
        308.0,
        325.0,
        335.0,
        389.0,
        386.0,
        418.0,
        456.0,
        424.0,
        439.0,
        446.0,
        422.0,
        409.0,
        429.0,
        437.0,
        395.0,
        420.0,
        402.0,
        431.0,
        405.0,
        399.0,
        398.0,
        328.0,
        334.0,
        313.0,
        317.0,
        284.0,
        268.0,
        281.0,
        263.0,
        223.0,
        192.0,
        194.0,
        152.0,
        135.0,
        138.0,
        113.0,
        124.0,
        95.0,
        104.0,
        95.0,
        82.0,
        78.0,
        77.0,
        76.0,
        74.0,
        70.0,
        76.0,
        58.0,
        62.0,
        46.0,
        64.0,
        71.0,
        48.0,
        52.0,
        41.0,
        48.0,
        42.0,
        52.0,
        50.0,
        35.0,
        30.0,
        35.0,
        33.0,
        37.0,
        32.0,
        22.0,
        27.0,
        24.0,
        32.0,
        24.0,
        27.0,
        17.0,
        20.0,
        25.0,
        23.0,
        20.0,
        19.0,
        12.0,
        14.0,
        11.0,
        13.0,
        17.0,
        11.0,
        12.0,
        8.0,
        8.0,
        10.0,
        7.0,
        4.0,
        6.0,
        3.0,
        5.0,
        4.0,
        10.0,
        3.0,
        7.0,
        1.0,
        10.0,
        9.0,
        5.0,
        7.0,
        1.0,
        4.0,
        8.0,
        4.0,
        7.0,
        4.0,
        3.0,
        4.0,
        1.0,
        3.0,
        6.0,
        5.0,
        6.0,
        5.0,
        5.0,
        13.0,
        9.0,
        11.0,
        14.0,
        26.0,
        29.0,
        46.0,
        70.0,
        70.0,
        58.0,
        50.0,
        67.0,
        58.0,
        59.0,
        114.0,
        119.0,
        178.0,
        197.0,
        221.0,
        251.0,
        229.0,
        233.0,
        181.0,
        228.0,
        221.0,
        235.0,
        229.0,
        193.0,
        272.0,
        275.0,
        119.0,
        115.0,
        39.0,
        38.0,
        17.0,
        6.0,
        11.0,
        4.0,
        2.0,
        4.0,
        4.0,
        1.0,
        0.0,
        0.0,
        0.0,
        0.0,
        0.0,
        0.0,
        0.0,
        0.0,
        0.0,
        0.0,
        0.0,
        0.0,
        0.0,
        0.0,
        0.0,
        0.0,
        0.0,
        0.0,
        0.0,
        0.0,
        0.0,
        0.0,
        0.0
      ],
      "silhouette_mask_path": "C:\\Users\\shrad\\TrendWeave\\MERGE_OUTPUT_FINAL\\Catwalks__Women_s_Colour_A_W_25_26_en\\page_15\\img_2_mask_2.png"
    }
  ],
  "pose_keypoints": [
    {
      "x": 0.516154408454895,
      "y": 0.19214093685150146,
      "z": -0.6413872838020325,
      "visibility": 0.9996780157089233
    },
    {
      "x": 0.5257627964019775,
      "y": 0.17084911465644836,
      "z": -0.6192676424980164,
      "visibility": 0.9989019632339478
    },
    {
      "x": 0.5313387513160706,
      "y": 0.1703084409236908,
      "z": -0.6193901300430298,
      "visibility": 0.9990899562835693
    },
    {
      "x": 0.5377312898635864,
      "y": 0.16950976848602295,
      "z": -0.6195372343063354,
      "visibility": 0.9991191029548645
    },
    {
      "x": 0.5052214860916138,
      "y": 0.1713235080242157,
      "z": -0.6203780770301819,
      "visibility": 0.9984118938446045
    },
    {
      "x": 0.49746108055114746,
      "y": 0.17096856236457825,
      "z": -0.6204296350479126,
      "visibility": 0.9985815286636353
    },
    {
      "x": 0.4903475344181061,
      "y": 0.17085027694702148,
      "z": -0.6204855442047119,
      "visibility": 0.9986010193824768
    },
    {
      "x": 0.5476934909820557,
      "y": 0.17233195900917053,
      "z": -0.4032350480556488,
      "visibility": 0.9983533620834351
    },
    {
      "x": 0.4785016179084778,
      "y": 0.1737571656703949,
      "z": -0.40706828236579895,
      "visibility": 0.9969537258148193
    },
    {
      "x": 0.5280683040618896,
      "y": 0.21016615629196167,
      "z": -0.5513356924057007,
      "visibility": 0.9993228912353516
    },
    {
      "x": 0.5032055974006653,
      "y": 0.21060527861118317,
      "z": -0.552734911441803,
      "visibility": 0.9990949630737305
    },
    {
      "x": 0.6003614068031311,
      "y": 0.25043949484825134,
      "z": -0.1928652822971344,
      "visibility": 0.9999141693115234
    },
    {
      "x": 0.43649736046791077,
      "y": 0.2521873414516449,
      "z": -0.2081346958875656,
      "visibility": 0.9997196793556213
    },
    {
      "x": 0.6252960562705994,
      "y": 0.38233834505081177,
      "z": -0.0789167732000351,
      "visibility": 0.9583030343055725
    },
    {
      "x": 0.4073888957500458,
      "y": 0.3825089931488037,
      "z": -0.1211138591170311,
      "visibility": 0.9466708898544312
    },
    {
      "x": 0.67308509349823,
      "y": 0.482528954744339,
      "z": -0.2558479309082031,
      "visibility": 0.8837983012199402
    },
    {
      "x": 0.36684101819992065,
      "y": 0.4726189076900482,
      "z": -0.309114545583725,
      "visibility": 0.8435035943984985
    },
    {
      "x": 0.7011300921440125,
      "y": 0.5279152393341064,
      "z": -0.30003929138183594,
      "visibility": 0.7923132181167603
    },
    {
      "x": 0.3518288731575012,
      "y": 0.49607521295547485,
      "z": -0.36064133048057556,
      "visibility": 0.7639480829238892
    },
    {
      "x": 0.6973811388015747,
      "y": 0.5280917286872864,
      "z": -0.36583852767944336,
      "visibility": 0.815105676651001
    },
    {
      "x": 0.351533979177475,
      "y": 0.5016356110572815,
      "z": -0.4282800853252411,
      "visibility": 0.7869939804077148
    },
    {
      "x": 0.682120680809021,
      "y": 0.5185756683349609,
      "z": -0.2869410812854767,
      "visibility": 0.8004385232925415
    },
    {
      "x": 0.3600046634674072,
      "y": 0.4956096112728119,
      "z": -0.3413071632385254,
      "visibility": 0.769981861114502
    },
    {
      "x": 0.5484089851379395,
      "y": 0.505552351474762,
      "z": 0.004786388482898474,
      "visibility": 0.9983307719230652
    },
    {
      "x": 0.45747748017311096,
      "y": 0.5020516514778137,
      "z": -0.004633267875760794,
      "visibility": 0.996825098991394
    },
    {
      "x": 0.5097363591194153,
      "y": 0.6628416776657104,
      "z": -0.3390357196331024,
      "visibility": 0.9246425628662109
    },
    {
      "x": 0.4735662341117859,
      "y": 0.6680635213851929,
      "z": -0.33030155301094055,
      "visibility": 0.9415572881698608
    },
    {
      "x": 0.5168610215187073,
      "y": 0.8796024322509766,
      "z": -0.2255101054906845,
      "visibility": 0.9181322455406189
    },
    {
      "x": 0.4603792130947113,
      "y": 0.8799371123313904,
      "z": -0.22800813615322113,
      "visibility": 0.8678116202354431
    },
    {
      "x": 0.5108159184455872,
      "y": 0.8949841856956482,
      "z": -0.22791390120983124,
      "visibility": 0.6344489455223083
    },
    {
      "x": 0.45552343130111694,
      "y": 0.8917346596717834,
      "z": -0.23024259507656097,
      "visibility": 0.5560552477836609
    },
    {
      "x": 0.5036982893943787,
      "y": 0.9617289304733276,
      "z": -0.5142831206321716,
      "visibility": 0.9019672870635986
    },
    {
      "x": 0.47062888741493225,
      "y": 0.958777666091919,
      "z": -0.506850004196167,
      "visibility": 0.8769945502281189
    }
  ]
}