{
  "image": "C:\\Users\\shrad\\TrendWeave\\TrendWeave\\extracted_data\\Catwalks__Women_s_Colour_A_W_25_26_en\\page_9\\img_2.jpeg",
  "items": [
    {
      "yolo_label": "person",
      "bbox": [
        152.84373474121094,
        1.4342674016952515,
        491.5078430175781,
        654.0
      ],
      "confidence": 0.8681607246398926,
      "clip_attributes": {
        "palette": {
          "label": "bold colors",
          "confidence": 0.22766362130641937
        },
        "dress_silhouette": {
          "label": "wrap dress",
          "confidence": 0.24476176500320435
        },
        "neckline": {
          "label": "square neckline",
          "confidence": 0.264744371175766
        },
        "sleeve_type": {
          "label": "bell sleeves",
          "confidence": 0.27724602818489075
        },
        "top_silhouette": {
          "label": "peplum",
          "confidence": 0.27091145515441895
        },
        "bottom_style": {
          "label": "flared pants",
          "confidence": 0.2274845540523529
        },
        "outerwear": {
          "label": "long coat",
          "confidence": 0.24639181792736053
        },
        "shoe_type": {
          "label": "ballet flats",
          "confidence": 0.21890263259410858
        },
        "bag_type": {
          "label": "shoulder bag",
          "confidence": 0.21449628472328186
        },
        "accessory": {
          "label": "hoop earrings",
          "confidence": 0.2034955471754074
        },
        "hairstyle": {
          "label": "loose curls",
          "confidence": 0.21673408150672913
        },
        "setting": {
          "label": "office wear",
          "confidence": 0.24386084079742432
        },
        "fabric_type": {
          "label": "satin",
          "confidence": 0.2729281187057495
        },
        "season": {
          "label": "fall",
          "confidence": 0.21287699043750763
        },
        "style_theme": {
          "label": "elegant chic",
          "confidence": 0.25004011392593384
        }
      },
      "dominant_colors": [
        [
          19,
          136,
          131
        ],
        [
          183,
          143,
          163
        ],
        [
          79,
          150,
          146
        ]
      ],
      "texture_histogram": [
        8.0,
        81.0,
        217.0,
        608.0,
        1786.0,
        2223.0,
        3004.0,
        4196.0,
        5100.0,
        5073.0,
        4687.0,
        3868.0,
        3545.0,
        3544.0,
        3485.0,
        3201.0,
        2811.0,
        2463.0,
        2324.0,
        2121.0,
        2058.0,
        2134.0,
        2213.0,
        2429.0,
        2843.0,
        3397.0,
        4190.0,
        4530.0,
        4550.0,
        3859.0,
        2934.0,
        2123.0,
        1918.0,
        1920.0,
        1973.0,
        2264.0,
        2433.0,
        2403.0,
        2195.0,
        1883.0,
        1743.0,
        1611.0,
        1549.0,
        1503.0,
        1374.0,
        1385.0,
        1380.0,
        1427.0,
        1463.0,
        1479.0,
        1504.0,
        1525.0,
        1659.0,
        1686.0,
        1812.0,
        1824.0,
        2012.0,
        1971.0,
        2024.0,
        1922.0,
        1777.0,
        1770.0,
        1768.0,
        1783.0,
        1785.0,
        1795.0,
        1612.0,
        1642.0,
        1525.0,
        1573.0,
        1488.0,
        1528.0,
        1458.0,
        1354.0,
        1462.0,
        1388.0,
        1321.0,
        1199.0,
        1182.0,
        1159.0,
        1116.0,
        1062.0,
        1074.0,
        1147.0,
        1186.0,
        1258.0,
        1255.0,
        1379.0,
        1484.0,
        1452.0,
        1404.0,
        1347.0,
        1209.0,
        1166.0,
        1022.0,
        954.0,
        768.0,
        638.0,
        571.0,
        604.0,
        561.0,
        595.0,
        620.0,
        635.0,
        565.0,
        564.0,
        462.0,
        443.0,
        429.0,
        463.0,
        433.0,
        424.0,
        395.0,
        328.0,
        271.0,
        244.0,
        194.0,
        159.0,
        165.0,
        142.0,
        159.0,
        163.0,
        160.0,
        157.0,
        131.0,
        167.0,
        138.0,
        157.0,
        172.0,
        161.0,
        163.0,
        156.0,
        181.0,
        208.0,
        183.0,
        175.0,
        191.0,
        167.0,
        167.0,
        185.0,
        171.0,
        172.0,
        169.0,
        175.0,
        186.0,
        213.0,
        190.0,
        147.0,
        192.0,
        168.0,
        190.0,
        190.0,
        164.0,
        194.0,
        161.0,
        193.0,
        159.0,
        168.0,
        143.0,
        141.0,
        141.0,
        133.0,
        140.0,
        133.0,
        127.0,
        139.0,
        147.0,
        125.0,
        127.0,
        121.0,
        147.0,
        131.0,
        122.0,
        136.0,
        140.0,
        146.0,
        126.0,
        135.0,
        157.0,
        141.0,
        151.0,
        150.0,
        148.0,
        152.0,
        149.0,
        167.0,
        155.0,
        168.0,
        146.0,
        157.0,
        165.0,
        138.0,
        148.0,
        152.0,
        163.0,
        156.0,
        204.0,
        192.0,
        173.0,
        216.0,
        258.0,
        248.0,
        268.0,
        286.0,
        306.0,
        342.0,
        380.0,
        393.0,
        391.0,
        454.0,
        374.0,
        386.0,
        319.0,
        305.0,
        265.0,
        205.0,
        230.0,
        211.0,
        173.0,
        169.0,
        97.0,
        42.0,
        30.0,
        26.0,
        16.0,
        14.0,
        13.0,
        17.0,
        12.0,
        16.0,
        13.0,
        15.0,
        13.0,
        11.0,
        11.0,
        10.0,
        12.0,
        9.0,
        8.0,
        3.0,
        3.0,
        4.0,
        3.0,
        2.0,
        1.0,
        2.0,
        3.0,
        0.0,
        2.0,
        1.0,
        0.0,
        0.0,
        0.0,
        0.0,
        0.0,
        0.0
      ],
      "silhouette_mask_path": "C:\\Users\\shrad\\TrendWeave\\MERGE_OUTPUT_FINAL\\Catwalks__Women_s_Colour_A_W_25_26_en\\page_9\\img_2_mask_0.png"
    }
  ],
  "pose_keypoints": [
    {
      "x": 0.49307483434677124,
      "y": 0.024390041828155518,
      "z": -1.131334900856018,
      "visibility": 0.9983983635902405
    },
    {
      "x": 0.5195820331573486,
      "y": -0.0006348490715026855,
      "z": -1.0907015800476074,
      "visibility": 0.9973018169403076
    },
    {
      "x": 0.5338876247406006,
      "y": 0.0001831650733947754,
      "z": -1.090942621231079,
      "visibility": 0.997557520866394
    },
    {
      "x": 0.5471975803375244,
      "y": 0.0007188916206359863,
      "z": -1.0911792516708374,
      "visibility": 0.9972348809242249
    },
    {
      "x": 0.4742315113544464,
      "y": -0.005499660968780518,
      "z": -1.0920356512069702,
      "visibility": 0.9966208934783936
    },
    {
      "x": 0.4577507972717285,
      "y": -0.008056402206420898,
      "z": -1.0920991897583008,
      "visibility": 0.9964571595191956
    },
    {
      "x": 0.4422793686389923,
      "y": -0.010397911071777344,
      "z": -1.0924702882766724,
      "visibility": 0.9959141612052917
    },
    {
      "x": 0.5638296008110046,
      "y": 0.005774796009063721,
      "z": -0.7472753524780273,
      "visibility": 0.9965260624885559
    },
    {
      "x": 0.4209519922733307,
      "y": -0.009277760982513428,
      "z": -0.7566695809364319,
      "visibility": 0.9966103434562683
    },
    {
      "x": 0.5162654519081116,
      "y": 0.048998355865478516,
      "z": -0.9931463599205017,
      "visibility": 0.999176561832428
    },
    {
      "x": 0.46580132842063904,
      "y": 0.044937193393707275,
      "z": -0.9954844117164612,
      "visibility": 0.9991763234138489
    },
    {
      "x": 0.6335325241088867,
      "y": 0.14803940057754517,
      "z": -0.49650102853775024,
      "visibility": 0.9992751479148865
    },
    {
      "x": 0.3264565169811249,
      "y": 0.15842878818511963,
      "z": -0.5370860695838928,
      "visibility": 0.9983034133911133
    },
    {
      "x": 0.6408179998397827,
      "y": 0.3943004906177521,
      "z": -0.47498294711112976,
      "visibility": 0.8841134309768677
    },
    {
      "x": 0.31768471002578735,
      "y": 0.4066307842731476,
      "z": -0.5460357666015625,
      "visibility": 0.8974974751472473
    },
    {
      "x": 0.6204028129577637,
      "y": 0.4849408268928528,
      "z": -0.9152815341949463,
      "visibility": 0.780600368976593
    },
    {
      "x": 0.4500834047794342,
      "y": 0.4936947226524353,
      "z": -0.8401651382446289,
      "visibility": 0.5547947883605957
    },
    {
      "x": 0.5916897654533386,
      "y": 0.5229151844978333,
      "z": -1.0551209449768066,
      "visibility": 0.7309045791625977
    },
    {
      "x": 0.4949877858161926,
      "y": 0.5442997217178345,
      "z": -0.9512262940406799,
      "visibility": 0.48420313000679016
    },
    {
      "x": 0.5869328379631042,
      "y": 0.4838213324546814,
      "z": -1.1111652851104736,
      "visibility": 0.7416331768035889
    },
    {
      "x": 0.5020735263824463,
      "y": 0.507206380367279,
      "z": -1.0004994869232178,
      "visibility": 0.4893432557582855
    },
    {
      "x": 0.5777462720870972,
      "y": 0.4680960774421692,
      "z": -0.9465991854667664,
      "visibility": 0.7284902334213257
    },
    {
      "x": 0.4946536719799042,
      "y": 0.4878864288330078,
      "z": -0.8642048239707947,
      "visibility": 0.4923129379749298
    },
    {
      "x": 0.5822634100914001,
      "y": 0.5895844101905823,
      "z": 0.01774020306766033,
      "visibility": 0.9901115298271179
    },
    {
      "x": 0.4085463881492615,
      "y": 0.5888820290565491,
      "z": -0.01660260744392872,
      "visibility": 0.9888378381729126
    },
    {
      "x": 0.5704092979431152,
      "y": 0.8660169839859009,
      "z": 0.07693924754858017,
      "visibility": 0.8453868627548218
    },
    {
      "x": 0.4334706664085388,
      "y": 0.8461600542068481,
      "z": 0.17393554747104645,
      "visibility": 0.8432982563972473
    },
    {
      "x": 0.5429225564002991,
      "y": 1.1156983375549316,
      "z": 0.8836857676506042,
      "visibility": 0.584247350692749
    },
    {
      "x": 0.4325442612171173,
      "y": 1.1157047748565674,
      "z": 0.999714732170105,
      "visibility": 0.4520190358161926
    },
    {
      "x": 0.531102180480957,
      "y": 1.1409060955047607,
      "z": 0.9486686587333679,
      "visibility": 0.4065738916397095
    },
    {
      "x": 0.4323666989803314,
      "y": 1.1338365077972412,
      "z": 1.0709202289581299,
      "visibility": 0.25356826186180115
    },
    {
      "x": 0.5433077812194824,
      "y": 1.2557648420333862,
      "z": 0.624519944190979,
      "visibility": 0.4398128092288971
    },
    {
      "x": 0.4515646696090698,
      "y": 1.2569936513900757,
      "z": 0.7152785062789917,
      "visibility": 0.2885380685329437
    }
  ]
}