{
  "image": "C:\\Users\\shrad\\TrendWeave\\TrendWeave\\extracted_data\\Catwalks__Women_s_Footwear___Bags_Colour_A_W_25_26_en\\page_20\\img_2.jpeg",
  "items": [
    {
      "yolo_label": "cell phone",
      "bbox": [
        673.9431762695312,
        31.728240966796875,
        1243.099853515625,
        673.757080078125
      ],
      "confidence": 0.8006131649017334,
      "clip_attributes": {
        "palette": {
          "label": "monochrome",
          "confidence": 0.20465686917304993
        },
        "dress_silhouette": {
          "label": "fit and flare",
          "confidence": 0.2143600732088089
        },
        "neckline": {
          "label": "square neckline",
          "confidence": 0.2374531626701355
        },
        "sleeve_type": {
          "label": "bell sleeves",
          "confidence": 0.19829045236110687
        },
        "top_silhouette": {
          "label": "peplum",
          "confidence": 0.1986769437789917
        },
        "bottom_style": {
          "label": "flared pants",
          "confidence": 0.19210772216320038
        },
        "outerwear": {
          "label": "blazer",
          "confidence": 0.20040278136730194
        },
        "shoe_type": {
          "label": "ankle boots",
          "confidence": 0.2176392525434494
        },
        "bag_type": {
          "label": "shoulder bag",
          "confidence": 0.28541335463523865
        },
        "accessory": {
          "label": "watch",
          "confidence": 0.20368395745754242
        },
        "hairstyle": {
          "label": "high bun",
          "confidence": 0.19717207551002502
        },
        "setting": {
          "label": "street style",
          "confidence": 0.2253173291683197
        },
        "fabric_type": {
          "label": "satin",
          "confidence": 0.19676794111728668
        },
        "season": {
          "label": "fall",
          "confidence": 0.19004228711128235
        },
        "style_theme": {
          "label": "elegant chic",
          "confidence": 0.22604748606681824
        }
      },
      "dominant_colors": [
        [
          4,
          130,
          128
        ],
        [
          82,
          175,
          157
        ],
        [
          49,
          142,
          133
        ]
      ],
      "texture_histogram": [
        1550.0,
        19377.0,
        22809.0,
        33516.0,
        38961.0,
        36712.0,
        30295.0,
        22713.0,
        16789.0,
        12619.0,
        9721.0,
        7627.0,
        6186.0,
        5149.0,
        4384.0,
        3867.0,
        3330.0,
        2853.0,
        2580.0,
        2405.0,
        2286.0,
        2164.0,
        2114.0,
        2012.0,
        1917.0,
        1893.0,
        1917.0,
        1792.0,
        1783.0,
        1688.0,
        1523.0,
        1492.0,
        1461.0,
        1373.0,
        1424.0,
        1461.0,
        1434.0,
        1435.0,
        1546.0,
        1597.0,
        1735.0,
        1779.0,
        1935.0,
        2055.0,
        2128.0,
        2249.0,
        2492.0,
        2469.0,
        2482.0,
        2610.0,
        2414.0,
        2309.0,
        2221.0,
        1904.0,
        1688.0,
        1367.0,
        1126.0,
        939.0,
        818.0,
        636.0,
        557.0,
        516.0,
        437.0,
        370.0,
        329.0,
        316.0,
        277.0,
        271.0,
        265.0,
        246.0,
        242.0,
        237.0,
        202.0,
        220.0,
        185.0,
        159.0,
        160.0,
        154.0,
        163.0,
        155.0,
        145.0,
        139.0,
        155.0,
        113.0,
        134.0,
        128.0,
        109.0,
        106.0,
        122.0,
        104.0,
        118.0,
        122.0,
        94.0,
        108.0,
        100.0,
        116.0,
        107.0,
        87.0,
        99.0,
        63.0,
        85.0,
        74.0,
        83.0,
        76.0,
        82.0,
        63.0,
        64.0,
        58.0,
        67.0,
        62.0,
        64.0,
        66.0,
        51.0,
        55.0,
        46.0,
        50.0,
        52.0,
        38.0,
        45.0,
        55.0,
        41.0,
        39.0,
        34.0,
        38.0,
        43.0,
        33.0,
        35.0,
        21.0,
        28.0,
        36.0,
        21.0,
        26.0,
        31.0,
        27.0,
        31.0,
        30.0,
        21.0,
        30.0,
        32.0,
        34.0,
        40.0,
        30.0,
        32.0,
        25.0,
        24.0,
        28.0,
        24.0,
        24.0,
        20.0,
        13.0,
        29.0,
        16.0,
        11.0,
        13.0,
        17.0,
        25.0,
        31.0,
        22.0,
        28.0,
        35.0,
        27.0,
        27.0,
        29.0,
        26.0,
        36.0,
        27.0,
        13.0,
        16.0,
        27.0,
        22.0,
        23.0,
        18.0,
        20.0,
        22.0,
        26.0,
        25.0,
        24.0,
        15.0,
        13.0,
        17.0,
        10.0,
        16.0,
        6.0,
        6.0,
        4.0,
        14.0,
        5.0,
        7.0,
        5.0,
        3.0,
        4.0,
        9.0,
        4.0,
        2.0,
        5.0,
        8.0,
        3.0,
        6.0,
        6.0,
        3.0,
        9.0,
        1.0,
        1.0,
        7.0,
        2.0,
        5.0,
        3.0,
        7.0,
        5.0,
        6.0,
        4.0,
        2.0,
        7.0,
        3.0,
        4.0,
        2.0,
        6.0,
        3.0,
        2.0,
        3.0,
        2.0,
        1.0,
        3.0,
        2.0,
        5.0,
        1.0,
        2.0,
        3.0,
        3.0,
        2.0,
        5.0,
        0.0,
        2.0,
        2.0,
        2.0,
        3.0,
        6.0,
        1.0,
        2.0,
        0.0,
        3.0,
        4.0,
        2.0,
        4.0,
        3.0,
        3.0,
        2.0,
        2.0,
        2.0,
        4.0,
        1.0,
        2.0,
        1.0,
        1.0,
        3.0,
        0.0
      ],
      "silhouette_mask_path": "C:\\Users\\shrad\\TrendWeave\\MERGE_OUTPUT_FINAL\\Catwalks__Women_s_Footwear___Bags_Colour_A_W_25_26_en\\page_20\\img_2_mask_0.png"
    },
    {
      "yolo_label": "handbag",
      "bbox": [
        70.00340270996094,
        1.4114067554473877,
        692.9613037109375,
        669.8245849609375
      ],
      "confidence": 0.3061756491661072,
      "clip_attributes": {
        "palette": {
          "label": "monochrome",
          "confidence": 0.20564614236354828
        },
        "dress_silhouette": {
          "label": "fit and flare",
          "confidence": 0.21671843528747559
        },
        "neckline": {
          "label": "square neckline",
          "confidence": 0.22645725309848785
        },
        "sleeve_type": {
          "label": "bell sleeves",
          "confidence": 0.19820420444011688
        },
        "top_silhouette": {
          "label": "peplum",
          "confidence": 0.19370721280574799
        },
        "bottom_style": {
          "label": "culottes",
          "confidence": 0.1955529898405075
        },
        "outerwear": {
          "label": "blazer",
          "confidence": 0.20796775817871094
        },
        "shoe_type": {
          "label": "ankle boots",
          "confidence": 0.20797638595104218
        },
        "bag_type": {
          "label": "shoulder bag",
          "confidence": 0.2797730565071106
        },
        "accessory": {
          "label": "watch",
          "confidence": 0.20750892162322998
        },
        "hairstyle": {
          "label": "high bun",
          "confidence": 0.1873043030500412
        },
        "setting": {
          "label": "office wear",
          "confidence": 0.2282216101884842
        },
        "fabric_type": {
          "label": "organza",
          "confidence": 0.1956087350845337
        },
        "season": {
          "label": "fall",
          "confidence": 0.19059625267982483
        },
        "style_theme": {
          "label": "elegant chic",
          "confidence": 0.2336113303899765
        }
      },
      "dominant_colors": [
        [
          9,
          130,
          128
        ],
        [
          145,
          135,
          127
        ],
        [
          65,
          163,
          150
        ]
      ],
      "texture_histogram": [
        1747.0,
        16766.0,
        23981.0,
        24873.0,
        22486.0,
        17497.0,
        16232.0,
        14953.0,
        14471.0,
        14356.0,
        14021.0,
        13496.0,
        12541.0,
        11850.0,
        10565.0,
        9824.0,
        8878.0,
        8058.0,
        7194.0,
        6677.0,
        5829.0,
        5234.0,
        4654.0,
        4277.0,
        3962.0,
        3575.0,
        3418.0,
        3379.0,
        3117.0,
        2942.0,
        2929.0,
        2970.0,
        2972.0,
        2985.0,
        3108.0,
        3450.0,
        3338.0,
        3292.0,
        3117.0,
        3049.0,
        2949.0,
        3068.0,
        3030.0,
        3184.0,
        3405.0,
        3263.0,
        3156.0,
        3167.0,
        3065.0,
        2858.0,
        2777.0,
        2606.0,
        2344.0,
        2180.0,
        1957.0,
        1555.0,
        1452.0,
        1206.0,
        1006.0,
        882.0,
        755.0,
        680.0,
        592.0,
        565.0,
        471.0,
        484.0,
        453.0,
        409.0,
        415.0,
        373.0,
        390.0,
        343.0,
        357.0,
        353.0,
        354.0,
        342.0,
        305.0,
        311.0,
        320.0,
        294.0,
        316.0,
        301.0,
        293.0,
        311.0,
        272.0,
        251.0,
        266.0,
        274.0,
        242.0,
        223.0,
        258.0,
        210.0,
        230.0,
        239.0,
        206.0,
        212.0,
        228.0,
        208.0,
        198.0,
        181.0,
        158.0,
        199.0,
        196.0,
        170.0,
        152.0,
        157.0,
        159.0,
        172.0,
        153.0,
        160.0,
        136.0,
        154.0,
        129.0,
        154.0,
        165.0,
        133.0,
        136.0,
        116.0,
        151.0,
        138.0,
        127.0,
        115.0,
        126.0,
        139.0,
        139.0,
        141.0,
        110.0,
        115.0,
        122.0,
        125.0,
        122.0,
        111.0,
        132.0,
        113.0,
        115.0,
        124.0,
        117.0,
        121.0,
        105.0,
        109.0,
        96.0,
        101.0,
        92.0,
        95.0,
        95.0,
        97.0,
        113.0,
        117.0,
        114.0,
        99.0,
        118.0,
        97.0,
        86.0,
        96.0,
        86.0,
        88.0,
        89.0,
        104.0,
        106.0,
        87.0,
        91.0,
        79.0,
        87.0,
        70.0,
        82.0,
        75.0,
        67.0,
        79.0,
        65.0,
        80.0,
        76.0,
        66.0,
        77.0,
        83.0,
        75.0,
        72.0,
        61.0,
        65.0,
        69.0,
        60.0,
        51.0,
        55.0,
        62.0,
        61.0,
        72.0,
        63.0,
        48.0,
        53.0,
        50.0,
        44.0,
        33.0,
        37.0,
        27.0,
        33.0,
        26.0,
        35.0,
        40.0,
        36.0,
        27.0,
        37.0,
        30.0,
        23.0,
        30.0,
        31.0,
        28.0,
        35.0,
        31.0,
        27.0,
        23.0,
        24.0,
        21.0,
        23.0,
        26.0,
        31.0,
        18.0,
        35.0,
        20.0,
        19.0,
        19.0,
        21.0,
        20.0,
        16.0,
        13.0,
        9.0,
        10.0,
        12.0,
        20.0,
        12.0,
        9.0,
        13.0,
        17.0,
        12.0,
        3.0,
        6.0,
        6.0,
        11.0,
        14.0,
        13.0,
        15.0,
        11.0,
        4.0,
        11.0,
        15.0,
        19.0,
        25.0,
        15.0,
        25.0,
        10.0,
        15.0,
        14.0,
        14.0,
        20.0,
        18.0,
        14.0,
        1.0,
        0.0
      ],
      "silhouette_mask_path": "C:\\Users\\shrad\\TrendWeave\\MERGE_OUTPUT_FINAL\\Catwalks__Women_s_Footwear___Bags_Colour_A_W_25_26_en\\page_20\\img_2_mask_1.png"
    }
  ],
  "pose_keypoints": null
}