{
  "image": "C:\\Users\\shrad\\TrendWeave\\TrendWeave\\extracted_data\\Catwalks__Women_s_Colour_A_W_25_26_en\\page_27\\img_1.jpeg",
  "items": [
    {
      "yolo_label": "person",
      "bbox": [
        162.06884765625,
        19.25458526611328,
        473.94293212890625,
        651.3516235351562
      ],
      "confidence": 0.8439767956733704,
      "clip_attributes": {
        "palette": {
          "label": "earth tones",
          "confidence": 0.2807864844799042
        },
        "dress_silhouette": {
          "label": "wrap dress",
          "confidence": 0.29283010959625244
        },
        "neckline": {
          "label": "square neckline",
          "confidence": 0.30476006865501404
        },
        "sleeve_type": {
          "label": "cap sleeves",
          "confidence": 0.2732522189617157
        },
        "top_silhouette": {
          "label": "wrap top",
          "confidence": 0.2790641784667969
        },
        "bottom_style": {
          "label": "wide-leg pants",
          "confidence": 0.24065667390823364
        },
        "outerwear": {
          "label": "long coat",
          "confidence": 0.23914089798927307
        },
        "shoe_type": {
          "label": "ankle boots",
          "confidence": 0.2344348132610321
        },
        "bag_type": {
          "label": "shoulder bag",
          "confidence": 0.22697457671165466
        },
        "accessory": {
          "label": "scarf",
          "confidence": 0.23182111978530884
        },
        "hairstyle": {
          "label": "high bun",
          "confidence": 0.24614393711090088
        },
        "setting": {
          "label": "office wear",
          "confidence": 0.2542043924331665
        },
        "fabric_type": {
          "label": "linen",
          "confidence": 0.2827247381210327
        },
        "season": {
          "label": "spring",
          "confidence": 0.2289106696844101
        },
        "style_theme": {
          "label": "elegant chic",
          "confidence": 0.2648388147354126
        }
      },
      "dominant_colors": [
        [
          79,
          131,
          150
        ],
        [
          196,
          127,
          129
        ],
        [
          135,
          136,
          142
        ]
      ],
      "texture_histogram": [
        2.0,
        2.0,
        4.0,
        2.0,
        1.0,
        10.0,
        6.0,
        5.0,
        8.0,
        4.0,
        6.0,
        12.0,
        17.0,
        30.0,
        25.0,
        57.0,
        76.0,
        106.0,
        108.0,
        121.0,
        116.0,
        136.0,
        152.0,
        147.0,
        194.0,
        222.0,
        249.0,
        311.0,
        326.0,
        367.0,
        415.0,
        518.0,
        539.0,
        516.0,
        544.0,
        515.0,
        474.0,
        482.0,
        479.0,
        445.0,
        456.0,
        456.0,
        507.0,
        480.0,
        564.0,
        556.0,
        604.0,
        628.0,
        647.0,
        662.0,
        708.0,
        745.0,
        761.0,
        832.0,
        883.0,
        837.0,
        900.0,
        965.0,
        996.0,
        1071.0,
        1130.0,
        1236.0,
        1355.0,
        1469.0,
        1592.0,
        1625.0,
        1791.0,
        1947.0,
        2090.0,
        2103.0,
        2242.0,
        2486.0,
        2852.0,
        2999.0,
        3229.0,
        3448.0,
        3377.0,
        3402.0,
        3295.0,
        3187.0,
        3149.0,
        3108.0,
        3150.0,
        3139.0,
        2864.0,
        2644.0,
        2344.0,
        2199.0,
        2164.0,
        2236.0,
        2212.0,
        2149.0,
        2104.0,
        2222.0,
        1897.0,
        1693.0,
        1519.0,
        1326.0,
        1156.0,
        1139.0,
        989.0,
        946.0,
        962.0,
        892.0,
        890.0,
        822.0,
        837.0,
        881.0,
        820.0,
        820.0,
        873.0,
        937.0,
        1008.0,
        982.0,
        913.0,
        865.0,
        938.0,
        967.0,
        923.0,
        994.0,
        937.0,
        906.0,
        954.0,
        947.0,
        964.0,
        1014.0,
        970.0,
        916.0,
        846.0,
        839.0,
        886.0,
        901.0,
        903.0,
        869.0,
        915.0,
        893.0,
        793.0,
        826.0,
        890.0,
        820.0,
        826.0,
        807.0,
        773.0,
        776.0,
        738.0,
        727.0,
        689.0,
        702.0,
        718.0,
        666.0,
        744.0,
        654.0,
        716.0,
        711.0,
        652.0,
        618.0,
        585.0,
        612.0,
        705.0,
        740.0,
        646.0,
        659.0,
        654.0,
        694.0,
        675.0,
        650.0,
        642.0,
        572.0,
        611.0,
        679.0,
        664.0,
        751.0,
        771.0,
        731.0,
        725.0,
        675.0,
        619.0,
        563.0,
        521.0,
        376.0,
        417.0,
        437.0,
        413.0,
        309.0,
        309.0,
        327.0,
        272.0,
        222.0,
        223.0,
        198.0,
        185.0,
        150.0,
        178.0,
        177.0,
        192.0,
        207.0,
        203.0,
        226.0,
        182.0,
        250.0,
        330.0,
        305.0,
        342.0,
        380.0,
        431.0,
        467.0,
        510.0,
        589.0,
        654.0,
        778.0,
        695.0,
        838.0,
        812.0,
        670.0,
        1087.0,
        1035.0,
        1082.0,
        989.0,
        649.0,
        494.0,
        407.0,
        295.0,
        234.0,
        171.0,
        95.0,
        112.0,
        75.0,
        69.0,
        59.0,
        46.0,
        42.0,
        34.0,
        29.0,
        18.0,
        15.0,
        13.0,
        9.0,
        6.0,
        8.0,
        4.0,
        3.0,
        4.0,
        3.0,
        3.0,
        3.0,
        0.0,
        4.0,
        2.0,
        4.0,
        0.0,
        1.0,
        1.0,
        2.0,
        1.0,
        3.0,
        2.0
      ],
      "silhouette_mask_path": "C:\\Users\\shrad\\TrendWeave\\MERGE_OUTPUT_FINAL\\Catwalks__Women_s_Colour_A_W_25_26_en\\page_27\\img_1_mask_0.png"
    }
  ],
  "pose_keypoints": [
    {
      "x": 0.4969809651374817,
      "y": 0.1912129521369934,
      "z": -0.5597122311592102,
      "visibility": 0.9999051094055176
    },
    {
      "x": 0.5156195759773254,
      "y": 0.1593468189239502,
      "z": -0.5296356081962585,
      "visibility": 0.9998195767402649
    },
    {
      "x": 0.5281832218170166,
      "y": 0.15898233652114868,
      "z": -0.5297488570213318,
      "visibility": 0.9998268485069275
    },
    {
      "x": 0.5398901700973511,
      "y": 0.15941303968429565,
      "z": -0.5298288464546204,
      "visibility": 0.9998165965080261
    },
    {
      "x": 0.4784640669822693,
      "y": 0.16118162870407104,
      "z": -0.5311590433120728,
      "visibility": 0.9998584985733032
    },
    {
      "x": 0.46746495366096497,
      "y": 0.1616208553314209,
      "z": -0.5310576558113098,
      "visibility": 0.9998676776885986
    },
    {
      "x": 0.4569927155971527,
      "y": 0.16295331716537476,
      "z": -0.531299889087677,
      "visibility": 0.9998723268508911
    },
    {
      "x": 0.5554167032241821,
      "y": 0.17447614669799805,
      "z": -0.31650927662849426,
      "visibility": 0.9997691512107849
    },
    {
      "x": 0.4432462155818939,
      "y": 0.17912691831588745,
      "z": -0.32650983333587646,
      "visibility": 0.9998835325241089
    },
    {
      "x": 0.5204645395278931,
      "y": 0.2238893359899521,
      "z": -0.4773496687412262,
      "visibility": 0.9999111890792847
    },
    {
      "x": 0.47534558176994324,
      "y": 0.22446680068969727,
      "z": -0.4799976348876953,
      "visibility": 0.9999328851699829
    },
    {
      "x": 0.6471696496009827,
      "y": 0.37030738592147827,
      "z": -0.2184010148048401,
      "visibility": 0.9991399049758911
    },
    {
      "x": 0.3523370027542114,
      "y": 0.37324845790863037,
      "z": -0.21351835131645203,
      "visibility": 0.9997373223304749
    },
    {
      "x": 0.675335168838501,
      "y": 0.6238477230072021,
      "z": -0.09928543120622635,
      "visibility": 0.8894551396369934
    },
    {
      "x": 0.33221399784088135,
      "y": 0.640533983707428,
      "z": -0.08892573416233063,
      "visibility": 0.9674795866012573
    },
    {
      "x": 0.695561408996582,
      "y": 0.8550467491149902,
      "z": -0.1610690802335739,
      "visibility": 0.5529882907867432
    },
    {
      "x": 0.2952641248703003,
      "y": 0.8772731423377991,
      "z": -0.16905604302883148,
      "visibility": 0.8153418302536011
    },
    {
      "x": 0.6895056366920471,
      "y": 0.9418765306472778,
      "z": -0.19587361812591553,
      "visibility": 0.5249870419502258
    },
    {
      "x": 0.27241250872612,
      "y": 0.9513561725616455,
      "z": -0.20062795281410217,
      "visibility": 0.7574767470359802
    },
    {
      "x": 0.6883772015571594,
      "y": 0.9237831234931946,
      "z": -0.24614456295967102,
      "visibility": 0.5640076994895935
    },
    {
      "x": 0.2873303294181824,
      "y": 0.9596149921417236,
      "z": -0.2733954191207886,
      "visibility": 0.792457103729248
    },
    {
      "x": 0.6518501043319702,
      "y": 0.9185351729393005,
      "z": -0.18358281254768372,
      "visibility": 0.6076546311378479
    },
    {
      "x": 0.30196839570999146,
      "y": 0.935410737991333,
      "z": -0.20276011526584625,
      "visibility": 0.8088524341583252
    },
    {
      "x": 0.5776318311691284,
      "y": 0.8153243064880371,
      "z": -0.0057013314217329025,
      "visibility": 0.9638733267784119
    },
    {
      "x": 0.4018592834472656,
      "y": 0.8018511533737183,
      "z": 0.006575745530426502,
      "visibility": 0.9769095778465271
    },
    {
      "x": 0.5544141530990601,
      "y": 1.1419750452041626,
      "z": -0.07592939585447311,
      "visibility": 0.20443876087665558
    },
    {
      "x": 0.3712398409843445,
      "y": 1.133685827255249,
      "z": -0.12291136384010315,
      "visibility": 0.2673377990722656
    },
    {
      "x": 0.54613196849823,
      "y": 1.4216361045837402,
      "z": 0.32935452461242676,
      "visibility": 0.016240835189819336
    },
    {
      "x": 0.3667057752609253,
      "y": 1.446652889251709,
      "z": 0.11310339719057083,
      "visibility": 0.02556058019399643
    },
    {
      "x": 0.5472473502159119,
      "y": 1.4533218145370483,
      "z": 0.3583357334136963,
      "visibility": 0.015863724052906036
    },
    {
      "x": 0.3683009445667267,
      "y": 1.4882843494415283,
      "z": 0.12693218886852264,
      "visibility": 0.015634480863809586
    },
    {
      "x": 0.5234114527702332,
      "y": 1.538630485534668,
      "z": 0.1345280408859253,
      "visibility": 0.01061235275119543
    },
    {
      "x": 0.36413145065307617,
      "y": 1.5515633821487427,
      "z": -0.17530769109725952,
      "visibility": 0.013587146997451782
    }
  ]
}