{
  "image": "C:\\Users\\shrad\\TrendWeave\\TrendWeave\\extracted_data\\Catwalks__Women_s_Key_Items___Cut___Sew_A_W_25_26_en\\page_6\\img_4.jpeg",
  "items": [
    {
      "yolo_label": "person",
      "bbox": [
        14.44782543182373,
        25.292959213256836,
        559.6006469726562,
        1166.40966796875
      ],
      "confidence": 0.8860468864440918,
      "clip_attributes": {
        "palette": {
          "label": "earth tones",
          "confidence": 0.2307286560535431
        },
        "dress_silhouette": {
          "label": "wrap dress",
          "confidence": 0.2413434386253357
        },
        "neckline": {
          "label": "square neckline",
          "confidence": 0.2521490752696991
        },
        "sleeve_type": {
          "label": "puffed sleeves",
          "confidence": 0.26055648922920227
        },
        "top_silhouette": {
          "label": "wrap top",
          "confidence": 0.23162977397441864
        },
        "bottom_style": {
          "label": "wide-leg pants",
          "confidence": 0.24368269741535187
        },
        "outerwear": {
          "label": "long coat",
          "confidence": 0.24513500928878784
        },
        "shoe_type": {
          "label": "ballet flats",
          "confidence": 0.2023467868566513
        },
        "bag_type": {
          "label": "shoulder bag",
          "confidence": 0.2395586520433426
        },
        "accessory": {
          "label": "scarf",
          "confidence": 0.23375938832759857
        },
        "hairstyle": {
          "label": "high bun",
          "confidence": 0.21044200658798218
        },
        "setting": {
          "label": "street style",
          "confidence": 0.22492672502994537
        },
        "fabric_type": {
          "label": "satin",
          "confidence": 0.23548609018325806
        },
        "season": {
          "label": "fall",
          "confidence": 0.20249401032924652
        },
        "style_theme": {
          "label": "boho",
          "confidence": 0.22398987412452698
        }
      },
      "dominant_colors": [
        [
          70,
          135,
          132
        ],
        [
          166,
          131,
          133
        ],
        [
          8,
          129,
          127
        ]
      ],
      "texture_histogram": [
        2163.0,
        5453.0,
        22325.0,
        48428.0,
        37952.0,
        28055.0,
        23712.0,
        17438.0,
        9196.0,
        5012.0,
        3181.0,
        2567.0,
        2193.0,
        2247.0,
        2166.0,
        2115.0,
        2143.0,
        2188.0,
        2117.0,
        2319.0,
        2331.0,
        2273.0,
        2404.0,
        2445.0,
        2564.0,
        2514.0,
        2596.0,
        2777.0,
        2879.0,
        2928.0,
        3006.0,
        3071.0,
        3294.0,
        3264.0,
        3410.0,
        3560.0,
        3615.0,
        3791.0,
        3961.0,
        4110.0,
        4134.0,
        4241.0,
        4380.0,
        4556.0,
        4514.0,
        4698.0,
        4750.0,
        4890.0,
        5082.0,
        5179.0,
        5253.0,
        5280.0,
        5315.0,
        5563.0,
        5443.0,
        5333.0,
        5408.0,
        5592.0,
        5370.0,
        5517.0,
        5523.0,
        5301.0,
        5373.0,
        5420.0,
        5523.0,
        5451.0,
        5409.0,
        5497.0,
        5441.0,
        5705.0,
        5545.0,
        5551.0,
        5537.0,
        5410.0,
        5313.0,
        5180.0,
        4768.0,
        4643.0,
        4518.0,
        4384.0,
        4173.0,
        3866.0,
        3856.0,
        3698.0,
        3494.0,
        3238.0,
        2962.0,
        2664.0,
        2495.0,
        2218.0,
        2026.0,
        1589.0,
        1577.0,
        1459.0,
        1296.0,
        1204.0,
        1179.0,
        1112.0,
        1130.0,
        1022.0,
        1050.0,
        1022.0,
        972.0,
        968.0,
        918.0,
        950.0,
        982.0,
        911.0,
        992.0,
        975.0,
        968.0,
        990.0,
        992.0,
        960.0,
        928.0,
        958.0,
        970.0,
        976.0,
        972.0,
        951.0,
        969.0,
        989.0,
        953.0,
        935.0,
        941.0,
        949.0,
        931.0,
        943.0,
        943.0,
        934.0,
        959.0,
        934.0,
        984.0,
        967.0,
        967.0,
        1010.0,
        953.0,
        918.0,
        970.0,
        890.0,
        922.0,
        896.0,
        867.0,
        899.0,
        881.0,
        852.0,
        863.0,
        857.0,
        833.0,
        855.0,
        834.0,
        864.0,
        823.0,
        781.0,
        753.0,
        762.0,
        750.0,
        722.0,
        682.0,
        692.0,
        652.0,
        609.0,
        626.0,
        620.0,
        601.0,
        528.0,
        536.0,
        562.0,
        471.0,
        476.0,
        489.0,
        461.0,
        379.0,
        449.0,
        452.0,
        434.0,
        424.0,
        412.0,
        416.0,
        447.0,
        403.0,
        449.0,
        406.0,
        426.0,
        416.0,
        385.0,
        336.0,
        361.0,
        369.0,
        371.0,
        350.0,
        316.0,
        354.0,
        326.0,
        298.0,
        331.0,
        306.0,
        339.0,
        375.0,
        356.0,
        347.0,
        346.0,
        308.0,
        355.0,
        377.0,
        327.0,
        344.0,
        337.0,
        347.0,
        326.0,
        332.0,
        303.0,
        311.0,
        284.0,
        336.0,
        372.0,
        350.0,
        415.0,
        392.0,
        414.0,
        417.0,
        321.0,
        304.0,
        263.0,
        284.0,
        245.0,
        239.0,
        214.0,
        212.0,
        174.0,
        210.0,
        202.0,
        216.0,
        207.0,
        223.0,
        223.0,
        226.0,
        224.0,
        211.0,
        188.0,
        181.0,
        184.0,
        211.0,
        197.0,
        185.0,
        183.0,
        129.0,
        142.0,
        93.0,
        80.0,
        76.0,
        86.0,
        75.0,
        77.0,
        59.0,
        1.0
      ],
      "silhouette_mask_path": "C:\\Users\\shrad\\TrendWeave\\MERGE_OUTPUT_FINAL\\Catwalks__Women_s_Key_Items___Cut___Sew_A_W_25_26_en\\page_6\\img_4_mask_0.png"
    }
  ],
  "pose_keypoints": [
    {
      "x": 0.5300673842430115,
      "y": 0.1668105125427246,
      "z": -1.8662713766098022,
      "visibility": 0.9992561936378479
    },
    {
      "x": 0.5589115023612976,
      "y": 0.1392168402671814,
      "z": -1.7676990032196045,
      "visibility": 0.9989093542098999
    },
    {
      "x": 0.5771428942680359,
      "y": 0.13825547695159912,
      "z": -1.7682043313980103,
      "visibility": 0.9987409710884094
    },
    {
      "x": 0.5936108827590942,
      "y": 0.1377543807029724,
      "z": -1.7688606977462769,
      "visibility": 0.9985974431037903
    },
    {
      "x": 0.4943302869796753,
      "y": 0.14132440090179443,
      "z": -1.77910315990448,
      "visibility": 0.9987429976463318
    },
    {
      "x": 0.47122737765312195,
      "y": 0.14125537872314453,
      "z": -1.7792766094207764,
      "visibility": 0.9984891414642334
    },
    {
      "x": 0.4514542520046234,
      "y": 0.14084172248840332,
      "z": -1.7797155380249023,
      "visibility": 0.9985187649726868
    },
    {
      "x": 0.6180362105369568,
      "y": 0.1501680612564087,
      "z": -1.1698957681655884,
      "visibility": 0.9987496137619019
    },
    {
      "x": 0.4224705100059509,
      "y": 0.15264499187469482,
      "z": -1.2228891849517822,
      "visibility": 0.9987146854400635
    },
    {
      "x": 0.5634194612503052,
      "y": 0.1949194371700287,
      "z": -1.6381524801254272,
      "visibility": 0.9996316432952881
    },
    {
      "x": 0.4874497354030609,
      "y": 0.19418194890022278,
      "z": -1.6532106399536133,
      "visibility": 0.9996621608734131
    },
    {
      "x": 0.7602697610855103,
      "y": 0.317293643951416,
      "z": -0.7648123502731323,
      "visibility": 0.9991918206214905
    },
    {
      "x": 0.2567882537841797,
      "y": 0.32025447487831116,
      "z": -0.8175128102302551,
      "visibility": 0.9982826709747314
    },
    {
      "x": 0.8509728908538818,
      "y": 0.5082325339317322,
      "z": -0.7295867800712585,
      "visibility": 0.8597205281257629
    },
    {
      "x": 0.18461745977401733,
      "y": 0.5245486497879028,
      "z": -0.6592265963554382,
      "visibility": 0.8586805462837219
    },
    {
      "x": 0.7198615670204163,
      "y": 0.6082566380500793,
      "z": -1.3810522556304932,
      "visibility": 0.3385083079338074
    },
    {
      "x": 0.22478634119033813,
      "y": 0.6210259795188904,
      "z": -1.0834927558898926,
      "visibility": 0.33740779757499695
    },
    {
      "x": 0.6823102235794067,
      "y": 0.6476570963859558,
      "z": -1.5793544054031372,
      "visibility": 0.26036152243614197
    },
    {
      "x": 0.29923170804977417,
      "y": 0.6660211086273193,
      "z": -1.2202073335647583,
      "visibility": 0.2642401456832886
    },
    {
      "x": 0.6437910795211792,
      "y": 0.6246997117996216,
      "z": -1.6154662370681763,
      "visibility": 0.27249380946159363
    },
    {
      "x": 0.3212828040122986,
      "y": 0.6428108811378479,
      "z": -1.3190617561340332,
      "visibility": 0.27756068110466003
    },
    {
      "x": 0.6367815732955933,
      "y": 0.6104140877723694,
      "z": -1.408319115638733,
      "visibility": 0.2745794653892517
    },
    {
      "x": 0.32491064071655273,
      "y": 0.6272801756858826,
      "z": -1.1267157793045044,
      "visibility": 0.2760237157344818
    },
    {
      "x": 0.6529228091239929,
      "y": 0.6372140049934387,
      "z": 0.010360239073634148,
      "visibility": 0.9906530380249023
    },
    {
      "x": 0.37064462900161743,
      "y": 0.6431636214256287,
      "z": -0.008920128457248211,
      "visibility": 0.9843385815620422
    },
    {
      "x": 0.7065140604972839,
      "y": 0.8343940377235413,
      "z": -0.8360275030136108,
      "visibility": 0.15410438179969788
    },
    {
      "x": 0.4314953684806824,
      "y": 0.8740494251251221,
      "z": -0.41889023780822754,
      "visibility": 0.10637819021940231
    },
    {
      "x": 0.6264047026634216,
      "y": 1.0266600847244263,
      "z": 0.3190067708492279,
      "visibility": 0.05516326427459717
    },
    {
      "x": 0.4285184144973755,
      "y": 1.0666701793670654,
      "z": 0.6538254022598267,
      "visibility": 0.07256286591291428
    },
    {
      "x": 0.5993861556053162,
      "y": 1.0510953664779663,
      "z": 0.4076869785785675,
      "visibility": 0.13129755854606628
    },
    {
      "x": 0.43382367491722107,
      "y": 1.0934122800827026,
      "z": 0.734435498714447,
      "visibility": 0.09288357198238373
    },
    {
      "x": 0.6619307994842529,
      "y": 1.1158077716827393,
      "z": -0.12014132738113403,
      "visibility": 0.05856068432331085
    },
    {
      "x": 0.4272546172142029,
      "y": 1.1554429531097412,
      "z": 0.1155504360795021,
      "visibility": 0.05760986730456352
    }
  ]
}