{
  "image": "C:\\Users\\shrad\\TrendWeave\\TrendWeave\\extracted_data\\Catwalks__Women_s_Key_Items___Eyewear_A_W_25_26_en\\page_8\\img_1.jpeg",
  "items": [
    {
      "yolo_label": "person",
      "bbox": [
        0.4913932979106903,
        39.474369049072266,
        291.69964599609375,
        581.0081176757812
      ],
      "confidence": 0.9245200753211975,
      "clip_attributes": {
        "palette": {
          "label": "bold colors",
          "confidence": 0.2335340976715088
        },
        "dress_silhouette": {
          "label": "fit and flare",
          "confidence": 0.23295730352401733
        },
        "neckline": {
          "label": "square neckline",
          "confidence": 0.23936447501182556
        },
        "sleeve_type": {
          "label": "puffed sleeves",
          "confidence": 0.23233433067798615
        },
        "top_silhouette": {
          "label": "wrap top",
          "confidence": 0.21538551151752472
        },
        "bottom_style": {
          "label": "wide-leg pants",
          "confidence": 0.24490433931350708
        },
        "outerwear": {
          "label": "blazer",
          "confidence": 0.20737992227077484
        },
        "shoe_type": {
          "label": "strappy sandals",
          "confidence": 0.21069228649139404
        },
        "bag_type": {
          "label": "shoulder bag",
          "confidence": 0.21247631311416626
        },
        "accessory": {
          "label": "sunglasses",
          "confidence": 0.28352829813957214
        },
        "hairstyle": {
          "label": "high bun",
          "confidence": 0.219781756401062
        },
        "setting": {
          "label": "brunch look",
          "confidence": 0.24416320025920868
        },
        "fabric_type": {
          "label": "chiffon",
          "confidence": 0.23585377633571625
        },
        "season": {
          "label": "spring",
          "confidence": 0.21941636502742767
        },
        "style_theme": {
          "label": "elegant chic",
          "confidence": 0.25098514556884766
        }
      },
      "dominant_colors": [
        [
          194,
          135,
          138
        ],
        [
          52,
          129,
          130
        ],
        [
          125,
          142,
          145
        ]
      ],
      "texture_histogram": [
        27.0,
        56.0,
        57.0,
        95.0,
        128.0,
        113.0,
        124.0,
        162.0,
        137.0,
        180.0,
        164.0,
        147.0,
        135.0,
        139.0,
        142.0,
        160.0,
        147.0,
        187.0,
        157.0,
        185.0,
        182.0,
        198.0,
        242.0,
        241.0,
        251.0,
        246.0,
        294.0,
        302.0,
        304.0,
        322.0,
        366.0,
        382.0,
        434.0,
        454.0,
        509.0,
        587.0,
        731.0,
        819.0,
        846.0,
        1003.0,
        1226.0,
        1264.0,
        1426.0,
        1637.0,
        1792.0,
        1953.0,
        2045.0,
        2062.0,
        1883.0,
        1786.0,
        1641.0,
        1580.0,
        1361.0,
        1300.0,
        1179.0,
        1098.0,
        1037.0,
        1023.0,
        909.0,
        839.0,
        807.0,
        765.0,
        761.0,
        750.0,
        725.0,
        692.0,
        636.0,
        639.0,
        690.0,
        649.0,
        637.0,
        614.0,
        588.0,
        572.0,
        565.0,
        555.0,
        539.0,
        513.0,
        451.0,
        454.0,
        420.0,
        390.0,
        376.0,
        340.0,
        383.0,
        350.0,
        353.0,
        286.0,
        296.0,
        324.0,
        481.0,
        594.0,
        764.0,
        1090.0,
        1534.0,
        885.0,
        468.0,
        354.0,
        340.0,
        311.0,
        457.0,
        371.0,
        342.0,
        345.0,
        326.0,
        332.0,
        331.0,
        317.0,
        338.0,
        305.0,
        311.0,
        372.0,
        331.0,
        319.0,
        368.0,
        384.0,
        382.0,
        380.0,
        384.0,
        401.0,
        406.0,
        422.0,
        412.0,
        490.0,
        481.0,
        527.0,
        514.0,
        534.0,
        505.0,
        494.0,
        500.0,
        520.0,
        476.0,
        498.0,
        533.0,
        571.0,
        556.0,
        557.0,
        495.0,
        469.0,
        433.0,
        425.0,
        378.0,
        387.0,
        437.0,
        384.0,
        431.0,
        410.0,
        425.0,
        442.0,
        452.0,
        439.0,
        493.0,
        517.0,
        578.0,
        610.0,
        550.0,
        554.0,
        627.0,
        621.0,
        609.0,
        613.0,
        624.0,
        619.0,
        647.0,
        677.0,
        730.0,
        751.0,
        790.0,
        842.0,
        810.0,
        878.0,
        897.0,
        847.0,
        958.0,
        975.0,
        990.0,
        1016.0,
        1031.0,
        1105.0,
        1147.0,
        1308.0,
        1291.0,
        1388.0,
        1437.0,
        1352.0,
        1584.0,
        1627.0,
        1713.0,
        1683.0,
        1998.0,
        1960.0,
        1808.0,
        2285.0,
        1913.0,
        1815.0,
        1533.0,
        1344.0,
        1222.0,
        1097.0,
        901.0,
        829.0,
        775.0,
        708.0,
        837.0,
        881.0,
        988.0,
        873.0,
        847.0,
        698.0,
        733.0,
        1130.0,
        922.0,
        800.0,
        750.0,
        536.0,
        528.0,
        1280.0,
        1100.0,
        1073.0,
        1057.0,
        289.0,
        201.0,
        164.0,
        158.0,
        138.0,
        135.0,
        97.0,
        90.0,
        90.0,
        49.0,
        44.0,
        30.0,
        25.0,
        17.0,
        12.0,
        8.0,
        5.0,
        2.0,
        3.0,
        4.0,
        2.0,
        2.0,
        2.0,
        3.0,
        0.0,
        2.0,
        1.0,
        0.0,
        0.0,
        0.0,
        0.0,
        3.0,
        0.0,
        0.0,
        0.0
      ],
      "silhouette_mask_path": "C:\\Users\\shrad\\TrendWeave\\MERGE_OUTPUT_FINAL\\Catwalks__Women_s_Key_Items___Eyewear_A_W_25_26_en\\page_8\\img_1_mask_0.png"
    },
    {
      "yolo_label": "tie",
      "bbox": [
        123.8160400390625,
        471.18310546875,
        203.0597381591797,
        584.0
      ],
      "confidence": 0.773571789264679,
      "clip_attributes": {
        "palette": {
          "label": "monochrome",
          "confidence": 0.21552878618240356
        },
        "neckline": {
          "label": "v-neck",
          "confidence": 0.24913032352924347
        },
        "sleeve_type": {
          "label": "sleeveless",
          "confidence": 0.258317768573761
        },
        "top_silhouette": {
          "label": "tank top",
          "confidence": 0.2610354423522949
        },
        "bottom_style": {
          "label": "chinos",
          "confidence": 0.2364244908094406
        },
        "outerwear": {
          "label": "leather jacket",
          "confidence": 0.23206280171871185
        },
        "shoe_type": {
          "label": "boots",
          "confidence": 0.23325233161449432
        },
        "bag_type": {
          "label": "crossbody bag",
          "confidence": 0.22934599220752716
        },
        "accessory": {
          "label": "bracelet",
          "confidence": 0.2445201277732849
        },
        "hairstyle": {
          "label": "buzz cut",
          "confidence": 0.23284867405891418
        },
        "setting": {
          "label": "smart casual",
          "confidence": 0.24002531170845032
        },
        "fabric_type": {
          "label": "polyester",
          "confidence": 0.23025956749916077
        },
        "season": {
          "label": "summer",
          "confidence": 0.21260038018226624
        },
        "style_theme": {
          "label": "grunge",
          "confidence": 0.26099056005477905
        }
      },
      "dominant_colors": [
        [
          50,
          129,
          125
        ],
        [
          190,
          135,
          135
        ],
        [
          135,
          131,
          130
        ]
      ],
      "texture_histogram": [
        0.0,
        0.0,
        0.0,
        0.0,
        0.0,
        0.0,
        0.0,
        0.0,
        0.0,
        0.0,
        0.0,
        0.0,
        1.0,
        0.0,
        0.0,
        1.0,
        1.0,
        1.0,
        0.0,
        0.0,
        2.0,
        5.0,
        7.0,
        7.0,
        8.0,
        10.0,
        17.0,
        17.0,
        25.0,
        28.0,
        32.0,
        26.0,
        43.0,
        43.0,
        43.0,
        44.0,
        49.0,
        61.0,
        39.0,
        65.0,
        72.0,
        83.0,
        123.0,
        158.0,
        218.0,
        357.0,
        399.0,
        335.0,
        281.0,
        169.0,
        103.0,
        100.0,
        72.0,
        57.0,
        40.0,
        43.0,
        32.0,
        30.0,
        38.0,
        37.0,
        19.0,
        14.0,
        18.0,
        24.0,
        20.0,
        18.0,
        16.0,
        26.0,
        19.0,
        12.0,
        22.0,
        19.0,
        14.0,
        13.0,
        27.0,
        21.0,
        18.0,
        14.0,
        20.0,
        22.0,
        23.0,
        15.0,
        22.0,
        15.0,
        19.0,
        16.0,
        16.0,
        17.0,
        19.0,
        12.0,
        18.0,
        20.0,
        15.0,
        19.0,
        24.0,
        19.0,
        24.0,
        22.0,
        13.0,
        12.0,
        21.0,
        16.0,
        16.0,
        24.0,
        23.0,
        19.0,
        22.0,
        26.0,
        17.0,
        21.0,
        21.0,
        23.0,
        20.0,
        18.0,
        19.0,
        13.0,
        20.0,
        22.0,
        18.0,
        25.0,
        19.0,
        31.0,
        27.0,
        18.0,
        17.0,
        24.0,
        23.0,
        33.0,
        39.0,
        37.0,
        21.0,
        35.0,
        34.0,
        21.0,
        32.0,
        31.0,
        33.0,
        32.0,
        31.0,
        29.0,
        43.0,
        36.0,
        40.0,
        39.0,
        34.0,
        44.0,
        50.0,
        48.0,
        47.0,
        55.0,
        58.0,
        44.0,
        52.0,
        55.0,
        57.0,
        47.0,
        48.0,
        52.0,
        38.0,
        47.0,
        51.0,
        48.0,
        45.0,
        52.0,
        48.0,
        48.0,
        56.0,
        47.0,
        37.0,
        62.0,
        47.0,
        44.0,
        54.0,
        45.0,
        53.0,
        56.0,
        62.0,
        77.0,
        50.0,
        58.0,
        82.0,
        82.0,
        72.0,
        69.0,
        72.0,
        66.0,
        78.0,
        61.0,
        74.0,
        73.0,
        92.0,
        87.0,
        87.0,
        112.0,
        140.0,
        135.0,
        120.0,
        57.0,
        49.0,
        31.0,
        23.0,
        16.0,
        16.0,
        14.0,
        11.0,
        14.0,
        11.0,
        11.0,
        20.0,
        8.0,
        7.0,
        7.0,
        14.0,
        11.0,
        14.0,
        19.0,
        12.0,
        19.0,
        12.0,
        10.0,
        14.0,
        17.0,
        20.0,
        10.0,
        12.0,
        7.0,
        12.0,
        8.0,
        6.0,
        5.0,
        6.0,
        4.0,
        2.0,
        2.0,
        1.0,
        2.0,
        0.0,
        0.0,
        0.0,
        0.0,
        1.0,
        0.0,
        0.0,
        0.0,
        0.0,
        0.0,
        0.0,
        0.0,
        0.0,
        0.0,
        0.0,
        0.0,
        0.0,
        0.0,
        0.0,
        0.0
      ],
      "silhouette_mask_path": "C:\\Users\\shrad\\TrendWeave\\MERGE_OUTPUT_FINAL\\Catwalks__Women_s_Key_Items___Eyewear_A_W_25_26_en\\page_8\\img_1_mask_1.png"
    }
  ],
  "pose_keypoints": [
    {
      "x": 0.43121349811553955,
      "y": 0.48519396781921387,
      "z": -3.232278347015381,
      "visibility": 0.993883490562439
    },
    {
      "x": 0.5369293093681335,
      "y": 0.40474462509155273,
      "z": -3.1290805339813232,
      "visibility": 0.9946340322494507
    },
    {
      "x": 0.6055508255958557,
      "y": 0.40208494663238525,
      "z": -3.1310253143310547,
      "visibility": 0.9934704303741455
    },
    {
      "x": 0.6623143553733826,
      "y": 0.40010905265808105,
      "z": -3.133336305618286,
      "visibility": 0.996029257774353
    },
    {
      "x": 0.33919456601142883,
      "y": 0.41092824935913086,
      "z": -2.977386951446533,
      "visibility": 0.9895346760749817
    },
    {
      "x": 0.2861175537109375,
      "y": 0.4122120141983032,
      "z": -2.9750969409942627,
      "visibility": 0.9811370372772217
    },
    {
      "x": 0.23901911079883575,
      "y": 0.4137369394302368,
      "z": -2.9757375717163086,
      "visibility": 0.9845948219299316
    },
    {
      "x": 0.782137393951416,
      "y": 0.42397236824035645,
      "z": -2.072139024734497,
      "visibility": 0.9974353909492493
    },
    {
      "x": 0.23888501524925232,
      "y": 0.43494272232055664,
      "z": -1.2818244695663452,
      "visibility": 0.9878743290901184
    },
    {
      "x": 0.6034474968910217,
      "y": 0.5621869564056396,
      "z": -2.82904052734375,
      "visibility": 0.9983111619949341
    },
    {
      "x": 0.3427245616912842,
      "y": 0.5722105503082275,
      "z": -2.612246513366699,
      "visibility": 0.9954972267150879
    },
    {
      "x": 1.3099853992462158,
      "y": 0.8235238790512085,
      "z": -2.055098056793213,
      "visibility": 0.991797685623169
    },
    {
      "x": 0.06347399950027466,
      "y": 0.7931677103042603,
      "z": -0.1726704239845276,
      "visibility": 0.9641529321670532
    },
    {
      "x": 1.5712792873382568,
      "y": 1.322481393814087,
      "z": -2.6694796085357666,
      "visibility": 0.18055343627929688
    },
    {
      "x": -0.6444669365882874,
      "y": 0.8102016448974609,
      "z": -0.6769980192184448,
      "visibility": 0.6731845140457153
    },
    {
      "x": 1.3813483715057373,
      "y": 1.59041428565979,
      "z": -2.941246747970581,
      "visibility": 0.10888886451721191
    },
    {
      "x": -0.35192638635635376,
      "y": 0.38670194149017334,
      "z": -1.7146700620651245,
      "visibility": 0.3996344208717346
    },
    {
      "x": 1.4035404920578003,
      "y": 1.705278754234314,
      "z": -3.276059865951538,
      "visibility": 0.09008537232875824
    },
    {
      "x": -0.34818071126937866,
      "y": 0.26384758949279785,
      "z": -2.000973701477051,
      "visibility": 0.19216395914554596
    },
    {
      "x": 1.2614449262619019,
      "y": 1.663411259651184,
      "z": -3.2841310501098633,
      "visibility": 0.12123695760965347
    },
    {
      "x": -0.2683742642402649,
      "y": 0.268282413482666,
      "z": -1.794055461883545,
      "visibility": 0.21704889833927155
    },
    {
      "x": 1.2260699272155762,
      "y": 1.6259843111038208,
      "z": -2.981295347213745,
      "visibility": 0.13834631443023682
    },
    {
      "x": -0.22316871583461761,
      "y": 0.32504308223724365,
      "z": -1.7369996309280396,
      "visibility": 0.2713048756122589
    },
    {
      "x": 1.0504454374313354,
      "y": 1.7350993156433105,
      "z": -0.6709932088851929,
      "visibility": 0.003060569753870368
    },
    {
      "x": 0.13588380813598633,
      "y": 1.7318134307861328,
      "z": 0.6843639612197876,
      "visibility": 0.0031924329232424498
    },
    {
      "x": 1.0098661184310913,
      "y": 2.4610037803649902,
      "z": 0.48150092363357544,
      "visibility": 0.0006602479261346161
    },
    {
      "x": 0.145544171333313,
      "y": 2.439385414123535,
      "z": 2.3302083015441895,
      "visibility": 0.0006963885971345007
    },
    {
      "x": 1.0166242122650146,
      "y": 3.092398166656494,
      "z": 3.4703705310821533,
      "visibility": 5.331273496267386e-05
    },
    {
      "x": 0.19703295826911926,
      "y": 3.0710196495056152,
      "z": 5.296670913696289,
      "visibility": 5.7037236729229335e-06
    },
    {
      "x": 1.0683393478393555,
      "y": 3.1874499320983887,
      "z": 3.681384801864624,
      "visibility": 5.173093450139277e-05
    },
    {
      "x": 0.1941399872303009,
      "y": 3.161506175994873,
      "z": 5.575015068054199,
      "visibility": 2.9410379283945076e-05
    },
    {
      "x": 0.8264973163604736,
      "y": 3.328749179840088,
      "z": 1.730529546737671,
      "visibility": 1.3083165868010838e-05
    },
    {
      "x": 0.301098495721817,
      "y": 3.323640823364258,
      "z": 3.534698009490967,
      "visibility": 3.686707714223303e-05
    }
  ]
}