{
  "image": "C:\\Users\\shrad\\TrendWeave\\TrendWeave\\extracted_data\\Catwalks__Women_s_Key_Items___Eyewear_A_W_25_26_en\\page_8\\img_4.jpeg",
  "items": [
    {
      "yolo_label": "person",
      "bbox": [
        0.0,
        31.37186622619629,
        586.0,
        1166.9884033203125
      ],
      "confidence": 0.934906542301178,
      "clip_attributes": {
        "palette": {
          "label": "bold primary colors",
          "confidence": 0.19617460668087006
        },
        "shoe_type": {
          "label": "sneakers",
          "confidence": 0.19146955013275146
        },
        "bag_type": {
          "label": "tote bag",
          "confidence": 0.17471738159656525
        },
        "accessory": {
          "label": "sunglasses",
          "confidence": 0.239207923412323
        },
        "setting": {
          "label": "streetwear",
          "confidence": 0.20386675000190735
        },
        "fabric_type": {
          "label": "nylon",
          "confidence": 0.20246361196041107
        },
        "season": {
          "label": "fall",
          "confidence": 0.1833704560995102
        },
        "style_theme": {
          "label": "athleisure",
          "confidence": 0.22523871064186096
        }
      },
      "dominant_colors": [
        [
          20,
          130,
          131
        ],
        [
          183,
          146,
          152
        ],
        [
          86,
          138,
          140
        ]
      ],
      "texture_histogram": [
        233.0,
        1311.0,
        4242.0,
        7014.0,
        7018.0,
        6131.0,
        6001.0,
        6270.0,
        6461.0,
        6598.0,
        6586.0,
        6258.0,
        5753.0,
        5328.0,
        4965.0,
        4748.0,
        4524.0,
        4465.0,
        4403.0,
        4350.0,
        4495.0,
        4485.0,
        4305.0,
        4381.0,
        4431.0,
        4422.0,
        4419.0,
        4333.0,
        4231.0,
        3974.0,
        4043.0,
        3879.0,
        3622.0,
        3772.0,
        3477.0,
        3535.0,
        3334.0,
        3328.0,
        3092.0,
        3089.0,
        2959.0,
        2960.0,
        2848.0,
        2786.0,
        2760.0,
        2633.0,
        2707.0,
        2802.0,
        2766.0,
        2976.0,
        3167.0,
        3266.0,
        3283.0,
        3190.0,
        3037.0,
        3086.0,
        2997.0,
        3183.0,
        3329.0,
        3363.0,
        3670.0,
        4164.0,
        4271.0,
        4237.0,
        4012.0,
        3615.0,
        3268.0,
        2948.0,
        3024.0,
        2907.0,
        3039.0,
        3211.0,
        3736.0,
        4057.0,
        4132.0,
        4302.0,
        4281.0,
        4250.0,
        4223.0,
        4248.0,
        4216.0,
        3856.0,
        3288.0,
        2574.0,
        2298.0,
        2082.0,
        2010.0,
        1898.0,
        1975.0,
        1856.0,
        1819.0,
        1776.0,
        1831.0,
        1810.0,
        1707.0,
        1694.0,
        1727.0,
        1640.0,
        1614.0,
        1699.0,
        1709.0,
        1691.0,
        1672.0,
        1651.0,
        1709.0,
        1647.0,
        1640.0,
        1662.0,
        1612.0,
        1505.0,
        1533.0,
        1511.0,
        1419.0,
        1522.0,
        1483.0,
        1462.0,
        1461.0,
        1387.0,
        1422.0,
        1406.0,
        1261.0,
        1385.0,
        1335.0,
        1363.0,
        1331.0,
        1359.0,
        1399.0,
        1355.0,
        1295.0,
        1357.0,
        1406.0,
        1427.0,
        1417.0,
        1447.0,
        1462.0,
        1434.0,
        1476.0,
        1493.0,
        1484.0,
        1518.0,
        1615.0,
        1682.0,
        1756.0,
        1766.0,
        1867.0,
        1912.0,
        1936.0,
        1900.0,
        2009.0,
        2016.0,
        1912.0,
        2070.0,
        2064.0,
        1988.0,
        2036.0,
        2013.0,
        2029.0,
        2121.0,
        2034.0,
        2160.0,
        2268.0,
        2354.0,
        2403.0,
        2565.0,
        2678.0,
        2752.0,
        2818.0,
        3013.0,
        3013.0,
        3114.0,
        3312.0,
        3447.0,
        3556.0,
        3769.0,
        3781.0,
        3899.0,
        4085.0,
        4038.0,
        4059.0,
        4163.0,
        4357.0,
        4390.0,
        4728.0,
        4954.0,
        5051.0,
        5014.0,
        5326.0,
        5434.0,
        5464.0,
        5547.0,
        5647.0,
        6020.0,
        5861.0,
        5863.0,
        5764.0,
        5800.0,
        5464.0,
        4988.0,
        4614.0,
        4039.0,
        3750.0,
        3374.0,
        2985.0,
        2715.0,
        2753.0,
        2783.0,
        2493.0,
        2170.0,
        2041.0,
        1875.0,
        1742.0,
        1649.0,
        1353.0,
        1095.0,
        930.0,
        782.0,
        668.0,
        596.0,
        549.0,
        409.0,
        242.0,
        130.0,
        92.0,
        44.0,
        35.0,
        13.0,
        8.0,
        11.0,
        10.0,
        1.0,
        1.0,
        2.0,
        3.0,
        2.0,
        0.0,
        2.0,
        3.0,
        1.0,
        1.0,
        3.0,
        0.0,
        2.0,
        1.0,
        0.0,
        0.0,
        3.0,
        0.0,
        1.0,
        1.0,
        1.0,
        1.0,
        3.0,
        0.0,
        3.0,
        3.0,
        0.0
      ],
      "silhouette_mask_path": "C:\\Users\\shrad\\TrendWeave\\MERGE_OUTPUT_FINAL\\Catwalks__Women_s_Key_Items___Eyewear_A_W_25_26_en\\page_8\\img_4_mask_0.png"
    }
  ],
  "pose_keypoints": [
    {
      "x": 0.5741861462593079,
      "y": 0.5002104043960571,
      "z": -4.793591022491455,
      "visibility": 0.9977273344993591
    },
    {
      "x": 0.6816840171813965,
      "y": 0.4248734712600708,
      "z": -4.558425426483154,
      "visibility": 0.9970935583114624
    },
    {
      "x": 0.7433988451957703,
      "y": 0.42526066303253174,
      "z": -4.560099124908447,
      "visibility": 0.9958471655845642
    },
    {
      "x": 0.7996964454650879,
      "y": 0.4256855249404907,
      "z": -4.560298442840576,
      "visibility": 0.9956764578819275
    },
    {
      "x": 0.4563276171684265,
      "y": 0.4237293004989624,
      "z": -4.609934329986572,
      "visibility": 0.9978474378585815
    },
    {
      "x": 0.376818984746933,
      "y": 0.42328011989593506,
      "z": -4.609739780426025,
      "visibility": 0.997491717338562
    },
    {
      "x": 0.3105739951133728,
      "y": 0.4224644899368286,
      "z": -4.6119537353515625,
      "visibility": 0.9981173276901245
    },
    {
      "x": 0.8661186695098877,
      "y": 0.4557912051677704,
      "z": -2.820063829421997,
      "visibility": 0.9953018426895142
    },
    {
      "x": 0.22531555593013763,
      "y": 0.4561476409435272,
      "z": -3.015082597732544,
      "visibility": 0.9985544085502625
    },
    {
      "x": 0.690125584602356,
      "y": 0.5994999408721924,
      "z": -4.101081848144531,
      "visibility": 0.9974967837333679
    },
    {
      "x": 0.44263502955436707,
      "y": 0.5973354578018188,
      "z": -4.162421703338623,
      "visibility": 0.9986441731452942
    },
    {
      "x": 1.256361961364746,
      "y": 0.8456516265869141,
      "z": -1.464897871017456,
      "visibility": 0.9346586465835571
    },
    {
      "x": -0.12766259908676147,
      "y": 0.8335678577423096,
      "z": -1.8829548358917236,
      "visibility": 0.972420871257782
    },
    {
      "x": 1.5596909523010254,
      "y": 1.285310983657837,
      "z": -1.6999930143356323,
      "visibility": 0.084853895008564
    },
    {
      "x": -0.3848855495452881,
      "y": 1.353546142578125,
      "z": -1.736924409866333,
      "visibility": 0.2597579061985016
    },
    {
      "x": 1.323216438293457,
      "y": 1.4396710395812988,
      "z": -3.4847981929779053,
      "visibility": 0.034512653946876526
    },
    {
      "x": -0.15912389755249023,
      "y": 1.6654953956604004,
      "z": -3.2030575275421143,
      "visibility": 0.06800216436386108
    },
    {
      "x": 1.2998578548431396,
      "y": 1.518446683883667,
      "z": -3.9524362087249756,
      "visibility": 0.05628097802400589
    },
    {
      "x": -0.12530195713043213,
      "y": 1.7965428829193115,
      "z": -3.6757678985595703,
      "visibility": 0.09544645249843597
    },
    {
      "x": 1.2332344055175781,
      "y": 1.463517189025879,
      "z": -4.096469402313232,
      "visibility": 0.07667887210845947
    },
    {
      "x": -0.049361586570739746,
      "y": 1.742671012878418,
      "z": -3.953272581100464,
      "visibility": 0.1423564851284027
    },
    {
      "x": 1.2031142711639404,
      "y": 1.4372706413269043,
      "z": -3.6230993270874023,
      "visibility": 0.07024616748094559
    },
    {
      "x": -0.03898012638092041,
      "y": 1.6957826614379883,
      "z": -3.367264747619629,
      "visibility": 0.1282804310321808
    },
    {
      "x": 0.9793477058410645,
      "y": 1.8514609336853027,
      "z": -0.13048067688941956,
      "visibility": 0.0015285987174138427
    },
    {
      "x": 0.0577603280544281,
      "y": 1.8481788635253906,
      "z": 0.14575517177581787,
      "visibility": 0.001385115785524249
    },
    {
      "x": 0.8850526809692383,
      "y": 2.5880541801452637,
      "z": -0.6566023826599121,
      "visibility": 0.017506899312138557
    },
    {
      "x": 0.07906493544578552,
      "y": 2.5658304691314697,
      "z": -0.5887746214866638,
      "visibility": 0.008543796837329865
    },
    {
      "x": 0.9074512124061584,
      "y": 3.330042600631714,
      "z": 1.1247068643569946,
      "visibility": 0.0005295279552228749
    },
    {
      "x": 0.14668455719947815,
      "y": 3.3081610202789307,
      "z": 0.4788742959499359,
      "visibility": 0.00034268363378942013
    },
    {
      "x": 0.9205922484397888,
      "y": 3.4505295753479004,
      "z": 1.1663575172424316,
      "visibility": 0.00020694253908004612
    },
    {
      "x": 0.1324107050895691,
      "y": 3.422386646270752,
      "z": 0.5093992352485657,
      "visibility": 0.0005543575389310718
    },
    {
      "x": 0.806696891784668,
      "y": 3.5536093711853027,
      "z": -0.990742564201355,
      "visibility": 0.0006103846244513988
    },
    {
      "x": 0.3037656545639038,
      "y": 3.5456066131591797,
      "z": -1.7613400220870972,
      "visibility": 0.0015496896812692285
    }
  ]
}