{
  "image": "C:\\Users\\shrad\\TrendWeave\\TrendWeave\\extracted_data\\Catwalks__Women_s_Key_Items___Eyewear_A_W_25_26_en\\page_7\\img_1.jpeg",
  "items": [
    {
      "yolo_label": "person",
      "bbox": [
        0.0,
        1.2465704679489136,
        293.0,
        583.9884643554688
      ],
      "confidence": 0.9476072788238525,
      "clip_attributes": {
        "palette": {
          "label": "neon",
          "confidence": 0.2337259203195572
        },
        "shoe_type": {
          "label": "sneakers",
          "confidence": 0.23430906236171722
        },
        "bag_type": {
          "label": "belt bag",
          "confidence": 0.21649552881717682
        },
        "accessory": {
          "label": "sunglasses",
          "confidence": 0.2950706481933594
        },
        "setting": {
          "label": "streetwear",
          "confidence": 0.2634764015674591
        },
        "fabric_type": {
          "label": "nylon",
          "confidence": 0.2448759526014328
        },
        "season": {
          "label": "winter",
          "confidence": 0.2294805645942688
        },
        "style_theme": {
          "label": "athleisure",
          "confidence": 0.27486637234687805
        }
      },
      "dominant_colors": [
        [
          41,
          133,
          134
        ],
        [
          179,
          137,
          143
        ],
        [
          89,
          136,
          139
        ]
      ],
      "texture_histogram": [
        0.0,
        23.0,
        51.0,
        86.0,
        124.0,
        173.0,
        214.0,
        273.0,
        307.0,
        339.0,
        412.0,
        462.0,
        476.0,
        490.0,
        466.0,
        434.0,
        522.0,
        535.0,
        655.0,
        708.0,
        737.0,
        794.0,
        830.0,
        862.0,
        894.0,
        998.0,
        1168.0,
        1262.0,
        1245.0,
        1250.0,
        1419.0,
        1310.0,
        1571.0,
        1530.0,
        1432.0,
        1320.0,
        1439.0,
        1425.0,
        1484.0,
        1508.0,
        1640.0,
        1701.0,
        1607.0,
        1648.0,
        1795.0,
        1734.0,
        1829.0,
        1878.0,
        1922.0,
        1853.0,
        1990.0,
        1994.0,
        2041.0,
        2099.0,
        2090.0,
        2101.0,
        1989.0,
        1983.0,
        2037.0,
        2070.0,
        2032.0,
        1895.0,
        1964.0,
        1961.0,
        1926.0,
        1855.0,
        1792.0,
        1765.0,
        1714.0,
        1616.0,
        1461.0,
        1383.0,
        1309.0,
        1228.0,
        1160.0,
        1052.0,
        966.0,
        905.0,
        816.0,
        744.0,
        770.0,
        645.0,
        656.0,
        618.0,
        545.0,
        566.0,
        567.0,
        536.0,
        501.0,
        523.0,
        477.0,
        505.0,
        488.0,
        520.0,
        456.0,
        455.0,
        463.0,
        471.0,
        457.0,
        480.0,
        471.0,
        496.0,
        437.0,
        476.0,
        502.0,
        523.0,
        473.0,
        460.0,
        483.0,
        430.0,
        422.0,
        428.0,
        434.0,
        404.0,
        390.0,
        403.0,
        389.0,
        412.0,
        438.0,
        423.0,
        398.0,
        396.0,
        384.0,
        400.0,
        393.0,
        395.0,
        427.0,
        424.0,
        425.0,
        460.0,
        466.0,
        502.0,
        463.0,
        468.0,
        461.0,
        510.0,
        487.0,
        506.0,
        474.0,
        498.0,
        530.0,
        577.0,
        599.0,
        562.0,
        597.0,
        633.0,
        680.0,
        646.0,
        623.0,
        642.0,
        604.0,
        641.0,
        681.0,
        670.0,
        760.0,
        825.0,
        755.0,
        666.0,
        589.0,
        589.0,
        543.0,
        562.0,
        623.0,
        574.0,
        681.0,
        745.0,
        747.0,
        792.0,
        850.0,
        782.0,
        783.0,
        721.0,
        728.0,
        663.0,
        641.0,
        563.0,
        565.0,
        576.0,
        548.0,
        578.0,
        583.0,
        545.0,
        469.0,
        543.0,
        533.0,
        474.0,
        537.0,
        521.0,
        410.0,
        292.0,
        173.0,
        112.0,
        127.0,
        85.0,
        82.0,
        82.0,
        96.0,
        106.0,
        98.0,
        83.0,
        117.0,
        91.0,
        84.0,
        93.0,
        81.0,
        81.0,
        85.0,
        69.0,
        87.0,
        90.0,
        93.0,
        92.0,
        92.0,
        87.0,
        112.0,
        106.0,
        173.0,
        191.0,
        259.0,
        395.0,
        1913.0,
        2335.0,
        1003.0,
        2392.0,
        179.0,
        87.0,
        69.0,
        43.0,
        37.0,
        39.0,
        32.0,
        26.0,
        21.0,
        26.0,
        26.0,
        18.0,
        13.0,
        25.0,
        19.0,
        21.0,
        21.0,
        23.0,
        23.0,
        17.0,
        18.0,
        20.0,
        18.0,
        20.0,
        28.0,
        22.0,
        24.0,
        22.0,
        22.0,
        29.0,
        22.0,
        7.0
      ],
      "silhouette_mask_path": "C:\\Users\\shrad\\TrendWeave\\MERGE_OUTPUT_FINAL\\Catwalks__Women_s_Key_Items___Eyewear_A_W_25_26_en\\page_7\\img_1_mask_0.png"
    }
  ],
  "pose_keypoints": [
    {
      "x": 0.49312686920166016,
      "y": 0.4279559850692749,
      "z": -4.264019012451172,
      "visibility": 0.9996739625930786
    },
    {
      "x": 0.6042903661727905,
      "y": 0.3497806787490845,
      "z": -4.099696636199951,
      "visibility": 0.9994188547134399
    },
    {
      "x": 0.6621252298355103,
      "y": 0.3508026599884033,
      "z": -4.100568771362305,
      "visibility": 0.9994519352912903
    },
    {
      "x": 0.717774510383606,
      "y": 0.35220324993133545,
      "z": -4.101809501647949,
      "visibility": 0.9992918968200684
    },
    {
      "x": 0.38737744092941284,
      "y": 0.3460294008255005,
      "z": -4.107877731323242,
      "visibility": 0.9995038509368896
    },
    {
      "x": 0.312264084815979,
      "y": 0.34368741512298584,
      "z": -4.10673189163208,
      "visibility": 0.9995582699775696
    },
    {
      "x": 0.25030118227005005,
      "y": 0.34178686141967773,
      "z": -4.108211040496826,
      "visibility": 0.9994786381721497
    },
    {
      "x": 0.806682288646698,
      "y": 0.3913731575012207,
      "z": -2.711334466934204,
      "visibility": 0.9995269775390625
    },
    {
      "x": 0.18872666358947754,
      "y": 0.37701451778411865,
      "z": -2.672506809234619,
      "visibility": 0.9997517466545105
    },
    {
      "x": 0.6032996773719788,
      "y": 0.5133074522018433,
      "z": -3.7075603008270264,
      "visibility": 0.9997935891151428
    },
    {
      "x": 0.36712610721588135,
      "y": 0.49915802478790283,
      "z": -3.6994895935058594,
      "visibility": 0.9998537302017212
    },
    {
      "x": 1.0488208532333374,
      "y": 0.7660040259361267,
      "z": -1.5327743291854858,
      "visibility": 0.9976059198379517
    },
    {
      "x": -0.0711631178855896,
      "y": 0.7392578125,
      "z": -1.777159571647644,
      "visibility": 0.997812032699585
    },
    {
      "x": 1.4398095607757568,
      "y": 1.2836686372756958,
      "z": -1.0472099781036377,
      "visibility": 0.22165384888648987
    },
    {
      "x": -0.6909962892532349,
      "y": 1.2305010557174683,
      "z": -1.7227413654327393,
      "visibility": 0.46458062529563904
    },
    {
      "x": 1.4023597240447998,
      "y": 1.5993794202804565,
      "z": -2.06776762008667,
      "visibility": 0.029200296849012375
    },
    {
      "x": -0.5828036069869995,
      "y": 1.559145450592041,
      "z": -3.5030410289764404,
      "visibility": 0.04401610419154167
    },
    {
      "x": 1.4542827606201172,
      "y": 1.7247310876846313,
      "z": -2.403681755065918,
      "visibility": 0.03309594839811325
    },
    {
      "x": -0.6030260324478149,
      "y": 1.6928637027740479,
      "z": -3.9597935676574707,
      "visibility": 0.044972874224185944
    },
    {
      "x": 1.353273868560791,
      "y": 1.6984831094741821,
      "z": -2.653703212738037,
      "visibility": 0.053754646331071854
    },
    {
      "x": -0.47790804505348206,
      "y": 1.6675052642822266,
      "z": -4.22798490524292,
      "visibility": 0.06901299953460693
    },
    {
      "x": 1.3047277927398682,
      "y": 1.645825743675232,
      "z": -2.222590923309326,
      "visibility": 0.05000172182917595
    },
    {
      "x": -0.4477543830871582,
      "y": 1.6155120134353638,
      "z": -3.668226957321167,
      "visibility": 0.06816262006759644
    },
    {
      "x": 0.7955091595649719,
      "y": 1.6991994380950928,
      "z": -0.18481458723545074,
      "visibility": 0.0018892869120463729
    },
    {
      "x": -0.13244526088237762,
      "y": 1.6647568941116333,
      "z": 0.20002005994319916,
      "visibility": 0.0015921475132927299
    },
    {
      "x": 0.6726927161216736,
      "y": 2.451688289642334,
      "z": 0.18566861748695374,
      "visibility": 0.002669176086783409
    },
    {
      "x": -0.21001850068569183,
      "y": 2.4256842136383057,
      "z": 0.9553583264350891,
      "visibility": 0.001022715587168932
    },
    {
      "x": 0.5813037157058716,
      "y": 3.1205570697784424,
      "z": 2.5664162635803223,
      "visibility": 0.0001946200500242412
    },
    {
      "x": -0.21318911015987396,
      "y": 3.085081100463867,
      "z": 3.067023992538452,
      "visibility": 6.786570884287357e-05
    },
    {
      "x": 0.5858945250511169,
      "y": 3.230968952178955,
      "z": 2.688636064529419,
      "visibility": 9.138029417954385e-05
    },
    {
      "x": -0.23379676043987274,
      "y": 3.1845011711120605,
      "z": 3.224238872528076,
      "visibility": 0.00016199327365029603
    },
    {
      "x": 0.42045044898986816,
      "y": 3.33729887008667,
      "z": 0.6357196569442749,
      "visibility": 0.00016089522978290915
    },
    {
      "x": -0.0831143707036972,
      "y": 3.328850746154785,
      "z": 1.0766491889953613,
      "visibility": 0.0001556433126097545
    }
  ]
}