{
  "image": "C:\\Users\\shrad\\TrendWeave\\TrendWeave\\extracted_data\\Catwalks__Women_s_Colour_A_W_25_26_en\\page_31\\img_6.jpeg",
  "items": [
    {
      "yolo_label": "sports ball",
      "bbox": [
        2351.620849609375,
        1415.7783203125,
        2521.041259765625,
        1582.61474609375
      ],
      "confidence": 0.5417570471763611,
      "clip_attributes": {
        "palette": {
          "label": "pastel",
          "confidence": 0.24990838766098022
        },
        "shoe_type": {
          "label": "sneakers",
          "confidence": 0.19594156742095947
        },
        "bag_type": {
          "label": "tote bag",
          "confidence": 0.20079649984836578
        },
        "accessory": {
          "label": "ring",
          "confidence": 0.23497141897678375
        },
        "setting": {
          "label": "college casual",
          "confidence": 0.2066200077533722
        },
        "fabric_type": {
          "label": "cotton",
          "confidence": 0.21783030033111572
        },
        "season": {
          "label": "summer",
          "confidence": 0.19703352451324463
        },
        "style_theme": {
          "label": "minimalist",
          "confidence": 0.25504881143569946
        }
      },
      "dominant_colors": [
        [
          207,
          81,
          159
        ],
        [
          245,
          127,
          128
        ],
        [
          228,
          105,
          141
        ]
      ],
      "texture_histogram": [
        0.0,
        0.0,
        0.0,
        0.0,
        0.0,
        0.0,
        0.0,
        0.0,
        0.0,
        0.0,
        0.0,
        0.0,
        0.0,
        0.0,
        0.0,
        0.0,
        0.0,
        0.0,
        0.0,
        0.0,
        0.0,
        0.0,
        0.0,
        0.0,
        0.0,
        0.0,
        0.0,
        0.0,
        0.0,
        0.0,
        0.0,
        0.0,
        0.0,
        0.0,
        0.0,
        0.0,
        0.0,
        0.0,
        0.0,
        0.0,
        0.0,
        0.0,
        0.0,
        0.0,
        0.0,
        0.0,
        0.0,
        0.0,
        0.0,
        0.0,
        0.0,
        0.0,
        0.0,
        0.0,
        0.0,
        0.0,
        0.0,
        0.0,
        0.0,
        0.0,
        0.0,
        0.0,
        0.0,
        0.0,
        0.0,
        0.0,
        0.0,
        0.0,
        0.0,
        0.0,
        0.0,
        0.0,
        0.0,
        0.0,
        0.0,
        0.0,
        0.0,
        0.0,
        0.0,
        0.0,
        0.0,
        0.0,
        0.0,
        0.0,
        0.0,
        0.0,
        0.0,
        0.0,
        0.0,
        0.0,
        0.0,
        0.0,
        0.0,
        0.0,
        0.0,
        0.0,
        0.0,
        0.0,
        0.0,
        0.0,
        0.0,
        0.0,
        0.0,
        0.0,
        0.0,
        0.0,
        0.0,
        0.0,
        0.0,
        0.0,
        0.0,
        0.0,
        0.0,
        0.0,
        0.0,
        0.0,
        0.0,
        0.0,
        0.0,
        0.0,
        0.0,
        0.0,
        0.0,
        0.0,
        0.0,
        0.0,
        0.0,
        0.0,
        0.0,
        0.0,
        0.0,
        0.0,
        0.0,
        0.0,
        0.0,
        0.0,
        0.0,
        0.0,
        0.0,
        0.0,
        0.0,
        0.0,
        0.0,
        0.0,
        0.0,
        0.0,
        0.0,
        0.0,
        0.0,
        0.0,
        0.0,
        0.0,
        0.0,
        0.0,
        0.0,
        0.0,
        0.0,
        0.0,
        0.0,
        0.0,
        0.0,
        0.0,
        0.0,
        0.0,
        0.0,
        0.0,
        0.0,
        0.0,
        0.0,
        0.0,
        0.0,
        0.0,
        0.0,
        2.0,
        4.0,
        3.0,
        18.0,
        16.0,
        35.0,
        40.0,
        69.0,
        142.0,
        218.0,
        288.0,
        18356.0,
        504.0,
        231.0,
        204.0,
        105.0,
        71.0,
        31.0,
        23.0,
        24.0,
        15.0,
        15.0,
        19.0,
        11.0,
        8.0,
        17.0,
        11.0,
        14.0,
        7.0,
        15.0,
        9.0,
        16.0,
        13.0,
        10.0,
        9.0,
        6.0,
        5.0,
        10.0,
        10.0,
        7.0,
        10.0,
        8.0,
        13.0,
        9.0,
        9.0,
        7.0,
        8.0,
        7.0,
        11.0,
        14.0,
        9.0,
        10.0,
        18.0,
        9.0,
        12.0,
        11.0,
        15.0,
        12.0,
        14.0,
        8.0,
        16.0,
        15.0,
        17.0,
        19.0,
        32.0,
        46.0,
        68.0,
        98.0,
        126.0,
        228.0,
        272.0,
        5784.0,
        289.0,
        246.0,
        135.0,
        88.0,
        51.0,
        23.0,
        5.0,
        6.0,
        0.0,
        1.0,
        0.0
      ],
      "silhouette_mask_path": "C:\\Users\\shrad\\TrendWeave\\MERGE_OUTPUT_FINAL\\Catwalks__Women_s_Colour_A_W_25_26_en\\page_31\\img_6_mask_0.png"
    },
    {
      "yolo_label": "sports ball",
      "bbox": [
        2353.483154296875,
        1034.2237548828125,
        2523.1796875,
        1205.7840576171875
      ],
      "confidence": 0.5040166974067688,
      "clip_attributes": {
        "palette": {
          "label": "pastel",
          "confidence": 0.2589736580848694
        },
        "shoe_type": {
          "label": "sneakers",
          "confidence": 0.1910238116979599
        },
        "bag_type": {
          "label": "tote bag",
          "confidence": 0.20544694364070892
        },
        "accessory": {
          "label": "ring",
          "confidence": 0.24131852388381958
        },
        "setting": {
          "label": "streetwear",
          "confidence": 0.2035946547985077
        },
        "fabric_type": {
          "label": "cotton",
          "confidence": 0.22666771709918976
        },
        "season": {
          "label": "summer",
          "confidence": 0.21437442302703857
        },
        "style_theme": {
          "label": "minimalist",
          "confidence": 0.24307554960250854
        }
      },
      "dominant_colors": [
        [
          207,
          81,
          159
        ],
        [
          254,
          126,
          128
        ],
        [
          209,
          96,
          147
        ]
      ],
      "texture_histogram": [
        0.0,
        0.0,
        0.0,
        0.0,
        0.0,
        0.0,
        0.0,
        0.0,
        0.0,
        0.0,
        0.0,
        0.0,
        0.0,
        0.0,
        0.0,
        0.0,
        0.0,
        0.0,
        0.0,
        0.0,
        0.0,
        0.0,
        0.0,
        0.0,
        0.0,
        0.0,
        0.0,
        0.0,
        0.0,
        0.0,
        0.0,
        0.0,
        0.0,
        0.0,
        0.0,
        0.0,
        0.0,
        0.0,
        0.0,
        0.0,
        0.0,
        0.0,
        0.0,
        0.0,
        0.0,
        0.0,
        0.0,
        0.0,
        0.0,
        0.0,
        0.0,
        0.0,
        0.0,
        0.0,
        0.0,
        0.0,
        0.0,
        0.0,
        0.0,
        0.0,
        0.0,
        0.0,
        0.0,
        0.0,
        0.0,
        0.0,
        0.0,
        0.0,
        0.0,
        0.0,
        0.0,
        0.0,
        0.0,
        0.0,
        0.0,
        0.0,
        0.0,
        0.0,
        0.0,
        0.0,
        0.0,
        0.0,
        0.0,
        0.0,
        0.0,
        0.0,
        0.0,
        0.0,
        0.0,
        0.0,
        0.0,
        0.0,
        0.0,
        0.0,
        0.0,
        0.0,
        0.0,
        0.0,
        0.0,
        0.0,
        0.0,
        0.0,
        0.0,
        0.0,
        0.0,
        0.0,
        0.0,
        0.0,
        0.0,
        0.0,
        0.0,
        0.0,
        0.0,
        0.0,
        0.0,
        0.0,
        0.0,
        0.0,
        0.0,
        0.0,
        0.0,
        0.0,
        0.0,
        0.0,
        0.0,
        0.0,
        0.0,
        0.0,
        0.0,
        0.0,
        0.0,
        0.0,
        0.0,
        0.0,
        0.0,
        0.0,
        0.0,
        0.0,
        0.0,
        0.0,
        0.0,
        0.0,
        0.0,
        0.0,
        0.0,
        0.0,
        0.0,
        0.0,
        0.0,
        0.0,
        0.0,
        0.0,
        0.0,
        0.0,
        0.0,
        0.0,
        0.0,
        0.0,
        0.0,
        0.0,
        0.0,
        0.0,
        0.0,
        0.0,
        0.0,
        0.0,
        0.0,
        0.0,
        1.0,
        0.0,
        0.0,
        2.0,
        2.0,
        5.0,
        10.0,
        8.0,
        18.0,
        36.0,
        35.0,
        52.0,
        65.0,
        101.0,
        162.0,
        163.0,
        18954.0,
        201.0,
        165.0,
        109.0,
        99.0,
        63.0,
        55.0,
        42.0,
        30.0,
        17.0,
        11.0,
        11.0,
        13.0,
        8.0,
        8.0,
        8.0,
        11.0,
        17.0,
        15.0,
        3.0,
        10.0,
        10.0,
        10.0,
        10.0,
        2.0,
        7.0,
        5.0,
        8.0,
        15.0,
        6.0,
        11.0,
        8.0,
        9.0,
        8.0,
        12.0,
        8.0,
        9.0,
        7.0,
        6.0,
        7.0,
        7.0,
        5.0,
        6.0,
        9.0,
        6.0,
        7.0,
        10.0,
        4.0,
        1.0,
        11.0,
        9.0,
        9.0,
        16.0,
        11.0,
        24.0,
        14.0,
        22.0,
        19.0,
        24.0,
        23.0,
        33.0,
        27.0,
        58.0,
        88.0,
        106.0,
        143.0,
        170.0,
        242.0,
        310.0,
        582.0,
        1549.0,
        4857.0
      ],
      "silhouette_mask_path": "C:\\Users\\shrad\\TrendWeave\\MERGE_OUTPUT_FINAL\\Catwalks__Women_s_Colour_A_W_25_26_en\\page_31\\img_6_mask_1.png"
    }
  ],
  "pose_keypoints": null
}