{
  "image": "C:\\Users\\shrad\\TrendWeave\\TrendWeave\\extracted_data\\Catwalks__Women_s_Colour_A_W_25_26_en\\page_31\\img_1.png",
  "items": [
    {
      "yolo_label": "tv",
      "bbox": [
        31.315109252929688,
        25.99022102355957,
        434.0702209472656,
        293.2673645019531
      ],
      "confidence": 0.6058571338653564,
      "clip_attributes": {
        "palette": {
          "label": "muted tones",
          "confidence": 0.22810189425945282
        },
        "neckline": {
          "label": "polo",
          "confidence": 0.16054555773735046
        },
        "sleeve_type": {
          "label": "short sleeves",
          "confidence": 0.1657043844461441
        },
        "top_silhouette": {
          "label": "button-up shirt",
          "confidence": 0.15755237638950348
        },
        "bottom_style": {
          "label": "tailored trousers",
          "confidence": 0.20215605199337006
        },
        "outerwear": {
          "label": "blazer",
          "confidence": 0.17865848541259766
        },
        "shoe_type": {
          "label": "loafers",
          "confidence": 0.1486770510673523
        },
        "bag_type": {
          "label": "messenger bag",
          "confidence": 0.14658117294311523
        },
        "accessory": {
          "label": "watch",
          "confidence": 0.1929813176393509
        },
        "hairstyle": {
          "label": "curly top",
          "confidence": 0.15458451211452484
        },
        "setting": {
          "label": "smart casual",
          "confidence": 0.17040368914604187
        },
        "fabric_type": {
          "label": "cotton",
          "confidence": 0.19196408987045288
        },
        "season": {
          "label": "monsoon",
          "confidence": 0.18666699528694153
        },
        "style_theme": {
          "label": "grunge",
          "confidence": 0.18014828860759735
        }
      },
      "dominant_colors": [
        [
          249,
          127,
          128
        ],
        [
          17,
          128,
          127
        ],
        [
          175,
          129,
          150
        ]
      ],
      "texture_histogram": [
        8452.0,
        0.0,
        0.0,
        0.0,
        0.0,
        0.0,
        0.0,
        0.0,
        691.0,
        0.0,
        0.0,
        0.0,
        0.0,
        0.0,
        0.0,
        435.0,
        0.0,
        1.0,
        0.0,
        0.0,
        282.0,
        0.0,
        4.0,
        483.0,
        0.0,
        263.0,
        0.0,
        0.0,
        0.0,
        0.0,
        0.0,
        182.0,
        569.0,
        0.0,
        573.0,
        0.0,
        0.0,
        0.0,
        28.0,
        0.0,
        82.0,
        2122.0,
        0.0,
        0.0,
        0.0,
        0.0,
        14.0,
        0.0,
        207.0,
        22.0,
        0.0,
        0.0,
        387.0,
        0.0,
        0.0,
        0.0,
        0.0,
        0.0,
        358.0,
        0.0,
        0.0,
        0.0,
        0.0,
        0.0,
        242.0,
        486.0,
        0.0,
        0.0,
        0.0,
        0.0,
        0.0,
        0.0,
        0.0,
        0.0,
        0.0,
        0.0,
        91.0,
        0.0,
        0.0,
        0.0,
        0.0,
        0.0,
        0.0,
        0.0,
        0.0,
        0.0,
        0.0,
        0.0,
        0.0,
        12.0,
        0.0,
        0.0,
        0.0,
        238.0,
        0.0,
        0.0,
        0.0,
        0.0,
        0.0,
        177.0,
        2.0,
        0.0,
        2.0,
        0.0,
        5.0,
        0.0,
        0.0,
        37.0,
        55.0,
        0.0,
        0.0,
        6.0,
        1.0,
        0.0,
        15.0,
        0.0,
        0.0,
        0.0,
        137.0,
        0.0,
        467.0,
        0.0,
        167.0,
        73.0,
        0.0,
        0.0,
        0.0,
        102.0,
        9.0,
        10.0,
        11.0,
        403.0,
        6.0,
        27.0,
        1.0,
        0.0,
        25.0,
        260.0,
        199.0,
        16.0,
        535.0,
        0.0,
        245.0,
        14.0,
        535.0,
        14.0,
        0.0,
        502.0,
        82.0,
        162.0,
        0.0,
        548.0,
        31.0,
        10.0,
        0.0,
        15.0,
        357.0,
        75.0,
        0.0,
        0.0,
        4.0,
        0.0,
        0.0,
        182.0,
        22.0,
        385.0,
        0.0,
        202.0,
        0.0,
        0.0,
        239.0,
        450.0,
        16.0,
        0.0,
        297.0,
        0.0,
        190.0,
        230.0,
        0.0,
        0.0,
        49.0,
        398.0,
        99.0,
        50.0,
        13.0,
        0.0,
        190.0,
        832.0,
        189.0,
        77.0,
        406.0,
        0.0,
        120.0,
        0.0,
        178.0,
        566.0,
        583.0,
        381.0,
        293.0,
        0.0,
        0.0,
        34.0,
        0.0,
        181.0,
        0.0,
        665.0,
        45.0,
        365.0,
        0.0,
        0.0,
        0.0,
        400.0,
        661.0,
        161.0,
        227.0,
        501.0,
        703.0,
        0.0,
        77.0,
        0.0,
        0.0,
        759.0,
        41.0,
        591.0,
        407.0,
        73.0,
        2.0,
        87.0,
        214.0,
        0.0,
        792.0,
        0.0,
        0.0,
        0.0,
        642.0,
        589.0,
        406.0,
        0.0,
        248.0,
        2103.0,
        0.0,
        257.0,
        549.0,
        271.0,
        0.0,
        26.0,
        0.0,
        14664.0,
        2696.0,
        450.0,
        365.0,
        191.0,
        61.0,
        250.0,
        49047.0,
        0.0
      ],
      "silhouette_mask_path": "C:\\Users\\shrad\\TrendWeave\\MERGE_OUTPUT_FINAL\\Catwalks__Women_s_Colour_A_W_25_26_en\\page_31\\img_1_mask_0.png"
    },
    {
      "yolo_label": "laptop",
      "bbox": [
        56.39704132080078,
        25.775636672973633,
        446.56256103515625,
        276.1322021484375
      ],
      "confidence": 0.3817973732948303,
      "clip_attributes": {
        "palette": {
          "label": "earth tones",
          "confidence": 0.2148146778345108
        },
        "shoe_type": {
          "label": "canvas shoes",
          "confidence": 0.15758217871189117
        },
        "bag_type": {
          "label": "tote bag",
          "confidence": 0.1492113173007965
        },
        "accessory": {
          "label": "watch",
          "confidence": 0.1764761209487915
        },
        "setting": {
          "label": "college casual",
          "confidence": 0.16867399215698242
        },
        "fabric_type": {
          "label": "linen",
          "confidence": 0.18959903717041016
        },
        "season": {
          "label": "fall",
          "confidence": 0.17317602038383484
        },
        "style_theme": {
          "label": "minimalist",
          "confidence": 0.17424125969409943
        }
      },
      "dominant_colors": [
        [
          14,
          128,
          127
        ],
        [
          250,
          127,
          128
        ],
        [
          185,
          129,
          153
        ]
      ],
      "texture_histogram": [
        8452.0,
        0.0,
        0.0,
        0.0,
        0.0,
        0.0,
        0.0,
        0.0,
        691.0,
        0.0,
        0.0,
        0.0,
        0.0,
        0.0,
        0.0,
        435.0,
        0.0,
        1.0,
        0.0,
        0.0,
        282.0,
        0.0,
        4.0,
        342.0,
        0.0,
        239.0,
        0.0,
        0.0,
        0.0,
        0.0,
        0.0,
        155.0,
        505.0,
        0.0,
        515.0,
        0.0,
        0.0,
        0.0,
        17.0,
        0.0,
        62.0,
        1836.0,
        0.0,
        0.0,
        0.0,
        0.0,
        1.0,
        0.0,
        152.0,
        4.0,
        0.0,
        0.0,
        239.0,
        0.0,
        0.0,
        0.0,
        0.0,
        0.0,
        164.0,
        0.0,
        0.0,
        0.0,
        0.0,
        0.0,
        8.0,
        266.0,
        0.0,
        0.0,
        0.0,
        0.0,
        0.0,
        0.0,
        0.0,
        0.0,
        0.0,
        0.0,
        91.0,
        0.0,
        0.0,
        0.0,
        0.0,
        0.0,
        0.0,
        0.0,
        0.0,
        0.0,
        0.0,
        0.0,
        0.0,
        12.0,
        0.0,
        0.0,
        0.0,
        12.0,
        0.0,
        0.0,
        0.0,
        0.0,
        0.0,
        0.0,
        2.0,
        0.0,
        2.0,
        0.0,
        5.0,
        0.0,
        0.0,
        36.0,
        55.0,
        0.0,
        0.0,
        6.0,
        1.0,
        0.0,
        15.0,
        0.0,
        0.0,
        0.0,
        9.0,
        0.0,
        286.0,
        0.0,
        167.0,
        19.0,
        0.0,
        0.0,
        0.0,
        102.0,
        9.0,
        10.0,
        11.0,
        359.0,
        5.0,
        27.0,
        1.0,
        0.0,
        25.0,
        260.0,
        129.0,
        6.0,
        488.0,
        0.0,
        8.0,
        14.0,
        535.0,
        14.0,
        0.0,
        245.0,
        80.0,
        1.0,
        0.0,
        548.0,
        5.0,
        10.0,
        0.0,
        14.0,
        356.0,
        71.0,
        0.0,
        0.0,
        4.0,
        0.0,
        0.0,
        182.0,
        22.0,
        321.0,
        0.0,
        202.0,
        0.0,
        0.0,
        239.0,
        442.0,
        16.0,
        0.0,
        69.0,
        0.0,
        190.0,
        141.0,
        0.0,
        0.0,
        49.0,
        388.0,
        92.0,
        50.0,
        13.0,
        0.0,
        190.0,
        819.0,
        189.0,
        77.0,
        406.0,
        0.0,
        120.0,
        0.0,
        178.0,
        557.0,
        583.0,
        362.0,
        293.0,
        0.0,
        0.0,
        34.0,
        0.0,
        181.0,
        0.0,
        648.0,
        43.0,
        347.0,
        0.0,
        0.0,
        0.0,
        397.0,
        642.0,
        152.0,
        204.0,
        235.0,
        703.0,
        0.0,
        77.0,
        0.0,
        0.0,
        632.0,
        1.0,
        591.0,
        287.0,
        65.0,
        2.0,
        87.0,
        59.0,
        0.0,
        792.0,
        0.0,
        0.0,
        0.0,
        384.0,
        179.0,
        406.0,
        0.0,
        248.0,
        1047.0,
        0.0,
        257.0,
        174.0,
        271.0,
        0.0,
        26.0,
        0.0,
        14394.0,
        2696.0,
        450.0,
        365.0,
        191.0,
        61.0,
        250.0,
        45697.0,
        0.0
      ],
      "silhouette_mask_path": "C:\\Users\\shrad\\TrendWeave\\MERGE_OUTPUT_FINAL\\Catwalks__Women_s_Colour_A_W_25_26_en\\page_31\\img_1_mask_1.png"
    }
  ],
  "pose_keypoints": null
}