{
  "image": "C:\\Users\\shrad\\TrendWeave\\TrendWeave\\extracted_data\\Catwalks__Women_s_Key_Items___Dresses_A_W_25_26_en\\page_5\\img_3.jpeg",
  "items": [
    {
      "yolo_label": "person",
      "bbox": [
        58.04686737060547,
        25.13825035095215,
        229.97662353515625,
        579.5782470703125
      ],
      "confidence": 0.8706129193305969,
      "clip_attributes": {
        "palette": {
          "label": "bold colors",
          "confidence": 0.22133658826351166
        },
        "dress_silhouette": {
          "label": "shirt dress",
          "confidence": 0.24530604481697083
        },
        "neckline": {
          "label": "square neckline",
          "confidence": 0.25993970036506653
        },
        "sleeve_type": {
          "label": "puffed sleeves",
          "confidence": 0.25008460879325867
        },
        "top_silhouette": {
          "label": "peplum",
          "confidence": 0.24348391592502594
        },
        "bottom_style": {
          "label": "culottes",
          "confidence": 0.2403104305267334
        },
        "outerwear": {
          "label": "long coat",
          "confidence": 0.2161039561033249
        },
        "shoe_type": {
          "label": "ankle boots",
          "confidence": 0.23454564809799194
        },
        "bag_type": {
          "label": "shoulder bag",
          "confidence": 0.2306949347257614
        },
        "accessory": {
          "label": "sunglasses",
          "confidence": 0.22067832946777344
        },
        "hairstyle": {
          "label": "high bun",
          "confidence": 0.19718855619430542
        },
        "setting": {
          "label": "street style",
          "confidence": 0.2312021553516388
        },
        "fabric_type": {
          "label": "chiffon",
          "confidence": 0.24542208015918732
        },
        "season": {
          "label": "spring",
          "confidence": 0.2097795605659485
        },
        "style_theme": {
          "label": "elegant chic",
          "confidence": 0.24126125872135162
        }
      },
      "dominant_colors": [
        [
          104,
          135,
          114
        ],
        [
          210,
          134,
          131
        ],
        [
          35,
          131,
          128
        ]
      ],
      "texture_histogram": [
        5.0,
        5.0,
        2.0,
        9.0,
        8.0,
        10.0,
        8.0,
        15.0,
        31.0,
        41.0,
        61.0,
        71.0,
        96.0,
        141.0,
        170.0,
        203.0,
        284.0,
        375.0,
        664.0,
        3623.0,
        1892.0,
        866.0,
        742.0,
        776.0,
        795.0,
        802.0,
        747.0,
        765.0,
        805.0,
        756.0,
        723.0,
        746.0,
        659.0,
        664.0,
        656.0,
        624.0,
        584.0,
        559.0,
        514.0,
        492.0,
        519.0,
        459.0,
        452.0,
        469.0,
        446.0,
        445.0,
        423.0,
        418.0,
        473.0,
        487.0,
        416.0,
        443.0,
        472.0,
        463.0,
        505.0,
        456.0,
        527.0,
        493.0,
        501.0,
        496.0,
        522.0,
        520.0,
        511.0,
        531.0,
        521.0,
        514.0,
        549.0,
        535.0,
        482.0,
        497.0,
        538.0,
        531.0,
        515.0,
        540.0,
        477.0,
        513.0,
        467.0,
        470.0,
        503.0,
        513.0,
        504.0,
        490.0,
        549.0,
        550.0,
        512.0,
        493.0,
        561.0,
        505.0,
        531.0,
        533.0,
        547.0,
        529.0,
        492.0,
        550.0,
        542.0,
        509.0,
        467.0,
        481.0,
        494.0,
        486.0,
        462.0,
        450.0,
        402.0,
        399.0,
        417.0,
        397.0,
        397.0,
        358.0,
        353.0,
        320.0,
        308.0,
        307.0,
        320.0,
        288.0,
        300.0,
        242.0,
        232.0,
        241.0,
        255.0,
        240.0,
        220.0,
        237.0,
        180.0,
        199.0,
        198.0,
        197.0,
        194.0,
        191.0,
        187.0,
        177.0,
        162.0,
        164.0,
        146.0,
        167.0,
        148.0,
        149.0,
        134.0,
        121.0,
        126.0,
        117.0,
        110.0,
        116.0,
        70.0,
        92.0,
        98.0,
        80.0,
        76.0,
        88.0,
        71.0,
        79.0,
        67.0,
        67.0,
        67.0,
        57.0,
        67.0,
        77.0,
        63.0,
        52.0,
        57.0,
        78.0,
        93.0,
        65.0,
        75.0,
        63.0,
        62.0,
        45.0,
        55.0,
        58.0,
        60.0,
        67.0,
        63.0,
        53.0,
        67.0,
        76.0,
        84.0,
        93.0,
        85.0,
        97.0,
        107.0,
        104.0,
        109.0,
        116.0,
        105.0,
        121.0,
        109.0,
        106.0,
        123.0,
        129.0,
        133.0,
        138.0,
        146.0,
        165.0,
        193.0,
        234.0,
        256.0,
        319.0,
        362.0,
        370.0,
        541.0,
        539.0,
        551.0,
        579.0,
        534.0,
        625.0,
        692.0,
        890.0,
        952.0,
        1120.0,
        1292.0,
        1345.0,
        1536.0,
        1629.0,
        1677.0,
        1660.0,
        1767.0,
        1853.0,
        1607.0,
        1441.0,
        1231.0,
        959.0,
        606.0,
        432.0,
        207.0,
        154.0,
        119.0,
        100.0,
        85.0,
        82.0,
        45.0,
        53.0,
        37.0,
        32.0,
        36.0,
        45.0,
        33.0,
        43.0,
        59.0,
        46.0,
        30.0,
        19.0,
        27.0,
        19.0,
        15.0,
        15.0,
        19.0,
        18.0,
        13.0,
        13.0,
        22.0,
        7.0,
        8.0,
        0.0,
        0.0,
        2.0,
        6.0,
        1.0
      ],
      "silhouette_mask_path": "C:\\Users\\shrad\\TrendWeave\\MERGE_OUTPUT_FINAL\\Catwalks__Women_s_Key_Items___Dresses_A_W_25_26_en\\page_5\\img_3_mask_0.png"
    },
    {
      "yolo_label": "handbag",
      "bbox": [
        29.438804626464844,
        338.5121765136719,
        105.88469696044922,
        484.49835205078125
      ],
      "confidence": 0.8387839794158936,
      "clip_attributes": {
        "palette": {
          "label": "earth tones",
          "confidence": 0.1879860907793045
        },
        "shoe_type": {
          "label": "canvas shoes",
          "confidence": 0.21473157405853271
        },
        "bag_type": {
          "label": "crossbody bag",
          "confidence": 0.27260822057724
        },
        "accessory": {
          "label": "bracelet",
          "confidence": 0.20392929017543793
        },
        "setting": {
          "label": "travel outfit",
          "confidence": 0.2081642746925354
        },
        "fabric_type": {
          "label": "nylon",
          "confidence": 0.20466433465480804
        },
        "season": {
          "label": "winter",
          "confidence": 0.19788628816604614
        },
        "style_theme": {
          "label": "vintage",
          "confidence": 0.2101866602897644
        }
      },
      "dominant_colors": [
        [
          107,
          128,
          131
        ],
        [
          36,
          128,
          128
        ],
        [
          211,
          134,
          131
        ]
      ],
      "texture_histogram": [
        3.0,
        3.0,
        0.0,
        5.0,
        3.0,
        2.0,
        3.0,
        1.0,
        5.0,
        13.0,
        9.0,
        15.0,
        22.0,
        30.0,
        40.0,
        53.0,
        47.0,
        48.0,
        59.0,
        68.0,
        76.0,
        58.0,
        76.0,
        73.0,
        72.0,
        76.0,
        74.0,
        98.0,
        117.0,
        108.0,
        116.0,
        131.0,
        109.0,
        132.0,
        143.0,
        132.0,
        150.0,
        158.0,
        136.0,
        109.0,
        98.0,
        83.0,
        88.0,
        86.0,
        64.0,
        79.0,
        70.0,
        83.0,
        65.0,
        60.0,
        51.0,
        52.0,
        62.0,
        47.0,
        50.0,
        56.0,
        55.0,
        57.0,
        42.0,
        47.0,
        30.0,
        30.0,
        44.0,
        39.0,
        36.0,
        36.0,
        43.0,
        29.0,
        21.0,
        31.0,
        34.0,
        34.0,
        25.0,
        32.0,
        27.0,
        23.0,
        31.0,
        24.0,
        20.0,
        31.0,
        17.0,
        18.0,
        32.0,
        27.0,
        22.0,
        25.0,
        21.0,
        26.0,
        24.0,
        17.0,
        24.0,
        21.0,
        23.0,
        33.0,
        23.0,
        17.0,
        23.0,
        17.0,
        17.0,
        20.0,
        20.0,
        18.0,
        17.0,
        13.0,
        21.0,
        14.0,
        13.0,
        11.0,
        13.0,
        15.0,
        12.0,
        12.0,
        16.0,
        12.0,
        13.0,
        9.0,
        16.0,
        16.0,
        16.0,
        11.0,
        21.0,
        18.0,
        14.0,
        9.0,
        17.0,
        13.0,
        14.0,
        12.0,
        11.0,
        10.0,
        18.0,
        14.0,
        15.0,
        11.0,
        10.0,
        11.0,
        12.0,
        7.0,
        10.0,
        11.0,
        8.0,
        8.0,
        8.0,
        3.0,
        5.0,
        10.0,
        8.0,
        7.0,
        6.0,
        7.0,
        7.0,
        5.0,
        10.0,
        5.0,
        8.0,
        9.0,
        8.0,
        6.0,
        8.0,
        7.0,
        8.0,
        7.0,
        3.0,
        7.0,
        8.0,
        2.0,
        5.0,
        5.0,
        5.0,
        5.0,
        6.0,
        1.0,
        7.0,
        7.0,
        3.0,
        3.0,
        4.0,
        5.0,
        4.0,
        8.0,
        6.0,
        6.0,
        7.0,
        7.0,
        8.0,
        5.0,
        3.0,
        4.0,
        11.0,
        7.0,
        3.0,
        8.0,
        7.0,
        12.0,
        9.0,
        11.0,
        9.0,
        9.0,
        26.0,
        29.0,
        45.0,
        68.0,
        89.0,
        153.0,
        169.0,
        239.0,
        340.0,
        468.0,
        602.0,
        567.0,
        497.0,
        364.0,
        302.0,
        301.0,
        197.0,
        162.0,
        133.0,
        104.0,
        113.0,
        69.0,
        47.0,
        41.0,
        17.0,
        22.0,
        17.0,
        15.0,
        10.0,
        13.0,
        5.0,
        6.0,
        2.0,
        0.0,
        1.0,
        1.0,
        1.0,
        0.0,
        1.0,
        1.0,
        0.0,
        0.0,
        0.0,
        0.0,
        0.0,
        0.0,
        0.0,
        0.0,
        0.0,
        0.0,
        0.0,
        0.0,
        0.0,
        0.0,
        0.0,
        0.0,
        0.0,
        0.0
      ],
      "silhouette_mask_path": "C:\\Users\\shrad\\TrendWeave\\MERGE_OUTPUT_FINAL\\Catwalks__Women_s_Key_Items___Dresses_A_W_25_26_en\\page_5\\img_3_mask_1.png"
    },
    {
      "yolo_label": "person",
      "bbox": [
        174.71058654785156,
        0.0,
        270.20166015625,
        278.9208068847656
      ],
      "confidence": 0.828181266784668,
      "clip_attributes": {
        "palette": {
          "label": "pastel",
          "confidence": 0.20988132059574127
        },
        "dress_silhouette": {
          "label": "fit and flare",
          "confidence": 0.22479446232318878
        },
        "neckline": {
          "label": "square neckline",
          "confidence": 0.25507989525794983
        },
        "sleeve_type": {
          "label": "puffed sleeves",
          "confidence": 0.2607579231262207
        },
        "top_silhouette": {
          "label": "peplum",
          "confidence": 0.2471114844083786
        },
        "bottom_style": {
          "label": "culottes",
          "confidence": 0.24614515900611877
        },
        "outerwear": {
          "label": "long coat",
          "confidence": 0.21603122353553772
        },
        "shoe_type": {
          "label": "ankle boots",
          "confidence": 0.22876392304897308
        },
        "bag_type": {
          "label": "shoulder bag",
          "confidence": 0.22337624430656433
        },
        "accessory": {
          "label": "hairband",
          "confidence": 0.22620923817157745
        },
        "hairstyle": {
          "label": "braids",
          "confidence": 0.20839354395866394
        },
        "setting": {
          "label": "street style",
          "confidence": 0.22907204926013947
        },
        "fabric_type": {
          "label": "organza",
          "confidence": 0.24963714182376862
        },
        "season": {
          "label": "fall",
          "confidence": 0.1965458244085312
        },
        "style_theme": {
          "label": "elegant chic",
          "confidence": 0.22714464366436005
        }
      },
      "dominant_colors": [
        [
          35,
          132,
          125
        ],
        [
          204,
          134,
          132
        ],
        [
          114,
          140,
          123
        ]
      ],
      "texture_histogram": [
        2.0,
        1.0,
        1.0,
        3.0,
        4.0,
        4.0,
        1.0,
        5.0,
        9.0,
        11.0,
        22.0,
        18.0,
        35.0,
        44.0,
        49.0,
        56.0,
        64.0,
        78.0,
        93.0,
        126.0,
        139.0,
        172.0,
        220.0,
        276.0,
        368.0,
        230.0,
        186.0,
        156.0,
        152.0,
        123.0,
        115.0,
        138.0,
        122.0,
        107.0,
        110.0,
        106.0,
        91.0,
        84.0,
        59.0,
        60.0,
        64.0,
        47.0,
        52.0,
        55.0,
        46.0,
        52.0,
        51.0,
        39.0,
        40.0,
        41.0,
        46.0,
        66.0,
        57.0,
        46.0,
        51.0,
        56.0,
        67.0,
        75.0,
        73.0,
        59.0,
        88.0,
        72.0,
        74.0,
        97.0,
        92.0,
        81.0,
        91.0,
        95.0,
        85.0,
        103.0,
        89.0,
        107.0,
        101.0,
        133.0,
        115.0,
        111.0,
        98.0,
        121.0,
        126.0,
        127.0,
        141.0,
        127.0,
        142.0,
        138.0,
        121.0,
        113.0,
        141.0,
        154.0,
        162.0,
        140.0,
        176.0,
        171.0,
        158.0,
        177.0,
        165.0,
        173.0,
        130.0,
        149.0,
        166.0,
        155.0,
        160.0,
        163.0,
        158.0,
        157.0,
        169.0,
        154.0,
        161.0,
        157.0,
        148.0,
        122.0,
        144.0,
        135.0,
        166.0,
        167.0,
        149.0,
        143.0,
        129.0,
        139.0,
        151.0,
        134.0,
        138.0,
        135.0,
        140.0,
        133.0,
        166.0,
        124.0,
        133.0,
        123.0,
        147.0,
        157.0,
        144.0,
        149.0,
        131.0,
        145.0,
        119.0,
        120.0,
        117.0,
        101.0,
        119.0,
        90.0,
        96.0,
        92.0,
        64.0,
        82.0,
        84.0,
        72.0,
        58.0,
        64.0,
        57.0,
        50.0,
        48.0,
        50.0,
        41.0,
        44.0,
        44.0,
        62.0,
        43.0,
        39.0,
        49.0,
        40.0,
        39.0,
        49.0,
        46.0,
        34.0,
        39.0,
        48.0,
        55.0,
        46.0,
        58.0,
        61.0,
        64.0,
        67.0,
        66.0,
        69.0,
        77.0,
        94.0,
        91.0,
        95.0,
        86.0,
        103.0,
        99.0,
        116.0,
        95.0,
        110.0,
        98.0,
        117.0,
        145.0,
        131.0,
        129.0,
        115.0,
        177.0,
        127.0,
        132.0,
        189.0,
        215.0,
        203.0,
        251.0,
        221.0,
        256.0,
        298.0,
        257.0,
        239.0,
        237.0,
        267.0,
        272.0,
        316.0,
        270.0,
        282.0,
        217.0,
        183.0,
        193.0,
        222.0,
        262.0,
        185.0,
        152.0,
        110.0,
        91.0,
        98.0,
        70.0,
        73.0,
        80.0,
        84.0,
        61.0,
        55.0,
        49.0,
        58.0,
        55.0,
        58.0,
        55.0,
        68.0,
        63.0,
        60.0,
        57.0,
        68.0,
        58.0,
        61.0,
        93.0,
        90.0,
        69.0,
        63.0,
        53.0,
        33.0,
        26.0,
        34.0,
        27.0,
        28.0,
        24.0,
        23.0,
        34.0,
        20.0,
        15.0,
        5.0,
        5.0,
        4.0,
        1.0,
        0.0
      ],
      "silhouette_mask_path": "C:\\Users\\shrad\\TrendWeave\\MERGE_OUTPUT_FINAL\\Catwalks__Women_s_Key_Items___Dresses_A_W_25_26_en\\page_5\\img_3_mask_2.png"
    },
    {
      "yolo_label": "person",
      "bbox": [
        240.9069366455078,
        0.13200311362743378,
        292.3825988769531,
        99.66557312011719
      ],
      "confidence": 0.2828455865383148,
      "clip_attributes": {
        "palette": {
          "label": "earth tones",
          "confidence": 0.22763623297214508
        },
        "dress_silhouette": {
          "label": "fit and flare",
          "confidence": 0.23608925938606262
        },
        "neckline": {
          "label": "square neckline",
          "confidence": 0.25727441906929016
        },
        "sleeve_type": {
          "label": "bell sleeves",
          "confidence": 0.25736868381500244
        },
        "top_silhouette": {
          "label": "fitted blouse",
          "confidence": 0.24103060364723206
        },
        "bottom_style": {
          "label": "flared pants",
          "confidence": 0.24865391850471497
        },
        "outerwear": {
          "label": "blazer",
          "confidence": 0.24440982937812805
        },
        "shoe_type": {
          "label": "ankle boots",
          "confidence": 0.23906700313091278
        },
        "bag_type": {
          "label": "shoulder bag",
          "confidence": 0.24321924149990082
        },
        "accessory": {
          "label": "hoop earrings",
          "confidence": 0.23267334699630737
        },
        "hairstyle": {
          "label": "braids",
          "confidence": 0.2265741229057312
        },
        "setting": {
          "label": "office wear",
          "confidence": 0.22636768221855164
        },
        "fabric_type": {
          "label": "organza",
          "confidence": 0.23535218834877014
        },
        "season": {
          "label": "fall",
          "confidence": 0.21310091018676758
        },
        "style_theme": {
          "label": "boho",
          "confidence": 0.2313462346792221
        }
      },
      "dominant_colors": [
        [
          51,
          134,
          128
        ],
        [
          210,
          129,
          127
        ],
        [
          119,
          139,
          130
        ]
      ],
      "texture_histogram": [
        0.0,
        0.0,
        0.0,
        0.0,
        0.0,
        0.0,
        0.0,
        0.0,
        0.0,
        0.0,
        0.0,
        0.0,
        0.0,
        1.0,
        0.0,
        1.0,
        3.0,
        6.0,
        9.0,
        10.0,
        10.0,
        19.0,
        22.0,
        8.0,
        16.0,
        19.0,
        18.0,
        24.0,
        14.0,
        14.0,
        19.0,
        14.0,
        19.0,
        13.0,
        27.0,
        21.0,
        18.0,
        28.0,
        21.0,
        24.0,
        18.0,
        20.0,
        26.0,
        20.0,
        23.0,
        23.0,
        25.0,
        20.0,
        24.0,
        23.0,
        25.0,
        19.0,
        27.0,
        16.0,
        23.0,
        23.0,
        19.0,
        32.0,
        26.0,
        19.0,
        21.0,
        15.0,
        18.0,
        23.0,
        16.0,
        20.0,
        15.0,
        17.0,
        18.0,
        16.0,
        12.0,
        26.0,
        17.0,
        33.0,
        20.0,
        25.0,
        17.0,
        14.0,
        24.0,
        21.0,
        23.0,
        22.0,
        25.0,
        16.0,
        27.0,
        14.0,
        21.0,
        27.0,
        24.0,
        20.0,
        37.0,
        31.0,
        27.0,
        43.0,
        33.0,
        30.0,
        24.0,
        31.0,
        33.0,
        24.0,
        15.0,
        32.0,
        30.0,
        23.0,
        33.0,
        34.0,
        42.0,
        36.0,
        29.0,
        26.0,
        32.0,
        22.0,
        42.0,
        39.0,
        32.0,
        35.0,
        29.0,
        24.0,
        25.0,
        30.0,
        29.0,
        20.0,
        29.0,
        26.0,
        18.0,
        24.0,
        17.0,
        16.0,
        16.0,
        20.0,
        17.0,
        17.0,
        20.0,
        16.0,
        15.0,
        10.0,
        12.0,
        13.0,
        11.0,
        18.0,
        14.0,
        13.0,
        8.0,
        9.0,
        20.0,
        14.0,
        21.0,
        8.0,
        7.0,
        19.0,
        7.0,
        7.0,
        9.0,
        14.0,
        9.0,
        14.0,
        11.0,
        7.0,
        17.0,
        7.0,
        10.0,
        12.0,
        13.0,
        13.0,
        8.0,
        14.0,
        12.0,
        9.0,
        19.0,
        16.0,
        20.0,
        19.0,
        16.0,
        17.0,
        17.0,
        15.0,
        17.0,
        15.0,
        24.0,
        14.0,
        10.0,
        19.0,
        21.0,
        21.0,
        27.0,
        16.0,
        29.0,
        21.0,
        22.0,
        26.0,
        32.0,
        20.0,
        24.0,
        24.0,
        21.0,
        18.0,
        24.0,
        31.0,
        24.0,
        29.0,
        27.0,
        23.0,
        19.0,
        33.0,
        24.0,
        25.0,
        26.0,
        33.0,
        31.0,
        26.0,
        38.0,
        34.0,
        47.0,
        36.0,
        48.0,
        59.0,
        42.0,
        64.0,
        57.0,
        74.0,
        75.0,
        70.0,
        68.0,
        57.0,
        47.0,
        41.0,
        32.0,
        28.0,
        18.0,
        24.0,
        19.0,
        18.0,
        11.0,
        12.0,
        8.0,
        7.0,
        17.0,
        13.0,
        14.0,
        8.0,
        6.0,
        13.0,
        9.0,
        14.0,
        4.0,
        7.0,
        2.0,
        2.0,
        0.0,
        1.0,
        0.0,
        0.0,
        0.0,
        0.0,
        0.0,
        0.0
      ],
      "silhouette_mask_path": "C:\\Users\\shrad\\TrendWeave\\MERGE_OUTPUT_FINAL\\Catwalks__Women_s_Key_Items___Dresses_A_W_25_26_en\\page_5\\img_3_mask_3.png"
    }
  ],
  "pose_keypoints": [
    {
      "x": 0.5059370994567871,
      "y": 0.12101906538009644,
      "z": -1.3397676944732666,
      "visibility": 0.9999854564666748
    },
    {
      "x": 0.533511221408844,
      "y": 0.10323455929756165,
      "z": -1.2950780391693115,
      "visibility": 0.9999399185180664
    },
    {
      "x": 0.5466396808624268,
      "y": 0.10345491766929626,
      "z": -1.295157551765442,
      "visibility": 0.9999258518218994
    },
    {
      "x": 0.5594006776809692,
      "y": 0.10398811101913452,
      "z": -1.295209288597107,
      "visibility": 0.9999206066131592
    },
    {
      "x": 0.4888263940811157,
      "y": 0.10246911644935608,
      "z": -1.3029018640518188,
      "visibility": 0.9999428987503052
    },
    {
      "x": 0.47503527998924255,
      "y": 0.1022147536277771,
      "z": -1.3030755519866943,
      "visibility": 0.9999397993087769
    },
    {
      "x": 0.46372637152671814,
      "y": 0.10212162137031555,
      "z": -1.303322672843933,
      "visibility": 0.9999397993087769
    },
    {
      "x": 0.5828154683113098,
      "y": 0.11159699410200119,
      "z": -0.9004151225090027,
      "visibility": 0.9998598098754883
    },
    {
      "x": 0.44987377524375916,
      "y": 0.10676580667495728,
      "z": -0.9389380812644958,
      "visibility": 0.9999313354492188
    },
    {
      "x": 0.5329388380050659,
      "y": 0.14141419529914856,
      "z": -1.180621862411499,
      "visibility": 0.999993085861206
    },
    {
      "x": 0.48070043325424194,
      "y": 0.14013567566871643,
      "z": -1.1919809579849243,
      "visibility": 0.9999934434890747
    },
    {
      "x": 0.692660391330719,
      "y": 0.2248624712228775,
      "z": -0.5307436585426331,
      "visibility": 0.9999850988388062
    },
    {
      "x": 0.3242790997028351,
      "y": 0.21819734573364258,
      "z": -0.6794347167015076,
      "visibility": 0.9999825954437256
    },
    {
      "x": 0.728966236114502,
      "y": 0.38992446660995483,
      "z": -0.29733988642692566,
      "visibility": 0.9885586500167847
    },
    {
      "x": 0.32116466760635376,
      "y": 0.3886423408985138,
      "z": -0.5130124092102051,
      "visibility": 0.9835143089294434
    },
    {
      "x": 0.7171992063522339,
      "y": 0.5320972204208374,
      "z": -0.6149037480354309,
      "visibility": 0.97523432970047
    },
    {
      "x": 0.26481086015701294,
      "y": 0.5150709748268127,
      "z": -0.8025442957878113,
      "visibility": 0.9702841639518738
    },
    {
      "x": 0.7311257123947144,
      "y": 0.5764462947845459,
      "z": -0.7123722434043884,
      "visibility": 0.9515314698219299
    },
    {
      "x": 0.24097055196762085,
      "y": 0.5558387041091919,
      "z": -0.9023481011390686,
      "visibility": 0.9509502649307251
    },
    {
      "x": 0.716133713722229,
      "y": 0.577456533908844,
      "z": -0.8332416415214539,
      "visibility": 0.9542564749717712
    },
    {
      "x": 0.2515319287776947,
      "y": 0.5573328137397766,
      "z": -1.0506212711334229,
      "visibility": 0.9547286629676819
    },
    {
      "x": 0.7049955725669861,
      "y": 0.564363956451416,
      "z": -0.6667324304580688,
      "visibility": 0.951259434223175
    },
    {
      "x": 0.2642335891723633,
      "y": 0.5445610284805298,
      "z": -0.8637620210647583,
      "visibility": 0.9500753879547119
    },
    {
      "x": 0.5900092124938965,
      "y": 0.4994538724422455,
      "z": 0.062207724899053574,
      "visibility": 0.9998925924301147
    },
    {
      "x": 0.40117332339286804,
      "y": 0.4924246370792389,
      "z": -0.06288217008113861,
      "visibility": 0.9998108744621277
    },
    {
      "x": 0.5296719670295715,
      "y": 0.700650155544281,
      "z": 0.0412609688937664,
      "visibility": 0.9843416810035706
    },
    {
      "x": 0.4169096350669861,
      "y": 0.7038116455078125,
      "z": -0.05259820073843002,
      "visibility": 0.9853514432907104
    },
    {
      "x": 0.49043819308280945,
      "y": 0.8860942721366882,
      "z": 0.7365326285362244,
      "visibility": 0.9733604192733765
    },
    {
      "x": 0.43730199337005615,
      "y": 0.848696768283844,
      "z": 0.8249695897102356,
      "visibility": 0.9334446787834167
    },
    {
      "x": 0.4708084166049957,
      "y": 0.9034647345542908,
      "z": 0.7792061567306519,
      "visibility": 0.8456754088401794
    },
    {
      "x": 0.43324679136276245,
      "y": 0.8629235625267029,
      "z": 0.8946273922920227,
      "visibility": 0.667068600654602
    },
    {
      "x": 0.5165507197380066,
      "y": 0.9521890878677368,
      "z": 0.3688049018383026,
      "visibility": 0.9603045582771301
    },
    {
      "x": 0.45193690061569214,
      "y": 0.9194930791854858,
      "z": 0.5278186202049255,
      "visibility": 0.9298384189605713
    }
  ]
}