{
  "image": "C:\\Users\\shrad\\TrendWeave\\TrendWeave\\extracted_data\\Catwalks__Women_s_Key_Items___Dresses_A_W_25_26_en\\page_5\\img_5.jpeg",
  "items": [
    {
      "yolo_label": "person",
      "bbox": [
        22.698047637939453,
        29.123308181762695,
        277.76654052734375,
        584.0
      ],
      "confidence": 0.7588949203491211,
      "clip_attributes": {
        "palette": {
          "label": "monochrome",
          "confidence": 0.18972107768058777
        },
        "dress_silhouette": {
          "label": "shirt dress",
          "confidence": 0.2545587718486786
        },
        "neckline": {
          "label": "square neckline",
          "confidence": 0.2652660310268402
        },
        "sleeve_type": {
          "label": "puffed sleeves",
          "confidence": 0.23976458609104156
        },
        "top_silhouette": {
          "label": "peplum",
          "confidence": 0.237579345703125
        },
        "bottom_style": {
          "label": "mini skirt",
          "confidence": 0.2362946718931198
        },
        "outerwear": {
          "label": "long coat",
          "confidence": 0.21143579483032227
        },
        "shoe_type": {
          "label": "ballet flats",
          "confidence": 0.2286958396434784
        },
        "bag_type": {
          "label": "clutch",
          "confidence": 0.18763011693954468
        },
        "accessory": {
          "label": "watch",
          "confidence": 0.20114363729953766
        },
        "hairstyle": {
          "label": "loose curls",
          "confidence": 0.20593054592609406
        },
        "setting": {
          "label": "office wear",
          "confidence": 0.21757835149765015
        },
        "fabric_type": {
          "label": "organza",
          "confidence": 0.23149167001247406
        },
        "season": {
          "label": "spring",
          "confidence": 0.1933508664369583
        },
        "style_theme": {
          "label": "elegant chic",
          "confidence": 0.23078839480876923
        }
      },
      "dominant_colors": [
        [
          12,
          133,
          130
        ],
        [
          126,
          188,
          163
        ],
        [
          79,
          152,
          143
        ]
      ],
      "texture_histogram": [
        288.0,
        2164.0,
        3820.0,
        2620.0,
        2655.0,
        1945.0,
        2802.0,
        5648.0,
        2407.0,
        1127.0,
        948.0,
        933.0,
        839.0,
        832.0,
        800.0,
        722.0,
        705.0,
        673.0,
        607.0,
        626.0,
        631.0,
        604.0,
        597.0,
        585.0,
        564.0,
        561.0,
        600.0,
        640.0,
        634.0,
        587.0,
        655.0,
        640.0,
        672.0,
        646.0,
        618.0,
        651.0,
        659.0,
        613.0,
        564.0,
        524.0,
        546.0,
        530.0,
        620.0,
        603.0,
        612.0,
        623.0,
        745.0,
        785.0,
        884.0,
        949.0,
        1042.0,
        1041.0,
        1164.0,
        1141.0,
        1291.0,
        1289.0,
        1369.0,
        1279.0,
        1273.0,
        1393.0,
        1371.0,
        1337.0,
        1287.0,
        1252.0,
        1219.0,
        1180.0,
        1061.0,
        1058.0,
        1121.0,
        1124.0,
        1178.0,
        1040.0,
        1054.0,
        1063.0,
        1024.0,
        1070.0,
        1053.0,
        1136.0,
        1108.0,
        1054.0,
        1165.0,
        1079.0,
        1101.0,
        1061.0,
        1063.0,
        1080.0,
        1054.0,
        1122.0,
        1109.0,
        1128.0,
        1208.0,
        1163.0,
        1097.0,
        1204.0,
        1267.0,
        1225.0,
        1196.0,
        1268.0,
        1136.0,
        1282.0,
        1360.0,
        1351.0,
        1271.0,
        1289.0,
        1412.0,
        1312.0,
        1294.0,
        1300.0,
        1204.0,
        1199.0,
        1122.0,
        1050.0,
        952.0,
        798.0,
        807.0,
        613.0,
        580.0,
        509.0,
        439.0,
        385.0,
        359.0,
        325.0,
        280.0,
        241.0,
        251.0,
        212.0,
        226.0,
        229.0,
        176.0,
        196.0,
        195.0,
        157.0,
        177.0,
        203.0,
        193.0,
        182.0,
        163.0,
        156.0,
        178.0,
        153.0,
        157.0,
        154.0,
        173.0,
        176.0,
        156.0,
        149.0,
        155.0,
        148.0,
        147.0,
        149.0,
        148.0,
        151.0,
        166.0,
        147.0,
        130.0,
        128.0,
        142.0,
        141.0,
        157.0,
        142.0,
        167.0,
        181.0,
        135.0,
        173.0,
        138.0,
        134.0,
        122.0,
        138.0,
        132.0,
        142.0,
        135.0,
        131.0,
        131.0,
        129.0,
        120.0,
        113.0,
        107.0,
        118.0,
        79.0,
        70.0,
        86.0,
        81.0,
        68.0,
        61.0,
        65.0,
        55.0,
        67.0,
        49.0,
        42.0,
        43.0,
        44.0,
        44.0,
        35.0,
        27.0,
        29.0,
        22.0,
        15.0,
        16.0,
        23.0,
        17.0,
        16.0,
        12.0,
        20.0,
        13.0,
        11.0,
        7.0,
        9.0,
        6.0,
        4.0,
        4.0,
        5.0,
        6.0,
        1.0,
        2.0,
        2.0,
        2.0,
        3.0,
        3.0,
        2.0,
        2.0,
        3.0,
        1.0,
        2.0,
        0.0,
        4.0,
        0.0,
        1.0,
        2.0,
        0.0,
        0.0,
        0.0,
        0.0,
        0.0,
        0.0,
        0.0,
        0.0,
        0.0,
        0.0,
        0.0,
        0.0,
        0.0,
        0.0,
        0.0,
        0.0,
        0.0,
        0.0,
        0.0,
        0.0,
        0.0,
        0.0,
        0.0,
        0.0,
        0.0,
        0.0,
        0.0,
        0.0
      ],
      "silhouette_mask_path": "C:\\Users\\shrad\\TrendWeave\\MERGE_OUTPUT_FINAL\\Catwalks__Women_s_Key_Items___Dresses_A_W_25_26_en\\page_5\\img_5_mask_0.png"
    },
    {
      "yolo_label": "person",
      "bbox": [
        85.57592010498047,
        74.36231994628906,
        130.82940673828125,
        116.9780044555664
      ],
      "confidence": 0.675018846988678,
      "clip_attributes": {
        "palette": {
          "label": "earth tones",
          "confidence": 0.20949508249759674
        },
        "dress_silhouette": {
          "label": "fit and flare",
          "confidence": 0.18682768940925598
        },
        "neckline": {
          "label": "square neckline",
          "confidence": 0.21441124379634857
        },
        "sleeve_type": {
          "label": "puffed sleeves",
          "confidence": 0.2012205868959427
        },
        "top_silhouette": {
          "label": "peplum",
          "confidence": 0.19859452545642853
        },
        "bottom_style": {
          "label": "culottes",
          "confidence": 0.20247969031333923
        },
        "outerwear": {
          "label": "shrug",
          "confidence": 0.20693330466747284
        },
        "shoe_type": {
          "label": "ballet flats",
          "confidence": 0.19968649744987488
        },
        "bag_type": {
          "label": "clutch",
          "confidence": 0.19498242437839508
        },
        "accessory": {
          "label": "watch",
          "confidence": 0.22248204052448273
        },
        "hairstyle": {
          "label": "straight hair",
          "confidence": 0.1924809068441391
        },
        "setting": {
          "label": "party night",
          "confidence": 0.19739548861980438
        },
        "fabric_type": {
          "label": "organza",
          "confidence": 0.23215489089488983
        },
        "season": {
          "label": "fall",
          "confidence": 0.2047341763973236
        },
        "style_theme": {
          "label": "y2k",
          "confidence": 0.19466768205165863
        }
      },
      "dominant_colors": [
        [
          62,
          146,
          143
        ],
        [
          164,
          135,
          151
        ],
        [
          11,
          135,
          132
        ]
      ],
      "texture_histogram": [
        2.0,
        29.0,
        104.0,
        57.0,
        62.0,
        43.0,
        45.0,
        47.0,
        23.0,
        24.0,
        30.0,
        22.0,
        20.0,
        19.0,
        26.0,
        16.0,
        24.0,
        32.0,
        21.0,
        35.0,
        32.0,
        37.0,
        39.0,
        23.0,
        20.0,
        18.0,
        21.0,
        20.0,
        17.0,
        16.0,
        20.0,
        20.0,
        18.0,
        17.0,
        17.0,
        19.0,
        16.0,
        28.0,
        19.0,
        21.0,
        22.0,
        16.0,
        24.0,
        21.0,
        25.0,
        19.0,
        8.0,
        20.0,
        8.0,
        13.0,
        18.0,
        11.0,
        14.0,
        8.0,
        10.0,
        9.0,
        16.0,
        9.0,
        13.0,
        5.0,
        5.0,
        8.0,
        8.0,
        6.0,
        3.0,
        8.0,
        2.0,
        5.0,
        5.0,
        9.0,
        8.0,
        6.0,
        5.0,
        4.0,
        10.0,
        2.0,
        8.0,
        8.0,
        3.0,
        4.0,
        4.0,
        5.0,
        1.0,
        6.0,
        4.0,
        7.0,
        1.0,
        2.0,
        5.0,
        5.0,
        4.0,
        4.0,
        5.0,
        2.0,
        2.0,
        2.0,
        4.0,
        5.0,
        3.0,
        5.0,
        6.0,
        5.0,
        5.0,
        6.0,
        6.0,
        4.0,
        1.0,
        2.0,
        6.0,
        3.0,
        2.0,
        1.0,
        7.0,
        2.0,
        3.0,
        1.0,
        7.0,
        5.0,
        6.0,
        2.0,
        1.0,
        4.0,
        5.0,
        3.0,
        3.0,
        5.0,
        5.0,
        3.0,
        3.0,
        3.0,
        2.0,
        2.0,
        3.0,
        1.0,
        3.0,
        2.0,
        0.0,
        0.0,
        2.0,
        1.0,
        2.0,
        4.0,
        3.0,
        6.0,
        2.0,
        4.0,
        2.0,
        1.0,
        2.0,
        0.0,
        0.0,
        2.0,
        2.0,
        1.0,
        5.0,
        3.0,
        2.0,
        1.0,
        1.0,
        0.0,
        1.0,
        2.0,
        4.0,
        4.0,
        1.0,
        1.0,
        1.0,
        3.0,
        1.0,
        1.0,
        4.0,
        0.0,
        2.0,
        0.0,
        2.0,
        2.0,
        1.0,
        2.0,
        0.0,
        2.0,
        1.0,
        5.0,
        2.0,
        1.0,
        1.0,
        5.0,
        1.0,
        0.0,
        1.0,
        2.0,
        0.0,
        3.0,
        0.0,
        0.0,
        3.0,
        1.0,
        1.0,
        1.0,
        3.0,
        2.0,
        3.0,
        2.0,
        3.0,
        2.0,
        0.0,
        0.0,
        3.0,
        1.0,
        1.0,
        2.0,
        2.0,
        5.0,
        1.0,
        1.0,
        2.0,
        2.0,
        2.0,
        2.0,
        2.0,
        2.0,
        2.0,
        1.0,
        2.0,
        0.0,
        3.0,
        0.0,
        0.0,
        2.0,
        0.0,
        0.0,
        0.0,
        0.0,
        0.0,
        0.0,
        0.0,
        0.0,
        0.0,
        0.0,
        0.0,
        0.0,
        0.0,
        0.0,
        0.0,
        0.0,
        0.0,
        0.0,
        0.0,
        0.0,
        0.0,
        0.0,
        0.0,
        0.0,
        0.0,
        0.0,
        0.0,
        0.0
      ],
      "silhouette_mask_path": "C:\\Users\\shrad\\TrendWeave\\MERGE_OUTPUT_FINAL\\Catwalks__Women_s_Key_Items___Dresses_A_W_25_26_en\\page_5\\img_5_mask_1.png"
    },
    {
      "yolo_label": "person",
      "bbox": [
        58.090492248535156,
        77.43104553222656,
        87.58065795898438,
        117.91828918457031
      ],
      "confidence": 0.39964768290519714,
      "clip_attributes": {
        "palette": {
          "label": "muted tones",
          "confidence": 0.22411814332008362
        },
        "neckline": {
          "label": "v-neck",
          "confidence": 0.23225100338459015
        },
        "sleeve_type": {
          "label": "rolled sleeves",
          "confidence": 0.2134672850370407
        },
        "top_silhouette": {
          "label": "hoodie",
          "confidence": 0.209547758102417
        },
        "bottom_style": {
          "label": "chinos",
          "confidence": 0.22482161223888397
        },
        "outerwear": {
          "label": "blazer",
          "confidence": 0.21786382794380188
        },
        "shoe_type": {
          "label": "boots",
          "confidence": 0.207820326089859
        },
        "bag_type": {
          "label": "duffel bag",
          "confidence": 0.20945560932159424
        },
        "accessory": {
          "label": "watch",
          "confidence": 0.23901531100273132
        },
        "hairstyle": {
          "label": "undercut",
          "confidence": 0.2342826873064041
        },
        "setting": {
          "label": "date night",
          "confidence": 0.21557208895683289
        },
        "fabric_type": {
          "label": "wool",
          "confidence": 0.22288507223129272
        },
        "season": {
          "label": "monsoon",
          "confidence": 0.21881607174873352
        },
        "style_theme": {
          "label": "minimalist",
          "confidence": 0.20977652072906494
        }
      },
      "dominant_colors": [
        [
          7,
          133,
          131
        ],
        [
          56,
          131,
          140
        ],
        [
          29,
          137,
          137
        ]
      ],
      "texture_histogram": [
        0.0,
        7.0,
        7.0,
        12.0,
        30.0,
        33.0,
        48.0,
        51.0,
        60.0,
        67.0,
        62.0,
        73.0,
        39.0,
        39.0,
        33.0,
        38.0,
        32.0,
        26.0,
        19.0,
        20.0,
        22.0,
        12.0,
        20.0,
        14.0,
        24.0,
        14.0,
        17.0,
        25.0,
        16.0,
        15.0,
        18.0,
        19.0,
        11.0,
        10.0,
        7.0,
        14.0,
        13.0,
        15.0,
        2.0,
        8.0,
        11.0,
        9.0,
        6.0,
        6.0,
        13.0,
        9.0,
        10.0,
        6.0,
        7.0,
        8.0,
        5.0,
        6.0,
        4.0,
        4.0,
        6.0,
        8.0,
        3.0,
        5.0,
        6.0,
        3.0,
        4.0,
        5.0,
        4.0,
        4.0,
        2.0,
        4.0,
        3.0,
        2.0,
        1.0,
        0.0,
        1.0,
        2.0,
        1.0,
        0.0,
        0.0,
        0.0,
        0.0,
        0.0,
        0.0,
        0.0,
        0.0,
        0.0,
        0.0,
        0.0,
        0.0,
        0.0,
        0.0,
        0.0,
        0.0,
        0.0,
        0.0,
        0.0,
        0.0,
        0.0,
        0.0,
        0.0,
        0.0,
        0.0,
        0.0,
        0.0,
        0.0,
        0.0,
        0.0,
        0.0,
        0.0,
        0.0,
        0.0,
        0.0,
        0.0,
        0.0,
        0.0,
        0.0,
        0.0,
        0.0,
        0.0,
        0.0,
        0.0,
        0.0,
        0.0,
        0.0,
        0.0,
        0.0,
        0.0,
        0.0,
        0.0,
        0.0,
        0.0,
        0.0,
        0.0,
        0.0,
        0.0,
        0.0,
        0.0,
        0.0,
        0.0,
        0.0,
        0.0,
        0.0,
        0.0,
        0.0,
        0.0,
        0.0,
        0.0,
        0.0,
        0.0,
        0.0,
        0.0,
        0.0,
        0.0,
        0.0,
        0.0,
        0.0,
        0.0,
        0.0,
        0.0,
        0.0,
        0.0,
        0.0,
        0.0,
        0.0,
        0.0,
        0.0,
        0.0,
        0.0,
        0.0,
        0.0,
        0.0,
        0.0,
        0.0,
        0.0,
        0.0,
        0.0,
        0.0,
        0.0,
        0.0,
        0.0,
        0.0,
        0.0,
        0.0,
        0.0,
        0.0,
        0.0,
        0.0,
        0.0,
        0.0,
        0.0,
        0.0,
        0.0,
        0.0,
        0.0,
        0.0,
        0.0,
        0.0,
        0.0,
        0.0,
        0.0,
        0.0,
        0.0,
        0.0,
        0.0,
        0.0,
        0.0,
        0.0,
        0.0,
        0.0,
        0.0,
        0.0,
        0.0,
        0.0,
        0.0,
        0.0,
        0.0,
        0.0,
        0.0,
        0.0,
        0.0,
        0.0,
        0.0,
        0.0,
        0.0,
        0.0,
        0.0,
        0.0,
        0.0,
        0.0,
        0.0,
        0.0,
        0.0,
        0.0,
        0.0,
        0.0,
        0.0,
        0.0,
        0.0,
        0.0,
        0.0,
        0.0,
        0.0,
        0.0,
        0.0,
        0.0,
        0.0,
        0.0,
        0.0,
        0.0,
        0.0,
        0.0,
        0.0,
        0.0,
        0.0,
        0.0,
        0.0,
        0.0,
        0.0,
        0.0,
        0.0
      ],
      "silhouette_mask_path": "C:\\Users\\shrad\\TrendWeave\\MERGE_OUTPUT_FINAL\\Catwalks__Women_s_Key_Items___Dresses_A_W_25_26_en\\page_5\\img_5_mask_2.png"
    },
    {
      "yolo_label": "person",
      "bbox": [
        14.46357250213623,
        77.95854949951172,
        77.78438568115234,
        161.38429260253906
      ],
      "confidence": 0.289659708738327,
      "clip_attributes": {
        "palette": {
          "label": "earth tones",
          "confidence": 0.2159070521593094
        },
        "neckline": {
          "label": "buttoned collar",
          "confidence": 0.21451012790203094
        },
        "sleeve_type": {
          "label": "long sleeves",
          "confidence": 0.2175522744655609
        },
        "top_silhouette": {
          "label": "hoodie",
          "confidence": 0.22080184519290924
        },
        "bottom_style": {
          "label": "chinos",
          "confidence": 0.21287667751312256
        },
        "outerwear": {
          "label": "blazer",
          "confidence": 0.2297206073999405
        },
        "shoe_type": {
          "label": "boots",
          "confidence": 0.21614964306354523
        },
        "bag_type": {
          "label": "duffel bag",
          "confidence": 0.21381038427352905
        },
        "accessory": {
          "label": "chain",
          "confidence": 0.22497501969337463
        },
        "hairstyle": {
          "label": "undercut",
          "confidence": 0.21574297547340393
        },
        "setting": {
          "label": "smart casual",
          "confidence": 0.22143389284610748
        },
        "fabric_type": {
          "label": "wool",
          "confidence": 0.2182832807302475
        },
        "season": {
          "label": "monsoon",
          "confidence": 0.21304664015769958
        },
        "style_theme": {
          "label": "grunge",
          "confidence": 0.21281306445598602
        }
      },
      "dominant_colors": [
        [
          5,
          131,
          129
        ],
        [
          87,
          134,
          134
        ],
        [
          41,
          133,
          132
        ]
      ],
      "texture_histogram": [
        102.0,
        1008.0,
        195.0,
        165.0,
        139.0,
        231.0,
        239.0,
        205.0,
        156.0,
        144.0,
        124.0,
        131.0,
        96.0,
        98.0,
        83.0,
        78.0,
        84.0,
        70.0,
        62.0,
        52.0,
        50.0,
        55.0,
        50.0,
        51.0,
        47.0,
        47.0,
        51.0,
        54.0,
        47.0,
        42.0,
        28.0,
        29.0,
        37.0,
        26.0,
        33.0,
        34.0,
        44.0,
        28.0,
        25.0,
        33.0,
        41.0,
        29.0,
        35.0,
        24.0,
        34.0,
        20.0,
        43.0,
        27.0,
        26.0,
        37.0,
        34.0,
        28.0,
        22.0,
        22.0,
        25.0,
        26.0,
        31.0,
        24.0,
        23.0,
        12.0,
        23.0,
        17.0,
        11.0,
        13.0,
        13.0,
        19.0,
        10.0,
        21.0,
        15.0,
        14.0,
        11.0,
        12.0,
        11.0,
        12.0,
        5.0,
        11.0,
        9.0,
        11.0,
        4.0,
        9.0,
        10.0,
        12.0,
        5.0,
        14.0,
        9.0,
        10.0,
        10.0,
        9.0,
        0.0,
        12.0,
        3.0,
        10.0,
        2.0,
        5.0,
        3.0,
        4.0,
        5.0,
        5.0,
        4.0,
        5.0,
        4.0,
        8.0,
        1.0,
        2.0,
        2.0,
        3.0,
        4.0,
        1.0,
        3.0,
        4.0,
        1.0,
        3.0,
        2.0,
        2.0,
        1.0,
        1.0,
        2.0,
        3.0,
        0.0,
        1.0,
        5.0,
        1.0,
        2.0,
        3.0,
        0.0,
        1.0,
        1.0,
        1.0,
        1.0,
        1.0,
        0.0,
        0.0,
        2.0,
        1.0,
        0.0,
        0.0,
        0.0,
        0.0,
        0.0,
        0.0,
        0.0,
        0.0,
        0.0,
        1.0,
        0.0,
        0.0,
        0.0,
        0.0,
        0.0,
        0.0,
        0.0,
        0.0,
        0.0,
        0.0,
        0.0,
        0.0,
        0.0,
        0.0,
        0.0,
        0.0,
        0.0,
        0.0,
        0.0,
        0.0,
        0.0,
        0.0,
        0.0,
        0.0,
        0.0,
        0.0,
        0.0,
        0.0,
        0.0,
        0.0,
        0.0,
        0.0,
        0.0,
        0.0,
        0.0,
        0.0,
        0.0,
        0.0,
        0.0,
        0.0,
        0.0,
        0.0,
        0.0,
        0.0,
        0.0,
        0.0,
        0.0,
        0.0,
        0.0,
        0.0,
        0.0,
        0.0,
        0.0,
        0.0,
        0.0,
        0.0,
        0.0,
        0.0,
        0.0,
        0.0,
        0.0,
        0.0,
        0.0,
        0.0,
        0.0,
        0.0,
        0.0,
        0.0,
        0.0,
        0.0,
        0.0,
        0.0,
        0.0,
        0.0,
        0.0,
        0.0,
        0.0,
        0.0,
        0.0,
        0.0,
        0.0,
        0.0,
        0.0,
        0.0,
        0.0,
        0.0,
        0.0,
        0.0,
        0.0,
        0.0,
        0.0,
        0.0,
        0.0,
        0.0,
        0.0,
        0.0,
        0.0,
        0.0,
        0.0,
        0.0,
        0.0,
        0.0,
        0.0,
        0.0,
        0.0,
        0.0,
        0.0,
        0.0,
        0.0,
        0.0,
        0.0,
        0.0
      ],
      "silhouette_mask_path": "C:\\Users\\shrad\\TrendWeave\\MERGE_OUTPUT_FINAL\\Catwalks__Women_s_Key_Items___Dresses_A_W_25_26_en\\page_5\\img_5_mask_3.png"
    },
    {
      "yolo_label": "person",
      "bbox": [
        21.566556930541992,
        17.85610008239746,
        279.08349609375,
        401.1771240234375
      ],
      "confidence": 0.2892090380191803,
      "clip_attributes": {
        "palette": {
          "label": "monochrome",
          "confidence": 0.20335300266742706
        },
        "dress_silhouette": {
          "label": "wrap dress",
          "confidence": 0.26726070046424866
        },
        "neckline": {
          "label": "square neckline",
          "confidence": 0.2845419645309448
        },
        "sleeve_type": {
          "label": "puffed sleeves",
          "confidence": 0.28002244234085083
        },
        "top_silhouette": {
          "label": "peplum",
          "confidence": 0.2601583003997803
        },
        "bottom_style": {
          "label": "culottes",
          "confidence": 0.2509961426258087
        },
        "outerwear": {
          "label": "long coat",
          "confidence": 0.24991759657859802
        },
        "shoe_type": {
          "label": "ankle boots",
          "confidence": 0.20730556547641754
        },
        "bag_type": {
          "label": "shoulder bag",
          "confidence": 0.23501308262348175
        },
        "accessory": {
          "label": "hairband",
          "confidence": 0.2133597582578659
        },
        "hairstyle": {
          "label": "high bun",
          "confidence": 0.21716763079166412
        },
        "setting": {
          "label": "office wear",
          "confidence": 0.23351459205150604
        },
        "fabric_type": {
          "label": "organza",
          "confidence": 0.26202192902565
        },
        "season": {
          "label": "fall",
          "confidence": 0.20067623257637024
        },
        "style_theme": {
          "label": "elegant chic",
          "confidence": 0.24724644422531128
        }
      },
      "dominant_colors": [
        [
          9,
          133,
          130
        ],
        [
          111,
          172,
          156
        ],
        [
          69,
          136,
          134
        ]
      ],
      "texture_histogram": [
        309.0,
        2263.0,
        3996.0,
        2683.0,
        2822.0,
        2000.0,
        2941.0,
        6351.0,
        3806.0,
        1371.0,
        979.0,
        951.0,
        853.0,
        835.0,
        817.0,
        722.0,
        715.0,
        684.0,
        610.0,
        639.0,
        638.0,
        590.0,
        594.0,
        595.0,
        571.0,
        561.0,
        610.0,
        603.0,
        592.0,
        534.0,
        555.0,
        544.0,
        580.0,
        535.0,
        513.0,
        519.0,
        539.0,
        500.0,
        484.0,
        467.0,
        482.0,
        490.0,
        560.0,
        548.0,
        567.0,
        578.0,
        710.0,
        760.0,
        859.0,
        923.0,
        1006.0,
        1007.0,
        1117.0,
        1063.0,
        1157.0,
        1156.0,
        1211.0,
        1102.0,
        1042.0,
        1124.0,
        1114.0,
        1060.0,
        1005.0,
        964.0,
        882.0,
        853.0,
        720.0,
        705.0,
        710.0,
        715.0,
        735.0,
        601.0,
        570.0,
        537.0,
        476.0,
        454.0,
        477.0,
        476.0,
        449.0,
        414.0,
        476.0,
        412.0,
        455.0,
        422.0,
        406.0,
        392.0,
        397.0,
        410.0,
        365.0,
        368.0,
        349.0,
        326.0,
        283.0,
        329.0,
        325.0,
        309.0,
        274.0,
        290.0,
        272.0,
        301.0,
        307.0,
        320.0,
        271.0,
        276.0,
        297.0,
        267.0,
        294.0,
        320.0,
        279.0,
        316.0,
        286.0,
        283.0,
        239.0,
        253.0,
        284.0,
        212.0,
        239.0,
        219.0,
        232.0,
        223.0,
        211.0,
        211.0,
        202.0,
        182.0,
        181.0,
        168.0,
        193.0,
        188.0,
        145.0,
        158.0,
        154.0,
        127.0,
        150.0,
        158.0,
        147.0,
        139.0,
        126.0,
        121.0,
        149.0,
        115.0,
        117.0,
        115.0,
        127.0,
        136.0,
        119.0,
        112.0,
        104.0,
        119.0,
        111.0,
        111.0,
        105.0,
        108.0,
        110.0,
        108.0,
        93.0,
        94.0,
        100.0,
        96.0,
        107.0,
        98.0,
        129.0,
        139.0,
        98.0,
        128.0,
        107.0,
        100.0,
        80.0,
        94.0,
        90.0,
        92.0,
        84.0,
        85.0,
        87.0,
        80.0,
        71.0,
        68.0,
        69.0,
        67.0,
        46.0,
        40.0,
        41.0,
        41.0,
        32.0,
        23.0,
        32.0,
        27.0,
        29.0,
        17.0,
        14.0,
        19.0,
        11.0,
        15.0,
        10.0,
        13.0,
        13.0,
        7.0,
        9.0,
        6.0,
        12.0,
        7.0,
        9.0,
        4.0,
        9.0,
        6.0,
        5.0,
        5.0,
        8.0,
        4.0,
        4.0,
        4.0,
        4.0,
        5.0,
        1.0,
        2.0,
        2.0,
        2.0,
        3.0,
        3.0,
        2.0,
        2.0,
        3.0,
        1.0,
        2.0,
        0.0,
        4.0,
        0.0,
        1.0,
        2.0,
        0.0,
        0.0,
        0.0,
        0.0,
        0.0,
        0.0,
        0.0,
        0.0,
        0.0,
        0.0,
        0.0,
        0.0,
        0.0,
        0.0,
        0.0,
        0.0,
        0.0,
        0.0,
        0.0,
        0.0,
        0.0,
        0.0,
        0.0,
        0.0,
        0.0,
        0.0,
        0.0,
        0.0
      ],
      "silhouette_mask_path": "C:\\Users\\shrad\\TrendWeave\\MERGE_OUTPUT_FINAL\\Catwalks__Women_s_Key_Items___Dresses_A_W_25_26_en\\page_5\\img_5_mask_4.png"
    },
    {
      "yolo_label": "person",
      "bbox": [
        212.18533325195312,
        51.85908889770508,
        253.29571533203125,
        138.53648376464844
      ],
      "confidence": 0.2571311891078949,
      "clip_attributes": {
        "palette": {
          "label": "neon",
          "confidence": 0.22736184298992157
        },
        "shoe_type": {
          "label": "boots",
          "confidence": 0.21720702946186066
        },
        "bag_type": {
          "label": "tote bag",
          "confidence": 0.21623685956001282
        },
        "accessory": {
          "label": "watch",
          "confidence": 0.23742903769016266
        },
        "setting": {
          "label": "streetwear",
          "confidence": 0.2045874148607254
        },
        "fabric_type": {
          "label": "jersey",
          "confidence": 0.22536593675613403
        },
        "season": {
          "label": "winter",
          "confidence": 0.21615366637706757
        },
        "style_theme": {
          "label": "vintage",
          "confidence": 0.2203805148601532
        }
      },
      "dominant_colors": [
        [
          1,
          129,
          128
        ],
        [
          71,
          129,
          130
        ],
        [
          5,
          133,
          129
        ]
      ],
      "texture_histogram": [
        41.0,
        162.0,
        846.0,
        566.0,
        394.0,
        315.0,
        440.0,
        445.0,
        122.0,
        41.0,
        31.0,
        23.0,
        10.0,
        12.0,
        13.0,
        7.0,
        8.0,
        1.0,
        3.0,
        2.0,
        3.0,
        0.0,
        2.0,
        1.0,
        3.0,
        2.0,
        1.0,
        1.0,
        0.0,
        0.0,
        1.0,
        1.0,
        3.0,
        2.0,
        0.0,
        0.0,
        4.0,
        1.0,
        1.0,
        0.0,
        3.0,
        0.0,
        1.0,
        2.0,
        0.0,
        5.0,
        0.0,
        2.0,
        2.0,
        0.0,
        0.0,
        2.0,
        0.0,
        1.0,
        0.0,
        1.0,
        1.0,
        1.0,
        2.0,
        2.0,
        2.0,
        2.0,
        1.0,
        0.0,
        0.0,
        1.0,
        4.0,
        2.0,
        0.0,
        1.0,
        1.0,
        1.0,
        1.0,
        1.0,
        0.0,
        1.0,
        0.0,
        1.0,
        0.0,
        0.0,
        0.0,
        1.0,
        0.0,
        0.0,
        0.0,
        2.0,
        1.0,
        0.0,
        0.0,
        1.0,
        1.0,
        0.0,
        0.0,
        1.0,
        0.0,
        0.0,
        0.0,
        0.0,
        1.0,
        1.0,
        2.0,
        0.0,
        0.0,
        0.0,
        0.0,
        0.0,
        1.0,
        0.0,
        0.0,
        1.0,
        1.0,
        0.0,
        0.0,
        0.0,
        0.0,
        0.0,
        1.0,
        0.0,
        0.0,
        0.0,
        0.0,
        0.0,
        0.0,
        0.0,
        0.0,
        0.0,
        0.0,
        0.0,
        0.0,
        0.0,
        0.0,
        0.0,
        0.0,
        0.0,
        0.0,
        0.0,
        0.0,
        0.0,
        0.0,
        0.0,
        0.0,
        0.0,
        0.0,
        0.0,
        0.0,
        0.0,
        0.0,
        0.0,
        0.0,
        0.0,
        0.0,
        0.0,
        0.0,
        0.0,
        0.0,
        0.0,
        0.0,
        0.0,
        0.0,
        0.0,
        0.0,
        0.0,
        0.0,
        0.0,
        0.0,
        0.0,
        0.0,
        0.0,
        0.0,
        0.0,
        0.0,
        0.0,
        0.0,
        0.0,
        0.0,
        0.0,
        0.0,
        0.0,
        0.0,
        0.0,
        0.0,
        0.0,
        0.0,
        0.0,
        0.0,
        0.0,
        0.0,
        0.0,
        0.0,
        0.0,
        0.0,
        0.0,
        0.0,
        0.0,
        0.0,
        0.0,
        0.0,
        0.0,
        0.0,
        0.0,
        0.0,
        0.0,
        0.0,
        0.0,
        0.0,
        0.0,
        0.0,
        0.0,
        0.0,
        0.0,
        0.0,
        0.0,
        0.0,
        0.0,
        0.0,
        0.0,
        0.0,
        0.0,
        0.0,
        0.0,
        0.0,
        0.0,
        0.0,
        0.0,
        0.0,
        0.0,
        0.0,
        0.0,
        0.0,
        0.0,
        0.0,
        0.0,
        0.0,
        0.0,
        0.0,
        0.0,
        0.0,
        0.0,
        0.0,
        0.0,
        0.0,
        0.0,
        0.0,
        0.0,
        0.0,
        0.0,
        0.0,
        0.0,
        0.0,
        0.0,
        0.0,
        0.0,
        0.0,
        0.0,
        0.0,
        0.0
      ],
      "silhouette_mask_path": "C:\\Users\\shrad\\TrendWeave\\MERGE_OUTPUT_FINAL\\Catwalks__Women_s_Key_Items___Dresses_A_W_25_26_en\\page_5\\img_5_mask_5.png"
    }
  ],
  "pose_keypoints": [
    {
      "x": 0.5423948168754578,
      "y": 0.12622368335723877,
      "z": -0.7299671769142151,
      "visibility": 0.9996514320373535
    },
    {
      "x": 0.5694250464439392,
      "y": 0.10718393325805664,
      "z": -0.7009671330451965,
      "visibility": 0.9986224174499512
    },
    {
      "x": 0.584114670753479,
      "y": 0.10736843943595886,
      "z": -0.7011621594429016,
      "visibility": 0.9986347556114197
    },
    {
      "x": 0.5975725054740906,
      "y": 0.10768663883209229,
      "z": -0.7014380097389221,
      "visibility": 0.9986236095428467
    },
    {
      "x": 0.524833083152771,
      "y": 0.10639610886573792,
      "z": -0.7005040049552917,
      "visibility": 0.9988586902618408
    },
    {
      "x": 0.5109394192695618,
      "y": 0.10604974627494812,
      "z": -0.7006995677947998,
      "visibility": 0.9989533424377441
    },
    {
      "x": 0.497931569814682,
      "y": 0.10608944296836853,
      "z": -0.7010986804962158,
      "visibility": 0.999093770980835
    },
    {
      "x": 0.6193585991859436,
      "y": 0.11501721292734146,
      "z": -0.434736430644989,
      "visibility": 0.9979801774024963
    },
    {
      "x": 0.47734731435775757,
      "y": 0.11573031544685364,
      "z": -0.43511632084846497,
      "visibility": 0.9991803765296936
    },
    {
      "x": 0.568008542060852,
      "y": 0.1468236744403839,
      "z": -0.6203411221504211,
      "visibility": 0.999723494052887
    },
    {
      "x": 0.5127252340316772,
      "y": 0.1456456184387207,
      "z": -0.6209229230880737,
      "visibility": 0.9997972846031189
    },
    {
      "x": 0.7171575427055359,
      "y": 0.22352829575538635,
      "z": -0.23485156893730164,
      "visibility": 0.9998651742935181
    },
    {
      "x": 0.3506489396095276,
      "y": 0.21521277725696564,
      "z": -0.23620888590812683,
      "visibility": 0.9997954964637756
    },
    {
      "x": 0.87575364112854,
      "y": 0.3229791224002838,
      "z": -0.12339341640472412,
      "visibility": 0.9700453877449036
    },
    {
      "x": 0.17451012134552002,
      "y": 0.3200661540031433,
      "z": -0.14123709499835968,
      "visibility": 0.9847713112831116
    },
    {
      "x": 0.7183693051338196,
      "y": 0.3888038098812103,
      "z": -0.3910936117172241,
      "visibility": 0.8797648549079895
    },
    {
      "x": 0.323015421628952,
      "y": 0.3885733187198639,
      "z": -0.40980225801467896,
      "visibility": 0.9424386620521545
    },
    {
      "x": 0.6716734170913696,
      "y": 0.4069674015045166,
      "z": -0.47521379590034485,
      "visibility": 0.823315441608429
    },
    {
      "x": 0.357806921005249,
      "y": 0.4092538356781006,
      "z": -0.48955726623535156,
      "visibility": 0.904416024684906
    },
    {
      "x": 0.6539343595504761,
      "y": 0.3931277096271515,
      "z": -0.5225726962089539,
      "visibility": 0.8197969198226929
    },
    {
      "x": 0.37709730863571167,
      "y": 0.3924883008003235,
      "z": -0.5347537398338318,
      "visibility": 0.9027794003486633
    },
    {
      "x": 0.6608056426048279,
      "y": 0.38674458861351013,
      "z": -0.40771397948265076,
      "visibility": 0.7928493618965149
    },
    {
      "x": 0.373061865568161,
      "y": 0.3854319453239441,
      "z": -0.42636391520500183,
      "visibility": 0.8861547708511353
    },
    {
      "x": 0.6201843619346619,
      "y": 0.4638565182685852,
      "z": 0.0051652477122843266,
      "visibility": 0.9974374771118164
    },
    {
      "x": 0.4338151812553406,
      "y": 0.4651193916797638,
      "z": -0.005462998524308205,
      "visibility": 0.9957463145256042
    },
    {
      "x": 0.5628578662872314,
      "y": 0.6850179433822632,
      "z": -0.18763259053230286,
      "visibility": 0.809058666229248
    },
    {
      "x": 0.5057676434516907,
      "y": 0.685684323310852,
      "z": -0.06959663331508636,
      "visibility": 0.7782347798347473
    },
    {
      "x": 0.523091733455658,
      "y": 0.8906928300857544,
      "z": -0.08390690386295319,
      "visibility": 0.7945845127105713
    },
    {
      "x": 0.5369796752929688,
      "y": 0.8670104742050171,
      "z": 0.2186369150876999,
      "visibility": 0.6572093367576599
    },
    {
      "x": 0.5154440999031067,
      "y": 0.9091823101043701,
      "z": -0.09805826097726822,
      "visibility": 0.3473640978336334
    },
    {
      "x": 0.5509732365608215,
      "y": 0.8829860687255859,
      "z": 0.2308267056941986,
      "visibility": 0.32218989729881287
    },
    {
      "x": 0.5119432806968689,
      "y": 0.9527933597564697,
      "z": -0.4887393116950989,
      "visibility": 0.6856504678726196
    },
    {
      "x": 0.5341855883598328,
      "y": 0.9259510636329651,
      "z": -0.10098576545715332,
      "visibility": 0.6108410358428955
    }
  ]
}