{
  "image": "C:\\Users\\shrad\\TrendWeave\\TrendWeave\\extracted_data\\Catwalks__Women_s_Key_Items___Dresses_A_W_25_26_en\\page_5\\img_1.jpeg",
  "items": [
    {
      "yolo_label": "person",
      "bbox": [
        72.73021697998047,
        29.144027709960938,
        225.27020263671875,
        571.8868408203125
      ],
      "confidence": 0.9197819232940674,
      "clip_attributes": {
        "palette": {
          "label": "monochrome",
          "confidence": 0.22296838462352753
        },
        "dress_silhouette": {
          "label": "shirt dress",
          "confidence": 0.2776043713092804
        },
        "neckline": {
          "label": "square neckline",
          "confidence": 0.300292044878006
        },
        "sleeve_type": {
          "label": "puffed sleeves",
          "confidence": 0.270548015832901
        },
        "top_silhouette": {
          "label": "peplum",
          "confidence": 0.2737448513507843
        },
        "bottom_style": {
          "label": "culottes",
          "confidence": 0.25411564111709595
        },
        "outerwear": {
          "label": "long coat",
          "confidence": 0.24463436007499695
        },
        "shoe_type": {
          "label": "ankle boots",
          "confidence": 0.24790523946285248
        },
        "bag_type": {
          "label": "shoulder bag",
          "confidence": 0.23607303202152252
        },
        "accessory": {
          "label": "hairband",
          "confidence": 0.22119125723838806
        },
        "hairstyle": {
          "label": "ponytail",
          "confidence": 0.2307363748550415
        },
        "setting": {
          "label": "office wear",
          "confidence": 0.24676614999771118
        },
        "fabric_type": {
          "label": "organza",
          "confidence": 0.2646137475967407
        },
        "season": {
          "label": "spring",
          "confidence": 0.2228783518075943
        },
        "style_theme": {
          "label": "elegant chic",
          "confidence": 0.2504347860813141
        }
      },
      "dominant_colors": [
        [
          105,
          129,
          134
        ],
        [
          176,
          132,
          142
        ],
        [
          19,
          127,
          127
        ]
      ],
      "texture_histogram": [
        124.0,
        268.0,
        295.0,
        824.0,
        760.0,
        450.0,
        513.0,
        469.0,
        531.0,
        614.0,
        783.0,
        877.0,
        1087.0,
        1419.0,
        1708.0,
        1784.0,
        2051.0,
        2077.0,
        2169.0,
        2261.0,
        1988.0,
        1799.0,
        1703.0,
        1617.0,
        1601.0,
        2045.0,
        1507.0,
        1509.0,
        1407.0,
        1050.0,
        827.0,
        811.0,
        712.0,
        591.0,
        585.0,
        332.0,
        312.0,
        256.0,
        243.0,
        266.0,
        226.0,
        240.0,
        197.0,
        216.0,
        218.0,
        189.0,
        186.0,
        185.0,
        191.0,
        180.0,
        156.0,
        186.0,
        178.0,
        179.0,
        158.0,
        152.0,
        185.0,
        185.0,
        165.0,
        181.0,
        185.0,
        192.0,
        179.0,
        186.0,
        179.0,
        225.0,
        183.0,
        208.0,
        186.0,
        212.0,
        208.0,
        215.0,
        216.0,
        246.0,
        246.0,
        234.0,
        245.0,
        227.0,
        245.0,
        250.0,
        228.0,
        237.0,
        242.0,
        262.0,
        255.0,
        253.0,
        258.0,
        275.0,
        258.0,
        239.0,
        280.0,
        282.0,
        246.0,
        271.0,
        253.0,
        297.0,
        258.0,
        271.0,
        256.0,
        251.0,
        282.0,
        288.0,
        300.0,
        295.0,
        272.0,
        256.0,
        256.0,
        298.0,
        281.0,
        273.0,
        312.0,
        281.0,
        338.0,
        306.0,
        258.0,
        276.0,
        270.0,
        287.0,
        276.0,
        261.0,
        285.0,
        280.0,
        272.0,
        274.0,
        287.0,
        289.0,
        288.0,
        292.0,
        299.0,
        291.0,
        284.0,
        271.0,
        285.0,
        256.0,
        305.0,
        261.0,
        249.0,
        292.0,
        237.0,
        284.0,
        264.0,
        308.0,
        250.0,
        288.0,
        294.0,
        262.0,
        241.0,
        275.0,
        242.0,
        253.0,
        258.0,
        275.0,
        284.0,
        278.0,
        279.0,
        260.0,
        217.0,
        225.0,
        237.0,
        225.0,
        250.0,
        278.0,
        284.0,
        284.0,
        282.0,
        281.0,
        266.0,
        275.0,
        290.0,
        268.0,
        282.0,
        288.0,
        289.0,
        281.0,
        273.0,
        261.0,
        293.0,
        266.0,
        218.0,
        214.0,
        182.0,
        218.0,
        180.0,
        183.0,
        131.0,
        139.0,
        129.0,
        133.0,
        117.0,
        118.0,
        120.0,
        113.0,
        128.0,
        118.0,
        118.0,
        104.0,
        104.0,
        120.0,
        121.0,
        99.0,
        111.0,
        110.0,
        112.0,
        120.0,
        117.0,
        166.0,
        136.0,
        189.0,
        171.0,
        175.0,
        199.0,
        194.0,
        227.0,
        241.0,
        207.0,
        147.0,
        118.0,
        66.0,
        55.0,
        42.0,
        21.0,
        9.0,
        6.0,
        5.0,
        2.0,
        2.0,
        0.0,
        0.0,
        0.0,
        0.0,
        0.0,
        0.0,
        0.0,
        0.0,
        0.0,
        0.0,
        0.0,
        0.0,
        0.0,
        0.0,
        0.0,
        0.0,
        0.0,
        1.0,
        0.0,
        0.0,
        0.0,
        0.0,
        0.0,
        0.0,
        0.0,
        0.0,
        0.0,
        0.0,
        0.0,
        0.0
      ],
      "silhouette_mask_path": "C:\\Users\\shrad\\TrendWeave\\MERGE_OUTPUT_FINAL\\Catwalks__Women_s_Key_Items___Dresses_A_W_25_26_en\\page_5\\img_1_mask_0.png"
    }
  ],
  "pose_keypoints": [
    {
      "x": 0.4685342013835907,
      "y": 0.14072707295417786,
      "z": -1.0336296558380127,
      "visibility": 0.9999830722808838
    },
    {
      "x": 0.4854533076286316,
      "y": 0.12228412181138992,
      "z": -0.9751629829406738,
      "visibility": 0.9999567270278931
    },
    {
      "x": 0.49896958470344543,
      "y": 0.12118083238601685,
      "z": -0.975436806678772,
      "visibility": 0.9999510049819946
    },
    {
      "x": 0.5084369778633118,
      "y": 0.12008452415466309,
      "z": -0.9757060408592224,
      "visibility": 0.999956488609314
    },
    {
      "x": 0.4449369013309479,
      "y": 0.12525349855422974,
      "z": -0.9736424088478088,
      "visibility": 0.9999397993087769
    },
    {
      "x": 0.4317333996295929,
      "y": 0.12609553337097168,
      "z": -0.9736940264701843,
      "visibility": 0.9999228715896606
    },
    {
      "x": 0.41950997710227966,
      "y": 0.1267024278640747,
      "z": -0.9740148782730103,
      "visibility": 0.9999258518218994
    },
    {
      "x": 0.5262354016304016,
      "y": 0.12400401383638382,
      "z": -0.5621141195297241,
      "visibility": 0.999945878982544
    },
    {
      "x": 0.41218963265419006,
      "y": 0.13285446166992188,
      "z": -0.552804708480835,
      "visibility": 0.9998570680618286
    },
    {
      "x": 0.49819445610046387,
      "y": 0.1554718017578125,
      "z": -0.8726029992103577,
      "visibility": 0.9999939203262329
    },
    {
      "x": 0.447827011346817,
      "y": 0.1592734158039093,
      "z": -0.8702399134635925,
      "visibility": 0.9999898672103882
    },
    {
      "x": 0.650740385055542,
      "y": 0.22932365536689758,
      "z": -0.2604449391365051,
      "visibility": 0.9999725818634033
    },
    {
      "x": 0.34244146943092346,
      "y": 0.24551832675933838,
      "z": -0.25428274273872375,
      "visibility": 0.9998452663421631
    },
    {
      "x": 0.6924984455108643,
      "y": 0.3732230067253113,
      "z": -0.10866542905569077,
      "visibility": 0.9885039925575256
    },
    {
      "x": 0.32197749614715576,
      "y": 0.39295363426208496,
      "z": -0.10769940167665482,
      "visibility": 0.9355819225311279
    },
    {
      "x": 0.7317571043968201,
      "y": 0.5015951991081238,
      "z": -0.5178342461585999,
      "visibility": 0.9777141213417053
    },
    {
      "x": 0.29422712326049805,
      "y": 0.5266851782798767,
      "z": -0.48578116297721863,
      "visibility": 0.8867030143737793
    },
    {
      "x": 0.7485049962997437,
      "y": 0.5364066362380981,
      "z": -0.6342793107032776,
      "visibility": 0.954536497592926
    },
    {
      "x": 0.2765887379646301,
      "y": 0.5585360527038574,
      "z": -0.5881669521331787,
      "visibility": 0.829505443572998
    },
    {
      "x": 0.7262518405914307,
      "y": 0.5394314527511597,
      "z": -0.7624226212501526,
      "visibility": 0.9595081210136414
    },
    {
      "x": 0.28849440813064575,
      "y": 0.5595869421958923,
      "z": -0.724916398525238,
      "visibility": 0.8466199636459351
    },
    {
      "x": 0.7129525542259216,
      "y": 0.5310952067375183,
      "z": -0.5759141445159912,
      "visibility": 0.9541253447532654
    },
    {
      "x": 0.2980356812477112,
      "y": 0.551070511341095,
      "z": -0.5457404851913452,
      "visibility": 0.838900089263916
    },
    {
      "x": 0.592686116695404,
      "y": 0.5082892775535583,
      "z": 0.011168884113430977,
      "visibility": 0.9992362260818481
    },
    {
      "x": 0.4218084514141083,
      "y": 0.5107144117355347,
      "z": -0.011295446194708347,
      "visibility": 0.9990166425704956
    },
    {
      "x": 0.5268309116363525,
      "y": 0.7338122129440308,
      "z": -0.40908846259117126,
      "visibility": 0.930105447769165
    },
    {
      "x": 0.4647431969642639,
      "y": 0.7265180349349976,
      "z": -0.15163163840770721,
      "visibility": 0.853091835975647
    },
    {
      "x": 0.5508847236633301,
      "y": 0.8496030569076538,
      "z": 0.6515769362449646,
      "visibility": 0.5643536448478699
    },
    {
      "x": 0.482424795627594,
      "y": 0.9023339152336121,
      "z": 0.4402288794517517,
      "visibility": 0.8221147060394287
    },
    {
      "x": 0.5459025502204895,
      "y": 0.8539091348648071,
      "z": 0.7347000241279602,
      "visibility": 0.31158092617988586
    },
    {
      "x": 0.4882568120956421,
      "y": 0.9150846004486084,
      "z": 0.4764155447483063,
      "visibility": 0.4612221121788025
    },
    {
      "x": 0.5176552534103394,
      "y": 0.9087777137756348,
      "z": 0.37685146927833557,
      "visibility": 0.5117535591125488
    },
    {
      "x": 0.47998884320259094,
      "y": 0.9333828687667847,
      "z": -0.010598743334412575,
      "visibility": 0.7618817687034607
    }
  ]
}