{
  "image": "C:\\Users\\shrad\\TrendWeave\\TrendWeave\\extracted_data\\Catwalks__Women_s_Colour_A_W_25_26_en\\page_24\\img_5.jpeg",
  "items": [
    {
      "yolo_label": "person",
      "bbox": [
        25.839662551879883,
        73.71907043457031,
        814.1450805664062,
        1163.4896240234375
      ],
      "confidence": 0.5642825365066528,
      "clip_attributes": {
        "palette": {
          "label": "earth tones",
          "confidence": 0.21345114707946777
        },
        "shoe_type": {
          "label": "boots",
          "confidence": 0.20519033074378967
        },
        "bag_type": {
          "label": "backpack",
          "confidence": 0.22809693217277527
        },
        "accessory": {
          "label": "hat",
          "confidence": 0.20298416912555695
        },
        "setting": {
          "label": "travel outfit",
          "confidence": 0.23179221153259277
        },
        "fabric_type": {
          "label": "linen",
          "confidence": 0.24356339871883392
        },
        "season": {
          "label": "winter",
          "confidence": 0.2029486745595932
        },
        "style_theme": {
          "label": "boho",
          "confidence": 0.23073898255825043
        }
      },
      "dominant_colors": [
        [
          184,
          132,
          130
        ],
        [
          38,
          136,
          131
        ],
        [
          118,
          138,
          132
        ]
      ],
      "texture_histogram": [
        0.0,
        2.0,
        45.0,
        116.0,
        213.0,
        200.0,
        280.0,
        340.0,
        425.0,
        573.0,
        698.0,
        894.0,
        1063.0,
        1270.0,
        1347.0,
        1680.0,
        1874.0,
        2053.0,
        2353.0,
        2553.0,
        2927.0,
        3186.0,
        3391.0,
        3624.0,
        3966.0,
        4285.0,
        4573.0,
        4810.0,
        5008.0,
        5285.0,
        5454.0,
        5704.0,
        5783.0,
        5902.0,
        5930.0,
        5908.0,
        6091.0,
        5916.0,
        5703.0,
        5651.0,
        5564.0,
        5512.0,
        5077.0,
        5039.0,
        4833.0,
        4634.0,
        4596.0,
        4246.0,
        4077.0,
        3845.0,
        3703.0,
        3538.0,
        3318.0,
        3058.0,
        2934.0,
        2780.0,
        2645.0,
        2454.0,
        2320.0,
        2186.0,
        2053.0,
        1979.0,
        1883.0,
        1844.0,
        1778.0,
        1713.0,
        1550.0,
        1557.0,
        1450.0,
        1455.0,
        1494.0,
        1373.0,
        1365.0,
        1344.0,
        1361.0,
        1406.0,
        1461.0,
        1640.0,
        1479.0,
        1514.0,
        1507.0,
        1455.0,
        1508.0,
        1471.0,
        1415.0,
        1349.0,
        1366.0,
        1407.0,
        1284.0,
        1382.0,
        1388.0,
        1299.0,
        1344.0,
        1230.0,
        1301.0,
        1285.0,
        1204.0,
        1189.0,
        1185.0,
        1215.0,
        1175.0,
        1176.0,
        1192.0,
        1189.0,
        1154.0,
        1215.0,
        1325.0,
        1279.0,
        1256.0,
        1362.0,
        1271.0,
        1392.0,
        1475.0,
        1500.0,
        1584.0,
        1588.0,
        1679.0,
        1713.0,
        1709.0,
        1742.0,
        1755.0,
        1611.0,
        1700.0,
        1804.0,
        1810.0,
        1786.0,
        1682.0,
        1656.0,
        1704.0,
        1702.0,
        1680.0,
        1695.0,
        1770.0,
        1827.0,
        1883.0,
        1839.0,
        1858.0,
        1804.0,
        1822.0,
        1836.0,
        1829.0,
        1840.0,
        1913.0,
        1926.0,
        1834.0,
        1784.0,
        1840.0,
        1859.0,
        2003.0,
        2068.0,
        2421.0,
        2354.0,
        2478.0,
        2766.0,
        3475.0,
        4191.0,
        4707.0,
        4495.0,
        3936.0,
        5260.0,
        6793.0,
        7560.0,
        8176.0,
        10856.0,
        12134.0,
        12889.0,
        17662.0,
        15567.0,
        15667.0,
        16821.0,
        15312.0,
        15026.0,
        18560.0,
        14352.0,
        15766.0,
        18632.0,
        16127.0,
        15600.0,
        18268.0,
        13802.0,
        12908.0,
        14492.0,
        9916.0,
        9681.0,
        11753.0,
        9282.0,
        8668.0,
        9750.0,
        6785.0,
        4413.0,
        3025.0,
        2591.0,
        2344.0,
        2173.0,
        1994.0,
        1862.0,
        1891.0,
        1886.0,
        2064.0,
        2391.0,
        2659.0,
        2992.0,
        4066.0,
        4383.0,
        4376.0,
        5151.0,
        5771.0,
        5868.0,
        5775.0,
        5235.0,
        4394.0,
        3685.0,
        3199.0,
        3315.0,
        3169.0,
        3340.0,
        3613.0,
        3565.0,
        3145.0,
        2136.0,
        1831.0,
        1123.0,
        688.0,
        487.0,
        238.0,
        116.0,
        72.0,
        38.0,
        20.0,
        4.0,
        6.0,
        3.0,
        5.0,
        2.0,
        1.0,
        0.0,
        1.0,
        1.0,
        0.0,
        1.0,
        0.0,
        0.0,
        0.0,
        0.0,
        0.0,
        0.0,
        0.0,
        0.0,
        0.0,
        0.0,
        0.0,
        0.0,
        0.0,
        0.0,
        0.0,
        0.0
      ],
      "silhouette_mask_path": "C:\\Users\\shrad\\TrendWeave\\MERGE_OUTPUT_FINAL\\Catwalks__Women_s_Colour_A_W_25_26_en\\page_24\\img_5_mask_0.png"
    },
    {
      "yolo_label": "person",
      "bbox": [
        300.6438903808594,
        68.47665405273438,
        595.8875732421875,
        561.0783081054688
      ],
      "confidence": 0.3008379340171814,
      "clip_attributes": {
        "palette": {
          "label": "pastel",
          "confidence": 0.22371597588062286
        },
        "shoe_type": {
          "label": "sandals",
          "confidence": 0.19719433784484863
        },
        "bag_type": {
          "label": "backpack",
          "confidence": 0.21735602617263794
        },
        "accessory": {
          "label": "ring",
          "confidence": 0.20867887139320374
        },
        "setting": {
          "label": "festival wear",
          "confidence": 0.24264533817768097
        },
        "fabric_type": {
          "label": "linen",
          "confidence": 0.2558230757713318
        },
        "season": {
          "label": "fall",
          "confidence": 0.2073357105255127
        },
        "style_theme": {
          "label": "boho",
          "confidence": 0.24759522080421448
        }
      },
      "dominant_colors": [
        [
          91,
          139,
          133
        ],
        [
          183,
          136,
          132
        ],
        [
          144,
          142,
          139
        ]
      ],
      "texture_histogram": [
        0.0,
        0.0,
        0.0,
        1.0,
        0.0,
        2.0,
        2.0,
        2.0,
        2.0,
        2.0,
        3.0,
        5.0,
        4.0,
        4.0,
        4.0,
        6.0,
        5.0,
        6.0,
        8.0,
        9.0,
        3.0,
        8.0,
        4.0,
        14.0,
        16.0,
        8.0,
        19.0,
        12.0,
        18.0,
        19.0,
        14.0,
        25.0,
        14.0,
        14.0,
        22.0,
        23.0,
        13.0,
        20.0,
        24.0,
        27.0,
        23.0,
        34.0,
        24.0,
        27.0,
        30.0,
        30.0,
        42.0,
        34.0,
        41.0,
        51.0,
        41.0,
        64.0,
        49.0,
        60.0,
        92.0,
        92.0,
        91.0,
        97.0,
        107.0,
        113.0,
        133.0,
        145.0,
        156.0,
        200.0,
        194.0,
        211.0,
        245.0,
        257.0,
        284.0,
        259.0,
        333.0,
        319.0,
        306.0,
        364.0,
        325.0,
        332.0,
        342.0,
        337.0,
        347.0,
        369.0,
        348.0,
        368.0,
        387.0,
        389.0,
        390.0,
        342.0,
        389.0,
        391.0,
        401.0,
        438.0,
        479.0,
        444.0,
        445.0,
        455.0,
        474.0,
        479.0,
        455.0,
        443.0,
        418.0,
        453.0,
        428.0,
        447.0,
        431.0,
        453.0,
        439.0,
        453.0,
        451.0,
        467.0,
        431.0,
        465.0,
        424.0,
        439.0,
        494.0,
        450.0,
        523.0,
        462.0,
        493.0,
        505.0,
        444.0,
        513.0,
        490.0,
        473.0,
        443.0,
        510.0,
        475.0,
        504.0,
        465.0,
        492.0,
        490.0,
        477.0,
        493.0,
        518.0,
        533.0,
        526.0,
        526.0,
        526.0,
        575.0,
        578.0,
        591.0,
        628.0,
        603.0,
        575.0,
        617.0,
        651.0,
        677.0,
        685.0,
        690.0,
        703.0,
        716.0,
        715.0,
        777.0,
        738.0,
        746.0,
        790.0,
        779.0,
        785.0,
        820.0,
        852.0,
        855.0,
        884.0,
        928.0,
        1146.0,
        1322.0,
        1765.0,
        2464.0,
        2996.0,
        4310.0,
        3888.0,
        4139.0,
        3960.0,
        3887.0,
        3583.0,
        4179.0,
        3783.0,
        3732.0,
        4019.0,
        3630.0,
        2658.0,
        2421.0,
        2262.0,
        2207.0,
        2245.0,
        1794.0,
        1508.0,
        1384.0,
        1468.0,
        1448.0,
        1457.0,
        1536.0,
        1546.0,
        1567.0,
        1599.0,
        1634.0,
        1457.0,
        1319.0,
        1213.0,
        1186.0,
        1149.0,
        1084.0,
        1086.0,
        873.0,
        724.0,
        577.0,
        468.0,
        320.0,
        259.0,
        259.0,
        195.0,
        152.0,
        118.0,
        89.0,
        89.0,
        83.0,
        84.0,
        74.0,
        79.0,
        75.0,
        69.0,
        69.0,
        64.0,
        48.0,
        27.0,
        38.0,
        23.0,
        21.0,
        15.0,
        9.0,
        7.0,
        8.0,
        1.0,
        2.0,
        1.0,
        1.0,
        2.0,
        0.0,
        0.0,
        0.0,
        0.0,
        0.0,
        0.0,
        0.0,
        0.0,
        0.0,
        0.0,
        0.0,
        0.0,
        0.0,
        0.0,
        0.0,
        0.0,
        0.0,
        0.0,
        0.0,
        0.0,
        0.0,
        0.0
      ],
      "silhouette_mask_path": "C:\\Users\\shrad\\TrendWeave\\MERGE_OUTPUT_FINAL\\Catwalks__Women_s_Colour_A_W_25_26_en\\page_24\\img_5_mask_1.png"
    }
  ],
  "pose_keypoints": [
    {
      "x": 0.5126821994781494,
      "y": 0.1397363841533661,
      "z": -0.829380214214325,
      "visibility": 0.9999793767929077
    },
    {
      "x": 0.5298952460289001,
      "y": 0.12667426466941833,
      "z": -0.7799418568611145,
      "visibility": 0.9999549388885498
    },
    {
      "x": 0.5385456085205078,
      "y": 0.12682828307151794,
      "z": -0.7801669239997864,
      "visibility": 0.9999361038208008
    },
    {
      "x": 0.5471046566963196,
      "y": 0.12671992182731628,
      "z": -0.780413031578064,
      "visibility": 0.9999415874481201
    },
    {
      "x": 0.4979236125946045,
      "y": 0.12564915418624878,
      "z": -0.780889093875885,
      "visibility": 0.9999402761459351
    },
    {
      "x": 0.4879005551338196,
      "y": 0.12532928586006165,
      "z": -0.7810240387916565,
      "visibility": 0.9999175071716309
    },
    {
      "x": 0.47911322116851807,
      "y": 0.12505477666854858,
      "z": -0.7811532616615295,
      "visibility": 0.9999302625656128
    },
    {
      "x": 0.5583728551864624,
      "y": 0.13230401277542114,
      "z": -0.4737313687801361,
      "visibility": 0.9998935461044312
    },
    {
      "x": 0.47158509492874146,
      "y": 0.13166677951812744,
      "z": -0.4818498492240906,
      "visibility": 0.9999121427536011
    },
    {
      "x": 0.531091034412384,
      "y": 0.1576012670993805,
      "z": -0.7124682068824768,
      "visibility": 0.9999779462814331
    },
    {
      "x": 0.49401286244392395,
      "y": 0.1569581925868988,
      "z": -0.715147078037262,
      "visibility": 0.9999759197235107
    },
    {
      "x": 0.6218767762184143,
      "y": 0.2272735983133316,
      "z": -0.28738999366760254,
      "visibility": 0.999950647354126
    },
    {
      "x": 0.4050803482532501,
      "y": 0.23412401974201202,
      "z": -0.24213993549346924,
      "visibility": 0.9998916387557983
    },
    {
      "x": 0.6444447040557861,
      "y": 0.3554607629776001,
      "z": -0.20590582489967346,
      "visibility": 0.9645329713821411
    },
    {
      "x": 0.38567081093788147,
      "y": 0.35480746626853943,
      "z": -0.17129866778850555,
      "visibility": 0.9296414256095886
    },
    {
      "x": 0.680706799030304,
      "y": 0.47236883640289307,
      "z": -0.4261988401412964,
      "visibility": 0.8757513761520386
    },
    {
      "x": 0.36560526490211487,
      "y": 0.44060587882995605,
      "z": -0.46977001428604126,
      "visibility": 0.8973861932754517
    },
    {
      "x": 0.6989084482192993,
      "y": 0.49950847029685974,
      "z": -0.5023761987686157,
      "visibility": 0.7871441841125488
    },
    {
      "x": 0.35535216331481934,
      "y": 0.45907968282699585,
      "z": -0.5461411476135254,
      "visibility": 0.8547723889350891
    },
    {
      "x": 0.6916000247001648,
      "y": 0.5031824707984924,
      "z": -0.5661139488220215,
      "visibility": 0.8096631169319153
    },
    {
      "x": 0.3581409454345703,
      "y": 0.45609617233276367,
      "z": -0.6345290541648865,
      "visibility": 0.8699265122413635
    },
    {
      "x": 0.6804363131523132,
      "y": 0.4921838641166687,
      "z": -0.4568978548049927,
      "visibility": 0.8024722337722778
    },
    {
      "x": 0.3623667359352112,
      "y": 0.4516220986843109,
      "z": -0.5105771422386169,
      "visibility": 0.8617111444473267
    },
    {
      "x": 0.589167058467865,
      "y": 0.4470289349555969,
      "z": -0.053803134709596634,
      "visibility": 0.9991942048072815
    },
    {
      "x": 0.4577927887439728,
      "y": 0.44991886615753174,
      "z": 0.05420949310064316,
      "visibility": 0.9991705417633057
    },
    {
      "x": 0.5985857844352722,
      "y": 0.6063607931137085,
      "z": -0.5117908716201782,
      "visibility": 0.26226282119750977
    },
    {
      "x": 0.4156772196292877,
      "y": 0.5625485777854919,
      "z": -0.6144685745239258,
      "visibility": 0.377858966588974
    },
    {
      "x": 0.6381472945213318,
      "y": 0.7520647048950195,
      "z": -0.1490880399942398,
      "visibility": 0.17819823324680328
    },
    {
      "x": 0.49700427055358887,
      "y": 0.7315946221351624,
      "z": -0.1515013575553894,
      "visibility": 0.2894645631313324
    },
    {
      "x": 0.6390417814254761,
      "y": 0.7745567560195923,
      "z": -0.129905566573143,
      "visibility": 0.2740832269191742
    },
    {
      "x": 0.5230463743209839,
      "y": 0.7504604458808899,
      "z": -0.11712877452373505,
      "visibility": 0.3019232749938965
    },
    {
      "x": 0.6673653721809387,
      "y": 0.7969992756843567,
      "z": -0.41385504603385925,
      "visibility": 0.27115362882614136
    },
    {
      "x": 0.48325568437576294,
      "y": 0.7956767082214355,
      "z": -0.41103965044021606,
      "visibility": 0.33342188596725464
    }
  ]
}