{
  "image": "C:\\Users\\shrad\\TrendWeave\\TrendWeave\\extracted_data\\Catwalks__Women_s_Colour_A_W_25_26_en\\page_24\\img_2.jpeg",
  "items": [
    {
      "yolo_label": "person",
      "bbox": [
        167.5210723876953,
        48.24658203125,
        697.0760498046875,
        1217.0877685546875
      ],
      "confidence": 0.817669689655304,
      "clip_attributes": {
        "palette": {
          "label": "bold colors",
          "confidence": 0.22464078664779663
        },
        "dress_silhouette": {
          "label": "shirt dress",
          "confidence": 0.22306889295578003
        },
        "neckline": {
          "label": "square neckline",
          "confidence": 0.2387326955795288
        },
        "sleeve_type": {
          "label": "puffed sleeves",
          "confidence": 0.2645551562309265
        },
        "top_silhouette": {
          "label": "peplum",
          "confidence": 0.23233254253864288
        },
        "bottom_style": {
          "label": "culottes",
          "confidence": 0.24105630815029144
        },
        "outerwear": {
          "label": "long coat",
          "confidence": 0.25533345341682434
        },
        "shoe_type": {
          "label": "heels",
          "confidence": 0.2022104263305664
        },
        "bag_type": {
          "label": "shoulder bag",
          "confidence": 0.2113831788301468
        },
        "accessory": {
          "label": "watch",
          "confidence": 0.2035445272922516
        },
        "hairstyle": {
          "label": "high bun",
          "confidence": 0.1954149603843689
        },
        "setting": {
          "label": "office wear",
          "confidence": 0.23534508049488068
        },
        "fabric_type": {
          "label": "linen",
          "confidence": 0.24843770265579224
        },
        "season": {
          "label": "spring",
          "confidence": 0.19919225573539734
        },
        "style_theme": {
          "label": "elegant chic",
          "confidence": 0.23113389313220978
        }
      },
      "dominant_colors": [
        [
          186,
          135,
          132
        ],
        [
          86,
          130,
          131
        ],
        [
          19,
          130,
          130
        ]
      ],
      "texture_histogram": [
        50.0,
        415.0,
        1062.0,
        6902.0,
        7985.0,
        7604.0,
        6650.0,
        4959.0,
        4004.0,
        3700.0,
        3784.0,
        3111.0,
        2809.0,
        2858.0,
        2606.0,
        2314.0,
        2266.0,
        2420.0,
        2428.0,
        2375.0,
        2570.0,
        2788.0,
        3087.0,
        3850.0,
        4517.0,
        4817.0,
        5042.0,
        4963.0,
        4412.0,
        3782.0,
        3296.0,
        2676.0,
        2400.0,
        2213.0,
        2260.0,
        2197.0,
        2040.0,
        2062.0,
        1988.0,
        2062.0,
        2017.0,
        1873.0,
        1705.0,
        1803.0,
        1799.0,
        1674.0,
        1645.0,
        1912.0,
        2308.0,
        2983.0,
        3363.0,
        3484.0,
        4258.0,
        4063.0,
        4006.0,
        4072.0,
        4016.0,
        3904.0,
        4045.0,
        3332.0,
        3467.0,
        3439.0,
        3607.0,
        3799.0,
        3824.0,
        3592.0,
        3475.0,
        3694.0,
        3831.0,
        3643.0,
        4053.0,
        4078.0,
        4316.0,
        4325.0,
        3898.0,
        3884.0,
        3960.0,
        3588.0,
        3657.0,
        3302.0,
        3174.0,
        3250.0,
        3322.0,
        3234.0,
        3270.0,
        2953.0,
        2800.0,
        2445.0,
        2148.0,
        1903.0,
        1951.0,
        1860.0,
        1813.0,
        1851.0,
        1756.0,
        1855.0,
        1728.0,
        1780.0,
        1719.0,
        1796.0,
        1727.0,
        1730.0,
        1742.0,
        1660.0,
        1740.0,
        1656.0,
        1719.0,
        1641.0,
        1589.0,
        1547.0,
        1499.0,
        1512.0,
        1479.0,
        1438.0,
        1537.0,
        1446.0,
        1379.0,
        1452.0,
        1417.0,
        1390.0,
        1331.0,
        1356.0,
        1314.0,
        1326.0,
        1319.0,
        1358.0,
        1329.0,
        1251.0,
        1290.0,
        1353.0,
        1353.0,
        1325.0,
        1255.0,
        1285.0,
        1390.0,
        1272.0,
        1351.0,
        1292.0,
        1337.0,
        1317.0,
        1346.0,
        1419.0,
        1351.0,
        1384.0,
        1424.0,
        1519.0,
        1616.0,
        1576.0,
        1690.0,
        1693.0,
        1719.0,
        1902.0,
        1981.0,
        2097.0,
        2285.0,
        2417.0,
        2562.0,
        2763.0,
        2966.0,
        3286.0,
        3325.0,
        3496.0,
        3517.0,
        3610.0,
        3701.0,
        3812.0,
        3898.0,
        4120.0,
        4114.0,
        4317.0,
        4210.0,
        4271.0,
        4253.0,
        4588.0,
        4551.0,
        4672.0,
        4596.0,
        4356.0,
        4371.0,
        4115.0,
        3883.0,
        4161.0,
        3999.0,
        3872.0,
        3985.0,
        3809.0,
        3638.0,
        3780.0,
        3633.0,
        3827.0,
        3819.0,
        3669.0,
        3568.0,
        3271.0,
        3085.0,
        2928.0,
        2549.0,
        2457.0,
        2195.0,
        2150.0,
        1894.0,
        1836.0,
        1718.0,
        1734.0,
        1642.0,
        1632.0,
        1621.0,
        1453.0,
        1455.0,
        1445.0,
        1330.0,
        1220.0,
        1108.0,
        1022.0,
        866.0,
        798.0,
        775.0,
        741.0,
        824.0,
        873.0,
        1089.0,
        1546.0,
        2229.0,
        3404.0,
        3070.0,
        3383.0,
        4434.0,
        2440.0,
        1502.0,
        812.0,
        665.0,
        568.0,
        537.0,
        570.0,
        507.0,
        483.0,
        461.0,
        377.0,
        355.0,
        350.0,
        335.0,
        323.0,
        348.0,
        255.0,
        417.0,
        658.0,
        508.0,
        364.0,
        456.0,
        346.0,
        194.0,
        46.0,
        25.0,
        16.0,
        10.0,
        3.0
      ],
      "silhouette_mask_path": "C:\\Users\\shrad\\TrendWeave\\MERGE_OUTPUT_FINAL\\Catwalks__Women_s_Colour_A_W_25_26_en\\page_24\\img_2_mask_0.png"
    },
    {
      "yolo_label": "person",
      "bbox": [
        549.7593994140625,
        153.14796447753906,
        632.0823364257812,
        397.665771484375
      ],
      "confidence": 0.7027249932289124,
      "clip_attributes": {
        "palette": {
          "label": "pastel",
          "confidence": 0.20608946681022644
        },
        "dress_silhouette": {
          "label": "shirt dress",
          "confidence": 0.21180744469165802
        },
        "neckline": {
          "label": "square neckline",
          "confidence": 0.22812220454216003
        },
        "sleeve_type": {
          "label": "puffed sleeves",
          "confidence": 0.23828962445259094
        },
        "top_silhouette": {
          "label": "fitted blouse",
          "confidence": 0.2160959541797638
        },
        "bottom_style": {
          "label": "culottes",
          "confidence": 0.2195136398077011
        },
        "outerwear": {
          "label": "cardigan",
          "confidence": 0.22967614233493805
        },
        "shoe_type": {
          "label": "ankle boots",
          "confidence": 0.1904183328151703
        },
        "bag_type": {
          "label": "shoulder bag",
          "confidence": 0.237509086728096
        },
        "accessory": {
          "label": "hairband",
          "confidence": 0.21864424645900726
        },
        "hairstyle": {
          "label": "loose curls",
          "confidence": 0.20054543018341064
        },
        "setting": {
          "label": "office wear",
          "confidence": 0.21024470031261444
        },
        "fabric_type": {
          "label": "organza",
          "confidence": 0.2397027164697647
        },
        "season": {
          "label": "summer",
          "confidence": 0.19590121507644653
        },
        "style_theme": {
          "label": "vintage",
          "confidence": 0.20129577815532684
        }
      },
      "dominant_colors": [
        [
          193,
          133,
          138
        ],
        [
          97,
          128,
          131
        ],
        [
          15,
          129,
          130
        ]
      ],
      "texture_histogram": [
        5.0,
        20.0,
        19.0,
        86.0,
        331.0,
        524.0,
        476.0,
        219.0,
        115.0,
        96.0,
        80.0,
        77.0,
        63.0,
        68.0,
        69.0,
        56.0,
        35.0,
        28.0,
        22.0,
        31.0,
        26.0,
        17.0,
        12.0,
        22.0,
        10.0,
        32.0,
        14.0,
        15.0,
        20.0,
        18.0,
        20.0,
        22.0,
        19.0,
        12.0,
        14.0,
        19.0,
        19.0,
        26.0,
        20.0,
        12.0,
        15.0,
        19.0,
        23.0,
        24.0,
        33.0,
        33.0,
        35.0,
        49.0,
        43.0,
        82.0,
        75.0,
        85.0,
        84.0,
        77.0,
        79.0,
        87.0,
        96.0,
        91.0,
        97.0,
        76.0,
        89.0,
        72.0,
        84.0,
        71.0,
        98.0,
        91.0,
        83.0,
        83.0,
        91.0,
        85.0,
        74.0,
        84.0,
        84.0,
        82.0,
        83.0,
        94.0,
        96.0,
        89.0,
        84.0,
        105.0,
        102.0,
        125.0,
        97.0,
        118.0,
        119.0,
        110.0,
        116.0,
        138.0,
        126.0,
        103.0,
        84.0,
        102.0,
        96.0,
        77.0,
        68.0,
        62.0,
        63.0,
        79.0,
        73.0,
        74.0,
        68.0,
        63.0,
        77.0,
        57.0,
        80.0,
        58.0,
        65.0,
        59.0,
        66.0,
        72.0,
        62.0,
        70.0,
        63.0,
        74.0,
        63.0,
        61.0,
        62.0,
        74.0,
        69.0,
        64.0,
        71.0,
        72.0,
        64.0,
        54.0,
        50.0,
        56.0,
        53.0,
        35.0,
        51.0,
        53.0,
        50.0,
        47.0,
        39.0,
        53.0,
        41.0,
        46.0,
        43.0,
        29.0,
        33.0,
        44.0,
        40.0,
        52.0,
        49.0,
        36.0,
        46.0,
        34.0,
        58.0,
        50.0,
        73.0,
        58.0,
        43.0,
        69.0,
        64.0,
        76.0,
        69.0,
        82.0,
        80.0,
        86.0,
        80.0,
        84.0,
        83.0,
        87.0,
        87.0,
        81.0,
        87.0,
        93.0,
        94.0,
        101.0,
        124.0,
        118.0,
        121.0,
        122.0,
        111.0,
        121.0,
        149.0,
        133.0,
        143.0,
        125.0,
        136.0,
        125.0,
        161.0,
        168.0,
        134.0,
        152.0,
        189.0,
        157.0,
        151.0,
        164.0,
        201.0,
        187.0,
        197.0,
        181.0,
        168.0,
        177.0,
        183.0,
        190.0,
        171.0,
        179.0,
        210.0,
        177.0,
        186.0,
        173.0,
        173.0,
        145.0,
        167.0,
        132.0,
        142.0,
        145.0,
        112.0,
        130.0,
        115.0,
        141.0,
        104.0,
        90.0,
        75.0,
        62.0,
        60.0,
        76.0,
        57.0,
        65.0,
        55.0,
        73.0,
        60.0,
        70.0,
        79.0,
        79.0,
        65.0,
        60.0,
        56.0,
        36.0,
        36.0,
        38.0,
        29.0,
        23.0,
        29.0,
        28.0,
        22.0,
        13.0,
        17.0,
        21.0,
        26.0,
        19.0,
        9.0,
        7.0,
        6.0,
        4.0,
        6.0,
        9.0,
        1.0,
        0.0,
        2.0,
        0.0,
        0.0,
        0.0,
        0.0,
        0.0
      ],
      "silhouette_mask_path": "C:\\Users\\shrad\\TrendWeave\\MERGE_OUTPUT_FINAL\\Catwalks__Women_s_Colour_A_W_25_26_en\\page_24\\img_2_mask_1.png"
    },
    {
      "yolo_label": "tie",
      "bbox": [
        412.3274841308594,
        222.28652954101562,
        447.1214294433594,
        362.5816345214844
      ],
      "confidence": 0.45799756050109863,
      "clip_attributes": {
        "palette": {
          "label": "pastel",
          "confidence": 0.20762288570404053
        },
        "shoe_type": {
          "label": "sandals",
          "confidence": 0.19957324862480164
        },
        "bag_type": {
          "label": "belt bag",
          "confidence": 0.22441057860851288
        },
        "accessory": {
          "label": "bracelet",
          "confidence": 0.2231045365333557
        },
        "setting": {
          "label": "streetwear",
          "confidence": 0.1964428573846817
        },
        "fabric_type": {
          "label": "cotton",
          "confidence": 0.20916174352169037
        },
        "season": {
          "label": "summer",
          "confidence": 0.1961406171321869
        },
        "style_theme": {
          "label": "minimalist",
          "confidence": 0.21011438965797424
        }
      },
      "dominant_colors": [
        [
          201,
          128,
          124
        ],
        [
          167,
          128,
          127
        ],
        [
          105,
          127,
          127
        ]
      ],
      "texture_histogram": [
        0.0,
        2.0,
        2.0,
        1.0,
        0.0,
        0.0,
        1.0,
        2.0,
        2.0,
        1.0,
        1.0,
        0.0,
        0.0,
        0.0,
        0.0,
        1.0,
        2.0,
        0.0,
        0.0,
        1.0,
        0.0,
        0.0,
        1.0,
        0.0,
        2.0,
        0.0,
        0.0,
        0.0,
        0.0,
        3.0,
        0.0,
        0.0,
        1.0,
        0.0,
        0.0,
        1.0,
        1.0,
        1.0,
        0.0,
        1.0,
        0.0,
        0.0,
        1.0,
        1.0,
        2.0,
        0.0,
        0.0,
        0.0,
        0.0,
        0.0,
        1.0,
        0.0,
        0.0,
        1.0,
        0.0,
        2.0,
        1.0,
        0.0,
        1.0,
        1.0,
        0.0,
        2.0,
        0.0,
        0.0,
        0.0,
        0.0,
        0.0,
        1.0,
        2.0,
        2.0,
        0.0,
        1.0,
        0.0,
        0.0,
        1.0,
        0.0,
        4.0,
        0.0,
        1.0,
        1.0,
        3.0,
        1.0,
        1.0,
        5.0,
        2.0,
        0.0,
        5.0,
        0.0,
        1.0,
        2.0,
        4.0,
        2.0,
        3.0,
        5.0,
        7.0,
        4.0,
        0.0,
        4.0,
        2.0,
        4.0,
        2.0,
        3.0,
        7.0,
        14.0,
        5.0,
        4.0,
        10.0,
        10.0,
        11.0,
        5.0,
        4.0,
        15.0,
        5.0,
        5.0,
        9.0,
        8.0,
        11.0,
        8.0,
        14.0,
        3.0,
        8.0,
        8.0,
        9.0,
        8.0,
        8.0,
        4.0,
        15.0,
        4.0,
        10.0,
        6.0,
        8.0,
        4.0,
        15.0,
        7.0,
        10.0,
        8.0,
        6.0,
        11.0,
        11.0,
        13.0,
        12.0,
        9.0,
        16.0,
        17.0,
        13.0,
        21.0,
        11.0,
        11.0,
        8.0,
        12.0,
        10.0,
        12.0,
        9.0,
        20.0,
        19.0,
        10.0,
        22.0,
        20.0,
        26.0,
        17.0,
        23.0,
        24.0,
        29.0,
        23.0,
        32.0,
        27.0,
        30.0,
        34.0,
        30.0,
        42.0,
        26.0,
        42.0,
        31.0,
        38.0,
        31.0,
        40.0,
        55.0,
        45.0,
        31.0,
        62.0,
        54.0,
        83.0,
        125.0,
        105.0,
        157.0,
        176.0,
        218.0,
        274.0,
        204.0,
        178.0,
        161.0,
        115.0,
        115.0,
        105.0,
        84.0,
        70.0,
        69.0,
        65.0,
        44.0,
        38.0,
        55.0,
        50.0,
        41.0,
        34.0,
        42.0,
        45.0,
        48.0,
        44.0,
        40.0,
        59.0,
        58.0,
        41.0,
        31.0,
        46.0,
        30.0,
        27.0,
        27.0,
        25.0,
        32.0,
        27.0,
        30.0,
        25.0,
        30.0,
        20.0,
        25.0,
        19.0,
        16.0,
        12.0,
        13.0,
        7.0,
        7.0,
        4.0,
        0.0,
        1.0,
        7.0,
        2.0,
        3.0,
        3.0,
        4.0,
        1.0,
        1.0,
        0.0,
        2.0,
        1.0,
        0.0,
        1.0,
        0.0,
        0.0,
        0.0,
        0.0,
        0.0,
        0.0,
        0.0,
        0.0,
        0.0,
        0.0
      ],
      "silhouette_mask_path": "C:\\Users\\shrad\\TrendWeave\\MERGE_OUTPUT_FINAL\\Catwalks__Women_s_Colour_A_W_25_26_en\\page_24\\img_2_mask_2.png"
    },
    {
      "yolo_label": "vase",
      "bbox": [
        387.8846130371094,
        977.7645874023438,
        471.3442687988281,
        1212.9591064453125
      ],
      "confidence": 0.3448511064052582,
      "clip_attributes": {
        "palette": {
          "label": "earth tones",
          "confidence": 0.23884941637516022
        },
        "dress_silhouette": {
          "label": "shirt dress",
          "confidence": 0.24362897872924805
        },
        "neckline": {
          "label": "square neckline",
          "confidence": 0.2524212598800659
        },
        "sleeve_type": {
          "label": "bell sleeves",
          "confidence": 0.25787320733070374
        },
        "top_silhouette": {
          "label": "peplum",
          "confidence": 0.2544015347957611
        },
        "bottom_style": {
          "label": "flared pants",
          "confidence": 0.24386517703533173
        },
        "outerwear": {
          "label": "long coat",
          "confidence": 0.24572740495204926
        },
        "shoe_type": {
          "label": "ankle boots",
          "confidence": 0.24452950060367584
        },
        "bag_type": {
          "label": "shoulder bag",
          "confidence": 0.26808053255081177
        },
        "accessory": {
          "label": "scarf",
          "confidence": 0.24211257696151733
        },
        "hairstyle": {
          "label": "ponytail",
          "confidence": 0.20621807873249054
        },
        "setting": {
          "label": "office wear",
          "confidence": 0.2272249311208725
        },
        "fabric_type": {
          "label": "organza",
          "confidence": 0.2394786924123764
        },
        "season": {
          "label": "winter",
          "confidence": 0.2125117927789688
        },
        "style_theme": {
          "label": "boho",
          "confidence": 0.23127084970474243
        }
      },
      "dominant_colors": [
        [
          86,
          131,
          129
        ],
        [
          35,
          135,
          129
        ],
        [
          11,
          133,
          129
        ]
      ],
      "texture_histogram": [
        0.0,
        15.0,
        85.0,
        219.0,
        461.0,
        617.0,
        443.0,
        258.0,
        208.0,
        189.0,
        210.0,
        179.0,
        177.0,
        235.0,
        218.0,
        234.0,
        298.0,
        314.0,
        355.0,
        437.0,
        452.0,
        537.0,
        556.0,
        539.0,
        581.0,
        619.0,
        545.0,
        564.0,
        462.0,
        335.0,
        323.0,
        243.0,
        281.0,
        227.0,
        244.0,
        180.0,
        193.0,
        177.0,
        140.0,
        148.0,
        148.0,
        125.0,
        122.0,
        100.0,
        94.0,
        73.0,
        70.0,
        60.0,
        70.0,
        68.0,
        53.0,
        75.0,
        86.0,
        87.0,
        130.0,
        60.0,
        78.0,
        102.0,
        87.0,
        87.0,
        138.0,
        158.0,
        134.0,
        136.0,
        147.0,
        154.0,
        149.0,
        135.0,
        174.0,
        163.0,
        173.0,
        167.0,
        172.0,
        176.0,
        178.0,
        123.0,
        177.0,
        178.0,
        154.0,
        143.0,
        158.0,
        159.0,
        145.0,
        91.0,
        97.0,
        60.0,
        55.0,
        49.0,
        41.0,
        46.0,
        48.0,
        38.0,
        40.0,
        40.0,
        46.0,
        35.0,
        48.0,
        46.0,
        65.0,
        51.0,
        51.0,
        56.0,
        48.0,
        46.0,
        46.0,
        54.0,
        43.0,
        47.0,
        54.0,
        40.0,
        45.0,
        42.0,
        45.0,
        42.0,
        44.0,
        41.0,
        22.0,
        27.0,
        20.0,
        18.0,
        18.0,
        13.0,
        10.0,
        13.0,
        5.0,
        5.0,
        2.0,
        5.0,
        0.0,
        6.0,
        5.0,
        6.0,
        2.0,
        1.0,
        2.0,
        3.0,
        1.0,
        2.0,
        1.0,
        0.0,
        2.0,
        3.0,
        2.0,
        2.0,
        1.0,
        3.0,
        7.0,
        2.0,
        3.0,
        1.0,
        3.0,
        1.0,
        0.0,
        4.0,
        1.0,
        3.0,
        1.0,
        1.0,
        0.0,
        1.0,
        0.0,
        0.0,
        0.0,
        1.0,
        1.0,
        0.0,
        0.0,
        2.0,
        1.0,
        0.0,
        0.0,
        0.0,
        0.0,
        2.0,
        0.0,
        0.0,
        0.0,
        0.0,
        0.0,
        0.0,
        0.0,
        0.0,
        0.0,
        0.0,
        1.0,
        0.0,
        0.0,
        0.0,
        0.0,
        0.0,
        0.0,
        0.0,
        0.0,
        0.0,
        0.0,
        0.0,
        0.0,
        0.0,
        0.0,
        0.0,
        0.0,
        0.0,
        0.0,
        0.0,
        0.0,
        0.0,
        0.0,
        0.0,
        0.0,
        0.0,
        0.0,
        0.0,
        0.0,
        0.0,
        0.0,
        0.0,
        0.0,
        0.0,
        0.0,
        0.0,
        0.0,
        0.0,
        0.0,
        0.0,
        0.0,
        0.0,
        0.0,
        0.0,
        0.0,
        0.0,
        0.0,
        0.0,
        0.0,
        0.0,
        0.0,
        0.0,
        0.0,
        0.0,
        0.0,
        0.0,
        0.0,
        0.0,
        0.0,
        0.0,
        0.0,
        0.0,
        0.0,
        0.0,
        0.0,
        0.0,
        0.0,
        0.0,
        0.0,
        0.0,
        0.0,
        0.0
      ],
      "silhouette_mask_path": "C:\\Users\\shrad\\TrendWeave\\MERGE_OUTPUT_FINAL\\Catwalks__Women_s_Colour_A_W_25_26_en\\page_24\\img_2_mask_3.png"
    },
    {
      "yolo_label": "dining table",
      "bbox": [
        63.15009307861328,
        1131.1031494140625,
        681.7824096679688,
        1263.5462646484375
      ],
      "confidence": 0.27372390031814575,
      "clip_attributes": {
        "palette": {
          "label": "navy and grey",
          "confidence": 0.23931530117988586
        },
        "neckline": {
          "label": "polo",
          "confidence": 0.2309466302394867
        },
        "sleeve_type": {
          "label": "half sleeves",
          "confidence": 0.2348817139863968
        },
        "top_silhouette": {
          "label": "tank top",
          "confidence": 0.23223759233951569
        },
        "bottom_style": {
          "label": "denim jeans",
          "confidence": 0.2383454144001007
        },
        "outerwear": {
          "label": "blazer",
          "confidence": 0.2324059009552002
        },
        "shoe_type": {
          "label": "boots",
          "confidence": 0.25230494141578674
        },
        "bag_type": {
          "label": "backpack",
          "confidence": 0.2349206805229187
        },
        "accessory": {
          "label": "cap",
          "confidence": 0.2578582167625427
        },
        "hairstyle": {
          "label": "curly top",
          "confidence": 0.23716555535793304
        },
        "setting": {
          "label": "gym wear",
          "confidence": 0.22611956298351288
        },
        "fabric_type": {
          "label": "polyester",
          "confidence": 0.24600256979465485
        },
        "season": {
          "label": "monsoon",
          "confidence": 0.22023987770080566
        },
        "style_theme": {
          "label": "grunge",
          "confidence": 0.2513032853603363
        }
      },
      "dominant_colors": [
        [
          19,
          131,
          130
        ],
        [
          83,
          129,
          128
        ],
        [
          54,
          130,
          129
        ]
      ],
      "texture_histogram": [
        0.0,
        0.0,
        15.0,
        15.0,
        40.0,
        28.0,
        48.0,
        69.0,
        71.0,
        70.0,
        81.0,
        81.0,
        126.0,
        301.0,
        590.0,
        929.0,
        1167.0,
        1720.0,
        2253.0,
        2815.0,
        3871.0,
        4320.0,
        4779.0,
        4571.0,
        4560.0,
        4206.0,
        3876.0,
        3460.0,
        2804.0,
        2077.0,
        1361.0,
        867.0,
        510.0,
        356.0,
        244.0,
        205.0,
        161.0,
        181.0,
        171.0,
        168.0,
        134.0,
        143.0,
        183.0,
        313.0,
        285.0,
        308.0,
        257.0,
        314.0,
        324.0,
        319.0,
        346.0,
        365.0,
        412.0,
        350.0,
        260.0,
        216.0,
        213.0,
        204.0,
        211.0,
        238.0,
        260.0,
        344.0,
        337.0,
        319.0,
        363.0,
        519.0,
        529.0,
        757.0,
        826.0,
        1043.0,
        1465.0,
        1347.0,
        1436.0,
        1398.0,
        1179.0,
        984.0,
        834.0,
        592.0,
        534.0,
        423.0,
        440.0,
        546.0,
        775.0,
        978.0,
        1152.0,
        1000.0,
        767.0,
        568.0,
        302.0,
        130.0,
        78.0,
        50.0,
        17.0,
        17.0,
        17.0,
        12.0,
        12.0,
        18.0,
        28.0,
        25.0,
        18.0,
        18.0,
        15.0,
        18.0,
        18.0,
        26.0,
        24.0,
        24.0,
        37.0,
        24.0,
        31.0,
        25.0,
        34.0,
        31.0,
        35.0,
        32.0,
        17.0,
        22.0,
        17.0,
        14.0,
        16.0,
        11.0,
        6.0,
        8.0,
        2.0,
        2.0,
        2.0,
        5.0,
        0.0,
        5.0,
        3.0,
        2.0,
        1.0,
        0.0,
        2.0,
        3.0,
        1.0,
        1.0,
        1.0,
        0.0,
        1.0,
        3.0,
        1.0,
        1.0,
        1.0,
        2.0,
        7.0,
        1.0,
        3.0,
        1.0,
        3.0,
        1.0,
        0.0,
        3.0,
        1.0,
        3.0,
        1.0,
        1.0,
        0.0,
        1.0,
        0.0,
        0.0,
        0.0,
        1.0,
        1.0,
        0.0,
        0.0,
        2.0,
        1.0,
        0.0,
        0.0,
        0.0,
        0.0,
        1.0,
        0.0,
        0.0,
        0.0,
        0.0,
        0.0,
        0.0,
        0.0,
        0.0,
        0.0,
        0.0,
        1.0,
        0.0,
        0.0,
        0.0,
        0.0,
        0.0,
        0.0,
        0.0,
        0.0,
        0.0,
        0.0,
        0.0,
        0.0,
        0.0,
        0.0,
        0.0,
        0.0,
        0.0,
        0.0,
        0.0,
        0.0,
        0.0,
        0.0,
        0.0,
        0.0,
        0.0,
        0.0,
        0.0,
        0.0,
        0.0,
        0.0,
        0.0,
        0.0,
        0.0,
        0.0,
        0.0,
        0.0,
        0.0,
        0.0,
        0.0,
        0.0,
        0.0,
        0.0,
        0.0,
        0.0,
        0.0,
        0.0,
        0.0,
        0.0,
        0.0,
        0.0,
        0.0,
        0.0,
        0.0,
        0.0,
        0.0,
        0.0,
        0.0,
        0.0,
        0.0,
        0.0,
        0.0,
        0.0,
        0.0,
        0.0,
        0.0,
        0.0,
        0.0,
        0.0,
        0.0,
        0.0,
        0.0
      ],
      "silhouette_mask_path": "C:\\Users\\shrad\\TrendWeave\\MERGE_OUTPUT_FINAL\\Catwalks__Women_s_Colour_A_W_25_26_en\\page_24\\img_2_mask_4.png"
    },
    {
      "yolo_label": "person",
      "bbox": [
        185.26962280273438,
        0.7185653448104858,
        327.0932312011719,
        312.0696105957031
      ],
      "confidence": 0.25919201970100403,
      "clip_attributes": {
        "palette": {
          "label": "pastel",
          "confidence": 0.21974967420101166
        },
        "dress_silhouette": {
          "label": "shirt dress",
          "confidence": 0.2337057888507843
        },
        "neckline": {
          "label": "square neckline",
          "confidence": 0.24862374365329742
        },
        "sleeve_type": {
          "label": "bell sleeves",
          "confidence": 0.24830278754234314
        },
        "top_silhouette": {
          "label": "camisole",
          "confidence": 0.22983087599277496
        },
        "bottom_style": {
          "label": "culottes",
          "confidence": 0.2429872304201126
        },
        "outerwear": {
          "label": "long coat",
          "confidence": 0.2590653896331787
        },
        "shoe_type": {
          "label": "ankle boots",
          "confidence": 0.2295931875705719
        },
        "bag_type": {
          "label": "shoulder bag",
          "confidence": 0.22950132191181183
        },
        "accessory": {
          "label": "scarf",
          "confidence": 0.2373422533273697
        },
        "hairstyle": {
          "label": "loose curls",
          "confidence": 0.22766481339931488
        },
        "setting": {
          "label": "office wear",
          "confidence": 0.22697915136814117
        },
        "fabric_type": {
          "label": "organza",
          "confidence": 0.2469588965177536
        },
        "season": {
          "label": "winter",
          "confidence": 0.22210991382598877
        },
        "style_theme": {
          "label": "minimalist",
          "confidence": 0.23779906332492828
        }
      },
      "dominant_colors": [
        [
          163,
          127,
          128
        ],
        [
          9,
          129,
          129
        ],
        [
          41,
          128,
          131
        ]
      ],
      "texture_histogram": [
        2.0,
        51.0,
        263.0,
        1317.0,
        2063.0,
        1294.0,
        1488.0,
        1668.0,
        1460.0,
        1289.0,
        1256.0,
        1150.0,
        949.0,
        902.0,
        972.0,
        859.0,
        894.0,
        925.0,
        940.0,
        795.0,
        836.0,
        751.0,
        697.0,
        719.0,
        671.0,
        671.0,
        655.0,
        660.0,
        672.0,
        640.0,
        735.0,
        690.0,
        645.0,
        698.0,
        737.0,
        699.0,
        764.0,
        863.0,
        840.0,
        911.0,
        937.0,
        774.0,
        606.0,
        545.0,
        368.0,
        287.0,
        274.0,
        266.0,
        228.0,
        226.0,
        245.0,
        232.0,
        226.0,
        243.0,
        207.0,
        171.0,
        156.0,
        204.0,
        126.0,
        53.0,
        35.0,
        39.0,
        34.0,
        26.0,
        26.0,
        18.0,
        17.0,
        20.0,
        21.0,
        11.0,
        21.0,
        12.0,
        25.0,
        17.0,
        20.0,
        19.0,
        29.0,
        26.0,
        19.0,
        22.0,
        13.0,
        26.0,
        25.0,
        34.0,
        18.0,
        29.0,
        21.0,
        31.0,
        24.0,
        29.0,
        30.0,
        29.0,
        25.0,
        23.0,
        23.0,
        25.0,
        18.0,
        14.0,
        13.0,
        9.0,
        17.0,
        15.0,
        12.0,
        16.0,
        26.0,
        10.0,
        13.0,
        11.0,
        8.0,
        15.0,
        19.0,
        10.0,
        12.0,
        12.0,
        16.0,
        12.0,
        13.0,
        13.0,
        19.0,
        13.0,
        16.0,
        17.0,
        20.0,
        19.0,
        12.0,
        19.0,
        27.0,
        13.0,
        18.0,
        18.0,
        25.0,
        12.0,
        17.0,
        18.0,
        21.0,
        14.0,
        14.0,
        18.0,
        19.0,
        11.0,
        16.0,
        10.0,
        10.0,
        10.0,
        11.0,
        10.0,
        21.0,
        15.0,
        22.0,
        13.0,
        15.0,
        23.0,
        12.0,
        18.0,
        13.0,
        18.0,
        21.0,
        15.0,
        22.0,
        16.0,
        20.0,
        22.0,
        23.0,
        24.0,
        20.0,
        25.0,
        15.0,
        26.0,
        27.0,
        17.0,
        13.0,
        16.0,
        16.0,
        21.0,
        17.0,
        8.0,
        14.0,
        13.0,
        18.0,
        7.0,
        17.0,
        18.0,
        16.0,
        17.0,
        20.0,
        10.0,
        24.0,
        15.0,
        14.0,
        14.0,
        23.0,
        20.0,
        14.0,
        19.0,
        17.0,
        17.0,
        21.0,
        19.0,
        19.0,
        22.0,
        25.0,
        31.0,
        31.0,
        22.0,
        18.0,
        24.0,
        13.0,
        18.0,
        16.0,
        10.0,
        10.0,
        9.0,
        7.0,
        6.0,
        5.0,
        8.0,
        2.0,
        1.0,
        3.0,
        0.0,
        0.0,
        0.0,
        2.0,
        1.0,
        2.0,
        0.0,
        0.0,
        0.0,
        0.0,
        0.0,
        0.0,
        0.0,
        0.0,
        0.0,
        0.0,
        0.0,
        0.0,
        0.0,
        0.0,
        0.0,
        0.0,
        0.0,
        0.0,
        0.0,
        0.0,
        0.0,
        0.0,
        0.0,
        0.0,
        0.0,
        0.0,
        0.0,
        0.0,
        0.0,
        0.0,
        0.0
      ],
      "silhouette_mask_path": "C:\\Users\\shrad\\TrendWeave\\MERGE_OUTPUT_FINAL\\Catwalks__Women_s_Colour_A_W_25_26_en\\page_24\\img_2_mask_5.png"
    }
  ],
  "pose_keypoints": [
    {
      "x": 0.509914755821228,
      "y": 0.11050769686698914,
      "z": 0.06152167171239853,
      "visibility": 0.9999912977218628
    },
    {
      "x": 0.5256394147872925,
      "y": 0.09797978401184082,
      "z": 0.11335523426532745,
      "visibility": 0.9999890327453613
    },
    {
      "x": 0.5325989723205566,
      "y": 0.09816418588161469,
      "z": 0.11320850253105164,
      "visibility": 0.9999822378158569
    },
    {
      "x": 0.5387970805168152,
      "y": 0.09862956404685974,
      "z": 0.11297938972711563,
      "visibility": 0.999985933303833
    },
    {
      "x": 0.5003606677055359,
      "y": 0.09785689413547516,
      "z": 0.10333988815546036,
      "visibility": 0.9999903440475464
    },
    {
      "x": 0.491046279668808,
      "y": 0.09780532121658325,
      "z": 0.1032974123954773,
      "visibility": 0.9999865293502808
    },
    {
      "x": 0.4833125174045563,
      "y": 0.09790042042732239,
      "z": 0.10317717492580414,
      "visibility": 0.999991774559021
    },
    {
      "x": 0.5484963655471802,
      "y": 0.10653337836265564,
      "z": 0.315243661403656,
      "visibility": 0.9999645948410034
    },
    {
      "x": 0.47536465525627136,
      "y": 0.10319709777832031,
      "z": 0.26905322074890137,
      "visibility": 0.9999920129776001
    },
    {
      "x": 0.5214534997940063,
      "y": 0.12526904046535492,
      "z": 0.13162614405155182,
      "visibility": 0.9999951124191284
    },
    {
      "x": 0.4959109127521515,
      "y": 0.1241472065448761,
      "z": 0.11788766086101532,
      "visibility": 0.9999974966049194
    },
    {
      "x": 0.5973493456840515,
      "y": 0.18859606981277466,
      "z": 0.3444172441959381,
      "visibility": 0.9999110698699951
    },
    {
      "x": 0.410672664642334,
      "y": 0.18435977399349213,
      "z": 0.271887868642807,
      "visibility": 0.9999345541000366
    },
    {
      "x": 0.614588737487793,
      "y": 0.2935187816619873,
      "z": 0.3084961175918579,
      "visibility": 0.15853431820869446
    },
    {
      "x": 0.36002129316329956,
      "y": 0.29238465428352356,
      "z": 0.225249245762825,
      "visibility": 0.5149741172790527
    },
    {
      "x": 0.6125271916389465,
      "y": 0.34928134083747864,
      "z": 0.1634242981672287,
      "visibility": 0.11613909900188446
    },
    {
      "x": 0.34933367371559143,
      "y": 0.3825380504131317,
      "z": 0.11239112168550491,
      "visibility": 0.3268459141254425
    },
    {
      "x": 0.6177974343299866,
      "y": 0.36658889055252075,
      "z": 0.12637314200401306,
      "visibility": 0.14337679743766785
    },
    {
      "x": 0.33759573101997375,
      "y": 0.4087798595428467,
      "z": 0.07596013695001602,
      "visibility": 0.3324081301689148
    },
    {
      "x": 0.6050881147384644,
      "y": 0.36016660928726196,
      "z": 0.10388616472482681,
      "visibility": 0.14326325058937073
    },
    {
      "x": 0.35436326265335083,
      "y": 0.4079667627811432,
      "z": 0.04230344668030739,
      "visibility": 0.33518555760383606
    },
    {
      "x": 0.5971169471740723,
      "y": 0.3556264340877533,
      "z": 0.1509067565202713,
      "visibility": 0.15557515621185303
    },
    {
      "x": 0.36520224809646606,
      "y": 0.40051159262657166,
      "z": 0.09893084317445755,
      "visibility": 0.3567032217979431
    },
    {
      "x": 0.5414103865623474,
      "y": 0.3396061062812805,
      "z": 0.00908767431974411,
      "visibility": 0.999964714050293
    },
    {
      "x": 0.43141353130340576,
      "y": 0.33709263801574707,
      "z": -0.00926635880023241,
      "visibility": 0.9999610185623169
    },
    {
      "x": 0.6183984279632568,
      "y": 0.3374558687210083,
      "z": -0.52586430311203,
      "visibility": 0.8327875137329102
    },
    {
      "x": 0.3683757781982422,
      "y": 0.32927364110946655,
      "z": -0.6156080961227417,
      "visibility": 0.7871765494346619
    },
    {
      "x": 0.5533128380775452,
      "y": 0.41924160718917847,
      "z": -0.35421022772789,
      "visibility": 0.5898110866546631
    },
    {
      "x": 0.39575302600860596,
      "y": 0.433783620595932,
      "z": -0.39119645953178406,
      "visibility": 0.45832690596580505
    },
    {
      "x": 0.5357272624969482,
      "y": 0.4284099042415619,
      "z": -0.3420346975326538,
      "visibility": 0.6235935091972351
    },
    {
      "x": 0.3923153877258301,
      "y": 0.4438159167766571,
      "z": -0.37218984961509705,
      "visibility": 0.4864136576652527
    },
    {
      "x": 0.5681797862052917,
      "y": 0.4637654423713684,
      "z": -0.4721570909023285,
      "visibility": 0.6413151025772095
    },
    {
      "x": 0.3855735659599304,
      "y": 0.4846222400665283,
      "z": -0.5256900191307068,
      "visibility": 0.5927591919898987
    }
  ]
}