{
  "image": "C:\\Users\\shrad\\TrendWeave\\TrendWeave\\extracted_data\\Catwalks__Women_s_Colour_A_W_25_26_en\\page_20\\img_3.jpeg",
  "items": [
    {
      "yolo_label": "person",
      "bbox": [
        58.79535675048828,
        0.0,
        652.1797485351562,
        652.4415283203125
      ],
      "confidence": 0.8187901973724365,
      "clip_attributes": {
        "palette": {
          "label": "earth tones",
          "confidence": 0.24119675159454346
        },
        "dress_silhouette": {
          "label": "wrap dress",
          "confidence": 0.24655461311340332
        },
        "neckline": {
          "label": "square neckline",
          "confidence": 0.26762640476226807
        },
        "sleeve_type": {
          "label": "bell sleeves",
          "confidence": 0.2573147416114807
        },
        "top_silhouette": {
          "label": "fitted blouse",
          "confidence": 0.2331651747226715
        },
        "bottom_style": {
          "label": "culottes",
          "confidence": 0.23739179968833923
        },
        "outerwear": {
          "label": "long coat",
          "confidence": 0.2926971912384033
        },
        "shoe_type": {
          "label": "ankle boots",
          "confidence": 0.20841389894485474
        },
        "bag_type": {
          "label": "shoulder bag",
          "confidence": 0.21371710300445557
        },
        "accessory": {
          "label": "scarf",
          "confidence": 0.22234459221363068
        },
        "hairstyle": {
          "label": "high bun",
          "confidence": 0.21460844576358795
        },
        "setting": {
          "label": "office wear",
          "confidence": 0.24804699420928955
        },
        "fabric_type": {
          "label": "linen",
          "confidence": 0.2666195034980774
        },
        "season": {
          "label": "winter",
          "confidence": 0.21223972737789154
        },
        "style_theme": {
          "label": "elegant chic",
          "confidence": 0.25937867164611816
        }
      },
      "dominant_colors": [
        [
          95,
          132,
          126
        ],
        [
          42,
          129,
          128
        ],
        [
          178,
          133,
          131
        ]
      ],
      "texture_histogram": [
        37.0,
        142.0,
        482.0,
        1226.0,
        2335.0,
        2632.0,
        1952.0,
        1394.0,
        989.0,
        784.0,
        633.0,
        579.0,
        505.0,
        569.0,
        493.0,
        452.0,
        437.0,
        451.0,
        451.0,
        461.0,
        446.0,
        513.0,
        527.0,
        536.0,
        592.0,
        651.0,
        659.0,
        728.0,
        763.0,
        846.0,
        923.0,
        958.0,
        1044.0,
        1046.0,
        1090.0,
        1150.0,
        1345.0,
        1553.0,
        1677.0,
        1837.0,
        1921.0,
        2020.0,
        2169.0,
        2327.0,
        2278.0,
        2235.0,
        2283.0,
        2390.0,
        2146.0,
        2098.0,
        2006.0,
        2215.0,
        2361.0,
        2720.0,
        3177.0,
        3536.0,
        3625.0,
        3347.0,
        3155.0,
        2938.0,
        2704.0,
        2598.0,
        2593.0,
        2739.0,
        2901.0,
        2976.0,
        3164.0,
        3389.0,
        3592.0,
        4030.0,
        4400.0,
        4902.0,
        4870.0,
        4958.0,
        4927.0,
        5069.0,
        5304.0,
        5356.0,
        5610.0,
        5783.0,
        5737.0,
        5576.0,
        5832.0,
        6222.0,
        6394.0,
        6487.0,
        6477.0,
        6602.0,
        6344.0,
        6459.0,
        6331.0,
        6094.0,
        5630.0,
        5383.0,
        5118.0,
        5016.0,
        5020.0,
        5088.0,
        5404.0,
        5776.0,
        5750.0,
        5674.0,
        5448.0,
        5143.0,
        4587.0,
        4460.0,
        3960.0,
        3482.0,
        2904.0,
        2349.0,
        1862.0,
        1457.0,
        1244.0,
        1163.0,
        1076.0,
        1010.0,
        885.0,
        765.0,
        643.0,
        680.0,
        660.0,
        560.0,
        558.0,
        579.0,
        558.0,
        571.0,
        497.0,
        529.0,
        516.0,
        492.0,
        497.0,
        479.0,
        461.0,
        424.0,
        428.0,
        420.0,
        388.0,
        408.0,
        398.0,
        388.0,
        390.0,
        394.0,
        363.0,
        371.0,
        366.0,
        312.0,
        336.0,
        367.0,
        337.0,
        329.0,
        311.0,
        303.0,
        342.0,
        314.0,
        297.0,
        316.0,
        343.0,
        323.0,
        289.0,
        349.0,
        303.0,
        298.0,
        264.0,
        274.0,
        255.0,
        303.0,
        257.0,
        270.0,
        290.0,
        307.0,
        421.0,
        559.0,
        649.0,
        1008.0,
        929.0,
        1076.0,
        1033.0,
        1010.0,
        985.0,
        920.0,
        880.0,
        1124.0,
        1333.0,
        1875.0,
        1758.0,
        1351.0,
        831.0,
        561.0,
        465.0,
        472.0,
        489.0,
        602.0,
        609.0,
        602.0,
        625.0,
        597.0,
        611.0,
        561.0,
        555.0,
        478.0,
        467.0,
        469.0,
        438.0,
        349.0,
        317.0,
        256.0,
        174.0,
        119.0,
        58.0,
        39.0,
        14.0,
        1.0,
        2.0,
        0.0,
        0.0,
        0.0,
        0.0,
        0.0,
        0.0,
        0.0,
        0.0,
        0.0,
        0.0,
        0.0,
        0.0,
        0.0,
        0.0,
        0.0,
        0.0,
        0.0,
        0.0,
        0.0,
        0.0,
        0.0,
        0.0,
        0.0,
        0.0,
        0.0,
        0.0,
        0.0,
        0.0,
        0.0,
        0.0,
        0.0,
        0.0,
        0.0,
        0.0,
        0.0,
        0.0,
        0.0,
        0.0,
        0.0,
        0.0,
        0.0,
        0.0,
        0.0
      ],
      "silhouette_mask_path": "C:\\Users\\shrad\\TrendWeave\\MERGE_OUTPUT_FINAL\\Catwalks__Women_s_Colour_A_W_25_26_en\\page_20\\img_3_mask_0.png"
    },
    {
      "yolo_label": "person",
      "bbox": [
        562.2459106445312,
        146.88531494140625,
        653.6218872070312,
        650.7252807617188
      ],
      "confidence": 0.5684861540794373,
      "clip_attributes": {
        "palette": {
          "label": "navy and grey",
          "confidence": 0.2413811832666397
        },
        "neckline": {
          "label": "buttoned collar",
          "confidence": 0.25376415252685547
        },
        "sleeve_type": {
          "label": "long sleeves",
          "confidence": 0.25222229957580566
        },
        "top_silhouette": {
          "label": "hoodie",
          "confidence": 0.24453654885292053
        },
        "bottom_style": {
          "label": "tailored trousers",
          "confidence": 0.2588259279727936
        },
        "outerwear": {
          "label": "blazer",
          "confidence": 0.25208330154418945
        },
        "shoe_type": {
          "label": "loafers",
          "confidence": 0.2308964878320694
        },
        "bag_type": {
          "label": "backpack",
          "confidence": 0.23769918084144592
        },
        "accessory": {
          "label": "bracelet",
          "confidence": 0.2363438457250595
        },
        "hairstyle": {
          "label": "buzz cut",
          "confidence": 0.23374822735786438
        },
        "setting": {
          "label": "smart casual",
          "confidence": 0.24546854197978973
        },
        "fabric_type": {
          "label": "polyester",
          "confidence": 0.24383555352687836
        },
        "season": {
          "label": "spring",
          "confidence": 0.22195416688919067
        },
        "style_theme": {
          "label": "streetwear",
          "confidence": 0.23589001595973969
        }
      },
      "dominant_colors": [
        [
          32,
          128,
          126
        ],
        [
          82,
          133,
          130
        ],
        [
          125,
          132,
          131
        ]
      ],
      "texture_histogram": [
        21.0,
        81.0,
        283.0,
        658.0,
        1013.0,
        720.0,
        480.0,
        454.0,
        352.0,
        317.0,
        241.0,
        190.0,
        127.0,
        163.0,
        147.0,
        132.0,
        121.0,
        135.0,
        127.0,
        127.0,
        101.0,
        125.0,
        114.0,
        112.0,
        141.0,
        143.0,
        157.0,
        185.0,
        206.0,
        227.0,
        246.0,
        238.0,
        264.0,
        259.0,
        299.0,
        346.0,
        443.0,
        570.0,
        669.0,
        770.0,
        784.0,
        979.0,
        1034.0,
        1196.0,
        1130.0,
        1137.0,
        1054.0,
        1002.0,
        679.0,
        501.0,
        366.0,
        319.0,
        253.0,
        200.0,
        171.0,
        124.0,
        127.0,
        139.0,
        134.0,
        132.0,
        175.0,
        243.0,
        282.0,
        393.0,
        465.0,
        558.0,
        584.0,
        550.0,
        526.0,
        475.0,
        504.0,
        541.0,
        489.0,
        484.0,
        476.0,
        485.0,
        466.0,
        442.0,
        394.0,
        389.0,
        426.0,
        418.0,
        441.0,
        447.0,
        429.0,
        431.0,
        424.0,
        457.0,
        385.0,
        420.0,
        395.0,
        361.0,
        366.0,
        383.0,
        349.0,
        349.0,
        354.0,
        295.0,
        300.0,
        317.0,
        245.0,
        242.0,
        251.0,
        205.0,
        188.0,
        209.0,
        191.0,
        204.0,
        220.0,
        180.0,
        168.0,
        164.0,
        152.0,
        154.0,
        188.0,
        149.0,
        138.0,
        143.0,
        121.0,
        114.0,
        110.0,
        101.0,
        100.0,
        107.0,
        101.0,
        123.0,
        88.0,
        99.0,
        87.0,
        84.0,
        78.0,
        84.0,
        64.0,
        64.0,
        72.0,
        53.0,
        47.0,
        47.0,
        62.0,
        49.0,
        41.0,
        37.0,
        36.0,
        47.0,
        42.0,
        37.0,
        37.0,
        38.0,
        42.0,
        45.0,
        41.0,
        27.0,
        41.0,
        55.0,
        47.0,
        41.0,
        54.0,
        44.0,
        49.0,
        68.0,
        52.0,
        22.0,
        16.0,
        3.0,
        9.0,
        7.0,
        4.0,
        3.0,
        0.0,
        0.0,
        0.0,
        0.0,
        0.0,
        0.0,
        0.0,
        0.0,
        0.0,
        0.0,
        0.0,
        0.0,
        0.0,
        0.0,
        0.0,
        0.0,
        0.0,
        0.0,
        0.0,
        0.0,
        0.0,
        0.0,
        0.0,
        0.0,
        0.0,
        0.0,
        0.0,
        0.0,
        0.0,
        0.0,
        0.0,
        0.0,
        0.0,
        0.0,
        0.0,
        0.0,
        0.0,
        0.0,
        0.0,
        0.0,
        0.0,
        0.0,
        0.0,
        0.0,
        0.0,
        0.0,
        0.0,
        0.0,
        0.0,
        0.0,
        0.0,
        0.0,
        0.0,
        0.0,
        0.0,
        0.0,
        0.0,
        0.0,
        0.0,
        0.0,
        0.0,
        0.0,
        0.0,
        0.0,
        0.0,
        0.0,
        0.0,
        0.0,
        0.0,
        0.0,
        0.0,
        0.0,
        0.0,
        0.0,
        0.0,
        0.0,
        0.0,
        0.0,
        0.0,
        0.0,
        0.0,
        0.0,
        0.0,
        0.0,
        0.0,
        0.0,
        0.0,
        0.0
      ],
      "silhouette_mask_path": "C:\\Users\\shrad\\TrendWeave\\MERGE_OUTPUT_FINAL\\Catwalks__Women_s_Colour_A_W_25_26_en\\page_20\\img_3_mask_1.png"
    },
    {
      "yolo_label": "person",
      "bbox": [
        0.2049410045146942,
        278.169677734375,
        77.9384536743164,
        653.1720581054688
      ],
      "confidence": 0.4824359714984894,
      "clip_attributes": {
        "palette": {
          "label": "navy and grey",
          "confidence": 0.21964922547340393
        },
        "neckline": {
          "label": "v-neck",
          "confidence": 0.23579180240631104
        },
        "sleeve_type": {
          "label": "rolled sleeves",
          "confidence": 0.2264944463968277
        },
        "top_silhouette": {
          "label": "hoodie",
          "confidence": 0.22606126964092255
        },
        "bottom_style": {
          "label": "chinos",
          "confidence": 0.23536506295204163
        },
        "outerwear": {
          "label": "blazer",
          "confidence": 0.23300430178642273
        },
        "shoe_type": {
          "label": "boots",
          "confidence": 0.22673586010932922
        },
        "bag_type": {
          "label": "backpack",
          "confidence": 0.22622348368167877
        },
        "accessory": {
          "label": "watch",
          "confidence": 0.239735946059227
        },
        "hairstyle": {
          "label": "buzz cut",
          "confidence": 0.23097477853298187
        },
        "setting": {
          "label": "smart casual",
          "confidence": 0.22247643768787384
        },
        "fabric_type": {
          "label": "wool",
          "confidence": 0.23363018035888672
        },
        "season": {
          "label": "monsoon",
          "confidence": 0.22146320343017578
        },
        "style_theme": {
          "label": "minimalist",
          "confidence": 0.22400662302970886
        }
      },
      "dominant_colors": [
        [
          11,
          128,
          127
        ],
        [
          74,
          129,
          132
        ],
        [
          152,
          128,
          135
        ]
      ],
      "texture_histogram": [
        7.0,
        63.0,
        261.0,
        710.0,
        1255.0,
        1087.0,
        1263.0,
        1267.0,
        919.0,
        789.0,
        719.0,
        656.0,
        453.0,
        367.0,
        379.0,
        318.0,
        324.0,
        350.0,
        469.0,
        550.0,
        595.0,
        661.0,
        504.0,
        391.0,
        284.0,
        184.0,
        128.0,
        95.0,
        85.0,
        91.0,
        96.0,
        85.0,
        111.0,
        95.0,
        95.0,
        102.0,
        114.0,
        152.0,
        143.0,
        159.0,
        183.0,
        182.0,
        184.0,
        207.0,
        181.0,
        185.0,
        184.0,
        192.0,
        185.0,
        167.0,
        173.0,
        205.0,
        185.0,
        171.0,
        168.0,
        190.0,
        202.0,
        199.0,
        225.0,
        213.0,
        187.0,
        210.0,
        196.0,
        179.0,
        171.0,
        169.0,
        142.0,
        135.0,
        125.0,
        130.0,
        128.0,
        117.0,
        137.0,
        131.0,
        133.0,
        134.0,
        124.0,
        141.0,
        142.0,
        159.0,
        150.0,
        132.0,
        159.0,
        154.0,
        139.0,
        154.0,
        164.0,
        180.0,
        181.0,
        158.0,
        153.0,
        170.0,
        160.0,
        147.0,
        119.0,
        94.0,
        114.0,
        82.0,
        80.0,
        62.0,
        56.0,
        50.0,
        55.0,
        50.0,
        43.0,
        43.0,
        60.0,
        58.0,
        58.0,
        66.0,
        56.0,
        45.0,
        46.0,
        46.0,
        37.0,
        44.0,
        46.0,
        41.0,
        48.0,
        52.0,
        38.0,
        36.0,
        40.0,
        29.0,
        42.0,
        23.0,
        24.0,
        36.0,
        37.0,
        37.0,
        34.0,
        32.0,
        35.0,
        33.0,
        35.0,
        33.0,
        36.0,
        28.0,
        33.0,
        51.0,
        30.0,
        30.0,
        20.0,
        28.0,
        29.0,
        25.0,
        31.0,
        36.0,
        21.0,
        21.0,
        32.0,
        10.0,
        29.0,
        16.0,
        32.0,
        27.0,
        27.0,
        17.0,
        23.0,
        33.0,
        27.0,
        16.0,
        9.0,
        19.0,
        8.0,
        14.0,
        14.0,
        16.0,
        17.0,
        11.0,
        15.0,
        18.0,
        18.0,
        9.0,
        9.0,
        15.0,
        21.0,
        11.0,
        18.0,
        12.0,
        14.0,
        23.0,
        19.0,
        19.0,
        20.0,
        16.0,
        13.0,
        21.0,
        20.0,
        18.0,
        19.0,
        14.0,
        17.0,
        19.0,
        16.0,
        14.0,
        22.0,
        9.0,
        18.0,
        20.0,
        16.0,
        13.0,
        22.0,
        15.0,
        16.0,
        16.0,
        9.0,
        8.0,
        3.0,
        0.0,
        1.0,
        0.0,
        0.0,
        0.0,
        0.0,
        0.0,
        0.0,
        0.0,
        0.0,
        0.0,
        0.0,
        0.0,
        0.0,
        0.0,
        0.0,
        0.0,
        0.0,
        0.0,
        0.0,
        0.0,
        0.0,
        0.0,
        0.0,
        0.0,
        0.0,
        0.0,
        0.0,
        0.0,
        0.0,
        0.0,
        0.0,
        0.0,
        0.0,
        0.0,
        0.0,
        0.0,
        0.0,
        0.0,
        0.0,
        0.0,
        0.0,
        0.0,
        0.0,
        0.0,
        0.0,
        0.0
      ],
      "silhouette_mask_path": "C:\\Users\\shrad\\TrendWeave\\MERGE_OUTPUT_FINAL\\Catwalks__Women_s_Colour_A_W_25_26_en\\page_20\\img_3_mask_2.png"
    },
    {
      "yolo_label": "person",
      "bbox": [
        548.2164916992188,
        125.58453369140625,
        653.7794189453125,
        549.46240234375
      ],
      "confidence": 0.38051941990852356,
      "clip_attributes": {
        "palette": {
          "label": "navy and grey",
          "confidence": 0.23448523879051208
        },
        "neckline": {
          "label": "v-neck",
          "confidence": 0.2561284899711609
        },
        "sleeve_type": {
          "label": "long sleeves",
          "confidence": 0.24589887261390686
        },
        "top_silhouette": {
          "label": "hoodie",
          "confidence": 0.25744548439979553
        },
        "bottom_style": {
          "label": "tailored trousers",
          "confidence": 0.25751686096191406
        },
        "outerwear": {
          "label": "hoodie",
          "confidence": 0.25744548439979553
        },
        "shoe_type": {
          "label": "boots",
          "confidence": 0.24028941988945007
        },
        "bag_type": {
          "label": "backpack",
          "confidence": 0.24903959035873413
        },
        "accessory": {
          "label": "cap",
          "confidence": 0.25370359420776367
        },
        "hairstyle": {
          "label": "buzz cut",
          "confidence": 0.242142453789711
        },
        "setting": {
          "label": "smart casual",
          "confidence": 0.24162276089191437
        },
        "fabric_type": {
          "label": "linen",
          "confidence": 0.24455498158931732
        },
        "season": {
          "label": "spring",
          "confidence": 0.22123661637306213
        },
        "style_theme": {
          "label": "streetwear",
          "confidence": 0.23562635481357574
        }
      },
      "dominant_colors": [
        [
          35,
          128,
          126
        ],
        [
          82,
          133,
          129
        ],
        [
          113,
          132,
          127
        ]
      ],
      "texture_histogram": [
        13.0,
        44.0,
        185.0,
        424.0,
        552.0,
        405.0,
        217.0,
        194.0,
        152.0,
        161.0,
        166.0,
        206.0,
        187.0,
        217.0,
        174.0,
        142.0,
        122.0,
        134.0,
        124.0,
        120.0,
        93.0,
        120.0,
        113.0,
        104.0,
        132.0,
        142.0,
        156.0,
        186.0,
        197.0,
        222.0,
        251.0,
        239.0,
        255.0,
        259.0,
        296.0,
        337.0,
        443.0,
        578.0,
        684.0,
        771.0,
        791.0,
        983.0,
        1027.0,
        1200.0,
        1128.0,
        1146.0,
        1050.0,
        1023.0,
        700.0,
        526.0,
        395.0,
        332.0,
        286.0,
        236.0,
        196.0,
        159.0,
        150.0,
        154.0,
        154.0,
        144.0,
        182.0,
        218.0,
        250.0,
        309.0,
        337.0,
        356.0,
        378.0,
        395.0,
        388.0,
        363.0,
        347.0,
        398.0,
        390.0,
        416.0,
        466.0,
        502.0,
        524.0,
        541.0,
        521.0,
        564.0,
        597.0,
        580.0,
        621.0,
        597.0,
        605.0,
        583.0,
        570.0,
        618.0,
        517.0,
        594.0,
        531.0,
        489.0,
        534.0,
        562.0,
        558.0,
        570.0,
        512.0,
        443.0,
        367.0,
        370.0,
        285.0,
        252.0,
        235.0,
        192.0,
        187.0,
        191.0,
        161.0,
        160.0,
        184.0,
        125.0,
        127.0,
        111.0,
        99.0,
        109.0,
        115.0,
        109.0,
        114.0,
        103.0,
        87.0,
        76.0,
        91.0,
        84.0,
        80.0,
        95.0,
        78.0,
        102.0,
        76.0,
        85.0,
        79.0,
        80.0,
        65.0,
        63.0,
        58.0,
        49.0,
        59.0,
        39.0,
        33.0,
        38.0,
        40.0,
        30.0,
        28.0,
        26.0,
        19.0,
        16.0,
        18.0,
        18.0,
        13.0,
        9.0,
        7.0,
        6.0,
        6.0,
        4.0,
        6.0,
        7.0,
        5.0,
        4.0,
        5.0,
        3.0,
        2.0,
        2.0,
        3.0,
        1.0,
        1.0,
        0.0,
        0.0,
        2.0,
        1.0,
        0.0,
        0.0,
        0.0,
        0.0,
        0.0,
        0.0,
        0.0,
        0.0,
        1.0,
        0.0,
        0.0,
        0.0,
        0.0,
        0.0,
        0.0,
        0.0,
        0.0,
        0.0,
        0.0,
        0.0,
        1.0,
        0.0,
        0.0,
        0.0,
        0.0,
        0.0,
        0.0,
        0.0,
        0.0,
        0.0,
        0.0,
        0.0,
        0.0,
        0.0,
        0.0,
        0.0,
        0.0,
        0.0,
        0.0,
        0.0,
        0.0,
        0.0,
        0.0,
        0.0,
        0.0,
        0.0,
        0.0,
        0.0,
        0.0,
        0.0,
        0.0,
        0.0,
        0.0,
        0.0,
        0.0,
        0.0,
        0.0,
        0.0,
        0.0,
        0.0,
        0.0,
        0.0,
        0.0,
        0.0,
        0.0,
        0.0,
        0.0,
        0.0,
        0.0,
        0.0,
        0.0,
        0.0,
        0.0,
        0.0,
        0.0,
        0.0,
        0.0,
        0.0,
        0.0,
        0.0,
        0.0,
        0.0,
        0.0,
        0.0,
        0.0,
        0.0,
        0.0,
        0.0,
        0.0
      ],
      "silhouette_mask_path": "C:\\Users\\shrad\\TrendWeave\\MERGE_OUTPUT_FINAL\\Catwalks__Women_s_Colour_A_W_25_26_en\\page_20\\img_3_mask_3.png"
    },
    {
      "yolo_label": "person",
      "bbox": [
        404.69830322265625,
        29.023252487182617,
        470.1632080078125,
        87.72267150878906
      ],
      "confidence": 0.26915380358695984,
      "clip_attributes": {
        "palette": {
          "label": "muted tones",
          "confidence": 0.22945256531238556
        },
        "neckline": {
          "label": "mandarin collar",
          "confidence": 0.23739583790302277
        },
        "sleeve_type": {
          "label": "rolled sleeves",
          "confidence": 0.2217668741941452
        },
        "top_silhouette": {
          "label": "button-up shirt",
          "confidence": 0.21401751041412354
        },
        "bottom_style": {
          "label": "chinos",
          "confidence": 0.23037602007389069
        },
        "outerwear": {
          "label": "blazer",
          "confidence": 0.21192510426044464
        },
        "shoe_type": {
          "label": "boots",
          "confidence": 0.21235455572605133
        },
        "bag_type": {
          "label": "backpack",
          "confidence": 0.21841835975646973
        },
        "accessory": {
          "label": "cap",
          "confidence": 0.24451515078544617
        },
        "hairstyle": {
          "label": "undercut",
          "confidence": 0.23247076570987701
        },
        "setting": {
          "label": "smart casual",
          "confidence": 0.21731530129909515
        },
        "fabric_type": {
          "label": "polyester",
          "confidence": 0.22811615467071533
        },
        "season": {
          "label": "monsoon",
          "confidence": 0.2089376002550125
        },
        "style_theme": {
          "label": "minimalist",
          "confidence": 0.21841809153556824
        }
      },
      "dominant_colors": [
        [
          112,
          133,
          131
        ],
        [
          162,
          130,
          128
        ],
        [
          47,
          131,
          130
        ]
      ],
      "texture_histogram": [
        0.0,
        0.0,
        0.0,
        0.0,
        0.0,
        0.0,
        0.0,
        0.0,
        1.0,
        1.0,
        5.0,
        3.0,
        4.0,
        5.0,
        10.0,
        7.0,
        16.0,
        14.0,
        17.0,
        14.0,
        9.0,
        19.0,
        23.0,
        22.0,
        30.0,
        20.0,
        25.0,
        21.0,
        17.0,
        14.0,
        12.0,
        14.0,
        13.0,
        16.0,
        18.0,
        15.0,
        17.0,
        13.0,
        18.0,
        8.0,
        23.0,
        24.0,
        25.0,
        30.0,
        46.0,
        42.0,
        55.0,
        30.0,
        45.0,
        45.0,
        31.0,
        28.0,
        31.0,
        20.0,
        14.0,
        24.0,
        19.0,
        18.0,
        14.0,
        30.0,
        33.0,
        38.0,
        44.0,
        26.0,
        39.0,
        29.0,
        33.0,
        25.0,
        25.0,
        23.0,
        21.0,
        17.0,
        12.0,
        15.0,
        20.0,
        15.0,
        9.0,
        15.0,
        10.0,
        8.0,
        13.0,
        15.0,
        13.0,
        14.0,
        18.0,
        17.0,
        12.0,
        11.0,
        20.0,
        17.0,
        22.0,
        24.0,
        21.0,
        11.0,
        26.0,
        27.0,
        27.0,
        22.0,
        20.0,
        23.0,
        20.0,
        22.0,
        26.0,
        28.0,
        28.0,
        26.0,
        27.0,
        22.0,
        26.0,
        20.0,
        29.0,
        20.0,
        27.0,
        38.0,
        31.0,
        24.0,
        29.0,
        19.0,
        29.0,
        36.0,
        26.0,
        20.0,
        29.0,
        30.0,
        26.0,
        32.0,
        20.0,
        29.0,
        22.0,
        24.0,
        33.0,
        23.0,
        33.0,
        27.0,
        18.0,
        32.0,
        25.0,
        26.0,
        29.0,
        29.0,
        33.0,
        26.0,
        28.0,
        20.0,
        21.0,
        23.0,
        36.0,
        16.0,
        26.0,
        17.0,
        22.0,
        26.0,
        33.0,
        24.0,
        18.0,
        16.0,
        22.0,
        33.0,
        20.0,
        24.0,
        23.0,
        28.0,
        13.0,
        21.0,
        14.0,
        21.0,
        9.0,
        12.0,
        15.0,
        12.0,
        12.0,
        5.0,
        6.0,
        15.0,
        8.0,
        5.0,
        9.0,
        7.0,
        9.0,
        9.0,
        10.0,
        27.0,
        58.0,
        53.0,
        14.0,
        4.0,
        0.0,
        0.0,
        0.0,
        0.0,
        0.0,
        0.0,
        0.0,
        0.0,
        0.0,
        0.0,
        0.0,
        0.0,
        0.0,
        0.0,
        0.0,
        0.0,
        0.0,
        0.0,
        0.0,
        0.0,
        0.0,
        0.0,
        0.0,
        0.0,
        0.0,
        0.0,
        0.0,
        0.0,
        0.0,
        0.0,
        0.0,
        0.0,
        0.0,
        0.0,
        0.0,
        0.0,
        0.0,
        0.0,
        0.0,
        0.0,
        0.0,
        0.0,
        0.0,
        0.0,
        0.0,
        0.0,
        0.0,
        0.0,
        0.0,
        0.0,
        0.0,
        0.0,
        0.0,
        0.0,
        0.0,
        0.0,
        0.0,
        0.0,
        0.0,
        0.0,
        0.0,
        0.0,
        0.0,
        0.0,
        0.0,
        0.0,
        0.0,
        0.0,
        0.0,
        0.0
      ],
      "silhouette_mask_path": "C:\\Users\\shrad\\TrendWeave\\MERGE_OUTPUT_FINAL\\Catwalks__Women_s_Colour_A_W_25_26_en\\page_20\\img_3_mask_4.png"
    }
  ],
  "pose_keypoints": [
    {
      "x": 0.47474026679992676,
      "y": -0.0662374496459961,
      "z": -1.3928817510604858,
      "visibility": 0.9992130994796753
    },
    {
      "x": 0.5208382606506348,
      "y": -0.11496096849441528,
      "z": -1.3418010473251343,
      "visibility": 0.9982929825782776
    },
    {
      "x": 0.5494608283042908,
      "y": -0.11242658644914627,
      "z": -1.3415870666503906,
      "visibility": 0.998518168926239
    },
    {
      "x": 0.5735586285591125,
      "y": -0.10906945914030075,
      "z": -1.341770887374878,
      "visibility": 0.9984048008918762
    },
    {
      "x": 0.4345206022262573,
      "y": -0.1131792664527893,
      "z": -1.3289940357208252,
      "visibility": 0.9981600642204285
    },
    {
      "x": 0.41247573494911194,
      "y": -0.10892074555158615,
      "z": -1.3286535739898682,
      "visibility": 0.9983870983123779
    },
    {
      "x": 0.3946489691734314,
      "y": -0.10437095910310745,
      "z": -1.3294265270233154,
      "visibility": 0.9982299208641052
    },
    {
      "x": 0.6066091060638428,
      "y": -0.061143577098846436,
      "z": -0.9342656135559082,
      "visibility": 0.9982799291610718
    },
    {
      "x": 0.38317856192588806,
      "y": -0.0531315803527832,
      "z": -0.8556603193283081,
      "visibility": 0.9980732202529907
    },
    {
      "x": 0.5325911045074463,
      "y": 0.005925476551055908,
      "z": -1.2395457029342651,
      "visibility": 0.9997984766960144
    },
    {
      "x": 0.45187750458717346,
      "y": 0.007695019245147705,
      "z": -1.2162154912948608,
      "visibility": 0.9997285008430481
    },
    {
      "x": 0.7788976430892944,
      "y": 0.25195586681365967,
      "z": -0.6760608553886414,
      "visibility": 0.9997770190238953
    },
    {
      "x": 0.2643872797489166,
      "y": 0.2776191830635071,
      "z": -0.6115520000457764,
      "visibility": 0.9998233914375305
    },
    {
      "x": 0.8298666477203369,
      "y": 0.6290913820266724,
      "z": -0.46139198541641235,
      "visibility": 0.954509973526001
    },
    {
      "x": 0.22184133529663086,
      "y": 0.650450587272644,
      "z": -0.3820958137512207,
      "visibility": 0.9283199310302734
    },
    {
      "x": 0.8522391319274902,
      "y": 0.9865639805793762,
      "z": -0.8194453120231628,
      "visibility": 0.24672675132751465
    },
    {
      "x": 0.17555931210517883,
      "y": 0.9634937047958374,
      "z": -0.7982296943664551,
      "visibility": 0.2979830801486969
    },
    {
      "x": 0.8724192380905151,
      "y": 1.1088547706604004,
      "z": -0.9456745982170105,
      "visibility": 0.13450311124324799
    },
    {
      "x": 0.17298004031181335,
      "y": 1.0509148836135864,
      "z": -0.928161084651947,
      "visibility": 0.18480806052684784
    },
    {
      "x": 0.8212247490882874,
      "y": 1.117519736289978,
      "z": -1.05489182472229,
      "visibility": 0.1769198775291443
    },
    {
      "x": 0.18811386823654175,
      "y": 1.0556745529174805,
      "z": -1.096984624862671,
      "visibility": 0.23547396063804626
    },
    {
      "x": 0.8013415932655334,
      "y": 1.064353585243225,
      "z": -0.8734562993049622,
      "visibility": 0.19238056242465973
    },
    {
      "x": 0.22120654582977295,
      "y": 1.033046007156372,
      "z": -0.8785302639007568,
      "visibility": 0.2611787021160126
    },
    {
      "x": 0.6617511510848999,
      "y": 0.9248847365379333,
      "z": -0.05998862907290459,
      "visibility": 0.5852492451667786
    },
    {
      "x": 0.3804648220539093,
      "y": 0.9400545954704285,
      "z": 0.06357170641422272,
      "visibility": 0.5859491229057312
    },
    {
      "x": 0.657732367515564,
      "y": 1.4439635276794434,
      "z": 0.3404194414615631,
      "visibility": 0.006904517766088247
    },
    {
      "x": 0.33916908502578735,
      "y": 1.4464572668075562,
      "z": 0.5149593949317932,
      "visibility": 0.0032699257135391235
    },
    {
      "x": 0.6368789672851562,
      "y": 1.8874865770339966,
      "z": 1.5006918907165527,
      "visibility": 0.0010932506993412971
    },
    {
      "x": 0.3353223204612732,
      "y": 1.8941243886947632,
      "z": 1.5565475225448608,
      "visibility": 0.0003162140492349863
    },
    {
      "x": 0.6419805288314819,
      "y": 1.958917498588562,
      "z": 1.582679271697998,
      "visibility": 0.0012704639229923487
    },
    {
      "x": 0.33267906308174133,
      "y": 1.965722918510437,
      "z": 1.6395649909973145,
      "visibility": 0.0011926611186936498
    },
    {
      "x": 0.589672327041626,
      "y": 2.0536136627197266,
      "z": 0.9170629382133484,
      "visibility": 0.0007039878983050585
    },
    {
      "x": 0.36932361125946045,
      "y": 2.0621109008789062,
      "z": 0.8973621726036072,
      "visibility": 0.00047008757246658206
    }
  ]
}