{
  "image": "C:\\Users\\shrad\\TrendWeave\\TrendWeave\\extracted_data\\Catwalks__Women_s_Colour_A_W_25_26_en\\page_20\\img_2.jpeg",
  "items": [
    {
      "yolo_label": "person",
      "bbox": [
        77.57990264892578,
        0.0,
        564.8528442382812,
        652.650634765625
      ],
      "confidence": 0.6434844732284546,
      "clip_attributes": {
        "palette": {
          "label": "monochrome",
          "confidence": 0.22416166961193085
        },
        "dress_silhouette": {
          "label": "wrap dress",
          "confidence": 0.23518426716327667
        },
        "neckline": {
          "label": "square neckline",
          "confidence": 0.2425045371055603
        },
        "sleeve_type": {
          "label": "puffed sleeves",
          "confidence": 0.23431935906410217
        },
        "top_silhouette": {
          "label": "wrap top",
          "confidence": 0.21933923661708832
        },
        "bottom_style": {
          "label": "wide-leg pants",
          "confidence": 0.23304550349712372
        },
        "outerwear": {
          "label": "long coat",
          "confidence": 0.27882814407348633
        },
        "shoe_type": {
          "label": "ankle boots",
          "confidence": 0.20674991607666016
        },
        "bag_type": {
          "label": "crossbody bag",
          "confidence": 0.21939769387245178
        },
        "accessory": {
          "label": "scarf",
          "confidence": 0.2318294197320938
        },
        "hairstyle": {
          "label": "high bun",
          "confidence": 0.20551855862140656
        },
        "setting": {
          "label": "brunch look",
          "confidence": 0.23718003928661346
        },
        "fabric_type": {
          "label": "linen",
          "confidence": 0.23569396138191223
        },
        "season": {
          "label": "winter",
          "confidence": 0.2206050008535385
        },
        "style_theme": {
          "label": "elegant chic",
          "confidence": 0.2372732311487198
        }
      },
      "dominant_colors": [
        [
          62,
          130,
          122
        ],
        [
          190,
          131,
          126
        ],
        [
          111,
          130,
          122
        ]
      ],
      "texture_histogram": [
        0.0,
        7.0,
        8.0,
        15.0,
        16.0,
        24.0,
        36.0,
        52.0,
        89.0,
        141.0,
        220.0,
        305.0,
        407.0,
        559.0,
        718.0,
        916.0,
        1024.0,
        1179.0,
        1141.0,
        1323.0,
        1310.0,
        1335.0,
        1342.0,
        1283.0,
        1268.0,
        1044.0,
        809.0,
        647.0,
        596.0,
        524.0,
        483.0,
        501.0,
        478.0,
        461.0,
        442.0,
        459.0,
        453.0,
        423.0,
        468.0,
        483.0,
        523.0,
        554.0,
        544.0,
        578.0,
        611.0,
        760.0,
        719.0,
        775.0,
        868.0,
        1058.0,
        1251.0,
        1479.0,
        1761.0,
        2048.0,
        2448.0,
        2903.0,
        3426.0,
        4073.0,
        4386.0,
        4607.0,
        4801.0,
        4809.0,
        5017.0,
        4937.0,
        4921.0,
        4860.0,
        4705.0,
        4688.0,
        4457.0,
        4460.0,
        4509.0,
        4384.0,
        4397.0,
        4391.0,
        4208.0,
        4157.0,
        4088.0,
        4056.0,
        3969.0,
        3825.0,
        3817.0,
        3458.0,
        3408.0,
        3246.0,
        3131.0,
        2929.0,
        2772.0,
        2683.0,
        2710.0,
        2472.0,
        2397.0,
        2204.0,
        2074.0,
        1949.0,
        1927.0,
        1850.0,
        1803.0,
        1687.0,
        1678.0,
        1576.0,
        1660.0,
        1634.0,
        1587.0,
        1569.0,
        1550.0,
        1520.0,
        1550.0,
        1521.0,
        1538.0,
        1475.0,
        1517.0,
        1514.0,
        1388.0,
        1361.0,
        1323.0,
        1311.0,
        1219.0,
        1180.0,
        1101.0,
        1092.0,
        1064.0,
        974.0,
        938.0,
        941.0,
        907.0,
        851.0,
        819.0,
        806.0,
        825.0,
        786.0,
        872.0,
        752.0,
        767.0,
        775.0,
        711.0,
        722.0,
        700.0,
        721.0,
        695.0,
        685.0,
        656.0,
        650.0,
        692.0,
        686.0,
        682.0,
        685.0,
        762.0,
        750.0,
        660.0,
        657.0,
        648.0,
        601.0,
        615.0,
        586.0,
        557.0,
        529.0,
        564.0,
        548.0,
        599.0,
        563.0,
        642.0,
        755.0,
        878.0,
        963.0,
        1075.0,
        1086.0,
        1030.0,
        1166.0,
        1133.0,
        1160.0,
        1210.0,
        1256.0,
        1362.0,
        1230.0,
        1310.0,
        1330.0,
        1550.0,
        1438.0,
        1416.0,
        1471.0,
        1564.0,
        1458.0,
        1331.0,
        1217.0,
        1120.0,
        978.0,
        913.0,
        896.0,
        912.0,
        908.0,
        897.0,
        890.0,
        881.0,
        869.0,
        832.0,
        885.0,
        919.0,
        929.0,
        851.0,
        917.0,
        838.0,
        774.0,
        694.0,
        630.0,
        652.0,
        640.0,
        727.0,
        780.0,
        691.0,
        634.0,
        595.0,
        644.0,
        698.0,
        775.0,
        677.0,
        593.0,
        573.0,
        541.0,
        485.0,
        439.0,
        411.0,
        362.0,
        305.0,
        265.0,
        263.0,
        257.0,
        233.0,
        260.0,
        247.0,
        156.0,
        129.0,
        159.0,
        92.0,
        77.0,
        75.0,
        63.0,
        61.0,
        90.0,
        90.0,
        44.0,
        56.0,
        50.0,
        50.0,
        58.0,
        60.0,
        33.0,
        16.0,
        22.0,
        23.0,
        23.0,
        31.0,
        58.0,
        89.0,
        131.0,
        234.0,
        861.0
      ],
      "silhouette_mask_path": "C:\\Users\\shrad\\TrendWeave\\MERGE_OUTPUT_FINAL\\Catwalks__Women_s_Colour_A_W_25_26_en\\page_20\\img_2_mask_0.png"
    }
  ],
  "pose_keypoints": [
    {
      "x": 0.5810226202011108,
      "y": -0.0008294582366943359,
      "z": -1.0397136211395264,
      "visibility": 0.9964209794998169
    },
    {
      "x": 0.6059454083442688,
      "y": -0.041602492332458496,
      "z": -0.9695921540260315,
      "visibility": 0.9916280508041382
    },
    {
      "x": 0.6222155690193176,
      "y": -0.037438035011291504,
      "z": -0.9698794484138489,
      "visibility": 0.9918631315231323
    },
    {
      "x": 0.6374722719192505,
      "y": -0.032954633235931396,
      "z": -0.9698996543884277,
      "visibility": 0.9905279874801636
    },
    {
      "x": 0.5536064505577087,
      "y": -0.048890113830566406,
      "z": -1.0253279209136963,
      "visibility": 0.9949774146080017
    },
    {
      "x": 0.5332273840904236,
      "y": -0.04850524663925171,
      "z": -1.0260082483291626,
      "visibility": 0.9958735108375549
    },
    {
      "x": 0.512229323387146,
      "y": -0.04618197679519653,
      "z": -1.0269834995269775,
      "visibility": 0.995474636554718
    },
    {
      "x": 0.6411640644073486,
      "y": -0.007102609146386385,
      "z": -0.5608449578285217,
      "visibility": 0.9870031476020813
    },
    {
      "x": 0.4662047326564789,
      "y": -0.018912076950073242,
      "z": -0.7998974323272705,
      "visibility": 0.997018575668335
    },
    {
      "x": 0.6017515659332275,
      "y": 0.05563730001449585,
      "z": -0.8801302909851074,
      "visibility": 0.9989256262779236
    },
    {
      "x": 0.5426946878433228,
      "y": 0.04856497049331665,
      "z": -0.9492126703262329,
      "visibility": 0.9994907379150391
    },
    {
      "x": 0.7240402102470398,
      "y": 0.2638512849807739,
      "z": -0.24024006724357605,
      "visibility": 0.998722493648529
    },
    {
      "x": 0.28220295906066895,
      "y": 0.28494876623153687,
      "z": -0.6660844087600708,
      "visibility": 0.9993559718132019
    },
    {
      "x": 0.7970803380012512,
      "y": 0.616445779800415,
      "z": 0.05493735522031784,
      "visibility": 0.911568284034729
    },
    {
      "x": 0.2138052135705948,
      "y": 0.646398663520813,
      "z": -0.5340108275413513,
      "visibility": 0.966140627861023
    },
    {
      "x": 0.8025565147399902,
      "y": 0.9021276831626892,
      "z": -0.25289663672447205,
      "visibility": 0.6829422116279602
    },
    {
      "x": 0.23662608861923218,
      "y": 0.9435284733772278,
      "z": -0.7669394016265869,
      "visibility": 0.8302083611488342
    },
    {
      "x": 0.8037005066871643,
      "y": 0.9782862067222595,
      "z": -0.36423158645629883,
      "visibility": 0.48326584696769714
    },
    {
      "x": 0.21165120601654053,
      "y": 1.080706000328064,
      "z": -0.8683466911315918,
      "visibility": 0.6419065594673157
    },
    {
      "x": 0.7715081572532654,
      "y": 1.0099040269851685,
      "z": -0.4337553083896637,
      "visibility": 0.5075557827949524
    },
    {
      "x": 0.24866311252117157,
      "y": 1.0680434703826904,
      "z": -0.9912893176078796,
      "visibility": 0.6701719164848328
    },
    {
      "x": 0.7474637627601624,
      "y": 0.9337498545646667,
      "z": -0.290264755487442,
      "visibility": 0.571118175983429
    },
    {
      "x": 0.2656005620956421,
      "y": 1.0270164012908936,
      "z": -0.8155829310417175,
      "visibility": 0.7079771757125854
    },
    {
      "x": 0.653151273727417,
      "y": 0.9016146063804626,
      "z": 0.12483039498329163,
      "visibility": 0.9828242063522339
    },
    {
      "x": 0.4125935435295105,
      "y": 0.9346398115158081,
      "z": -0.12337390333414078,
      "visibility": 0.9799239039421082
    },
    {
      "x": 0.6874557733535767,
      "y": 1.3935673236846924,
      "z": 0.39681315422058105,
      "visibility": 0.15445485711097717
    },
    {
      "x": 0.4304881989955902,
      "y": 1.4097929000854492,
      "z": 0.45834946632385254,
      "visibility": 0.0922132208943367
    },
    {
      "x": 0.6957367062568665,
      "y": 1.7880232334136963,
      "z": 1.4720335006713867,
      "visibility": 0.00757372472435236
    },
    {
      "x": 0.4334794282913208,
      "y": 1.8020224571228027,
      "z": 1.5511791706085205,
      "visibility": 0.010058040730655193
    },
    {
      "x": 0.6920583844184875,
      "y": 1.8647253513336182,
      "z": 1.5563092231750488,
      "visibility": 0.015281989239156246
    },
    {
      "x": 0.4131604731082916,
      "y": 1.885362148284912,
      "z": 1.6462275981903076,
      "visibility": 0.022019553929567337
    },
    {
      "x": 0.7145851850509644,
      "y": 1.9323337078094482,
      "z": 1.1248228549957275,
      "visibility": 0.010220730677247047
    },
    {
      "x": 0.5160377025604248,
      "y": 1.9241747856140137,
      "z": 1.1419093608856201,
      "visibility": 0.014295553788542747
    }
  ]
}