{
  "image": "C:\\Users\\shrad\\TrendWeave\\TrendWeave\\extracted_data\\Catwalks__Women_s_Key_Items___Cut___Sew_A_W_25_26_en\\page_8\\img_1.jpeg",
  "items": [
    {
      "yolo_label": "person",
      "bbox": [
        27.115964889526367,
        30.17877769470215,
        547.8814086914062,
        1165.3626708984375
      ],
      "confidence": 0.887877881526947,
      "clip_attributes": {
        "palette": {
          "label": "black & white",
          "confidence": 0.24218586087226868
        },
        "shoe_type": {
          "label": "boots",
          "confidence": 0.2207678109407425
        },
        "bag_type": {
          "label": "belt bag",
          "confidence": 0.266707181930542
        },
        "accessory": {
          "label": "bracelet",
          "confidence": 0.23090437054634094
        },
        "setting": {
          "label": "streetwear",
          "confidence": 0.2689797580242157
        },
        "fabric_type": {
          "label": "nylon",
          "confidence": 0.23751673102378845
        },
        "season": {
          "label": "winter",
          "confidence": 0.20985305309295654
        },
        "style_theme": {
          "label": "athleisure",
          "confidence": 0.28738725185394287
        }
      },
      "dominant_colors": [
        [
          19,
          130,
          129
        ],
        [
          196,
          132,
          129
        ],
        [
          101,
          135,
          133
        ]
      ],
      "texture_histogram": [
        517.0,
        1540.0,
        3520.0,
        5903.0,
        8083.0,
        7015.0,
        6961.0,
        7449.0,
        8208.0,
        8176.0,
        7880.0,
        7337.0,
        7009.0,
        6776.0,
        6504.0,
        6634.0,
        6780.0,
        7500.0,
        9244.0,
        13496.0,
        18285.0,
        20475.0,
        19454.0,
        16981.0,
        15984.0,
        13701.0,
        10948.0,
        9052.0,
        7330.0,
        6073.0,
        4231.0,
        3483.0,
        3103.0,
        2890.0,
        2795.0,
        2614.0,
        2619.0,
        2679.0,
        2623.0,
        2515.0,
        2633.0,
        2409.0,
        2352.0,
        2178.0,
        2144.0,
        2141.0,
        1908.0,
        1986.0,
        1921.0,
        1806.0,
        1761.0,
        1781.0,
        1670.0,
        1695.0,
        1571.0,
        1557.0,
        1499.0,
        1448.0,
        1428.0,
        1592.0,
        1519.0,
        1572.0,
        1570.0,
        1475.0,
        1454.0,
        1605.0,
        1577.0,
        1610.0,
        1452.0,
        1485.0,
        1403.0,
        1399.0,
        1334.0,
        1350.0,
        1223.0,
        1157.0,
        1120.0,
        1110.0,
        998.0,
        996.0,
        981.0,
        1003.0,
        1000.0,
        946.0,
        988.0,
        1009.0,
        1003.0,
        1023.0,
        1155.0,
        1278.0,
        1270.0,
        1335.0,
        1263.0,
        1176.0,
        1117.0,
        1139.0,
        1076.0,
        1016.0,
        999.0,
        1047.0,
        1064.0,
        998.0,
        1091.0,
        1045.0,
        1068.0,
        998.0,
        1021.0,
        1004.0,
        933.0,
        977.0,
        1057.0,
        1035.0,
        1003.0,
        1006.0,
        1098.0,
        1085.0,
        1084.0,
        1075.0,
        1093.0,
        1058.0,
        1036.0,
        1044.0,
        1014.0,
        1025.0,
        948.0,
        940.0,
        899.0,
        885.0,
        871.0,
        903.0,
        889.0,
        881.0,
        841.0,
        850.0,
        817.0,
        846.0,
        924.0,
        847.0,
        816.0,
        824.0,
        860.0,
        917.0,
        903.0,
        934.0,
        955.0,
        893.0,
        981.0,
        916.0,
        986.0,
        992.0,
        981.0,
        992.0,
        1022.0,
        1070.0,
        1087.0,
        1116.0,
        1185.0,
        1210.0,
        1191.0,
        1212.0,
        1375.0,
        1358.0,
        1366.0,
        1325.0,
        1400.0,
        1449.0,
        1471.0,
        1435.0,
        1600.0,
        1538.0,
        1603.0,
        1685.0,
        1772.0,
        1716.0,
        1789.0,
        1766.0,
        1835.0,
        1792.0,
        1872.0,
        1947.0,
        2100.0,
        2358.0,
        2355.0,
        2315.0,
        2191.0,
        2140.0,
        2143.0,
        2024.0,
        1914.0,
        1842.0,
        1896.0,
        1897.0,
        1949.0,
        1941.0,
        2058.0,
        1961.0,
        1941.0,
        1888.0,
        1965.0,
        2027.0,
        1954.0,
        2045.0,
        2003.0,
        2049.0,
        2060.0,
        2186.0,
        2192.0,
        2324.0,
        2428.0,
        2443.0,
        2549.0,
        2766.0,
        3180.0,
        3069.0,
        3150.0,
        2760.0,
        2463.0,
        2182.0,
        1999.0,
        1926.0,
        1877.0,
        1768.0,
        1712.0,
        1663.0,
        1359.0,
        1160.0,
        1211.0,
        1094.0,
        995.0,
        991.0,
        932.0,
        731.0,
        631.0,
        479.0,
        429.0,
        407.0,
        345.0,
        247.0,
        187.0,
        159.0,
        120.0,
        103.0,
        83.0,
        59.0,
        50.0,
        33.0,
        40.0,
        35.0,
        31.0,
        22.0,
        29.0,
        24.0,
        25.0,
        29.0,
        34.0,
        3.0
      ],
      "silhouette_mask_path": "C:\\Users\\shrad\\TrendWeave\\MERGE_OUTPUT_FINAL\\Catwalks__Women_s_Key_Items___Cut___Sew_A_W_25_26_en\\page_8\\img_1_mask_0.png"
    }
  ],
  "pose_keypoints": [
    {
      "x": 0.541243314743042,
      "y": 0.1319667100906372,
      "z": -1.6516305208206177,
      "visibility": 0.999871015548706
    },
    {
      "x": 0.5756699442863464,
      "y": 0.11229580640792847,
      "z": -1.5802509784698486,
      "visibility": 0.9996651411056519
    },
    {
      "x": 0.5937889814376831,
      "y": 0.11311130970716476,
      "z": -1.5803993940353394,
      "visibility": 0.9996570348739624
    },
    {
      "x": 0.6123704314231873,
      "y": 0.11420333385467529,
      "z": -1.580865502357483,
      "visibility": 0.9996569156646729
    },
    {
      "x": 0.5118204951286316,
      "y": 0.11301810294389725,
      "z": -1.584060549736023,
      "visibility": 0.9996776580810547
    },
    {
      "x": 0.4895966947078705,
      "y": 0.11438404768705368,
      "z": -1.5844608545303345,
      "visibility": 0.9996784925460815
    },
    {
      "x": 0.4701349139213562,
      "y": 0.11529135704040527,
      "z": -1.5849140882492065,
      "visibility": 0.9996813535690308
    },
    {
      "x": 0.6464859247207642,
      "y": 0.13326460123062134,
      "z": -1.1009187698364258,
      "visibility": 0.999313235282898
    },
    {
      "x": 0.44341686367988586,
      "y": 0.1320149302482605,
      "z": -1.1258667707443237,
      "visibility": 0.9995424747467041
    },
    {
      "x": 0.5803268551826477,
      "y": 0.1615363359451294,
      "z": -1.4656885862350464,
      "visibility": 0.999901533126831
    },
    {
      "x": 0.4981416165828705,
      "y": 0.15876555442810059,
      "z": -1.4739584922790527,
      "visibility": 0.9999039173126221
    },
    {
      "x": 0.7844746112823486,
      "y": 0.3206365406513214,
      "z": -0.715606689453125,
      "visibility": 0.9996860027313232
    },
    {
      "x": 0.2740911841392517,
      "y": 0.30736207962036133,
      "z": -0.8058544993400574,
      "visibility": 0.9997017979621887
    },
    {
      "x": 0.835397481918335,
      "y": 0.5563253164291382,
      "z": -0.3499789834022522,
      "visibility": 0.9861528873443604
    },
    {
      "x": 0.1901540458202362,
      "y": 0.5333020687103271,
      "z": -0.5619977712631226,
      "visibility": 0.9819716811180115
    },
    {
      "x": 0.8973339796066284,
      "y": 0.7835760712623596,
      "z": -0.5116323828697205,
      "visibility": 0.9655237197875977
    },
    {
      "x": 0.14117372035980225,
      "y": 0.7462034821510315,
      "z": -0.7672375440597534,
      "visibility": 0.9539381861686707
    },
    {
      "x": 0.9360460638999939,
      "y": 0.8312230706214905,
      "z": -0.5889524817466736,
      "visibility": 0.9073525071144104
    },
    {
      "x": 0.09224659204483032,
      "y": 0.8072509765625,
      "z": -0.8328750133514404,
      "visibility": 0.8808201551437378
    },
    {
      "x": 0.8953788876533508,
      "y": 0.8327827453613281,
      "z": -0.7017192244529724,
      "visibility": 0.920315146446228
    },
    {
      "x": 0.12233678251504898,
      "y": 0.8065961003303528,
      "z": -0.9973475933074951,
      "visibility": 0.9011728763580322
    },
    {
      "x": 0.8692893981933594,
      "y": 0.8167608976364136,
      "z": -0.5552027225494385,
      "visibility": 0.9351411461830139
    },
    {
      "x": 0.15419283509254456,
      "y": 0.7902770042419434,
      "z": -0.8321332931518555,
      "visibility": 0.9112117290496826
    },
    {
      "x": 0.7007052302360535,
      "y": 0.6882066130638123,
      "z": 0.06652683764696121,
      "visibility": 0.9991408586502075
    },
    {
      "x": 0.3801953196525574,
      "y": 0.6977766752243042,
      "z": -0.066060371696949,
      "visibility": 0.998930037021637
    },
    {
      "x": 0.7433841824531555,
      "y": 0.9754361510276794,
      "z": 0.004133374430239201,
      "visibility": 0.47160446643829346
    },
    {
      "x": 0.41565558314323425,
      "y": 1.002867579460144,
      "z": -0.044954683631658554,
      "visibility": 0.5023515820503235
    },
    {
      "x": 0.782243013381958,
      "y": 1.2167693376541138,
      "z": 1.2716063261032104,
      "visibility": 0.014386533759534359
    },
    {
      "x": 0.42413413524627686,
      "y": 1.2133084535598755,
      "z": 1.0946882963180542,
      "visibility": 0.016514912247657776
    },
    {
      "x": 0.7808928489685059,
      "y": 1.2523598670959473,
      "z": 1.3746188879013062,
      "visibility": 0.016069628298282623
    },
    {
      "x": 0.42192742228507996,
      "y": 1.2479625940322876,
      "z": 1.1932038068771362,
      "visibility": 0.01042048167437315
    },
    {
      "x": 0.7983752489089966,
      "y": 1.3115204572677612,
      "z": 0.8983172178268433,
      "visibility": 0.010604840703308582
    },
    {
      "x": 0.45278406143188477,
      "y": 1.2956088781356812,
      "z": 0.6421149969100952,
      "visibility": 0.01360536552965641
    }
  ]
}