{
  "image": "C:\\Users\\shrad\\TrendWeave\\TrendWeave\\extracted_data\\Catwalks__Women_s_Key_Items___Cut___Sew_A_W_25_26_en\\page_8\\img_4.jpeg",
  "items": [
    {
      "yolo_label": "person",
      "bbox": [
        53.553680419921875,
        35.75035095214844,
        539.293212890625,
        1164.25
      ],
      "confidence": 0.8666162490844727,
      "clip_attributes": {
        "palette": {
          "label": "pastel",
          "confidence": 0.23416423797607422
        },
        "dress_silhouette": {
          "label": "bodycon dress",
          "confidence": 0.2658330202102661
        },
        "neckline": {
          "label": "square neckline",
          "confidence": 0.30145469307899475
        },
        "sleeve_type": {
          "label": "puffed sleeves",
          "confidence": 0.275333970785141
        },
        "top_silhouette": {
          "label": "peplum",
          "confidence": 0.2797170877456665
        },
        "bottom_style": {
          "label": "culottes",
          "confidence": 0.2720279097557068
        },
        "outerwear": {
          "label": "cardigan",
          "confidence": 0.22788113355636597
        },
        "shoe_type": {
          "label": "ballet flats",
          "confidence": 0.24710804224014282
        },
        "bag_type": {
          "label": "crossbody bag",
          "confidence": 0.26810210943222046
        },
        "accessory": {
          "label": "hairband",
          "confidence": 0.23002469539642334
        },
        "hairstyle": {
          "label": "ponytail",
          "confidence": 0.23982374370098114
        },
        "setting": {
          "label": "brunch look",
          "confidence": 0.2610165476799011
        },
        "fabric_type": {
          "label": "linen",
          "confidence": 0.27557578682899475
        },
        "season": {
          "label": "spring",
          "confidence": 0.22130422294139862
        },
        "style_theme": {
          "label": "elegant chic",
          "confidence": 0.27697351574897766
        }
      },
      "dominant_colors": [
        [
          211,
          128,
          134
        ],
        [
          134,
          129,
          132
        ],
        [
          62,
          136,
          137
        ]
      ],
      "texture_histogram": [
        0.0,
        5.0,
        36.0,
        41.0,
        94.0,
        74.0,
        100.0,
        133.0,
        129.0,
        113.0,
        162.0,
        146.0,
        137.0,
        134.0,
        130.0,
        165.0,
        174.0,
        171.0,
        153.0,
        151.0,
        153.0,
        182.0,
        167.0,
        158.0,
        177.0,
        177.0,
        223.0,
        239.0,
        244.0,
        274.0,
        331.0,
        328.0,
        334.0,
        376.0,
        372.0,
        403.0,
        460.0,
        485.0,
        475.0,
        563.0,
        507.0,
        549.0,
        578.0,
        579.0,
        624.0,
        617.0,
        640.0,
        642.0,
        615.0,
        636.0,
        664.0,
        724.0,
        741.0,
        744.0,
        757.0,
        751.0,
        764.0,
        804.0,
        757.0,
        804.0,
        799.0,
        738.0,
        779.0,
        803.0,
        780.0,
        802.0,
        782.0,
        825.0,
        803.0,
        770.0,
        791.0,
        814.0,
        743.0,
        821.0,
        789.0,
        789.0,
        830.0,
        749.0,
        783.0,
        758.0,
        798.0,
        737.0,
        737.0,
        809.0,
        798.0,
        788.0,
        765.0,
        780.0,
        787.0,
        743.0,
        717.0,
        728.0,
        825.0,
        837.0,
        1009.0,
        1151.0,
        1457.0,
        1700.0,
        1990.0,
        2322.0,
        2624.0,
        2845.0,
        3055.0,
        3100.0,
        3373.0,
        3587.0,
        3676.0,
        3526.0,
        3210.0,
        3006.0,
        2802.0,
        2613.0,
        2425.0,
        2284.0,
        2332.0,
        2287.0,
        2351.0,
        2542.0,
        2696.0,
        2839.0,
        2773.0,
        2739.0,
        2613.0,
        2629.0,
        2595.0,
        2503.0,
        2465.0,
        2715.0,
        2972.0,
        2974.0,
        3071.0,
        3306.0,
        3397.0,
        3445.0,
        3466.0,
        3326.0,
        2985.0,
        2703.0,
        2606.0,
        2504.0,
        2289.0,
        2332.0,
        2332.0,
        2149.0,
        2309.0,
        2341.0,
        2374.0,
        2524.0,
        2525.0,
        2630.0,
        2709.0,
        2428.0,
        2116.0,
        1954.0,
        1797.0,
        1605.0,
        1422.0,
        1424.0,
        1346.0,
        1406.0,
        1290.0,
        1199.0,
        1053.0,
        941.0,
        906.0,
        930.0,
        917.0,
        949.0,
        949.0,
        941.0,
        1084.0,
        1085.0,
        1158.0,
        1348.0,
        1487.0,
        1564.0,
        1741.0,
        1841.0,
        1854.0,
        2028.0,
        2144.0,
        2442.0,
        2605.0,
        2787.0,
        3003.0,
        3129.0,
        3230.0,
        3471.0,
        3785.0,
        4430.0,
        5080.0,
        5540.0,
        5765.0,
        5652.0,
        5248.0,
        4906.0,
        4740.0,
        4650.0,
        4433.0,
        4341.0,
        4663.0,
        4785.0,
        5033.0,
        5256.0,
        5767.0,
        6102.0,
        6247.0,
        6868.0,
        7775.0,
        7958.0,
        8368.0,
        8054.0,
        7647.0,
        8170.0,
        9393.0,
        10302.0,
        11458.0,
        11862.0,
        11071.0,
        10472.0,
        10092.0,
        8959.0,
        8588.0,
        7255.0,
        5893.0,
        5602.0,
        5045.0,
        4456.0,
        4258.0,
        4199.0,
        2854.0,
        1730.0,
        674.0,
        106.0,
        18.0,
        3.0,
        1.0,
        0.0,
        0.0,
        0.0,
        0.0,
        0.0,
        0.0,
        0.0,
        0.0,
        0.0,
        0.0,
        0.0,
        0.0,
        0.0,
        0.0,
        0.0,
        0.0,
        0.0,
        0.0,
        0.0
      ],
      "silhouette_mask_path": "C:\\Users\\shrad\\TrendWeave\\MERGE_OUTPUT_FINAL\\Catwalks__Women_s_Key_Items___Cut___Sew_A_W_25_26_en\\page_8\\img_4_mask_0.png"
    }
  ],
  "pose_keypoints": [
    {
      "x": 0.49306806921958923,
      "y": 0.1367747187614441,
      "z": -0.905847430229187,
      "visibility": 0.9999817609786987
    },
    {
      "x": 0.5186688303947449,
      "y": 0.11063885688781738,
      "z": -0.8602350950241089,
      "visibility": 0.9999217987060547
    },
    {
      "x": 0.5395341515541077,
      "y": 0.1102433130145073,
      "z": -0.8606148958206177,
      "visibility": 0.9999188184738159
    },
    {
      "x": 0.5586839318275452,
      "y": 0.11019492149353027,
      "z": -0.8610125780105591,
      "visibility": 0.9999263286590576
    },
    {
      "x": 0.45496171712875366,
      "y": 0.11185353249311447,
      "z": -0.8455699682235718,
      "visibility": 0.9999128580093384
    },
    {
      "x": 0.435133695602417,
      "y": 0.11227493733167648,
      "z": -0.8454285264015198,
      "visibility": 0.9999072551727295
    },
    {
      "x": 0.41851910948753357,
      "y": 0.11292999982833862,
      "z": -0.8459113836288452,
      "visibility": 0.9999058246612549
    },
    {
      "x": 0.5885016322135925,
      "y": 0.12151562422513962,
      "z": -0.5837389230728149,
      "visibility": 0.999883770942688
    },
    {
      "x": 0.3932986855506897,
      "y": 0.1259635090827942,
      "z": -0.5216773152351379,
      "visibility": 0.9999009370803833
    },
    {
      "x": 0.5310899615287781,
      "y": 0.1652713418006897,
      "z": -0.8051121830940247,
      "visibility": 0.9999903440475464
    },
    {
      "x": 0.4555995762348175,
      "y": 0.16466477513313293,
      "z": -0.7862504720687866,
      "visibility": 0.9999889135360718
    },
    {
      "x": 0.7796494364738464,
      "y": 0.2998964786529541,
      "z": -0.4315999448299408,
      "visibility": 0.9998910427093506
    },
    {
      "x": 0.2771952450275421,
      "y": 0.3141140639781952,
      "z": -0.42906761169433594,
      "visibility": 0.9997730851173401
    },
    {
      "x": 0.824103593826294,
      "y": 0.5426490306854248,
      "z": -0.1601056605577469,
      "visibility": 0.9889416098594666
    },
    {
      "x": 0.24305519461631775,
      "y": 0.5657138824462891,
      "z": -0.2502761781215668,
      "visibility": 0.9818388223648071
    },
    {
      "x": 0.8688153028488159,
      "y": 0.7661471366882324,
      "z": -0.08814137428998947,
      "visibility": 0.9598067402839661
    },
    {
      "x": 0.1734311580657959,
      "y": 0.7900517582893372,
      "z": -0.30838364362716675,
      "visibility": 0.9271281361579895
    },
    {
      "x": 0.8916956186294556,
      "y": 0.8314452171325684,
      "z": -0.14808379113674164,
      "visibility": 0.9242674708366394
    },
    {
      "x": 0.15971797704696655,
      "y": 0.8514866828918457,
      "z": -0.34667837619781494,
      "visibility": 0.8820428848266602
    },
    {
      "x": 0.8409558534622192,
      "y": 0.8340407609939575,
      "z": -0.2177104502916336,
      "visibility": 0.9303571581840515
    },
    {
      "x": 0.18964621424674988,
      "y": 0.8545114398002625,
      "z": -0.4867693781852722,
      "visibility": 0.8922572135925293
    },
    {
      "x": 0.8236597776412964,
      "y": 0.8135797381401062,
      "z": -0.11182297021150589,
      "visibility": 0.9442376494407654
    },
    {
      "x": 0.20256349444389343,
      "y": 0.8343021869659424,
      "z": -0.3655695915222168,
      "visibility": 0.9079548120498657
    },
    {
      "x": 0.6716139316558838,
      "y": 0.6704807877540588,
      "z": 0.02491220273077488,
      "visibility": 0.9994643330574036
    },
    {
      "x": 0.3805961608886719,
      "y": 0.6594889163970947,
      "z": -0.0245926845818758,
      "visibility": 0.9990618824958801
    },
    {
      "x": 0.6531388163566589,
      "y": 0.96187424659729,
      "z": -0.12595845758914948,
      "visibility": 0.5762673020362854
    },
    {
      "x": 0.42624717950820923,
      "y": 0.9490860104560852,
      "z": 0.07594899088144302,
      "visibility": 0.5935845375061035
    },
    {
      "x": 0.6351088285446167,
      "y": 1.1683340072631836,
      "z": 0.7082090377807617,
      "visibility": 0.11890954524278641
    },
    {
      "x": 0.41892749071121216,
      "y": 1.1525914669036865,
      "z": 0.7655977010726929,
      "visibility": 0.1309991031885147
    },
    {
      "x": 0.6274539232254028,
      "y": 1.192999005317688,
      "z": 0.7671382427215576,
      "visibility": 0.11516477912664413
    },
    {
      "x": 0.4201376140117645,
      "y": 1.1781349182128906,
      "z": 0.8225840330123901,
      "visibility": 0.10421121120452881
    },
    {
      "x": 0.6491470336914062,
      "y": 1.2614388465881348,
      "z": 0.44435933232307434,
      "visibility": 0.05189827084541321
    },
    {
      "x": 0.4136500954627991,
      "y": 1.2465386390686035,
      "z": 0.4191316068172455,
      "visibility": 0.08303350955247879
    }
  ]
}