{
  "image": "C:\\Users\\shrad\\TrendWeave\\TrendWeave\\extracted_data\\Catwalks__Women_s_Footwear___Bags_Colour_A_W_25_26_en\\page_4\\img_1.jpeg",
  "items": [
    {
      "yolo_label": "person",
      "bbox": [
        273.2255859375,
        0.0,
        725.2489624023438,
        846.579833984375
      ],
      "confidence": 0.44752341508865356,
      "clip_attributes": {
        "palette": {
          "label": "earth tones",
          "confidence": 0.2461659461259842
        },
        "dress_silhouette": {
          "label": "fit and flare",
          "confidence": 0.25153490900993347
        },
        "neckline": {
          "label": "square neckline",
          "confidence": 0.23679767549037933
        },
        "sleeve_type": {
          "label": "bell sleeves",
          "confidence": 0.2508479356765747
        },
        "top_silhouette": {
          "label": "wrap top",
          "confidence": 0.20208299160003662
        },
        "bottom_style": {
          "label": "wide-leg pants",
          "confidence": 0.2742336392402649
        },
        "outerwear": {
          "label": "cardigan",
          "confidence": 0.24238362908363342
        },
        "shoe_type": {
          "label": "ankle boots",
          "confidence": 0.28843948245048523
        },
        "bag_type": {
          "label": "shoulder bag",
          "confidence": 0.21382330358028412
        },
        "accessory": {
          "label": "scarf",
          "confidence": 0.23897303640842438
        },
        "hairstyle": {
          "label": "high bun",
          "confidence": 0.20811842381954193
        },
        "setting": {
          "label": "street style",
          "confidence": 0.2590488791465759
        },
        "fabric_type": {
          "label": "chiffon",
          "confidence": 0.2516647279262543
        },
        "season": {
          "label": "fall",
          "confidence": 0.22761821746826172
        },
        "style_theme": {
          "label": "elegant chic",
          "confidence": 0.2502112090587616
        }
      },
      "dominant_colors": [
        [
          172,
          135,
          137
        ],
        [
          32,
          148,
          134
        ],
        [
          135,
          135,
          134
        ]
      ],
      "texture_histogram": [
        13.0,
        81.0,
        155.0,
        158.0,
        170.0,
        185.0,
        203.0,
        238.0,
        209.0,
        265.0,
        340.0,
        533.0,
        716.0,
        1299.0,
        1724.0,
        2731.0,
        3821.0,
        4198.0,
        4808.0,
        5216.0,
        6093.0,
        6888.0,
        7561.0,
        7857.0,
        8532.0,
        9203.0,
        9671.0,
        10019.0,
        10289.0,
        10149.0,
        10363.0,
        10037.0,
        9208.0,
        8253.0,
        7453.0,
        6885.0,
        6065.0,
        5552.0,
        5079.0,
        4513.0,
        4102.0,
        3643.0,
        3300.0,
        2954.0,
        2617.0,
        2321.0,
        2102.0,
        1960.0,
        1672.0,
        1426.0,
        1344.0,
        1224.0,
        1080.0,
        1050.0,
        879.0,
        765.0,
        704.0,
        563.0,
        493.0,
        399.0,
        398.0,
        318.0,
        325.0,
        306.0,
        349.0,
        279.0,
        264.0,
        275.0,
        265.0,
        241.0,
        242.0,
        219.0,
        232.0,
        235.0,
        213.0,
        246.0,
        235.0,
        225.0,
        233.0,
        243.0,
        206.0,
        210.0,
        198.0,
        240.0,
        223.0,
        203.0,
        220.0,
        231.0,
        232.0,
        239.0,
        225.0,
        258.0,
        224.0,
        237.0,
        269.0,
        262.0,
        267.0,
        247.0,
        258.0,
        234.0,
        224.0,
        245.0,
        233.0,
        234.0,
        246.0,
        255.0,
        274.0,
        253.0,
        276.0,
        299.0,
        302.0,
        316.0,
        336.0,
        341.0,
        331.0,
        349.0,
        382.0,
        365.0,
        378.0,
        372.0,
        384.0,
        374.0,
        382.0,
        399.0,
        433.0,
        433.0,
        461.0,
        535.0,
        647.0,
        790.0,
        1026.0,
        1402.0,
        1774.0,
        2162.0,
        2672.0,
        2962.0,
        3265.0,
        3123.0,
        2594.0,
        2037.0,
        1702.0,
        1509.0,
        1486.0,
        1556.0,
        1537.0,
        1349.0,
        950.0,
        785.0,
        582.0,
        476.0,
        540.0,
        665.0,
        854.0,
        1448.0,
        1922.0,
        2428.0,
        2897.0,
        3101.0,
        2721.0,
        2886.0,
        3680.0,
        4490.0,
        5223.0,
        6181.0,
        5360.0,
        4902.0,
        4639.0,
        4174.0,
        4259.0,
        4655.0,
        4850.0,
        5224.0,
        6126.0,
        6299.0,
        5780.0,
        4574.0,
        2488.0,
        1122.0,
        561.0,
        315.0,
        189.0,
        105.0,
        71.0,
        57.0,
        48.0,
        26.0,
        20.0,
        15.0,
        13.0,
        6.0,
        12.0,
        10.0,
        10.0,
        12.0,
        13.0,
        11.0,
        9.0,
        8.0,
        9.0,
        10.0,
        13.0,
        11.0,
        8.0,
        7.0,
        5.0,
        10.0,
        9.0,
        11.0,
        8.0,
        6.0,
        5.0,
        5.0,
        5.0,
        6.0,
        5.0,
        9.0,
        10.0,
        2.0,
        7.0,
        6.0,
        4.0,
        6.0,
        5.0,
        5.0,
        6.0,
        4.0,
        6.0,
        5.0,
        5.0,
        1.0,
        1.0,
        5.0,
        5.0,
        2.0,
        2.0,
        0.0,
        1.0,
        2.0,
        0.0,
        0.0,
        2.0,
        1.0,
        1.0,
        1.0,
        0.0,
        0.0,
        0.0,
        0.0,
        0.0,
        1.0,
        0.0,
        0.0,
        0.0,
        0.0,
        0.0,
        0.0
      ],
      "silhouette_mask_path": "C:\\Users\\shrad\\TrendWeave\\MERGE_OUTPUT_FINAL\\Catwalks__Women_s_Footwear___Bags_Colour_A_W_25_26_en\\page_4\\img_1_mask_0.png"
    }
  ],
  "pose_keypoints": null
}