{
  "image": "C:\\Users\\shrad\\TrendWeave\\TrendWeave\\extracted_data\\Catwalks__Women_s_Colour_A_W_25_26_en\\page_14\\img_2.jpeg",
  "items": [
    {
      "yolo_label": "person",
      "bbox": [
        238.89894104003906,
        32.2972297668457,
        601.595703125,
        1191.058837890625
      ],
      "confidence": 0.8149632811546326,
      "clip_attributes": {
        "palette": {
          "label": "earth tones",
          "confidence": 0.23392796516418457
        },
        "dress_silhouette": {
          "label": "fit and flare",
          "confidence": 0.23764310777187347
        },
        "neckline": {
          "label": "square neckline",
          "confidence": 0.22651079297065735
        },
        "sleeve_type": {
          "label": "bell sleeves",
          "confidence": 0.24528071284294128
        },
        "top_silhouette": {
          "label": "peplum",
          "confidence": 0.2141018658876419
        },
        "bottom_style": {
          "label": "flared pants",
          "confidence": 0.2507456839084625
        },
        "outerwear": {
          "label": "long coat",
          "confidence": 0.2568923830986023
        },
        "shoe_type": {
          "label": "ankle boots",
          "confidence": 0.25223591923713684
        },
        "bag_type": {
          "label": "crossbody bag",
          "confidence": 0.22842873632907867
        },
        "accessory": {
          "label": "scarf",
          "confidence": 0.2209751456975937
        },
        "hairstyle": {
          "label": "high bun",
          "confidence": 0.20408019423484802
        },
        "setting": {
          "label": "street style",
          "confidence": 0.2363872081041336
        },
        "fabric_type": {
          "label": "satin",
          "confidence": 0.23312561213970184
        },
        "season": {
          "label": "winter",
          "confidence": 0.21109645068645477
        },
        "style_theme": {
          "label": "elegant chic",
          "confidence": 0.2269485592842102
        }
      },
      "dominant_colors": [
        [
          149,
          150,
          149
        ],
        [
          14,
          134,
          131
        ],
        [
          101,
          150,
          147
        ]
      ],
      "texture_histogram": [
        58.0,
        508.0,
        1778.0,
        5097.0,
        10790.0,
        10871.0,
        11221.0,
        10547.0,
        7926.0,
        6391.0,
        5375.0,
        4865.0,
        4795.0,
        5277.0,
        5635.0,
        5565.0,
        5205.0,
        3968.0,
        3439.0,
        2996.0,
        2838.0,
        2623.0,
        2491.0,
        2524.0,
        2416.0,
        2331.0,
        2175.0,
        2215.0,
        2088.0,
        2023.0,
        1905.0,
        1789.0,
        1600.0,
        1399.0,
        1221.0,
        1212.0,
        1158.0,
        1156.0,
        1117.0,
        1053.0,
        1012.0,
        981.0,
        994.0,
        907.0,
        985.0,
        886.0,
        816.0,
        747.0,
        789.0,
        718.0,
        662.0,
        721.0,
        670.0,
        649.0,
        650.0,
        657.0,
        652.0,
        556.0,
        545.0,
        571.0,
        551.0,
        566.0,
        546.0,
        587.0,
        548.0,
        574.0,
        599.0,
        627.0,
        664.0,
        674.0,
        754.0,
        829.0,
        968.0,
        1031.0,
        1171.0,
        1313.0,
        1578.0,
        1703.0,
        1949.0,
        2240.0,
        2487.0,
        2654.0,
        2867.0,
        3163.0,
        3278.0,
        3514.0,
        3451.0,
        3637.0,
        3769.0,
        3909.0,
        4130.0,
        4406.0,
        4665.0,
        4779.0,
        4890.0,
        4977.0,
        4725.0,
        4739.0,
        4629.0,
        4624.0,
        4383.0,
        4477.0,
        4303.0,
        4148.0,
        3952.0,
        3746.0,
        3602.0,
        3478.0,
        3364.0,
        3287.0,
        3115.0,
        3076.0,
        2870.0,
        2988.0,
        2738.0,
        2627.0,
        2721.0,
        2673.0,
        2665.0,
        2491.0,
        2425.0,
        2299.0,
        2141.0,
        2021.0,
        1889.0,
        1938.0,
        2010.0,
        1999.0,
        2020.0,
        2204.0,
        2207.0,
        2174.0,
        2055.0,
        2037.0,
        1933.0,
        2011.0,
        1952.0,
        2073.0,
        2120.0,
        2191.0,
        2269.0,
        2216.0,
        2200.0,
        2185.0,
        2146.0,
        2103.0,
        2082.0,
        1972.0,
        1839.0,
        1827.0,
        1815.0,
        1894.0,
        1804.0,
        1816.0,
        1828.0,
        1591.0,
        1471.0,
        1201.0,
        932.0,
        751.0,
        623.0,
        540.0,
        490.0,
        503.0,
        474.0,
        449.0,
        425.0,
        418.0,
        398.0,
        499.0,
        576.0,
        604.0,
        608.0,
        555.0,
        499.0,
        460.0,
        393.0,
        345.0,
        373.0,
        397.0,
        413.0,
        355.0,
        275.0,
        239.0,
        180.0,
        184.0,
        132.0,
        128.0,
        113.0,
        88.0,
        110.0,
        79.0,
        95.0,
        81.0,
        59.0,
        59.0,
        42.0,
        57.0,
        32.0,
        45.0,
        28.0,
        38.0,
        37.0,
        27.0,
        28.0,
        22.0,
        18.0,
        21.0,
        14.0,
        14.0,
        20.0,
        18.0,
        13.0,
        11.0,
        5.0,
        6.0,
        6.0,
        3.0,
        6.0,
        3.0,
        5.0,
        5.0,
        1.0,
        5.0,
        4.0,
        1.0,
        4.0,
        3.0,
        4.0,
        3.0,
        1.0,
        1.0,
        1.0,
        3.0,
        2.0,
        2.0,
        0.0,
        2.0,
        4.0,
        0.0,
        2.0,
        1.0,
        1.0,
        0.0,
        1.0,
        1.0,
        1.0,
        2.0,
        0.0,
        3.0,
        2.0,
        0.0,
        0.0,
        0.0,
        0.0,
        0.0
      ],
      "silhouette_mask_path": "C:\\Users\\shrad\\TrendWeave\\MERGE_OUTPUT_FINAL\\Catwalks__Women_s_Colour_A_W_25_26_en\\page_14\\img_2_mask_0.png"
    },
    {
      "yolo_label": "person",
      "bbox": [
        510.1181335449219,
        147.34356689453125,
        713.7534790039062,
        692.6118774414062
      ],
      "confidence": 0.8146617412567139,
      "clip_attributes": {
        "palette": {
          "label": "earth tones",
          "confidence": 0.23569083213806152
        },
        "neckline": {
          "label": "polo",
          "confidence": 0.22983531653881073
        },
        "sleeve_type": {
          "label": "long sleeves",
          "confidence": 0.22777159512043
        },
        "top_silhouette": {
          "label": "hoodie",
          "confidence": 0.24687263369560242
        },
        "bottom_style": {
          "label": "cargo shorts",
          "confidence": 0.22705817222595215
        },
        "outerwear": {
          "label": "hoodie",
          "confidence": 0.24687263369560242
        },
        "shoe_type": {
          "label": "boots",
          "confidence": 0.2297748476266861
        },
        "bag_type": {
          "label": "backpack",
          "confidence": 0.2164652794599533
        },
        "accessory": {
          "label": "cap",
          "confidence": 0.23535241186618805
        },
        "hairstyle": {
          "label": "buzz cut",
          "confidence": 0.2118964046239853
        },
        "setting": {
          "label": "smart casual",
          "confidence": 0.21923808753490448
        },
        "fabric_type": {
          "label": "linen",
          "confidence": 0.2560802102088928
        },
        "season": {
          "label": "winter",
          "confidence": 0.20390214025974274
        },
        "style_theme": {
          "label": "streetwear",
          "confidence": 0.23214603960514069
        }
      },
      "dominant_colors": [
        [
          94,
          151,
          147
        ],
        [
          25,
          139,
          134
        ],
        [
          8,
          131,
          128
        ]
      ],
      "texture_histogram": [
        13.0,
        265.0,
        3563.0,
        5043.0,
        4224.0,
        2959.0,
        2148.0,
        1800.0,
        1614.0,
        1672.0,
        1805.0,
        2285.0,
        2856.0,
        3055.0,
        3658.0,
        3813.0,
        3563.0,
        3218.0,
        2986.0,
        2919.0,
        2823.0,
        2652.0,
        2627.0,
        2403.0,
        2206.0,
        1813.0,
        1469.0,
        1328.0,
        1262.0,
        1007.0,
        894.0,
        784.0,
        668.0,
        565.0,
        431.0,
        380.0,
        270.0,
        200.0,
        209.0,
        195.0,
        170.0,
        197.0,
        182.0,
        162.0,
        169.0,
        135.0,
        129.0,
        117.0,
        100.0,
        89.0,
        82.0,
        58.0,
        88.0,
        73.0,
        105.0,
        74.0,
        92.0,
        91.0,
        92.0,
        91.0,
        74.0,
        75.0,
        60.0,
        73.0,
        48.0,
        61.0,
        70.0,
        100.0,
        118.0,
        122.0,
        179.0,
        225.0,
        323.0,
        402.0,
        464.0,
        577.0,
        722.0,
        804.0,
        974.0,
        1068.0,
        1199.0,
        1280.0,
        1290.0,
        1374.0,
        1329.0,
        1383.0,
        1319.0,
        1261.0,
        1241.0,
        1115.0,
        1072.0,
        937.0,
        898.0,
        803.0,
        724.0,
        618.0,
        606.0,
        526.0,
        467.0,
        406.0,
        362.0,
        350.0,
        299.0,
        312.0,
        220.0,
        255.0,
        236.0,
        229.0,
        236.0,
        234.0,
        176.0,
        175.0,
        157.0,
        153.0,
        130.0,
        133.0,
        102.0,
        82.0,
        68.0,
        59.0,
        51.0,
        30.0,
        19.0,
        22.0,
        11.0,
        10.0,
        11.0,
        6.0,
        12.0,
        10.0,
        8.0,
        10.0,
        2.0,
        5.0,
        7.0,
        4.0,
        6.0,
        9.0,
        5.0,
        5.0,
        4.0,
        3.0,
        4.0,
        10.0,
        6.0,
        5.0,
        7.0,
        6.0,
        5.0,
        0.0,
        6.0,
        3.0,
        1.0,
        2.0,
        3.0,
        3.0,
        3.0,
        5.0,
        2.0,
        1.0,
        1.0,
        0.0,
        3.0,
        2.0,
        0.0,
        2.0,
        2.0,
        1.0,
        0.0,
        1.0,
        0.0,
        0.0,
        0.0,
        0.0,
        1.0,
        0.0,
        2.0,
        0.0,
        0.0,
        0.0,
        1.0,
        0.0,
        0.0,
        1.0,
        0.0,
        0.0,
        0.0,
        0.0,
        0.0,
        0.0,
        0.0,
        0.0,
        0.0,
        0.0,
        0.0,
        0.0,
        0.0,
        0.0,
        0.0,
        0.0,
        0.0,
        0.0,
        0.0,
        0.0,
        0.0,
        0.0,
        0.0,
        0.0,
        0.0,
        0.0,
        0.0,
        0.0,
        0.0,
        0.0,
        0.0,
        0.0,
        0.0,
        0.0,
        0.0,
        0.0,
        0.0,
        0.0,
        0.0,
        0.0,
        0.0,
        0.0,
        0.0,
        0.0,
        0.0,
        0.0,
        0.0,
        0.0,
        0.0,
        0.0,
        0.0,
        0.0,
        0.0,
        0.0,
        0.0,
        0.0,
        0.0,
        0.0,
        0.0,
        0.0,
        0.0,
        0.0,
        0.0,
        0.0,
        0.0,
        0.0,
        0.0,
        0.0,
        0.0,
        0.0,
        0.0,
        0.0
      ],
      "silhouette_mask_path": "C:\\Users\\shrad\\TrendWeave\\MERGE_OUTPUT_FINAL\\Catwalks__Women_s_Colour_A_W_25_26_en\\page_14\\img_2_mask_1.png"
    },
    {
      "yolo_label": "person",
      "bbox": [
        15.262432098388672,
        43.55656051635742,
        344.318115234375,
        825.7264404296875
      ],
      "confidence": 0.7913658618927002,
      "clip_attributes": {
        "palette": {
          "label": "earth tones",
          "confidence": 0.2073775678873062
        },
        "dress_silhouette": {
          "label": "fit and flare",
          "confidence": 0.1765834093093872
        },
        "neckline": {
          "label": "sweetheart",
          "confidence": 0.18852077424526215
        },
        "sleeve_type": {
          "label": "puffed sleeves",
          "confidence": 0.21598459780216217
        },
        "top_silhouette": {
          "label": "peplum",
          "confidence": 0.16857708990573883
        },
        "bottom_style": {
          "label": "culottes",
          "confidence": 0.20666013658046722
        },
        "outerwear": {
          "label": "cardigan",
          "confidence": 0.2140105813741684
        },
        "shoe_type": {
          "label": "ballet flats",
          "confidence": 0.21339872479438782
        },
        "bag_type": {
          "label": "mini backpack",
          "confidence": 0.1935759037733078
        },
        "accessory": {
          "label": "scarf",
          "confidence": 0.2150307148694992
        },
        "hairstyle": {
          "label": "high bun",
          "confidence": 0.1892910599708557
        },
        "setting": {
          "label": "brunch look",
          "confidence": 0.19027701020240784
        },
        "fabric_type": {
          "label": "linen",
          "confidence": 0.22647427022457123
        },
        "season": {
          "label": "winter",
          "confidence": 0.19027449190616608
        },
        "style_theme": {
          "label": "boho",
          "confidence": 0.191145658493042
        }
      },
      "dominant_colors": [
        [
          101,
          146,
          149
        ],
        [
          172,
          140,
          150
        ],
        [
          22,
          136,
          133
        ]
      ],
      "texture_histogram": [
        3.0,
        16.0,
        47.0,
        195.0,
        1112.0,
        2496.0,
        3623.0,
        4390.0,
        2686.0,
        1901.0,
        1413.0,
        1207.0,
        1175.0,
        1060.0,
        1165.0,
        1099.0,
        1139.0,
        1137.0,
        1115.0,
        1114.0,
        1087.0,
        1062.0,
        1035.0,
        1019.0,
        1057.0,
        1052.0,
        1146.0,
        1155.0,
        1229.0,
        1152.0,
        1153.0,
        1082.0,
        965.0,
        933.0,
        882.0,
        828.0,
        856.0,
        797.0,
        808.0,
        779.0,
        767.0,
        782.0,
        856.0,
        748.0,
        829.0,
        766.0,
        707.0,
        685.0,
        666.0,
        620.0,
        595.0,
        663.0,
        614.0,
        670.0,
        652.0,
        649.0,
        731.0,
        737.0,
        802.0,
        968.0,
        988.0,
        1025.0,
        1115.0,
        1131.0,
        1068.0,
        1049.0,
        1063.0,
        1047.0,
        1026.0,
        1089.0,
        1100.0,
        1101.0,
        1177.0,
        1106.0,
        1140.0,
        1161.0,
        1227.0,
        1278.0,
        1356.0,
        1446.0,
        1514.0,
        1428.0,
        1485.0,
        1574.0,
        1646.0,
        1608.0,
        1647.0,
        1556.0,
        1678.0,
        1741.0,
        1812.0,
        1949.0,
        1947.0,
        2011.0,
        1982.0,
        2001.0,
        1933.0,
        1985.0,
        2007.0,
        1977.0,
        1950.0,
        1907.0,
        1879.0,
        1836.0,
        1869.0,
        1875.0,
        1903.0,
        1930.0,
        1850.0,
        1783.0,
        1629.0,
        1671.0,
        1580.0,
        1620.0,
        1515.0,
        1556.0,
        1494.0,
        1442.0,
        1402.0,
        1290.0,
        1245.0,
        1257.0,
        1144.0,
        1069.0,
        1087.0,
        931.0,
        890.0,
        840.0,
        856.0,
        752.0,
        786.0,
        820.0,
        773.0,
        741.0,
        711.0,
        767.0,
        818.0,
        893.0,
        929.0,
        902.0,
        936.0,
        928.0,
        963.0,
        991.0,
        998.0,
        1002.0,
        1111.0,
        1154.0,
        1250.0,
        1258.0,
        1226.0,
        1381.0,
        1484.0,
        1577.0,
        1575.0,
        1692.0,
        1809.0,
        1710.0,
        1765.0,
        1671.0,
        1644.0,
        1575.0,
        1649.0,
        1554.0,
        1642.0,
        1564.0,
        1583.0,
        1636.0,
        1574.0,
        1696.0,
        1746.0,
        1835.0,
        1992.0,
        1940.0,
        1903.0,
        1879.0,
        1738.0,
        1828.0,
        1822.0,
        1909.0,
        1859.0,
        1863.0,
        1761.0,
        1736.0,
        1506.0,
        1337.0,
        1335.0,
        1285.0,
        1227.0,
        1118.0,
        1024.0,
        852.0,
        756.0,
        687.0,
        554.0,
        539.0,
        392.0,
        353.0,
        325.0,
        273.0,
        296.0,
        221.0,
        219.0,
        157.0,
        182.0,
        177.0,
        133.0,
        121.0,
        112.0,
        107.0,
        99.0,
        74.0,
        64.0,
        55.0,
        45.0,
        36.0,
        30.0,
        17.0,
        8.0,
        2.0,
        9.0,
        4.0,
        1.0,
        1.0,
        0.0,
        2.0,
        2.0,
        4.0,
        3.0,
        3.0,
        2.0,
        3.0,
        2.0,
        5.0,
        2.0,
        1.0,
        3.0,
        2.0,
        3.0,
        7.0,
        1.0,
        3.0,
        3.0,
        4.0,
        4.0,
        1.0,
        2.0,
        7.0,
        6.0,
        6.0,
        2.0,
        2.0,
        4.0,
        0.0,
        4.0,
        0.0
      ],
      "silhouette_mask_path": "C:\\Users\\shrad\\TrendWeave\\MERGE_OUTPUT_FINAL\\Catwalks__Women_s_Colour_A_W_25_26_en\\page_14\\img_2_mask_2.png"
    },
    {
      "yolo_label": "person",
      "bbox": [
        637.2435302734375,
        155.15647888183594,
        860.0060424804688,
        693.7723999023438
      ],
      "confidence": 0.6671487092971802,
      "clip_attributes": {
        "palette": {
          "label": "earth tones",
          "confidence": 0.22911986708641052
        },
        "neckline": {
          "label": "polo",
          "confidence": 0.23319889605045319
        },
        "sleeve_type": {
          "label": "rolled sleeves",
          "confidence": 0.2348732054233551
        },
        "top_silhouette": {
          "label": "hoodie",
          "confidence": 0.22906753420829773
        },
        "bottom_style": {
          "label": "cargo shorts",
          "confidence": 0.24194884300231934
        },
        "outerwear": {
          "label": "hoodie",
          "confidence": 0.22906753420829773
        },
        "shoe_type": {
          "label": "boots",
          "confidence": 0.2530955672264099
        },
        "bag_type": {
          "label": "backpack",
          "confidence": 0.21542082726955414
        },
        "accessory": {
          "label": "cap",
          "confidence": 0.23882487416267395
        },
        "hairstyle": {
          "label": "buzz cut",
          "confidence": 0.22589871287345886
        },
        "setting": {
          "label": "smart casual",
          "confidence": 0.23132069408893585
        },
        "fabric_type": {
          "label": "wool",
          "confidence": 0.2409590780735016
        },
        "season": {
          "label": "winter",
          "confidence": 0.21961544454097748
        },
        "style_theme": {
          "label": "grunge",
          "confidence": 0.2531023621559143
        }
      },
      "dominant_colors": [
        [
          3,
          129,
          128
        ],
        [
          16,
          136,
          131
        ],
        [
          38,
          144,
          139
        ]
      ],
      "texture_histogram": [
        23.0,
        959.0,
        19311.0,
        9673.0,
        10529.0,
        7869.0,
        7343.0,
        6759.0,
        5672.0,
        4533.0,
        3652.0,
        3398.0,
        3371.0,
        3134.0,
        2813.0,
        2520.0,
        2076.0,
        1801.0,
        1705.0,
        1745.0,
        1619.0,
        1682.0,
        1770.0,
        1726.0,
        1645.0,
        1372.0,
        1179.0,
        1021.0,
        958.0,
        738.0,
        643.0,
        516.0,
        474.0,
        499.0,
        441.0,
        468.0,
        433.0,
        406.0,
        365.0,
        327.0,
        298.0,
        309.0,
        255.0,
        229.0,
        236.0,
        195.0,
        192.0,
        164.0,
        168.0,
        127.0,
        126.0,
        77.0,
        79.0,
        65.0,
        73.0,
        37.0,
        32.0,
        31.0,
        41.0,
        25.0,
        13.0,
        6.0,
        3.0,
        4.0,
        1.0,
        1.0,
        0.0,
        0.0,
        0.0,
        0.0,
        1.0,
        0.0,
        1.0,
        0.0,
        0.0,
        1.0,
        1.0,
        0.0,
        0.0,
        0.0,
        0.0,
        0.0,
        0.0,
        0.0,
        0.0,
        1.0,
        0.0,
        0.0,
        0.0,
        0.0,
        1.0,
        0.0,
        0.0,
        0.0,
        0.0,
        1.0,
        0.0,
        0.0,
        1.0,
        0.0,
        0.0,
        1.0,
        0.0,
        2.0,
        0.0,
        0.0,
        0.0,
        0.0,
        0.0,
        0.0,
        1.0,
        0.0,
        0.0,
        1.0,
        0.0,
        0.0,
        0.0,
        0.0,
        0.0,
        0.0,
        0.0,
        0.0,
        0.0,
        0.0,
        1.0,
        0.0,
        0.0,
        0.0,
        0.0,
        0.0,
        1.0,
        0.0,
        0.0,
        0.0,
        0.0,
        0.0,
        1.0,
        1.0,
        0.0,
        0.0,
        0.0,
        0.0,
        0.0,
        0.0,
        0.0,
        0.0,
        0.0,
        0.0,
        0.0,
        0.0,
        0.0,
        1.0,
        0.0,
        0.0,
        0.0,
        1.0,
        0.0,
        0.0,
        0.0,
        0.0,
        0.0,
        0.0,
        0.0,
        0.0,
        0.0,
        0.0,
        0.0,
        0.0,
        0.0,
        0.0,
        0.0,
        0.0,
        0.0,
        0.0,
        0.0,
        0.0,
        0.0,
        0.0,
        0.0,
        0.0,
        0.0,
        0.0,
        0.0,
        0.0,
        0.0,
        0.0,
        0.0,
        0.0,
        0.0,
        0.0,
        0.0,
        0.0,
        0.0,
        0.0,
        0.0,
        0.0,
        0.0,
        0.0,
        0.0,
        0.0,
        0.0,
        0.0,
        0.0,
        0.0,
        0.0,
        0.0,
        0.0,
        0.0,
        0.0,
        0.0,
        0.0,
        0.0,
        0.0,
        0.0,
        0.0,
        0.0,
        0.0,
        0.0,
        0.0,
        0.0,
        0.0,
        0.0,
        0.0,
        0.0,
        0.0,
        0.0,
        0.0,
        0.0,
        0.0,
        0.0,
        0.0,
        0.0,
        0.0,
        0.0,
        0.0,
        0.0,
        0.0,
        0.0,
        0.0,
        0.0,
        0.0,
        0.0,
        0.0,
        0.0,
        0.0,
        0.0,
        0.0,
        0.0,
        0.0,
        0.0,
        0.0,
        0.0,
        0.0,
        0.0,
        0.0,
        0.0
      ],
      "silhouette_mask_path": "C:\\Users\\shrad\\TrendWeave\\MERGE_OUTPUT_FINAL\\Catwalks__Women_s_Colour_A_W_25_26_en\\page_14\\img_2_mask_3.png"
    },
    {
      "yolo_label": "person",
      "bbox": [
        468.7358093261719,
        0.06614875793457031,
        638.0953369140625,
        264.46466064453125
      ],
      "confidence": 0.6456069946289062,
      "clip_attributes": {
        "palette": {
          "label": "earth tones",
          "confidence": 0.20400488376617432
        },
        "dress_silhouette": {
          "label": "shirt dress",
          "confidence": 0.20219290256500244
        },
        "neckline": {
          "label": "square neckline",
          "confidence": 0.22357295453548431
        },
        "sleeve_type": {
          "label": "puffed sleeves",
          "confidence": 0.2211795300245285
        },
        "top_silhouette": {
          "label": "fitted blouse",
          "confidence": 0.19945897161960602
        },
        "bottom_style": {
          "label": "culottes",
          "confidence": 0.20298008620738983
        },
        "outerwear": {
          "label": "cardigan",
          "confidence": 0.21161119639873505
        },
        "shoe_type": {
          "label": "ballet flats",
          "confidence": 0.19868598878383636
        },
        "bag_type": {
          "label": "clutch",
          "confidence": 0.1960582137107849
        },
        "accessory": {
          "label": "sunglasses",
          "confidence": 0.22397790849208832
        },
        "hairstyle": {
          "label": "high bun",
          "confidence": 0.1919340193271637
        },
        "setting": {
          "label": "office wear",
          "confidence": 0.1856381893157959
        },
        "fabric_type": {
          "label": "organza",
          "confidence": 0.21108576655387878
        },
        "season": {
          "label": "fall",
          "confidence": 0.19730092585086823
        },
        "style_theme": {
          "label": "boho",
          "confidence": 0.1938033401966095
        }
      },
      "dominant_colors": [
        [
          7,
          132,
          129
        ],
        [
          116,
          156,
          148
        ],
        [
          25,
          143,
          136
        ]
      ],
      "texture_histogram": [
        2.0,
        82.0,
        943.0,
        4068.0,
        2671.0,
        861.0,
        658.0,
        664.0,
        742.0,
        956.0,
        1090.0,
        1602.0,
        2222.0,
        2736.0,
        3139.0,
        2989.0,
        2530.0,
        1521.0,
        1208.0,
        1006.0,
        843.0,
        719.0,
        629.0,
        590.0,
        501.0,
        465.0,
        467.0,
        509.0,
        474.0,
        432.0,
        385.0,
        364.0,
        305.0,
        232.0,
        172.0,
        149.0,
        83.0,
        64.0,
        75.0,
        56.0,
        38.0,
        33.0,
        33.0,
        35.0,
        30.0,
        39.0,
        26.0,
        27.0,
        20.0,
        19.0,
        19.0,
        19.0,
        19.0,
        16.0,
        11.0,
        12.0,
        11.0,
        6.0,
        11.0,
        8.0,
        9.0,
        12.0,
        9.0,
        10.0,
        15.0,
        10.0,
        15.0,
        13.0,
        17.0,
        25.0,
        19.0,
        25.0,
        22.0,
        22.0,
        29.0,
        36.0,
        35.0,
        29.0,
        35.0,
        43.0,
        49.0,
        48.0,
        47.0,
        54.0,
        57.0,
        61.0,
        58.0,
        83.0,
        88.0,
        101.0,
        90.0,
        101.0,
        100.0,
        121.0,
        137.0,
        113.0,
        137.0,
        141.0,
        133.0,
        117.0,
        120.0,
        115.0,
        92.0,
        113.0,
        114.0,
        105.0,
        121.0,
        107.0,
        132.0,
        126.0,
        100.0,
        87.0,
        73.0,
        86.0,
        69.0,
        57.0,
        37.0,
        32.0,
        30.0,
        32.0,
        21.0,
        18.0,
        21.0,
        15.0,
        14.0,
        19.0,
        20.0,
        17.0,
        20.0,
        18.0,
        17.0,
        18.0,
        12.0,
        25.0,
        25.0,
        22.0,
        18.0,
        31.0,
        25.0,
        21.0,
        24.0,
        18.0,
        27.0,
        32.0,
        34.0,
        28.0,
        32.0,
        35.0,
        36.0,
        36.0,
        45.0,
        36.0,
        33.0,
        32.0,
        50.0,
        39.0,
        39.0,
        29.0,
        29.0,
        29.0,
        29.0,
        25.0,
        15.0,
        17.0,
        9.0,
        16.0,
        11.0,
        10.0,
        5.0,
        3.0,
        0.0,
        3.0,
        2.0,
        1.0,
        4.0,
        2.0,
        2.0,
        0.0,
        1.0,
        0.0,
        1.0,
        1.0,
        0.0,
        1.0,
        0.0,
        0.0,
        0.0,
        0.0,
        0.0,
        0.0,
        0.0,
        0.0,
        1.0,
        0.0,
        1.0,
        0.0,
        0.0,
        1.0,
        0.0,
        0.0,
        0.0,
        0.0,
        1.0,
        0.0,
        1.0,
        0.0,
        0.0,
        0.0,
        0.0,
        0.0,
        1.0,
        1.0,
        0.0,
        0.0,
        0.0,
        0.0,
        0.0,
        0.0,
        0.0,
        0.0,
        0.0,
        1.0,
        0.0,
        1.0,
        0.0,
        0.0,
        0.0,
        1.0,
        0.0,
        0.0,
        0.0,
        0.0,
        0.0,
        0.0,
        0.0,
        0.0,
        0.0,
        0.0,
        0.0,
        0.0,
        0.0,
        0.0,
        1.0,
        0.0,
        0.0,
        0.0,
        1.0,
        0.0,
        0.0,
        0.0,
        0.0,
        0.0,
        0.0,
        0.0,
        0.0,
        0.0
      ],
      "silhouette_mask_path": "C:\\Users\\shrad\\TrendWeave\\MERGE_OUTPUT_FINAL\\Catwalks__Women_s_Colour_A_W_25_26_en\\page_14\\img_2_mask_4.png"
    },
    {
      "yolo_label": "person",
      "bbox": [
        193.27117919921875,
        0.10308055579662323,
        343.1094055175781,
        238.6434326171875
      ],
      "confidence": 0.30312880873680115,
      "clip_attributes": {
        "palette": {
          "label": "earth tones",
          "confidence": 0.22688424587249756
        },
        "neckline": {
          "label": "polo",
          "confidence": 0.21957308053970337
        },
        "sleeve_type": {
          "label": "long sleeves",
          "confidence": 0.22115249931812286
        },
        "top_silhouette": {
          "label": "hoodie",
          "confidence": 0.2326793223619461
        },
        "bottom_style": {
          "label": "chinos",
          "confidence": 0.21953271329402924
        },
        "outerwear": {
          "label": "hoodie",
          "confidence": 0.2326793223619461
        },
        "shoe_type": {
          "label": "boots",
          "confidence": 0.2170722633600235
        },
        "bag_type": {
          "label": "backpack",
          "confidence": 0.2137472778558731
        },
        "accessory": {
          "label": "cap",
          "confidence": 0.24157218635082245
        },
        "hairstyle": {
          "label": "buzz cut",
          "confidence": 0.22538867592811584
        },
        "setting": {
          "label": "date night",
          "confidence": 0.21351198852062225
        },
        "fabric_type": {
          "label": "linen",
          "confidence": 0.23591822385787964
        },
        "season": {
          "label": "winter",
          "confidence": 0.2063872367143631
        },
        "style_theme": {
          "label": "minimalist",
          "confidence": 0.2271939367055893
        }
      },
      "dominant_colors": [
        [
          165,
          140,
          146
        ],
        [
          7,
          131,
          128
        ],
        [
          35,
          138,
          136
        ]
      ],
      "texture_histogram": [
        1.0,
        5.0,
        37.0,
        204.0,
        1275.0,
        1813.0,
        2110.0,
        1960.0,
        683.0,
        426.0,
        364.0,
        353.0,
        408.0,
        423.0,
        452.0,
        423.0,
        382.0,
        343.0,
        313.0,
        332.0,
        342.0,
        347.0,
        456.0,
        470.0,
        495.0,
        576.0,
        604.0,
        609.0,
        505.0,
        489.0,
        475.0,
        428.0,
        420.0,
        429.0,
        448.0,
        444.0,
        541.0,
        493.0,
        461.0,
        388.0,
        368.0,
        312.0,
        278.0,
        193.0,
        206.0,
        154.0,
        105.0,
        71.0,
        41.0,
        31.0,
        28.0,
        29.0,
        26.0,
        34.0,
        23.0,
        29.0,
        36.0,
        18.0,
        20.0,
        28.0,
        30.0,
        30.0,
        31.0,
        24.0,
        20.0,
        15.0,
        24.0,
        14.0,
        18.0,
        8.0,
        19.0,
        16.0,
        18.0,
        14.0,
        14.0,
        11.0,
        15.0,
        9.0,
        11.0,
        7.0,
        10.0,
        9.0,
        9.0,
        7.0,
        10.0,
        6.0,
        10.0,
        11.0,
        7.0,
        11.0,
        11.0,
        8.0,
        17.0,
        9.0,
        13.0,
        11.0,
        10.0,
        13.0,
        9.0,
        9.0,
        11.0,
        13.0,
        27.0,
        25.0,
        19.0,
        27.0,
        24.0,
        31.0,
        47.0,
        49.0,
        56.0,
        66.0,
        95.0,
        117.0,
        104.0,
        145.0,
        135.0,
        125.0,
        106.0,
        113.0,
        98.0,
        95.0,
        81.0,
        82.0,
        86.0,
        52.0,
        42.0,
        37.0,
        25.0,
        35.0,
        37.0,
        37.0,
        42.0,
        38.0,
        37.0,
        53.0,
        39.0,
        49.0,
        40.0,
        56.0,
        59.0,
        64.0,
        58.0,
        56.0,
        80.0,
        65.0,
        76.0,
        72.0,
        90.0,
        96.0,
        81.0,
        102.0,
        133.0,
        113.0,
        131.0,
        152.0,
        151.0,
        162.0,
        164.0,
        162.0,
        164.0,
        175.0,
        202.0,
        218.0,
        245.0,
        183.0,
        247.0,
        269.0,
        228.0,
        302.0,
        275.0,
        347.0,
        332.0,
        310.0,
        299.0,
        323.0,
        279.0,
        300.0,
        279.0,
        285.0,
        259.0,
        232.0,
        184.0,
        182.0,
        124.0,
        99.0,
        81.0,
        52.0,
        45.0,
        40.0,
        24.0,
        34.0,
        30.0,
        17.0,
        18.0,
        27.0,
        22.0,
        10.0,
        26.0,
        15.0,
        19.0,
        15.0,
        22.0,
        13.0,
        7.0,
        9.0,
        6.0,
        15.0,
        9.0,
        6.0,
        8.0,
        5.0,
        10.0,
        3.0,
        2.0,
        0.0,
        0.0,
        0.0,
        0.0,
        0.0,
        0.0,
        0.0,
        0.0,
        0.0,
        0.0,
        0.0,
        0.0,
        0.0,
        0.0,
        0.0,
        0.0,
        0.0,
        0.0,
        0.0,
        0.0,
        0.0,
        0.0,
        0.0,
        0.0,
        0.0,
        0.0,
        0.0,
        0.0,
        0.0,
        0.0,
        0.0,
        0.0,
        0.0,
        0.0,
        0.0,
        0.0,
        0.0,
        0.0,
        0.0,
        0.0,
        0.0
      ],
      "silhouette_mask_path": "C:\\Users\\shrad\\TrendWeave\\MERGE_OUTPUT_FINAL\\Catwalks__Women_s_Colour_A_W_25_26_en\\page_14\\img_2_mask_5.png"
    },
    {
      "yolo_label": "person",
      "bbox": [
        264.683837890625,
        144.0609893798828,
        353.62579345703125,
        244.27928161621094
      ],
      "confidence": 0.2623882591724396,
      "clip_attributes": {
        "palette": {
          "label": "earth tones",
          "confidence": 0.23529644310474396
        },
        "neckline": {
          "label": "mandarin collar",
          "confidence": 0.2275003343820572
        },
        "sleeve_type": {
          "label": "rolled sleeves",
          "confidence": 0.21274098753929138
        },
        "top_silhouette": {
          "label": "hoodie",
          "confidence": 0.2200722098350525
        },
        "bottom_style": {
          "label": "cargo shorts",
          "confidence": 0.2213251292705536
        },
        "outerwear": {
          "label": "blazer",
          "confidence": 0.2268376499414444
        },
        "shoe_type": {
          "label": "boots",
          "confidence": 0.218684121966362
        },
        "bag_type": {
          "label": "backpack",
          "confidence": 0.21362125873565674
        },
        "accessory": {
          "label": "watch",
          "confidence": 0.23084110021591187
        },
        "hairstyle": {
          "label": "buzz cut",
          "confidence": 0.2309872806072235
        },
        "setting": {
          "label": "smart casual",
          "confidence": 0.20084503293037415
        },
        "fabric_type": {
          "label": "linen",
          "confidence": 0.22482462227344513
        },
        "season": {
          "label": "monsoon",
          "confidence": 0.19903676211833954
        },
        "style_theme": {
          "label": "minimalist",
          "confidence": 0.20873428881168365
        }
      },
      "dominant_colors": [
        [
          42,
          140,
          136
        ],
        [
          125,
          154,
          148
        ],
        [
          11,
          133,
          130
        ]
      ],
      "texture_histogram": [
        0.0,
        1.0,
        4.0,
        21.0,
        59.0,
        235.0,
        349.0,
        331.0,
        146.0,
        95.0,
        66.0,
        80.0,
        119.0,
        133.0,
        152.0,
        133.0,
        149.0,
        118.0,
        126.0,
        105.0,
        113.0,
        113.0,
        131.0,
        129.0,
        138.0,
        141.0,
        171.0,
        166.0,
        135.0,
        147.0,
        132.0,
        108.0,
        99.0,
        115.0,
        100.0,
        94.0,
        109.0,
        113.0,
        106.0,
        103.0,
        105.0,
        89.0,
        96.0,
        80.0,
        95.0,
        92.0,
        73.0,
        50.0,
        26.0,
        22.0,
        22.0,
        21.0,
        20.0,
        29.0,
        14.0,
        19.0,
        28.0,
        16.0,
        18.0,
        23.0,
        21.0,
        21.0,
        26.0,
        22.0,
        14.0,
        9.0,
        18.0,
        9.0,
        12.0,
        3.0,
        9.0,
        8.0,
        13.0,
        6.0,
        8.0,
        8.0,
        6.0,
        3.0,
        9.0,
        4.0,
        3.0,
        6.0,
        7.0,
        6.0,
        5.0,
        6.0,
        7.0,
        10.0,
        3.0,
        13.0,
        12.0,
        13.0,
        10.0,
        6.0,
        10.0,
        8.0,
        13.0,
        12.0,
        11.0,
        6.0,
        16.0,
        17.0,
        23.0,
        43.0,
        41.0,
        38.0,
        53.0,
        57.0,
        72.0,
        77.0,
        92.0,
        97.0,
        121.0,
        146.0,
        129.0,
        155.0,
        146.0,
        140.0,
        125.0,
        143.0,
        123.0,
        112.0,
        103.0,
        87.0,
        85.0,
        49.0,
        30.0,
        28.0,
        18.0,
        22.0,
        17.0,
        12.0,
        11.0,
        7.0,
        8.0,
        5.0,
        3.0,
        5.0,
        3.0,
        12.0,
        5.0,
        7.0,
        10.0,
        3.0,
        6.0,
        6.0,
        3.0,
        6.0,
        6.0,
        4.0,
        9.0,
        2.0,
        7.0,
        6.0,
        10.0,
        3.0,
        10.0,
        9.0,
        6.0,
        3.0,
        7.0,
        3.0,
        2.0,
        7.0,
        5.0,
        5.0,
        6.0,
        6.0,
        2.0,
        3.0,
        7.0,
        4.0,
        3.0,
        2.0,
        2.0,
        6.0,
        1.0,
        2.0,
        2.0,
        3.0,
        1.0,
        2.0,
        2.0,
        1.0,
        0.0,
        3.0,
        0.0,
        0.0,
        0.0,
        1.0,
        0.0,
        0.0,
        0.0,
        1.0,
        0.0,
        0.0,
        0.0,
        0.0,
        0.0,
        0.0,
        0.0,
        0.0,
        0.0,
        0.0,
        0.0,
        0.0,
        0.0,
        0.0,
        0.0,
        0.0,
        0.0,
        0.0,
        0.0,
        0.0,
        0.0,
        0.0,
        0.0,
        0.0,
        0.0,
        0.0,
        0.0,
        0.0,
        0.0,
        0.0,
        0.0,
        0.0,
        0.0,
        0.0,
        0.0,
        0.0,
        0.0,
        0.0,
        0.0,
        0.0,
        0.0,
        0.0,
        0.0,
        0.0,
        0.0,
        0.0,
        0.0,
        0.0,
        0.0,
        0.0,
        0.0,
        0.0,
        0.0,
        0.0,
        0.0,
        0.0,
        0.0,
        0.0,
        0.0,
        0.0,
        0.0,
        0.0
      ],
      "silhouette_mask_path": "C:\\Users\\shrad\\TrendWeave\\MERGE_OUTPUT_FINAL\\Catwalks__Women_s_Colour_A_W_25_26_en\\page_14\\img_2_mask_6.png"
    }
  ],
  "pose_keypoints": null
}