{
  "image": "C:\\Users\\shrad\\TrendWeave\\TrendWeave\\extracted_data\\Catwalks__Women_s_APAC_Key_Trends_A_W_25_26_en\\page_13\\img_5.jpeg",
  "items": [
    {
      "yolo_label": "person",
      "bbox": [
        235.2975311279297,
        12.360983848571777,
        890.4190673828125,
        1357.734375
      ],
      "confidence": 0.9259697198867798,
      "clip_attributes": {
        "palette": {
          "label": "pastel",
          "confidence": 0.23449383676052094
        },
        "dress_silhouette": {
          "label": "fit and flare",
          "confidence": 0.23567664623260498
        },
        "neckline": {
          "label": "off-shoulder",
          "confidence": 0.23504772782325745
        },
        "sleeve_type": {
          "label": "puffed sleeves",
          "confidence": 0.25129616260528564
        },
        "top_silhouette": {
          "label": "wrap top",
          "confidence": 0.22021612524986267
        },
        "bottom_style": {
          "label": "culottes",
          "confidence": 0.22959010303020477
        },
        "outerwear": {
          "label": "long coat",
          "confidence": 0.26134246587753296
        },
        "shoe_type": {
          "label": "ankle boots",
          "confidence": 0.2161318063735962
        },
        "bag_type": {
          "label": "mini backpack",
          "confidence": 0.232496976852417
        },
        "accessory": {
          "label": "scarf",
          "confidence": 0.24435028433799744
        },
        "hairstyle": {
          "label": "high bun",
          "confidence": 0.23908405005931854
        },
        "setting": {
          "label": "brunch look",
          "confidence": 0.24268685281276703
        },
        "fabric_type": {
          "label": "chiffon",
          "confidence": 0.2483987808227539
        },
        "season": {
          "label": "winter",
          "confidence": 0.2492852360010147
        },
        "style_theme": {
          "label": "elegant chic",
          "confidence": 0.22730019688606262
        }
      },
      "dominant_colors": [
        [
          188,
          145,
          125
        ],
        [
          26,
          132,
          129
        ],
        [
          93,
          133,
          122
        ]
      ],
      "texture_histogram": [
        41.0,
        296.0,
        354.0,
        353.0,
        468.0,
        580.0,
        873.0,
        1390.0,
        2147.0,
        3140.0,
        4592.0,
        5904.0,
        6962.0,
        8098.0,
        8669.0,
        8715.0,
        8744.0,
        8676.0,
        8739.0,
        8687.0,
        9091.0,
        9912.0,
        10250.0,
        9898.0,
        9366.0,
        8234.0,
        7222.0,
        6877.0,
        6907.0,
        6989.0,
        6971.0,
        6752.0,
        5885.0,
        5280.0,
        4692.0,
        4457.0,
        4102.0,
        4035.0,
        3808.0,
        3490.0,
        3579.0,
        3785.0,
        3933.0,
        4276.0,
        4419.0,
        4465.0,
        4368.0,
        4177.0,
        3977.0,
        3526.0,
        3545.0,
        3660.0,
        3669.0,
        3443.0,
        3491.0,
        3595.0,
        3838.0,
        4040.0,
        4214.0,
        4280.0,
        4551.0,
        4772.0,
        5165.0,
        5420.0,
        5454.0,
        5350.0,
        5200.0,
        5072.0,
        4715.0,
        4588.0,
        4412.0,
        4040.0,
        3537.0,
        3155.0,
        2882.0,
        2608.0,
        2428.0,
        2220.0,
        2113.0,
        1880.0,
        1714.0,
        1575.0,
        1403.0,
        1342.0,
        1243.0,
        1340.0,
        1324.0,
        1365.0,
        1395.0,
        1353.0,
        1450.0,
        1409.0,
        1344.0,
        1318.0,
        1424.0,
        1431.0,
        1515.0,
        1615.0,
        1486.0,
        1560.0,
        1595.0,
        1716.0,
        1749.0,
        1724.0,
        1763.0,
        1860.0,
        1820.0,
        1866.0,
        1837.0,
        1837.0,
        1710.0,
        1777.0,
        1796.0,
        1845.0,
        1831.0,
        1885.0,
        1893.0,
        2027.0,
        1984.0,
        1914.0,
        2016.0,
        2046.0,
        1949.0,
        1973.0,
        2114.0,
        1956.0,
        2040.0,
        1982.0,
        1998.0,
        1997.0,
        2008.0,
        2070.0,
        2168.0,
        2151.0,
        2101.0,
        2201.0,
        2145.0,
        2206.0,
        2328.0,
        2391.0,
        2329.0,
        2207.0,
        2175.0,
        2159.0,
        2071.0,
        2105.0,
        2082.0,
        2149.0,
        2153.0,
        2145.0,
        2113.0,
        2151.0,
        2088.0,
        2234.0,
        2084.0,
        2200.0,
        2353.0,
        2306.0,
        2357.0,
        2439.0,
        2604.0,
        2676.0,
        2731.0,
        2800.0,
        2972.0,
        3084.0,
        3079.0,
        3350.0,
        3365.0,
        3292.0,
        3480.0,
        3500.0,
        3321.0,
        3405.0,
        3556.0,
        3759.0,
        3879.0,
        4101.0,
        4335.0,
        4618.0,
        4733.0,
        4904.0,
        5386.0,
        5456.0,
        5943.0,
        6426.0,
        6937.0,
        7654.0,
        8188.0,
        8848.0,
        9582.0,
        10607.0,
        11783.0,
        12909.0,
        14105.0,
        14696.0,
        15384.0,
        15387.0,
        14966.0,
        14523.0,
        13970.0,
        12471.0,
        10582.0,
        8207.0,
        6583.0,
        5105.0,
        4221.0,
        3396.0,
        2820.0,
        2450.0,
        2225.0,
        1896.0,
        1636.0,
        1366.0,
        1152.0,
        943.0,
        799.0,
        741.0,
        501.0,
        461.0,
        426.0,
        312.0,
        237.0,
        216.0,
        182.0,
        205.0,
        181.0,
        196.0,
        116.0,
        79.0,
        78.0,
        72.0,
        51.0,
        37.0,
        31.0,
        34.0,
        26.0,
        29.0,
        33.0,
        19.0,
        23.0,
        16.0,
        23.0,
        19.0,
        25.0,
        21.0,
        31.0,
        23.0,
        16.0,
        21.0,
        17.0,
        27.0,
        20.0,
        11.0,
        10.0,
        0.0
      ],
      "silhouette_mask_path": "C:\\Users\\shrad\\TrendWeave\\MERGE_OUTPUT_FINAL\\Catwalks__Women_s_APAC_Key_Trends_A_W_25_26_en\\page_13\\img_5_mask_0.png"
    }
  ],
  "pose_keypoints": [
    {
      "x": 0.5034682154655457,
      "y": 0.10179819911718369,
      "z": -0.9353487491607666,
      "visibility": 0.9995620846748352
    },
    {
      "x": 0.5216328501701355,
      "y": 0.07918363809585571,
      "z": -0.9121052622795105,
      "visibility": 0.9989230036735535
    },
    {
      "x": 0.5324313640594482,
      "y": 0.08065348863601685,
      "z": -0.9121853709220886,
      "visibility": 0.9989311099052429
    },
    {
      "x": 0.5425484776496887,
      "y": 0.08216309547424316,
      "z": -0.9123296737670898,
      "visibility": 0.9990695118904114
    },
    {
      "x": 0.4927130937576294,
      "y": 0.07750862836837769,
      "z": -0.9012168645858765,
      "visibility": 0.9989625215530396
    },
    {
      "x": 0.48396486043930054,
      "y": 0.07811212539672852,
      "z": -0.9012494087219238,
      "visibility": 0.9989035129547119
    },
    {
      "x": 0.47641536593437195,
      "y": 0.07879805564880371,
      "z": -0.9013242125511169,
      "visibility": 0.9990335702896118
    },
    {
      "x": 0.5598505735397339,
      "y": 0.09991364926099777,
      "z": -0.6956596374511719,
      "visibility": 0.9986347556114197
    },
    {
      "x": 0.4689950942993164,
      "y": 0.09882223606109619,
      "z": -0.6418617963790894,
      "visibility": 0.9988476037979126
    },
    {
      "x": 0.5269588828086853,
      "y": 0.12946438789367676,
      "z": -0.8492804765701294,
      "visibility": 0.9997195601463318
    },
    {
      "x": 0.48428860306739807,
      "y": 0.12622839212417603,
      "z": -0.8336737155914307,
      "visibility": 0.9997475743293762
    },
    {
      "x": 0.6481101512908936,
      "y": 0.2450169324874878,
      "z": -0.5009099841117859,
      "visibility": 0.9997883439064026
    },
    {
      "x": 0.3803068995475769,
      "y": 0.24327734112739563,
      "z": -0.4248201251029968,
      "visibility": 0.9995036125183105
    },
    {
      "x": 0.7290331125259399,
      "y": 0.37579721212387085,
      "z": -0.44721269607543945,
      "visibility": 0.9491987824440002
    },
    {
      "x": 0.28907957673072815,
      "y": 0.39516302943229675,
      "z": -0.2689405083656311,
      "visibility": 0.9451757669448853
    },
    {
      "x": 0.7381246089935303,
      "y": 0.4805755913257599,
      "z": -0.7710115909576416,
      "visibility": 0.741098940372467
    },
    {
      "x": 0.3142986595630646,
      "y": 0.5170770883560181,
      "z": -0.399745911359787,
      "visibility": 0.6285341382026672
    },
    {
      "x": 0.7435659766197205,
      "y": 0.5227196216583252,
      "z": -0.8615845441818237,
      "visibility": 0.6540427207946777
    },
    {
      "x": 0.32842153310775757,
      "y": 0.5625374913215637,
      "z": -0.45774322748184204,
      "visibility": 0.4848259687423706
    },
    {
      "x": 0.7197237610816956,
      "y": 0.5174292325973511,
      "z": -0.9261819124221802,
      "visibility": 0.6672232747077942
    },
    {
      "x": 0.3487277030944824,
      "y": 0.5511815547943115,
      "z": -0.5212826132774353,
      "visibility": 0.4912513494491577
    },
    {
      "x": 0.7125571370124817,
      "y": 0.5014411211013794,
      "z": -0.8008697032928467,
      "visibility": 0.6508938670158386
    },
    {
      "x": 0.3477712869644165,
      "y": 0.5378634929656982,
      "z": -0.4262731671333313,
      "visibility": 0.48481452465057373
    },
    {
      "x": 0.5813207030296326,
      "y": 0.542850136756897,
      "z": -0.007965526543557644,
      "visibility": 0.9963422417640686
    },
    {
      "x": 0.4358847141265869,
      "y": 0.5435926914215088,
      "z": 0.00797000341117382,
      "visibility": 0.9948462247848511
    },
    {
      "x": 0.5573635697364807,
      "y": 0.8037402629852295,
      "z": 0.16662436723709106,
      "visibility": 0.933413028717041
    },
    {
      "x": 0.4746479094028473,
      "y": 0.8121916055679321,
      "z": 0.1590747982263565,
      "visibility": 0.9523494243621826
    },
    {
      "x": 0.5427659153938293,
      "y": 0.9882632493972778,
      "z": 0.6505483984947205,
      "visibility": 0.87360018491745
    },
    {
      "x": 0.4584479033946991,
      "y": 0.9783143401145935,
      "z": 0.6298233270645142,
      "visibility": 0.8146015405654907
    },
    {
      "x": 0.5262039303779602,
      "y": 0.9931914806365967,
      "z": 0.6777841448783875,
      "visibility": 0.323241651058197
    },
    {
      "x": 0.4563644528388977,
      "y": 0.9836088418960571,
      "z": 0.6623407602310181,
      "visibility": 0.4035419821739197
    },
    {
      "x": 0.5244300365447998,
      "y": 1.0916905403137207,
      "z": 0.31411221623420715,
      "visibility": 0.7311505079269409
    },
    {
      "x": 0.4704614281654358,
      "y": 1.0912508964538574,
      "z": 0.3177028298377991,
      "visibility": 0.7329643964767456
    }
  ]
}