{
  "image": "C:\\Users\\shrad\\TrendWeave\\TrendWeave\\extracted_data\\Catwalks__Women_s_Colour_A_W_25_26_en\\page_6\\img_3.jpeg",
  "items": [
    {
      "yolo_label": "person",
      "bbox": [
        486.75457763671875,
        114.56843566894531,
        653.7737426757812,
        577.3230590820312
      ],
      "confidence": 0.9080682992935181,
      "clip_attributes": {
        "palette": {
          "label": "muted tones",
          "confidence": 0.21702663600444794
        },
        "neckline": {
          "label": "buttoned collar",
          "confidence": 0.25450438261032104
        },
        "sleeve_type": {
          "label": "rolled sleeves",
          "confidence": 0.21690918505191803
        },
        "top_silhouette": {
          "label": "hoodie",
          "confidence": 0.21598634123802185
        },
        "bottom_style": {
          "label": "tailored trousers",
          "confidence": 0.23622959852218628
        },
        "outerwear": {
          "label": "blazer",
          "confidence": 0.24164405465126038
        },
        "shoe_type": {
          "label": "boots",
          "confidence": 0.22114115953445435
        },
        "bag_type": {
          "label": "backpack",
          "confidence": 0.19874146580696106
        },
        "accessory": {
          "label": "cap",
          "confidence": 0.23514339327812195
        },
        "hairstyle": {
          "label": "buzz cut",
          "confidence": 0.22843630611896515
        },
        "setting": {
          "label": "smart casual",
          "confidence": 0.24464553594589233
        },
        "fabric_type": {
          "label": "polyester",
          "confidence": 0.22899790108203888
        },
        "season": {
          "label": "spring",
          "confidence": 0.20251664519309998
        },
        "style_theme": {
          "label": "grunge",
          "confidence": 0.21039588749408722
        }
      },
      "dominant_colors": [
        [
          145,
          173,
          126
        ],
        [
          20,
          130,
          126
        ],
        [
          78,
          132,
          126
        ]
      ],
      "texture_histogram": [
        45.0,
        722.0,
        1404.0,
        1820.0,
        1840.0,
        1445.0,
        1369.0,
        1007.0,
        758.0,
        673.0,
        660.0,
        590.0,
        628.0,
        609.0,
        572.0,
        601.0,
        554.0,
        525.0,
        531.0,
        492.0,
        476.0,
        538.0,
        531.0,
        579.0,
        545.0,
        647.0,
        666.0,
        693.0,
        795.0,
        745.0,
        733.0,
        792.0,
        763.0,
        692.0,
        680.0,
        686.0,
        770.0,
        791.0,
        764.0,
        745.0,
        720.0,
        719.0,
        778.0,
        748.0,
        769.0,
        816.0,
        814.0,
        849.0,
        827.0,
        870.0,
        808.0,
        883.0,
        975.0,
        1000.0,
        885.0,
        860.0,
        833.0,
        744.0,
        743.0,
        624.0,
        594.0,
        556.0,
        542.0,
        473.0,
        484.0,
        505.0,
        459.0,
        455.0,
        502.0,
        519.0,
        526.0,
        556.0,
        521.0,
        501.0,
        510.0,
        544.0,
        642.0,
        609.0,
        600.0,
        604.0,
        579.0,
        546.0,
        591.0,
        651.0,
        708.0,
        737.0,
        729.0,
        635.0,
        588.0,
        517.0,
        503.0,
        509.0,
        556.0,
        507.0,
        488.0,
        541.0,
        503.0,
        433.0,
        402.0,
        320.0,
        276.0,
        259.0,
        285.0,
        236.0,
        204.0,
        214.0,
        207.0,
        180.0,
        227.0,
        201.0,
        199.0,
        186.0,
        165.0,
        152.0,
        139.0,
        120.0,
        124.0,
        109.0,
        110.0,
        99.0,
        97.0,
        96.0,
        124.0,
        83.0,
        71.0,
        53.0,
        61.0,
        51.0,
        64.0,
        63.0,
        46.0,
        48.0,
        62.0,
        59.0,
        75.0,
        94.0,
        123.0,
        173.0,
        301.0,
        558.0,
        339.0,
        273.0,
        195.0,
        147.0,
        122.0,
        86.0,
        86.0,
        97.0,
        74.0,
        55.0,
        58.0,
        56.0,
        63.0,
        62.0,
        36.0,
        47.0,
        54.0,
        60.0,
        67.0,
        61.0,
        56.0,
        46.0,
        40.0,
        50.0,
        52.0,
        51.0,
        48.0,
        41.0,
        49.0,
        36.0,
        34.0,
        27.0,
        18.0,
        34.0,
        29.0,
        26.0,
        32.0,
        25.0,
        23.0,
        17.0,
        15.0,
        15.0,
        10.0,
        9.0,
        3.0,
        4.0,
        5.0,
        1.0,
        4.0,
        1.0,
        0.0,
        0.0,
        2.0,
        0.0,
        0.0,
        0.0,
        0.0,
        0.0,
        0.0,
        0.0,
        0.0,
        0.0,
        0.0,
        0.0,
        0.0,
        0.0,
        0.0,
        0.0,
        0.0,
        0.0,
        0.0,
        0.0,
        0.0,
        0.0,
        0.0,
        0.0,
        0.0,
        0.0,
        0.0,
        0.0,
        0.0,
        0.0,
        0.0,
        0.0,
        0.0,
        0.0,
        0.0,
        0.0,
        0.0,
        0.0,
        0.0,
        0.0,
        0.0,
        0.0,
        0.0,
        0.0,
        0.0,
        0.0,
        0.0,
        0.0,
        0.0,
        0.0,
        0.0,
        0.0,
        0.0,
        0.0,
        0.0,
        0.0,
        0.0,
        0.0,
        0.0,
        0.0,
        0.0,
        0.0,
        0.0,
        0.0
      ],
      "silhouette_mask_path": "C:\\Users\\shrad\\TrendWeave\\MERGE_OUTPUT_FINAL\\Catwalks__Women_s_Colour_A_W_25_26_en\\page_6\\img_3_mask_0.png"
    },
    {
      "yolo_label": "person",
      "bbox": [
        152.36441040039062,
        0.0,
        539.7661743164062,
        651.6278686523438
      ],
      "confidence": 0.7549314498901367,
      "clip_attributes": {
        "palette": {
          "label": "bold colors",
          "confidence": 0.22955363988876343
        },
        "dress_silhouette": {
          "label": "wrap dress",
          "confidence": 0.2363499402999878
        },
        "neckline": {
          "label": "square neckline",
          "confidence": 0.2565080523490906
        },
        "sleeve_type": {
          "label": "puffed sleeves",
          "confidence": 0.2546793818473816
        },
        "top_silhouette": {
          "label": "peplum",
          "confidence": 0.23307856917381287
        },
        "bottom_style": {
          "label": "culottes",
          "confidence": 0.2472715675830841
        },
        "outerwear": {
          "label": "long coat",
          "confidence": 0.23660661280155182
        },
        "shoe_type": {
          "label": "ballet flats",
          "confidence": 0.21166293323040009
        },
        "bag_type": {
          "label": "shoulder bag",
          "confidence": 0.2029467672109604
        },
        "accessory": {
          "label": "scarf",
          "confidence": 0.20842434465885162
        },
        "hairstyle": {
          "label": "high bun",
          "confidence": 0.19398026168346405
        },
        "setting": {
          "label": "brunch look",
          "confidence": 0.23473231494426727
        },
        "fabric_type": {
          "label": "organza",
          "confidence": 0.24693259596824646
        },
        "season": {
          "label": "spring",
          "confidence": 0.19056826829910278
        },
        "style_theme": {
          "label": "elegant chic",
          "confidence": 0.2464352250099182
        }
      },
      "dominant_colors": [
        [
          72,
          134,
          126
        ],
        [
          151,
          191,
          115
        ],
        [
          26,
          134,
          128
        ]
      ],
      "texture_histogram": [
        11.0,
        127.0,
        343.0,
        520.0,
        672.0,
        405.0,
        315.0,
        331.0,
        245.0,
        256.0,
        279.0,
        239.0,
        281.0,
        272.0,
        315.0,
        303.0,
        265.0,
        241.0,
        283.0,
        283.0,
        262.0,
        269.0,
        223.0,
        250.0,
        311.0,
        403.0,
        388.0,
        373.0,
        453.0,
        465.0,
        464.0,
        461.0,
        491.0,
        469.0,
        503.0,
        451.0,
        480.0,
        500.0,
        525.0,
        593.0,
        584.0,
        577.0,
        664.0,
        658.0,
        631.0,
        646.0,
        691.0,
        726.0,
        812.0,
        922.0,
        989.0,
        1307.0,
        1439.0,
        1733.0,
        1835.0,
        1824.0,
        1719.0,
        1714.0,
        1724.0,
        1707.0,
        1857.0,
        2234.0,
        2491.0,
        2708.0,
        2655.0,
        2372.0,
        2233.0,
        1979.0,
        1802.0,
        1621.0,
        1238.0,
        1105.0,
        1012.0,
        925.0,
        907.0,
        793.0,
        776.0,
        832.0,
        760.0,
        736.0,
        745.0,
        731.0,
        770.0,
        794.0,
        744.0,
        773.0,
        766.0,
        663.0,
        626.0,
        565.0,
        546.0,
        560.0,
        575.0,
        555.0,
        505.0,
        555.0,
        542.0,
        551.0,
        631.0,
        656.0,
        698.0,
        692.0,
        678.0,
        691.0,
        775.0,
        840.0,
        832.0,
        889.0,
        958.0,
        1028.0,
        1093.0,
        1122.0,
        1208.0,
        1384.0,
        1406.0,
        1425.0,
        1644.0,
        1921.0,
        1990.0,
        2282.0,
        2754.0,
        3221.0,
        3458.0,
        3698.0,
        3855.0,
        4095.0,
        4087.0,
        4090.0,
        3842.0,
        3588.0,
        3545.0,
        3424.0,
        3561.0,
        3562.0,
        3587.0,
        3661.0,
        3829.0,
        4110.0,
        4425.0,
        5311.0,
        5149.0,
        4951.0,
        5202.0,
        4732.0,
        3971.0,
        3621.0,
        3151.0,
        2776.0,
        2394.0,
        2098.0,
        1856.0,
        1794.0,
        1609.0,
        1410.0,
        1245.0,
        1042.0,
        912.0,
        884.0,
        849.0,
        774.0,
        790.0,
        690.0,
        741.0,
        694.0,
        755.0,
        662.0,
        556.0,
        617.0,
        549.0,
        629.0,
        552.0,
        543.0,
        422.0,
        521.0,
        433.0,
        399.0,
        374.0,
        269.0,
        267.0,
        205.0,
        204.0,
        198.0,
        140.0,
        141.0,
        130.0,
        121.0,
        109.0,
        98.0,
        91.0,
        103.0,
        97.0,
        118.0,
        127.0,
        117.0,
        142.0,
        128.0,
        133.0,
        153.0,
        151.0,
        148.0,
        142.0,
        125.0,
        158.0,
        165.0,
        169.0,
        166.0,
        151.0,
        154.0,
        166.0,
        172.0,
        172.0,
        177.0,
        180.0,
        199.0,
        176.0,
        206.0,
        181.0,
        194.0,
        187.0,
        174.0,
        154.0,
        170.0,
        174.0,
        192.0,
        217.0,
        230.0,
        275.0,
        278.0,
        267.0,
        276.0,
        238.0,
        223.0,
        264.0,
        287.0,
        261.0,
        269.0,
        215.0,
        166.0,
        165.0,
        72.0,
        21.0,
        1.0,
        0.0,
        0.0,
        0.0,
        0.0,
        1.0,
        0.0,
        0.0,
        0.0,
        0.0,
        0.0,
        0.0,
        0.0,
        0.0,
        0.0
      ],
      "silhouette_mask_path": "C:\\Users\\shrad\\TrendWeave\\MERGE_OUTPUT_FINAL\\Catwalks__Women_s_Colour_A_W_25_26_en\\page_6\\img_3_mask_1.png"
    },
    {
      "yolo_label": "person",
      "bbox": [
        458.0835876464844,
        123.65836334228516,
        540.3670043945312,
        223.3380126953125
      ],
      "confidence": 0.5047334432601929,
      "clip_attributes": {
        "palette": {
          "label": "pastel",
          "confidence": 0.231132373213768
        },
        "dress_silhouette": {
          "label": "shirt dress",
          "confidence": 0.21220234036445618
        },
        "neckline": {
          "label": "square neckline",
          "confidence": 0.2347201257944107
        },
        "sleeve_type": {
          "label": "sleeveless",
          "confidence": 0.2206895351409912
        },
        "top_silhouette": {
          "label": "crop top",
          "confidence": 0.2180297076702118
        },
        "bottom_style": {
          "label": "flared pants",
          "confidence": 0.2151559740304947
        },
        "outerwear": {
          "label": "shrug",
          "confidence": 0.23257039487361908
        },
        "shoe_type": {
          "label": "ankle boots",
          "confidence": 0.2163432389497757
        },
        "bag_type": {
          "label": "clutch",
          "confidence": 0.20890012383460999
        },
        "accessory": {
          "label": "watch",
          "confidence": 0.2278696745634079
        },
        "hairstyle": {
          "label": "straight hair",
          "confidence": 0.21761156618595123
        },
        "setting": {
          "label": "party night",
          "confidence": 0.213150292634964
        },
        "fabric_type": {
          "label": "organza",
          "confidence": 0.2203993797302246
        },
        "season": {
          "label": "spring",
          "confidence": 0.20397111773490906
        },
        "style_theme": {
          "label": "y2k",
          "confidence": 0.2158862054347992
        }
      },
      "dominant_colors": [
        [
          101,
          138,
          141
        ],
        [
          11,
          130,
          128
        ],
        [
          57,
          135,
          131
        ]
      ],
      "texture_histogram": [
        0.0,
        6.0,
        67.0,
        174.0,
        466.0,
        216.0,
        143.0,
        114.0,
        73.0,
        67.0,
        88.0,
        88.0,
        103.0,
        91.0,
        120.0,
        100.0,
        71.0,
        74.0,
        70.0,
        68.0,
        58.0,
        64.0,
        45.0,
        52.0,
        48.0,
        52.0,
        47.0,
        54.0,
        50.0,
        56.0,
        66.0,
        60.0,
        63.0,
        55.0,
        72.0,
        69.0,
        58.0,
        92.0,
        77.0,
        87.0,
        66.0,
        64.0,
        58.0,
        67.0,
        76.0,
        56.0,
        76.0,
        71.0,
        83.0,
        93.0,
        63.0,
        72.0,
        79.0,
        88.0,
        59.0,
        90.0,
        71.0,
        78.0,
        74.0,
        81.0,
        74.0,
        81.0,
        103.0,
        113.0,
        87.0,
        81.0,
        67.0,
        57.0,
        60.0,
        64.0,
        51.0,
        68.0,
        62.0,
        66.0,
        70.0,
        80.0,
        84.0,
        75.0,
        67.0,
        69.0,
        78.0,
        51.0,
        64.0,
        73.0,
        70.0,
        82.0,
        86.0,
        73.0,
        82.0,
        62.0,
        56.0,
        66.0,
        79.0,
        65.0,
        49.0,
        44.0,
        40.0,
        35.0,
        38.0,
        42.0,
        38.0,
        23.0,
        33.0,
        25.0,
        29.0,
        34.0,
        19.0,
        32.0,
        22.0,
        13.0,
        25.0,
        13.0,
        9.0,
        5.0,
        6.0,
        5.0,
        4.0,
        9.0,
        8.0,
        8.0,
        8.0,
        6.0,
        4.0,
        6.0,
        6.0,
        5.0,
        8.0,
        11.0,
        7.0,
        13.0,
        7.0,
        11.0,
        8.0,
        8.0,
        8.0,
        13.0,
        1.0,
        7.0,
        5.0,
        9.0,
        6.0,
        4.0,
        5.0,
        7.0,
        9.0,
        6.0,
        6.0,
        12.0,
        5.0,
        3.0,
        6.0,
        3.0,
        3.0,
        4.0,
        0.0,
        3.0,
        2.0,
        1.0,
        1.0,
        0.0,
        0.0,
        0.0,
        0.0,
        0.0,
        0.0,
        0.0,
        0.0,
        0.0,
        0.0,
        0.0,
        0.0,
        0.0,
        0.0,
        0.0,
        0.0,
        0.0,
        0.0,
        0.0,
        0.0,
        0.0,
        0.0,
        0.0,
        0.0,
        0.0,
        0.0,
        0.0,
        0.0,
        0.0,
        0.0,
        0.0,
        0.0,
        0.0,
        0.0,
        0.0,
        0.0,
        0.0,
        0.0,
        0.0,
        0.0,
        0.0,
        0.0,
        0.0,
        0.0,
        0.0,
        0.0,
        0.0,
        0.0,
        0.0,
        0.0,
        0.0,
        0.0,
        0.0,
        0.0,
        0.0,
        0.0,
        0.0,
        0.0,
        0.0,
        0.0,
        0.0,
        0.0,
        0.0,
        0.0,
        0.0,
        0.0,
        0.0,
        0.0,
        0.0,
        0.0,
        0.0,
        0.0,
        0.0,
        0.0,
        0.0,
        0.0,
        0.0,
        0.0,
        0.0,
        0.0,
        0.0,
        0.0,
        0.0,
        0.0,
        0.0,
        0.0,
        0.0,
        0.0,
        0.0,
        0.0,
        0.0,
        0.0,
        0.0,
        0.0,
        0.0,
        0.0,
        0.0
      ],
      "silhouette_mask_path": "C:\\Users\\shrad\\TrendWeave\\MERGE_OUTPUT_FINAL\\Catwalks__Women_s_Colour_A_W_25_26_en\\page_6\\img_3_mask_2.png"
    },
    {
      "yolo_label": "person",
      "bbox": [
        0.09988603740930557,
        145.1790313720703,
        46.91756820678711,
        480.8824157714844
      ],
      "confidence": 0.378670871257782,
      "clip_attributes": {
        "palette": {
          "label": "muted tones",
          "confidence": 0.23100140690803528
        },
        "neckline": {
          "label": "v-neck",
          "confidence": 0.2532179355621338
        },
        "sleeve_type": {
          "label": "half sleeves",
          "confidence": 0.23004919290542603
        },
        "top_silhouette": {
          "label": "hoodie",
          "confidence": 0.23588162660598755
        },
        "bottom_style": {
          "label": "chinos",
          "confidence": 0.23511174321174622
        },
        "outerwear": {
          "label": "hoodie",
          "confidence": 0.23588162660598755
        },
        "shoe_type": {
          "label": "boots",
          "confidence": 0.2274678349494934
        },
        "bag_type": {
          "label": "backpack",
          "confidence": 0.22098654508590698
        },
        "accessory": {
          "label": "bracelet",
          "confidence": 0.24819272756576538
        },
        "hairstyle": {
          "label": "undercut",
          "confidence": 0.23962344229221344
        },
        "setting": {
          "label": "date night",
          "confidence": 0.2082834243774414
        },
        "fabric_type": {
          "label": "wool",
          "confidence": 0.23967905342578888
        },
        "season": {
          "label": "monsoon",
          "confidence": 0.22733043134212494
        },
        "style_theme": {
          "label": "minimalist",
          "confidence": 0.24149547517299652
        }
      },
      "dominant_colors": [
        [
          13,
          129,
          126
        ],
        [
          63,
          129,
          122
        ],
        [
          122,
          136,
          130
        ]
      ],
      "texture_histogram": [
        0.0,
        12.0,
        30.0,
        116.0,
        158.0,
        345.0,
        416.0,
        350.0,
        245.0,
        180.0,
        145.0,
        122.0,
        144.0,
        156.0,
        150.0,
        135.0,
        126.0,
        134.0,
        124.0,
        97.0,
        108.0,
        106.0,
        120.0,
        110.0,
        116.0,
        113.0,
        122.0,
        111.0,
        80.0,
        75.0,
        106.0,
        97.0,
        83.0,
        101.0,
        85.0,
        70.0,
        94.0,
        101.0,
        75.0,
        85.0,
        97.0,
        109.0,
        103.0,
        163.0,
        152.0,
        143.0,
        143.0,
        152.0,
        127.0,
        145.0,
        186.0,
        197.0,
        200.0,
        194.0,
        196.0,
        207.0,
        215.0,
        306.0,
        366.0,
        391.0,
        409.0,
        492.0,
        537.0,
        427.0,
        392.0,
        278.0,
        197.0,
        124.0,
        120.0,
        108.0,
        109.0,
        115.0,
        106.0,
        106.0,
        145.0,
        129.0,
        113.0,
        104.0,
        67.0,
        50.0,
        29.0,
        25.0,
        30.0,
        56.0,
        45.0,
        37.0,
        39.0,
        31.0,
        39.0,
        24.0,
        38.0,
        40.0,
        36.0,
        39.0,
        55.0,
        52.0,
        26.0,
        43.0,
        39.0,
        38.0,
        40.0,
        40.0,
        44.0,
        37.0,
        28.0,
        36.0,
        33.0,
        48.0,
        39.0,
        44.0,
        36.0,
        45.0,
        48.0,
        40.0,
        53.0,
        54.0,
        58.0,
        51.0,
        48.0,
        41.0,
        41.0,
        38.0,
        34.0,
        31.0,
        28.0,
        27.0,
        29.0,
        22.0,
        20.0,
        31.0,
        21.0,
        23.0,
        22.0,
        23.0,
        17.0,
        21.0,
        26.0,
        17.0,
        19.0,
        11.0,
        9.0,
        10.0,
        13.0,
        14.0,
        10.0,
        14.0,
        15.0,
        13.0,
        7.0,
        9.0,
        11.0,
        11.0,
        11.0,
        9.0,
        8.0,
        7.0,
        9.0,
        9.0,
        6.0,
        7.0,
        5.0,
        6.0,
        4.0,
        4.0,
        1.0,
        0.0,
        0.0,
        0.0,
        0.0,
        0.0,
        0.0,
        0.0,
        0.0,
        0.0,
        0.0,
        0.0,
        0.0,
        0.0,
        0.0,
        0.0,
        0.0,
        0.0,
        0.0,
        0.0,
        0.0,
        0.0,
        0.0,
        0.0,
        0.0,
        0.0,
        0.0,
        0.0,
        0.0,
        0.0,
        0.0,
        0.0,
        0.0,
        0.0,
        0.0,
        0.0,
        0.0,
        0.0,
        0.0,
        0.0,
        0.0,
        0.0,
        0.0,
        0.0,
        0.0,
        0.0,
        0.0,
        0.0,
        0.0,
        0.0,
        0.0,
        0.0,
        0.0,
        0.0,
        0.0,
        0.0,
        0.0,
        0.0,
        0.0,
        0.0,
        0.0,
        0.0,
        0.0,
        0.0,
        0.0,
        0.0,
        0.0,
        0.0,
        0.0,
        0.0,
        0.0,
        0.0,
        0.0,
        0.0,
        0.0,
        0.0,
        0.0,
        0.0,
        0.0,
        0.0,
        0.0,
        0.0,
        0.0,
        0.0,
        0.0,
        0.0,
        0.0,
        0.0,
        0.0,
        0.0,
        0.0,
        0.0
      ],
      "silhouette_mask_path": "C:\\Users\\shrad\\TrendWeave\\MERGE_OUTPUT_FINAL\\Catwalks__Women_s_Colour_A_W_25_26_en\\page_6\\img_3_mask_3.png"
    }
  ],
  "pose_keypoints": [
    {
      "x": 0.8299897313117981,
      "y": 0.25446468591690063,
      "z": -0.1363483965396881,
      "visibility": 0.999882698059082
    },
    {
      "x": 0.8454245328903198,
      "y": 0.23722617328166962,
      "z": -0.1163802221417427,
      "visibility": 0.999734103679657
    },
    {
      "x": 0.8509758710861206,
      "y": 0.23685264587402344,
      "z": -0.11641424894332886,
      "visibility": 0.999811589717865
    },
    {
      "x": 0.8569741249084473,
      "y": 0.23679058253765106,
      "z": -0.11646159738302231,
      "visibility": 0.9997928738594055
    },
    {
      "x": 0.823428213596344,
      "y": 0.2424287497997284,
      "z": -0.10417280346155167,
      "visibility": 0.9995720982551575
    },
    {
      "x": 0.8104670643806458,
      "y": 0.2456684112548828,
      "z": -0.10423409193754196,
      "visibility": 0.9997022747993469
    },
    {
      "x": 0.8075332641601562,
      "y": 0.24777460098266602,
      "z": -0.10434874892234802,
      "visibility": 0.9997063279151917
    },
    {
      "x": 0.8874272108078003,
      "y": 0.24902711808681488,
      "z": -0.02075776644051075,
      "visibility": 0.9997554421424866
    },
    {
      "x": 0.8112929463386536,
      "y": 0.2635367214679718,
      "z": 0.03960411623120308,
      "visibility": 0.999313473701477
    },
    {
      "x": 0.8547046780586243,
      "y": 0.2718046009540558,
      "z": -0.10172131657600403,
      "visibility": 0.9999583959579468
    },
    {
      "x": 0.8290292620658875,
      "y": 0.27739956974983215,
      "z": -0.08442547917366028,
      "visibility": 0.9999176263809204
    },
    {
      "x": 0.9692268967628479,
      "y": 0.3555182218551636,
      "z": -0.010336112231016159,
      "visibility": 0.9999411106109619
    },
    {
      "x": 0.7799733877182007,
      "y": 0.35962793231010437,
      "z": 0.04120880365371704,
      "visibility": 0.9996912479400635
    },
    {
      "x": 0.9817408919334412,
      "y": 0.4823041558265686,
      "z": -0.14163319766521454,
      "visibility": 0.9199020266532898
    },
    {
      "x": 0.7605618834495544,
      "y": 0.47215914726257324,
      "z": -0.05544393137097359,
      "visibility": 0.8509292006492615
    },
    {
      "x": 0.8762434720993042,
      "y": 0.5354073643684387,
      "z": -0.3025873601436615,
      "visibility": 0.7883527874946594
    },
    {
      "x": 0.8168971538543701,
      "y": 0.5350621342658997,
      "z": -0.23576943576335907,
      "visibility": 0.6261857151985168
    },
    {
      "x": 0.8612986207008362,
      "y": 0.5677860975265503,
      "z": -0.35927310585975647,
      "visibility": 0.7302619218826294
    },
    {
      "x": 0.8261526226997375,
      "y": 0.5673453211784363,
      "z": -0.290953665971756,
      "visibility": 0.5749123096466064
    },
    {
      "x": 0.8452425599098206,
      "y": 0.5508488416671753,
      "z": -0.3600785732269287,
      "visibility": 0.7341399788856506
    },
    {
      "x": 0.847425103187561,
      "y": 0.548651933670044,
      "z": -0.30228784680366516,
      "visibility": 0.584671139717102
    },
    {
      "x": 0.8467115759849548,
      "y": 0.5407868027687073,
      "z": -0.3050021231174469,
      "visibility": 0.6947358846664429
    },
    {
      "x": 0.8469597697257996,
      "y": 0.5397524833679199,
      "z": -0.24472813308238983,
      "visibility": 0.5658769607543945
    },
    {
      "x": 0.9331247210502625,
      "y": 0.5674009919166565,
      "z": -0.003653845749795437,
      "visibility": 0.9996986389160156
    },
    {
      "x": 0.8266459703445435,
      "y": 0.5681596994400024,
      "z": 0.004155889619141817,
      "visibility": 0.9994046688079834
    },
    {
      "x": 0.9629464149475098,
      "y": 0.5797669291496277,
      "z": -0.6106524467468262,
      "visibility": 0.994574248790741
    },
    {
      "x": 0.8123980760574341,
      "y": 0.6059592962265015,
      "z": -0.5527364015579224,
      "visibility": 0.9805590510368347
    },
    {
      "x": 0.9532647728919983,
      "y": 0.7781392335891724,
      "z": -0.3430633842945099,
      "visibility": 0.982027530670166
    },
    {
      "x": 0.8266469836235046,
      "y": 0.7829110026359558,
      "z": -0.3392070233821869,
      "visibility": 0.9567943215370178
    },
    {
      "x": 0.9595738053321838,
      "y": 0.8003693222999573,
      "z": -0.32334935665130615,
      "visibility": 0.8520894646644592
    },
    {
      "x": 0.8308690786361694,
      "y": 0.8199957609176636,
      "z": -0.32169657945632935,
      "visibility": 0.8063651919364929
    },
    {
      "x": 0.9507982730865479,
      "y": 0.8634791970252991,
      "z": -0.5541929602622986,
      "visibility": 0.9679720997810364
    },
    {
      "x": 0.8216807246208191,
      "y": 0.868159294128418,
      "z": -0.5513251423835754,
      "visibility": 0.9546878337860107
    }
  ]
}