{
  "image": "C:\\Users\\shrad\\TrendWeave\\TrendWeave\\extracted_data\\Catwalks__Women_s_Colour_A_W_25_26_en\\page_26\\img_4.jpeg",
  "items": [
    {
      "yolo_label": "person",
      "bbox": [
        0.0,
        198.2196502685547,
        83.06576538085938,
        480.43682861328125
      ],
      "confidence": 0.862860918045044,
      "clip_attributes": {
        "palette": {
          "label": "muted tones",
          "confidence": 0.18640711903572083
        },
        "neckline": {
          "label": "polo",
          "confidence": 0.16934694349765778
        },
        "sleeve_type": {
          "label": "long sleeves",
          "confidence": 0.1780853122472763
        },
        "top_silhouette": {
          "label": "hoodie",
          "confidence": 0.17242464423179626
        },
        "bottom_style": {
          "label": "cargo shorts",
          "confidence": 0.19774389266967773
        },
        "outerwear": {
          "label": "leather jacket",
          "confidence": 0.19743363559246063
        },
        "shoe_type": {
          "label": "loafers",
          "confidence": 0.18259945511817932
        },
        "bag_type": {
          "label": "messenger bag",
          "confidence": 0.22405479848384857
        },
        "accessory": {
          "label": "watch",
          "confidence": 0.189525306224823
        },
        "hairstyle": {
          "label": "undercut",
          "confidence": 0.17131684720516205
        },
        "setting": {
          "label": "smart casual",
          "confidence": 0.19741269946098328
        },
        "fabric_type": {
          "label": "wool",
          "confidence": 0.17315928637981415
        },
        "season": {
          "label": "winter",
          "confidence": 0.1739698052406311
        },
        "style_theme": {
          "label": "streetwear",
          "confidence": 0.17465706169605255
        }
      },
      "dominant_colors": [
        [
          17,
          127,
          125
        ],
        [
          202,
          130,
          124
        ],
        [
          84,
          135,
          131
        ]
      ],
      "texture_histogram": [
        160.0,
        377.0,
        323.0,
        330.0,
        411.0,
        389.0,
        377.0,
        443.0,
        414.0,
        404.0,
        394.0,
        391.0,
        367.0,
        373.0,
        393.0,
        415.0,
        488.0,
        526.0,
        560.0,
        539.0,
        396.0,
        366.0,
        325.0,
        269.0,
        276.0,
        279.0,
        293.0,
        286.0,
        286.0,
        310.0,
        272.0,
        283.0,
        258.0,
        214.0,
        207.0,
        209.0,
        200.0,
        184.0,
        178.0,
        183.0,
        157.0,
        147.0,
        137.0,
        137.0,
        139.0,
        117.0,
        94.0,
        88.0,
        91.0,
        71.0,
        98.0,
        89.0,
        83.0,
        90.0,
        74.0,
        77.0,
        73.0,
        65.0,
        70.0,
        67.0,
        56.0,
        64.0,
        65.0,
        57.0,
        48.0,
        67.0,
        78.0,
        63.0,
        62.0,
        48.0,
        63.0,
        56.0,
        53.0,
        43.0,
        47.0,
        55.0,
        51.0,
        43.0,
        44.0,
        35.0,
        38.0,
        35.0,
        36.0,
        57.0,
        44.0,
        38.0,
        45.0,
        51.0,
        44.0,
        32.0,
        45.0,
        48.0,
        42.0,
        31.0,
        38.0,
        35.0,
        23.0,
        37.0,
        37.0,
        42.0,
        41.0,
        33.0,
        38.0,
        41.0,
        31.0,
        36.0,
        43.0,
        49.0,
        42.0,
        39.0,
        31.0,
        24.0,
        26.0,
        27.0,
        21.0,
        24.0,
        15.0,
        14.0,
        18.0,
        9.0,
        15.0,
        12.0,
        11.0,
        7.0,
        12.0,
        6.0,
        13.0,
        6.0,
        8.0,
        11.0,
        15.0,
        9.0,
        10.0,
        7.0,
        10.0,
        9.0,
        6.0,
        8.0,
        14.0,
        10.0,
        12.0,
        8.0,
        13.0,
        5.0,
        3.0,
        10.0,
        14.0,
        17.0,
        31.0,
        21.0,
        25.0,
        15.0,
        12.0,
        10.0,
        3.0,
        5.0,
        8.0,
        5.0,
        13.0,
        5.0,
        6.0,
        11.0,
        15.0,
        22.0,
        6.0,
        14.0,
        10.0,
        13.0,
        8.0,
        15.0,
        27.0,
        4.0,
        11.0,
        8.0,
        18.0,
        9.0,
        11.0,
        8.0,
        21.0,
        30.0,
        52.0,
        52.0,
        62.0,
        34.0,
        43.0,
        68.0,
        60.0,
        62.0,
        62.0,
        75.0,
        63.0,
        64.0,
        77.0,
        97.0,
        95.0,
        129.0,
        150.0,
        158.0,
        156.0,
        136.0,
        156.0,
        197.0,
        234.0,
        248.0,
        234.0,
        268.0,
        250.0,
        228.0,
        282.0,
        232.0,
        215.0,
        197.0,
        201.0,
        116.0,
        60.0,
        20.0,
        18.0,
        5.0,
        6.0,
        2.0,
        1.0,
        8.0,
        5.0,
        4.0,
        3.0,
        4.0,
        5.0,
        1.0,
        0.0,
        0.0,
        0.0,
        0.0,
        0.0,
        0.0,
        0.0,
        0.0,
        0.0,
        0.0,
        0.0,
        0.0,
        0.0,
        0.0,
        0.0,
        0.0,
        0.0,
        0.0,
        0.0,
        0.0,
        0.0,
        0.0,
        0.0,
        0.0,
        0.0,
        0.0,
        0.0,
        0.0
      ],
      "silhouette_mask_path": "C:\\Users\\shrad\\TrendWeave\\MERGE_OUTPUT_FINAL\\Catwalks__Women_s_Colour_A_W_25_26_en\\page_26\\img_4_mask_0.png"
    },
    {
      "yolo_label": "person",
      "bbox": [
        328.8792724609375,
        166.32907104492188,
        367.3725891113281,
        298.0314025878906
      ],
      "confidence": 0.8381896615028381,
      "clip_attributes": {
        "palette": {
          "label": "earth tones",
          "confidence": 0.2169768363237381
        },
        "dress_silhouette": {
          "label": "maxi dress",
          "confidence": 0.28408029675483704
        },
        "neckline": {
          "label": "square neckline",
          "confidence": 0.2635383605957031
        },
        "sleeve_type": {
          "label": "bell sleeves",
          "confidence": 0.2548198997974396
        },
        "top_silhouette": {
          "label": "wrap top",
          "confidence": 0.23914387822151184
        },
        "bottom_style": {
          "label": "wide-leg pants",
          "confidence": 0.25271084904670715
        },
        "outerwear": {
          "label": "long coat",
          "confidence": 0.2592884302139282
        },
        "shoe_type": {
          "label": "ankle boots",
          "confidence": 0.2283351868391037
        },
        "bag_type": {
          "label": "shoulder bag",
          "confidence": 0.23473544418811798
        },
        "accessory": {
          "label": "scarf",
          "confidence": 0.21362009644508362
        },
        "hairstyle": {
          "label": "ponytail",
          "confidence": 0.2025451511144638
        },
        "setting": {
          "label": "office wear",
          "confidence": 0.23948954045772552
        },
        "fabric_type": {
          "label": "organza",
          "confidence": 0.23563534021377563
        },
        "season": {
          "label": "winter",
          "confidence": 0.21337522566318512
        },
        "style_theme": {
          "label": "elegant chic",
          "confidence": 0.24068546295166016
        }
      },
      "dominant_colors": [
        [
          32,
          129,
          124
        ],
        [
          228,
          132,
          127
        ],
        [
          160,
          136,
          129
        ]
      ],
      "texture_histogram": [
        0.0,
        0.0,
        0.0,
        0.0,
        2.0,
        0.0,
        1.0,
        4.0,
        0.0,
        4.0,
        8.0,
        10.0,
        19.0,
        13.0,
        24.0,
        42.0,
        44.0,
        47.0,
        43.0,
        36.0,
        33.0,
        38.0,
        43.0,
        58.0,
        70.0,
        112.0,
        135.0,
        153.0,
        117.0,
        102.0,
        94.0,
        83.0,
        108.0,
        137.0,
        145.0,
        99.0,
        93.0,
        74.0,
        45.0,
        36.0,
        34.0,
        27.0,
        25.0,
        20.0,
        19.0,
        19.0,
        10.0,
        7.0,
        5.0,
        4.0,
        5.0,
        7.0,
        11.0,
        9.0,
        7.0,
        10.0,
        13.0,
        8.0,
        7.0,
        7.0,
        15.0,
        10.0,
        5.0,
        7.0,
        2.0,
        4.0,
        4.0,
        7.0,
        8.0,
        10.0,
        4.0,
        6.0,
        4.0,
        6.0,
        11.0,
        4.0,
        5.0,
        9.0,
        12.0,
        5.0,
        7.0,
        5.0,
        8.0,
        7.0,
        7.0,
        8.0,
        4.0,
        4.0,
        7.0,
        6.0,
        3.0,
        10.0,
        3.0,
        1.0,
        2.0,
        3.0,
        4.0,
        7.0,
        8.0,
        4.0,
        5.0,
        7.0,
        2.0,
        8.0,
        7.0,
        2.0,
        6.0,
        2.0,
        8.0,
        2.0,
        6.0,
        3.0,
        7.0,
        7.0,
        4.0,
        5.0,
        6.0,
        9.0,
        5.0,
        6.0,
        2.0,
        8.0,
        8.0,
        6.0,
        7.0,
        10.0,
        4.0,
        7.0,
        8.0,
        5.0,
        13.0,
        4.0,
        5.0,
        9.0,
        8.0,
        3.0,
        10.0,
        7.0,
        8.0,
        9.0,
        8.0,
        10.0,
        9.0,
        8.0,
        8.0,
        10.0,
        12.0,
        7.0,
        5.0,
        11.0,
        13.0,
        14.0,
        14.0,
        6.0,
        7.0,
        11.0,
        10.0,
        11.0,
        16.0,
        7.0,
        13.0,
        17.0,
        12.0,
        18.0,
        13.0,
        13.0,
        6.0,
        18.0,
        13.0,
        18.0,
        14.0,
        31.0,
        20.0,
        16.0,
        21.0,
        21.0,
        25.0,
        21.0,
        26.0,
        12.0,
        19.0,
        23.0,
        19.0,
        19.0,
        21.0,
        22.0,
        17.0,
        17.0,
        22.0,
        13.0,
        12.0,
        19.0,
        16.0,
        17.0,
        17.0,
        14.0,
        17.0,
        19.0,
        9.0,
        16.0,
        12.0,
        20.0,
        21.0,
        17.0,
        17.0,
        16.0,
        24.0,
        41.0,
        33.0,
        26.0,
        33.0,
        25.0,
        40.0,
        36.0,
        32.0,
        24.0,
        27.0,
        28.0,
        17.0,
        20.0,
        14.0,
        12.0,
        8.0,
        10.0,
        13.0,
        4.0,
        14.0,
        22.0,
        15.0,
        24.0,
        11.0,
        17.0,
        18.0,
        20.0,
        23.0,
        26.0,
        22.0,
        16.0,
        23.0,
        27.0,
        39.0,
        50.0,
        59.0,
        49.0,
        57.0,
        70.0,
        93.0,
        40.0,
        23.0,
        25.0,
        28.0,
        28.0,
        9.0,
        12.0,
        4.0,
        1.0
      ],
      "silhouette_mask_path": "C:\\Users\\shrad\\TrendWeave\\MERGE_OUTPUT_FINAL\\Catwalks__Women_s_Colour_A_W_25_26_en\\page_26\\img_4_mask_1.png"
    },
    {
      "yolo_label": "person",
      "bbox": [
        130.23912048339844,
        26.589147567749023,
        315.1559143066406,
        626.64453125
      ],
      "confidence": 0.8169756531715393,
      "clip_attributes": {
        "palette": {
          "label": "bold colors",
          "confidence": 0.2376847118139267
        },
        "dress_silhouette": {
          "label": "fit and flare",
          "confidence": 0.25615599751472473
        },
        "neckline": {
          "label": "square neckline",
          "confidence": 0.2630695104598999
        },
        "sleeve_type": {
          "label": "bell sleeves",
          "confidence": 0.29490891098976135
        },
        "top_silhouette": {
          "label": "wrap top",
          "confidence": 0.23936495184898376
        },
        "bottom_style": {
          "label": "culottes",
          "confidence": 0.27317923307418823
        },
        "outerwear": {
          "label": "long coat",
          "confidence": 0.2935299277305603
        },
        "shoe_type": {
          "label": "ankle boots",
          "confidence": 0.21887433528900146
        },
        "bag_type": {
          "label": "shoulder bag",
          "confidence": 0.22483380138874054
        },
        "accessory": {
          "label": "scarf",
          "confidence": 0.21108537912368774
        },
        "hairstyle": {
          "label": "high bun",
          "confidence": 0.20778270065784454
        },
        "setting": {
          "label": "brunch look",
          "confidence": 0.2561488151550293
        },
        "fabric_type": {
          "label": "satin",
          "confidence": 0.2787451446056366
        },
        "season": {
          "label": "winter",
          "confidence": 0.2100762128829956
        },
        "style_theme": {
          "label": "elegant chic",
          "confidence": 0.2597443461418152
        }
      },
      "dominant_colors": [
        [
          78,
          169,
          156
        ],
        [
          212,
          131,
          129
        ],
        [
          137,
          140,
          140
        ]
      ],
      "texture_histogram": [
        1.0,
        7.0,
        23.0,
        25.0,
        24.0,
        37.0,
        39.0,
        61.0,
        53.0,
        56.0,
        72.0,
        56.0,
        52.0,
        65.0,
        54.0,
        66.0,
        79.0,
        82.0,
        105.0,
        126.0,
        131.0,
        137.0,
        135.0,
        140.0,
        144.0,
        159.0,
        142.0,
        159.0,
        133.0,
        180.0,
        210.0,
        215.0,
        276.0,
        317.0,
        337.0,
        452.0,
        448.0,
        479.0,
        511.0,
        549.0,
        590.0,
        584.0,
        695.0,
        673.0,
        683.0,
        784.0,
        1446.0,
        1074.0,
        958.0,
        1154.0,
        1100.0,
        1163.0,
        1111.0,
        1216.0,
        1038.0,
        1085.0,
        1338.0,
        1126.0,
        1159.0,
        840.0,
        1096.0,
        1474.0,
        1458.0,
        1114.0,
        892.0,
        783.0,
        681.0,
        653.0,
        764.0,
        578.0,
        559.0,
        496.0,
        430.0,
        387.0,
        365.0,
        390.0,
        367.0,
        376.0,
        381.0,
        388.0,
        405.0,
        413.0,
        400.0,
        407.0,
        392.0,
        351.0,
        374.0,
        338.0,
        314.0,
        357.0,
        321.0,
        346.0,
        304.0,
        297.0,
        322.0,
        292.0,
        267.0,
        265.0,
        232.0,
        272.0,
        247.0,
        246.0,
        296.0,
        283.0,
        322.0,
        326.0,
        337.0,
        297.0,
        323.0,
        344.0,
        349.0,
        352.0,
        333.0,
        383.0,
        369.0,
        370.0,
        397.0,
        363.0,
        403.0,
        370.0,
        333.0,
        314.0,
        307.0,
        306.0,
        309.0,
        288.0,
        360.0,
        338.0,
        304.0,
        370.0,
        318.0,
        315.0,
        267.0,
        222.0,
        224.0,
        235.0,
        213.0,
        200.0,
        193.0,
        196.0,
        176.0,
        201.0,
        173.0,
        178.0,
        216.0,
        226.0,
        229.0,
        269.0,
        268.0,
        285.0,
        307.0,
        288.0,
        306.0,
        336.0,
        317.0,
        316.0,
        285.0,
        304.0,
        331.0,
        302.0,
        271.0,
        278.0,
        288.0,
        269.0,
        287.0,
        338.0,
        306.0,
        335.0,
        413.0,
        453.0,
        384.0,
        422.0,
        456.0,
        490.0,
        473.0,
        423.0,
        449.0,
        477.0,
        479.0,
        484.0,
        518.0,
        520.0,
        478.0,
        565.0,
        484.0,
        560.0,
        576.0,
        500.0,
        475.0,
        492.0,
        543.0,
        585.0,
        593.0,
        631.0,
        726.0,
        756.0,
        727.0,
        712.0,
        777.0,
        785.0,
        923.0,
        1009.0,
        1710.0,
        1956.0,
        965.0,
        615.0,
        671.0,
        552.0,
        499.0,
        409.0,
        382.0,
        350.0,
        424.0,
        417.0,
        406.0,
        420.0,
        362.0,
        323.0,
        317.0,
        306.0,
        306.0,
        295.0,
        294.0,
        246.0,
        313.0,
        239.0,
        236.0,
        206.0,
        189.0,
        190.0,
        251.0,
        277.0,
        502.0,
        558.0,
        414.0,
        376.0,
        298.0,
        336.0,
        417.0,
        863.0,
        678.0,
        883.0,
        708.0,
        620.0,
        623.0,
        1016.0,
        1242.0,
        351.0,
        144.0,
        89.0,
        118.0,
        122.0,
        199.0,
        289.0,
        184.0,
        44.0
      ],
      "silhouette_mask_path": "C:\\Users\\shrad\\TrendWeave\\MERGE_OUTPUT_FINAL\\Catwalks__Women_s_Colour_A_W_25_26_en\\page_26\\img_4_mask_2.png"
    },
    {
      "yolo_label": "handbag",
      "bbox": [
        0.027039622887969017,
        297.31494140625,
        87.53096771240234,
        373.6329650878906
      ],
      "confidence": 0.32321035861968994,
      "clip_attributes": {
        "palette": {
          "label": "pastel",
          "confidence": 0.1760733723640442
        },
        "dress_silhouette": {
          "label": "fit and flare",
          "confidence": 0.18206430971622467
        },
        "neckline": {
          "label": "square neckline",
          "confidence": 0.17173278331756592
        },
        "sleeve_type": {
          "label": "puffed sleeves",
          "confidence": 0.17815758287906647
        },
        "top_silhouette": {
          "label": "peplum",
          "confidence": 0.1637500673532486
        },
        "bottom_style": {
          "label": "culottes",
          "confidence": 0.19189676642417908
        },
        "outerwear": {
          "label": "long coat",
          "confidence": 0.19045108556747437
        },
        "shoe_type": {
          "label": "ankle boots",
          "confidence": 0.17255139350891113
        },
        "bag_type": {
          "label": "crossbody bag",
          "confidence": 0.23598749935626984
        },
        "accessory": {
          "label": "watch",
          "confidence": 0.19049839675426483
        },
        "hairstyle": {
          "label": "loose curls",
          "confidence": 0.16274969279766083
        },
        "setting": {
          "label": "street style",
          "confidence": 0.18767449259757996
        },
        "fabric_type": {
          "label": "organza",
          "confidence": 0.17091354727745056
        },
        "season": {
          "label": "winter",
          "confidence": 0.1723601222038269
        },
        "style_theme": {
          "label": "y2k",
          "confidence": 0.17378611862659454
        }
      },
      "dominant_colors": [
        [
          11,
          128,
          128
        ],
        [
          173,
          133,
          126
        ],
        [
          62,
          131,
          126
        ]
      ],
      "texture_histogram": [
        94.0,
        173.0,
        163.0,
        155.0,
        190.0,
        186.0,
        187.0,
        197.0,
        214.0,
        192.0,
        188.0,
        196.0,
        187.0,
        175.0,
        161.0,
        171.0,
        199.0,
        187.0,
        149.0,
        117.0,
        96.0,
        96.0,
        86.0,
        87.0,
        84.0,
        79.0,
        94.0,
        68.0,
        73.0,
        72.0,
        78.0,
        88.0,
        59.0,
        60.0,
        60.0,
        51.0,
        59.0,
        61.0,
        52.0,
        56.0,
        46.0,
        48.0,
        30.0,
        44.0,
        48.0,
        38.0,
        31.0,
        29.0,
        33.0,
        24.0,
        33.0,
        33.0,
        35.0,
        36.0,
        26.0,
        38.0,
        27.0,
        23.0,
        21.0,
        22.0,
        15.0,
        23.0,
        18.0,
        20.0,
        13.0,
        16.0,
        24.0,
        18.0,
        17.0,
        11.0,
        13.0,
        15.0,
        13.0,
        5.0,
        9.0,
        14.0,
        16.0,
        9.0,
        9.0,
        11.0,
        7.0,
        6.0,
        13.0,
        9.0,
        8.0,
        4.0,
        7.0,
        13.0,
        5.0,
        4.0,
        8.0,
        9.0,
        9.0,
        4.0,
        9.0,
        9.0,
        6.0,
        4.0,
        5.0,
        10.0,
        10.0,
        6.0,
        7.0,
        7.0,
        3.0,
        4.0,
        0.0,
        5.0,
        3.0,
        3.0,
        5.0,
        4.0,
        5.0,
        3.0,
        7.0,
        6.0,
        4.0,
        3.0,
        3.0,
        1.0,
        8.0,
        5.0,
        3.0,
        2.0,
        3.0,
        3.0,
        5.0,
        1.0,
        2.0,
        2.0,
        5.0,
        1.0,
        6.0,
        3.0,
        4.0,
        3.0,
        2.0,
        6.0,
        5.0,
        5.0,
        4.0,
        1.0,
        7.0,
        2.0,
        2.0,
        1.0,
        1.0,
        2.0,
        4.0,
        2.0,
        1.0,
        1.0,
        1.0,
        6.0,
        0.0,
        1.0,
        3.0,
        0.0,
        4.0,
        2.0,
        2.0,
        0.0,
        4.0,
        4.0,
        2.0,
        1.0,
        2.0,
        4.0,
        2.0,
        7.0,
        7.0,
        1.0,
        5.0,
        5.0,
        5.0,
        10.0,
        11.0,
        10.0,
        15.0,
        17.0,
        23.0,
        19.0,
        21.0,
        18.0,
        19.0,
        18.0,
        17.0,
        13.0,
        16.0,
        13.0,
        12.0,
        19.0,
        22.0,
        11.0,
        0.0,
        2.0,
        0.0,
        0.0,
        0.0,
        1.0,
        0.0,
        0.0,
        0.0,
        2.0,
        0.0,
        0.0,
        0.0,
        0.0,
        0.0,
        0.0,
        0.0,
        0.0,
        0.0,
        1.0,
        0.0,
        0.0,
        0.0,
        0.0,
        0.0,
        0.0,
        0.0,
        0.0,
        0.0,
        0.0,
        0.0,
        0.0,
        0.0,
        0.0,
        0.0,
        0.0,
        0.0,
        0.0,
        0.0,
        0.0,
        0.0,
        0.0,
        0.0,
        0.0,
        0.0,
        0.0,
        0.0,
        0.0,
        0.0,
        0.0,
        0.0,
        0.0,
        0.0,
        0.0,
        0.0,
        0.0,
        0.0,
        0.0,
        0.0,
        0.0,
        0.0,
        0.0
      ],
      "silhouette_mask_path": "C:\\Users\\shrad\\TrendWeave\\MERGE_OUTPUT_FINAL\\Catwalks__Women_s_Colour_A_W_25_26_en\\page_26\\img_4_mask_3.png"
    },
    {
      "yolo_label": "tie",
      "bbox": [
        148.9709014892578,
        178.81015014648438,
        226.78387451171875,
        237.03878784179688
      ],
      "confidence": 0.29827073216438293,
      "clip_attributes": {
        "palette": {
          "label": "bold colors",
          "confidence": 0.2147349715232849
        },
        "dress_silhouette": {
          "label": "wrap dress",
          "confidence": 0.2070254683494568
        },
        "neckline": {
          "label": "square neckline",
          "confidence": 0.2399245649576187
        },
        "sleeve_type": {
          "label": "bell sleeves",
          "confidence": 0.22678057849407196
        },
        "top_silhouette": {
          "label": "wrap top",
          "confidence": 0.20181691646575928
        },
        "bottom_style": {
          "label": "culottes",
          "confidence": 0.20468787848949432
        },
        "outerwear": {
          "label": "long coat",
          "confidence": 0.20364618301391602
        },
        "shoe_type": {
          "label": "ballet flats",
          "confidence": 0.19178590178489685
        },
        "bag_type": {
          "label": "shoulder bag",
          "confidence": 0.19959436357021332
        },
        "accessory": {
          "label": "watch",
          "confidence": 0.2216736376285553
        },
        "hairstyle": {
          "label": "ponytail",
          "confidence": 0.17163918912410736
        },
        "setting": {
          "label": "office wear",
          "confidence": 0.2075001448392868
        },
        "fabric_type": {
          "label": "organza",
          "confidence": 0.23016700148582458
        },
        "season": {
          "label": "fall",
          "confidence": 0.19182729721069336
        },
        "style_theme": {
          "label": "elegant chic",
          "confidence": 0.21190057694911957
        }
      },
      "dominant_colors": [
        [
          98,
          188,
          164
        ],
        [
          56,
          147,
          139
        ],
        [
          214,
          136,
          132
        ]
      ],
      "texture_histogram": [
        0.0,
        0.0,
        0.0,
        0.0,
        0.0,
        1.0,
        2.0,
        5.0,
        5.0,
        3.0,
        9.0,
        4.0,
        6.0,
        16.0,
        12.0,
        17.0,
        23.0,
        21.0,
        22.0,
        26.0,
        30.0,
        24.0,
        23.0,
        25.0,
        27.0,
        28.0,
        18.0,
        32.0,
        35.0,
        31.0,
        36.0,
        37.0,
        45.0,
        36.0,
        29.0,
        34.0,
        34.0,
        32.0,
        36.0,
        47.0,
        45.0,
        29.0,
        56.0,
        48.0,
        48.0,
        49.0,
        46.0,
        52.0,
        55.0,
        58.0,
        61.0,
        62.0,
        63.0,
        71.0,
        60.0,
        68.0,
        100.0,
        131.0,
        147.0,
        141.0,
        173.0,
        329.0,
        182.0,
        172.0,
        98.0,
        94.0,
        88.0,
        79.0,
        102.0,
        59.0,
        33.0,
        45.0,
        54.0,
        48.0,
        43.0,
        40.0,
        48.0,
        37.0,
        30.0,
        29.0,
        23.0,
        18.0,
        17.0,
        23.0,
        20.0,
        15.0,
        16.0,
        18.0,
        17.0,
        22.0,
        20.0,
        10.0,
        8.0,
        11.0,
        11.0,
        10.0,
        13.0,
        10.0,
        8.0,
        10.0,
        7.0,
        10.0,
        7.0,
        10.0,
        9.0,
        9.0,
        2.0,
        5.0,
        7.0,
        5.0,
        3.0,
        5.0,
        5.0,
        6.0,
        4.0,
        2.0,
        2.0,
        2.0,
        2.0,
        2.0,
        4.0,
        5.0,
        3.0,
        1.0,
        0.0,
        1.0,
        0.0,
        3.0,
        2.0,
        0.0,
        1.0,
        1.0,
        1.0,
        0.0,
        0.0,
        0.0,
        2.0,
        2.0,
        1.0,
        1.0,
        2.0,
        0.0,
        1.0,
        0.0,
        2.0,
        4.0,
        2.0,
        2.0,
        1.0,
        3.0,
        1.0,
        1.0,
        0.0,
        1.0,
        1.0,
        2.0,
        2.0,
        1.0,
        1.0,
        0.0,
        1.0,
        2.0,
        1.0,
        0.0,
        1.0,
        0.0,
        1.0,
        0.0,
        2.0,
        1.0,
        0.0,
        1.0,
        1.0,
        2.0,
        1.0,
        2.0,
        0.0,
        0.0,
        1.0,
        1.0,
        0.0,
        4.0,
        0.0,
        0.0,
        0.0,
        1.0,
        0.0,
        0.0,
        2.0,
        2.0,
        1.0,
        0.0,
        1.0,
        0.0,
        2.0,
        0.0,
        0.0,
        2.0,
        1.0,
        1.0,
        1.0,
        0.0,
        0.0,
        2.0,
        1.0,
        1.0,
        2.0,
        1.0,
        5.0,
        4.0,
        0.0,
        0.0,
        1.0,
        0.0,
        2.0,
        2.0,
        1.0,
        1.0,
        1.0,
        0.0,
        0.0,
        3.0,
        0.0,
        1.0,
        1.0,
        4.0,
        3.0,
        3.0,
        2.0,
        3.0,
        3.0,
        2.0,
        3.0,
        4.0,
        1.0,
        5.0,
        2.0,
        3.0,
        2.0,
        3.0,
        2.0,
        3.0,
        3.0,
        10.0,
        8.0,
        2.0,
        6.0,
        4.0,
        4.0,
        2.0,
        1.0,
        1.0,
        4.0,
        1.0,
        0.0,
        0.0
      ],
      "silhouette_mask_path": "C:\\Users\\shrad\\TrendWeave\\MERGE_OUTPUT_FINAL\\Catwalks__Women_s_Colour_A_W_25_26_en\\page_26\\img_4_mask_4.png"
    },
    {
      "yolo_label": "handbag",
      "bbox": [
        0.06651792675256729,
        324.3442687988281,
        68.32437896728516,
        369.6112365722656
      ],
      "confidence": 0.2627957761287689,
      "clip_attributes": {
        "palette": {
          "label": "earth tones",
          "confidence": 0.20856523513793945
        },
        "shoe_type": {
          "label": "canvas shoes",
          "confidence": 0.21446846425533295
        },
        "bag_type": {
          "label": "messenger bag",
          "confidence": 0.25182169675827026
        },
        "accessory": {
          "label": "watch",
          "confidence": 0.20963266491889954
        },
        "setting": {
          "label": "travel outfit",
          "confidence": 0.20946045219898224
        },
        "fabric_type": {
          "label": "nylon",
          "confidence": 0.21705538034439087
        },
        "season": {
          "label": "winter",
          "confidence": 0.1927841603755951
        },
        "style_theme": {
          "label": "athleisure",
          "confidence": 0.2122589647769928
        }
      },
      "dominant_colors": [
        [
          10,
          128,
          128
        ],
        [
          53,
          131,
          128
        ],
        [
          118,
          140,
          133
        ]
      ],
      "texture_histogram": [
        58.0,
        81.0,
        78.0,
        76.0,
        96.0,
        94.0,
        118.0,
        111.0,
        106.0,
        95.0,
        79.0,
        79.0,
        67.0,
        64.0,
        63.0,
        65.0,
        75.0,
        65.0,
        53.0,
        51.0,
        42.0,
        40.0,
        40.0,
        44.0,
        38.0,
        46.0,
        42.0,
        29.0,
        37.0,
        28.0,
        25.0,
        32.0,
        22.0,
        24.0,
        26.0,
        23.0,
        24.0,
        31.0,
        25.0,
        27.0,
        23.0,
        25.0,
        13.0,
        29.0,
        34.0,
        23.0,
        22.0,
        20.0,
        21.0,
        17.0,
        21.0,
        24.0,
        28.0,
        25.0,
        21.0,
        31.0,
        19.0,
        14.0,
        13.0,
        18.0,
        12.0,
        10.0,
        13.0,
        15.0,
        5.0,
        9.0,
        18.0,
        8.0,
        10.0,
        7.0,
        8.0,
        10.0,
        7.0,
        1.0,
        6.0,
        6.0,
        10.0,
        5.0,
        5.0,
        7.0,
        7.0,
        4.0,
        10.0,
        8.0,
        8.0,
        3.0,
        4.0,
        7.0,
        5.0,
        3.0,
        5.0,
        4.0,
        7.0,
        3.0,
        4.0,
        8.0,
        3.0,
        2.0,
        5.0,
        7.0,
        7.0,
        2.0,
        2.0,
        6.0,
        3.0,
        3.0,
        0.0,
        4.0,
        2.0,
        2.0,
        2.0,
        4.0,
        4.0,
        1.0,
        3.0,
        3.0,
        3.0,
        0.0,
        2.0,
        1.0,
        3.0,
        1.0,
        1.0,
        0.0,
        3.0,
        2.0,
        3.0,
        0.0,
        0.0,
        2.0,
        1.0,
        1.0,
        3.0,
        1.0,
        1.0,
        0.0,
        1.0,
        0.0,
        3.0,
        1.0,
        1.0,
        0.0,
        3.0,
        0.0,
        1.0,
        0.0,
        0.0,
        2.0,
        2.0,
        2.0,
        0.0,
        1.0,
        0.0,
        4.0,
        0.0,
        0.0,
        2.0,
        0.0,
        2.0,
        1.0,
        2.0,
        0.0,
        2.0,
        0.0,
        0.0,
        0.0,
        1.0,
        2.0,
        1.0,
        1.0,
        1.0,
        0.0,
        0.0,
        0.0,
        1.0,
        0.0,
        0.0,
        0.0,
        0.0,
        1.0,
        1.0,
        1.0,
        0.0,
        0.0,
        1.0,
        0.0,
        0.0,
        0.0,
        1.0,
        0.0,
        0.0,
        0.0,
        0.0,
        0.0,
        0.0,
        0.0,
        0.0,
        0.0,
        0.0,
        1.0,
        0.0,
        0.0,
        0.0,
        1.0,
        0.0,
        0.0,
        0.0,
        0.0,
        0.0,
        0.0,
        0.0,
        0.0,
        0.0,
        1.0,
        0.0,
        0.0,
        0.0,
        0.0,
        0.0,
        0.0,
        0.0,
        0.0,
        0.0,
        0.0,
        0.0,
        0.0,
        0.0,
        0.0,
        0.0,
        0.0,
        0.0,
        0.0,
        0.0,
        0.0,
        0.0,
        0.0,
        0.0,
        0.0,
        0.0,
        0.0,
        0.0,
        0.0,
        0.0,
        0.0,
        0.0,
        0.0,
        0.0,
        0.0,
        0.0,
        0.0,
        0.0,
        0.0,
        0.0,
        0.0,
        0.0,
        0.0
      ],
      "silhouette_mask_path": "C:\\Users\\shrad\\TrendWeave\\MERGE_OUTPUT_FINAL\\Catwalks__Women_s_Colour_A_W_25_26_en\\page_26\\img_4_mask_5.png"
    }
  ],
  "pose_keypoints": [
    {
      "x": 0.4712522327899933,
      "y": 0.11515539884567261,
      "z": -0.5102688074111938,
      "visibility": 0.9995405673980713
    },
    {
      "x": 0.48869311809539795,
      "y": 0.10033184289932251,
      "z": -0.48318880796432495,
      "visibility": 0.9987922310829163
    },
    {
      "x": 0.498607337474823,
      "y": 0.09987685084342957,
      "z": -0.48322927951812744,
      "visibility": 0.9987949132919312
    },
    {
      "x": 0.506909191608429,
      "y": 0.10018894076347351,
      "z": -0.4832606613636017,
      "visibility": 0.9988721013069153
    },
    {
      "x": 0.45876961946487427,
      "y": 0.10268554091453552,
      "z": -0.47721928358078003,
      "visibility": 0.9988559484481812
    },
    {
      "x": 0.4508109986782074,
      "y": 0.10408663749694824,
      "z": -0.47733303904533386,
      "visibility": 0.9988111257553101
    },
    {
      "x": 0.4440005123615265,
      "y": 0.10533928871154785,
      "z": -0.4774773120880127,
      "visibility": 0.9989895224571228
    },
    {
      "x": 0.5231549739837646,
      "y": 0.1079576313495636,
      "z": -0.29552146792411804,
      "visibility": 0.9981871247291565
    },
    {
      "x": 0.43977218866348267,
      "y": 0.11422768235206604,
      "z": -0.2740308940410614,
      "visibility": 0.9977278113365173
    },
    {
      "x": 0.4947478175163269,
      "y": 0.13098084926605225,
      "z": -0.43710166215896606,
      "visibility": 0.9987525939941406
    },
    {
      "x": 0.4580611288547516,
      "y": 0.13240090012550354,
      "z": -0.4311370253562927,
      "visibility": 0.9985458850860596
    },
    {
      "x": 0.6137411594390869,
      "y": 0.21237707138061523,
      "z": -0.18967612087726593,
      "visibility": 0.9984866380691528
    },
    {
      "x": 0.3904910385608673,
      "y": 0.21808481216430664,
      "z": -0.13917545974254608,
      "visibility": 0.9987550973892212
    },
    {
      "x": 0.6489380598068237,
      "y": 0.3345296382904053,
      "z": -0.10006875544786453,
      "visibility": 0.7000331878662109
    },
    {
      "x": 0.34606313705444336,
      "y": 0.3338676989078522,
      "z": -0.2096201628446579,
      "visibility": 0.9186296463012695
    },
    {
      "x": 0.6755470037460327,
      "y": 0.4475348889827728,
      "z": -0.13291199505329132,
      "visibility": 0.3353688418865204
    },
    {
      "x": 0.4508573114871979,
      "y": 0.31543922424316406,
      "z": -0.40329650044441223,
      "visibility": 0.7675883173942566
    },
    {
      "x": 0.6847219467163086,
      "y": 0.463652640581131,
      "z": -0.14662709832191467,
      "visibility": 0.2980341613292694
    },
    {
      "x": 0.4854546785354614,
      "y": 0.3156359791755676,
      "z": -0.437113493680954,
      "visibility": 0.6636564135551453
    },
    {
      "x": 0.6628066301345825,
      "y": 0.46832510828971863,
      "z": -0.183675155043602,
      "visibility": 0.3041990399360657
    },
    {
      "x": 0.49489906430244446,
      "y": 0.30318161845207214,
      "z": -0.41701391339302063,
      "visibility": 0.6489304304122925
    },
    {
      "x": 0.659870445728302,
      "y": 0.4676591455936432,
      "z": -0.1439322680234909,
      "visibility": 0.34637951850891113
    },
    {
      "x": 0.487291544675827,
      "y": 0.3015034794807434,
      "z": -0.3962208926677704,
      "visibility": 0.596737265586853
    },
    {
      "x": 0.5843604803085327,
      "y": 0.4578005075454712,
      "z": -0.03307194262742996,
      "visibility": 0.9958118200302124
    },
    {
      "x": 0.4559173882007599,
      "y": 0.45683911442756653,
      "z": 0.03283955529332161,
      "visibility": 0.9940675497055054
    },
    {
      "x": 0.5521777868270874,
      "y": 0.6416485905647278,
      "z": -0.17504234611988068,
      "visibility": 0.17475640773773193
    },
    {
      "x": 0.4564698040485382,
      "y": 0.6413553953170776,
      "z": -0.025611024349927902,
      "visibility": 0.3249872624874115
    },
    {
      "x": 0.5421807765960693,
      "y": 0.8198022246360779,
      "z": -0.050336550921201706,
      "visibility": 0.26762107014656067
    },
    {
      "x": 0.45878297090530396,
      "y": 0.8177792429924011,
      "z": 0.13025926053524017,
      "visibility": 0.28671973943710327
    },
    {
      "x": 0.53902667760849,
      "y": 0.8422969579696655,
      "z": -0.051728855818510056,
      "visibility": 0.1479247361421585
    },
    {
      "x": 0.4680009186267853,
      "y": 0.8369613885879517,
      "z": 0.1363351047039032,
      "visibility": 0.1438046395778656
    },
    {
      "x": 0.5492550134658813,
      "y": 0.8763978481292725,
      "z": -0.29364892840385437,
      "visibility": 0.30565011501312256
    },
    {
      "x": 0.44855809211730957,
      "y": 0.8869271874427795,
      "z": -0.09034091979265213,
      "visibility": 0.30353957414627075
    }
  ]
}