{
  "image": "C:\\Users\\shrad\\TrendWeave\\TrendWeave\\extracted_data\\Catwalks__Women_s_Colour_A_W_25_26_en\\page_26\\img_1.jpeg",
  "items": [
    {
      "yolo_label": "person",
      "bbox": [
        196.84146118164062,
        14.672185897827148,
        649.036376953125,
        1219.6334228515625
      ],
      "confidence": 0.9039068222045898,
      "clip_attributes": {
        "palette": {
          "label": "earth tones",
          "confidence": 0.2795749008655548
        },
        "dress_silhouette": {
          "label": "fit and flare",
          "confidence": 0.25548240542411804
        },
        "neckline": {
          "label": "square neckline",
          "confidence": 0.24849450588226318
        },
        "sleeve_type": {
          "label": "bell sleeves",
          "confidence": 0.2545146346092224
        },
        "top_silhouette": {
          "label": "fitted blouse",
          "confidence": 0.2443484663963318
        },
        "bottom_style": {
          "label": "culottes",
          "confidence": 0.2653374969959259
        },
        "outerwear": {
          "label": "long coat",
          "confidence": 0.2679419219493866
        },
        "shoe_type": {
          "label": "ankle boots",
          "confidence": 0.2541077136993408
        },
        "bag_type": {
          "label": "crossbody bag",
          "confidence": 0.22866743803024292
        },
        "accessory": {
          "label": "scarf",
          "confidence": 0.2473808079957962
        },
        "hairstyle": {
          "label": "ponytail",
          "confidence": 0.22025318443775177
        },
        "setting": {
          "label": "street style",
          "confidence": 0.2529958486557007
        },
        "fabric_type": {
          "label": "linen",
          "confidence": 0.26082852482795715
        },
        "season": {
          "label": "fall",
          "confidence": 0.22222033143043518
        },
        "style_theme": {
          "label": "elegant chic",
          "confidence": 0.2580248713493347
        }
      },
      "dominant_colors": [
        [
          198,
          129,
          129
        ],
        [
          60,
          132,
          133
        ],
        [
          126,
          130,
          135
        ]
      ],
      "texture_histogram": [
        7.0,
        26.0,
        59.0,
        61.0,
        97.0,
        121.0,
        115.0,
        167.0,
        186.0,
        278.0,
        377.0,
        425.0,
        517.0,
        595.0,
        780.0,
        1009.0,
        1099.0,
        1124.0,
        1179.0,
        1330.0,
        1440.0,
        1548.0,
        1515.0,
        1622.0,
        1654.0,
        1612.0,
        1588.0,
        1689.0,
        1734.0,
        1759.0,
        1695.0,
        1670.0,
        1718.0,
        1844.0,
        1807.0,
        1731.0,
        1715.0,
        1725.0,
        1611.0,
        1597.0,
        1440.0,
        1367.0,
        1302.0,
        1235.0,
        1197.0,
        1130.0,
        1072.0,
        1063.0,
        948.0,
        999.0,
        1056.0,
        1025.0,
        1063.0,
        1032.0,
        1107.0,
        1168.0,
        1192.0,
        1277.0,
        1279.0,
        1326.0,
        1376.0,
        1480.0,
        1544.0,
        1589.0,
        1736.0,
        1819.0,
        1858.0,
        1951.0,
        2204.0,
        2414.0,
        2539.0,
        2869.0,
        3072.0,
        3310.0,
        3501.0,
        3665.0,
        3811.0,
        3939.0,
        4033.0,
        3928.0,
        3897.0,
        3960.0,
        3976.0,
        3874.0,
        3917.0,
        3989.0,
        4147.0,
        4239.0,
        4166.0,
        4252.0,
        4252.0,
        4062.0,
        4147.0,
        4137.0,
        4105.0,
        4049.0,
        4244.0,
        4180.0,
        4173.0,
        4285.0,
        4150.0,
        4228.0,
        4077.0,
        4126.0,
        4098.0,
        4025.0,
        3935.0,
        4150.0,
        4088.0,
        4002.0,
        4124.0,
        3930.0,
        3835.0,
        3783.0,
        3728.0,
        3647.0,
        3656.0,
        3684.0,
        3729.0,
        3606.0,
        3485.0,
        3561.0,
        3509.0,
        3411.0,
        3599.0,
        3539.0,
        3677.0,
        3588.0,
        3723.0,
        3698.0,
        3659.0,
        3725.0,
        3569.0,
        3496.0,
        3444.0,
        3452.0,
        3367.0,
        3403.0,
        3353.0,
        3233.0,
        3265.0,
        3105.0,
        3235.0,
        3143.0,
        3074.0,
        3154.0,
        3070.0,
        3071.0,
        2977.0,
        2975.0,
        2936.0,
        2939.0,
        2863.0,
        2907.0,
        2946.0,
        2916.0,
        2857.0,
        2899.0,
        2848.0,
        2879.0,
        2664.0,
        2674.0,
        2655.0,
        2668.0,
        2599.0,
        2588.0,
        2591.0,
        2533.0,
        2398.0,
        2348.0,
        2246.0,
        2201.0,
        1974.0,
        2087.0,
        1977.0,
        1858.0,
        1942.0,
        1746.0,
        1636.0,
        1655.0,
        1600.0,
        1482.0,
        1521.0,
        1605.0,
        1686.0,
        1672.0,
        1539.0,
        1603.0,
        1559.0,
        1419.0,
        1337.0,
        1258.0,
        1268.0,
        1098.0,
        1083.0,
        1015.0,
        1193.0,
        1216.0,
        1166.0,
        1274.0,
        1383.0,
        1521.0,
        1566.0,
        1781.0,
        1691.0,
        1370.0,
        1325.0,
        1286.0,
        1242.0,
        1187.0,
        1271.0,
        1387.0,
        1556.0,
        1555.0,
        1783.0,
        2007.0,
        2131.0,
        2424.0,
        2725.0,
        2763.0,
        2973.0,
        3008.0,
        2774.0,
        2324.0,
        2151.0,
        1891.0,
        1750.0,
        1338.0,
        1156.0,
        930.0,
        790.0,
        755.0,
        726.0,
        436.0,
        374.0,
        319.0,
        252.0,
        308.0,
        235.0,
        236.0,
        255.0,
        231.0,
        226.0,
        243.0,
        258.0,
        241.0,
        217.0,
        207.0,
        189.0,
        184.0,
        190.0,
        140.0,
        113.0,
        187.0,
        449.0,
        1277.0
      ],
      "silhouette_mask_path": "C:\\Users\\shrad\\TrendWeave\\MERGE_OUTPUT_FINAL\\Catwalks__Women_s_Colour_A_W_25_26_en\\page_26\\img_1_mask_0.png"
    },
    {
      "yolo_label": "tie",
      "bbox": [
        408.1746520996094,
        218.3970184326172,
        468.8381042480469,
        386.316162109375
      ],
      "confidence": 0.5964241027832031,
      "clip_attributes": {
        "palette": {
          "label": "earth tones",
          "confidence": 0.22801710665225983
        },
        "shoe_type": {
          "label": "boots",
          "confidence": 0.21250130236148834
        },
        "bag_type": {
          "label": "tote bag",
          "confidence": 0.20152640342712402
        },
        "accessory": {
          "label": "bracelet",
          "confidence": 0.19593217968940735
        },
        "setting": {
          "label": "lounge",
          "confidence": 0.1962759792804718
        },
        "fabric_type": {
          "label": "linen",
          "confidence": 0.19815309345722198
        },
        "season": {
          "label": "fall",
          "confidence": 0.19124631583690643
        },
        "style_theme": {
          "label": "vintage",
          "confidence": 0.2024185210466385
        }
      },
      "dominant_colors": [
        [
          223,
          129,
          124
        ],
        [
          52,
          135,
          134
        ],
        [
          83,
          135,
          131
        ]
      ],
      "texture_histogram": [
        0.0,
        0.0,
        0.0,
        0.0,
        0.0,
        0.0,
        0.0,
        0.0,
        0.0,
        0.0,
        0.0,
        0.0,
        0.0,
        0.0,
        0.0,
        0.0,
        0.0,
        0.0,
        0.0,
        1.0,
        0.0,
        0.0,
        1.0,
        1.0,
        2.0,
        1.0,
        1.0,
        6.0,
        6.0,
        5.0,
        10.0,
        12.0,
        13.0,
        16.0,
        17.0,
        20.0,
        22.0,
        32.0,
        30.0,
        33.0,
        41.0,
        49.0,
        60.0,
        73.0,
        58.0,
        64.0,
        60.0,
        58.0,
        59.0,
        48.0,
        71.0,
        54.0,
        51.0,
        64.0,
        61.0,
        62.0,
        56.0,
        65.0,
        62.0,
        60.0,
        63.0,
        59.0,
        75.0,
        81.0,
        83.0,
        88.0,
        91.0,
        87.0,
        92.0,
        118.0,
        126.0,
        124.0,
        114.0,
        120.0,
        91.0,
        73.0,
        86.0,
        65.0,
        62.0,
        50.0,
        50.0,
        40.0,
        37.0,
        29.0,
        35.0,
        36.0,
        33.0,
        32.0,
        28.0,
        19.0,
        17.0,
        29.0,
        23.0,
        6.0,
        12.0,
        15.0,
        6.0,
        8.0,
        15.0,
        11.0,
        7.0,
        10.0,
        8.0,
        5.0,
        10.0,
        9.0,
        6.0,
        10.0,
        4.0,
        4.0,
        3.0,
        1.0,
        4.0,
        3.0,
        1.0,
        1.0,
        3.0,
        2.0,
        3.0,
        2.0,
        1.0,
        1.0,
        1.0,
        2.0,
        4.0,
        1.0,
        3.0,
        2.0,
        2.0,
        2.0,
        4.0,
        3.0,
        2.0,
        2.0,
        3.0,
        1.0,
        1.0,
        3.0,
        1.0,
        4.0,
        3.0,
        4.0,
        2.0,
        4.0,
        2.0,
        2.0,
        0.0,
        1.0,
        3.0,
        0.0,
        2.0,
        1.0,
        1.0,
        0.0,
        0.0,
        0.0,
        0.0,
        7.0,
        2.0,
        3.0,
        4.0,
        1.0,
        0.0,
        2.0,
        0.0,
        2.0,
        5.0,
        2.0,
        5.0,
        0.0,
        2.0,
        1.0,
        2.0,
        2.0,
        2.0,
        4.0,
        6.0,
        1.0,
        3.0,
        2.0,
        2.0,
        3.0,
        7.0,
        2.0,
        4.0,
        3.0,
        3.0,
        4.0,
        3.0,
        5.0,
        6.0,
        7.0,
        9.0,
        4.0,
        4.0,
        9.0,
        5.0,
        17.0,
        10.0,
        13.0,
        10.0,
        20.0,
        17.0,
        23.0,
        28.0,
        40.0,
        51.0,
        80.0,
        88.0,
        107.0,
        110.0,
        159.0,
        170.0,
        198.0,
        215.0,
        225.0,
        258.0,
        277.0,
        260.0,
        216.0,
        216.0,
        249.0,
        274.0,
        285.0,
        329.0,
        544.0,
        514.0,
        340.0,
        313.0,
        200.0,
        109.0,
        75.0,
        48.0,
        27.0,
        9.0,
        6.0,
        5.0,
        5.0,
        1.0,
        3.0,
        0.0,
        0.0,
        0.0,
        0.0,
        0.0,
        0.0,
        0.0,
        0.0,
        0.0,
        0.0,
        0.0,
        0.0,
        0.0,
        0.0,
        0.0,
        0.0
      ],
      "silhouette_mask_path": "C:\\Users\\shrad\\TrendWeave\\MERGE_OUTPUT_FINAL\\Catwalks__Women_s_Colour_A_W_25_26_en\\page_26\\img_1_mask_1.png"
    },
    {
      "yolo_label": "tie",
      "bbox": [
        408.8406677246094,
        246.5459442138672,
        453.747314453125,
        387.32659912109375
      ],
      "confidence": 0.41943079233169556,
      "clip_attributes": {
        "palette": {
          "label": "earth tones",
          "confidence": 0.23902732133865356
        },
        "shoe_type": {
          "label": "boots",
          "confidence": 0.22238771617412567
        },
        "bag_type": {
          "label": "tote bag",
          "confidence": 0.20457521080970764
        },
        "accessory": {
          "label": "bracelet",
          "confidence": 0.21096576750278473
        },
        "setting": {
          "label": "lounge",
          "confidence": 0.20286014676094055
        },
        "fabric_type": {
          "label": "nylon",
          "confidence": 0.21621158719062805
        },
        "season": {
          "label": "winter",
          "confidence": 0.20350444316864014
        },
        "style_theme": {
          "label": "vintage",
          "confidence": 0.2090473622083664
        }
      },
      "dominant_colors": [
        [
          223,
          129,
          124
        ],
        [
          54,
          135,
          134
        ],
        [
          86,
          135,
          131
        ]
      ],
      "texture_histogram": [
        0.0,
        0.0,
        0.0,
        0.0,
        0.0,
        0.0,
        0.0,
        0.0,
        0.0,
        0.0,
        0.0,
        0.0,
        0.0,
        0.0,
        0.0,
        0.0,
        0.0,
        0.0,
        0.0,
        1.0,
        0.0,
        0.0,
        1.0,
        1.0,
        2.0,
        0.0,
        1.0,
        5.0,
        6.0,
        4.0,
        6.0,
        10.0,
        8.0,
        9.0,
        11.0,
        9.0,
        15.0,
        19.0,
        16.0,
        22.0,
        28.0,
        33.0,
        46.0,
        56.0,
        33.0,
        32.0,
        34.0,
        34.0,
        37.0,
        27.0,
        46.0,
        29.0,
        34.0,
        43.0,
        44.0,
        36.0,
        38.0,
        47.0,
        42.0,
        33.0,
        43.0,
        42.0,
        55.0,
        63.0,
        64.0,
        62.0,
        61.0,
        58.0,
        71.0,
        92.0,
        95.0,
        89.0,
        88.0,
        100.0,
        71.0,
        46.0,
        65.0,
        46.0,
        47.0,
        37.0,
        39.0,
        34.0,
        32.0,
        22.0,
        27.0,
        28.0,
        26.0,
        20.0,
        25.0,
        17.0,
        13.0,
        21.0,
        18.0,
        5.0,
        12.0,
        15.0,
        6.0,
        8.0,
        15.0,
        10.0,
        7.0,
        10.0,
        7.0,
        5.0,
        8.0,
        9.0,
        6.0,
        9.0,
        3.0,
        4.0,
        3.0,
        1.0,
        4.0,
        3.0,
        1.0,
        1.0,
        3.0,
        1.0,
        3.0,
        1.0,
        0.0,
        1.0,
        1.0,
        2.0,
        3.0,
        1.0,
        3.0,
        2.0,
        2.0,
        2.0,
        4.0,
        3.0,
        1.0,
        1.0,
        3.0,
        1.0,
        1.0,
        3.0,
        1.0,
        3.0,
        2.0,
        4.0,
        2.0,
        4.0,
        2.0,
        1.0,
        0.0,
        1.0,
        3.0,
        0.0,
        1.0,
        1.0,
        1.0,
        0.0,
        0.0,
        0.0,
        0.0,
        6.0,
        2.0,
        2.0,
        4.0,
        1.0,
        0.0,
        2.0,
        0.0,
        2.0,
        5.0,
        2.0,
        4.0,
        1.0,
        2.0,
        1.0,
        2.0,
        2.0,
        0.0,
        4.0,
        6.0,
        1.0,
        3.0,
        0.0,
        1.0,
        2.0,
        4.0,
        0.0,
        4.0,
        0.0,
        3.0,
        3.0,
        1.0,
        3.0,
        3.0,
        3.0,
        7.0,
        5.0,
        2.0,
        6.0,
        3.0,
        11.0,
        7.0,
        7.0,
        6.0,
        15.0,
        7.0,
        10.0,
        10.0,
        13.0,
        15.0,
        34.0,
        30.0,
        50.0,
        59.0,
        59.0,
        62.0,
        81.0,
        94.0,
        107.0,
        136.0,
        140.0,
        134.0,
        116.0,
        117.0,
        144.0,
        179.0,
        175.0,
        228.0,
        401.0,
        308.0,
        225.0,
        235.0,
        155.0,
        60.0,
        28.0,
        18.0,
        13.0,
        3.0,
        5.0,
        5.0,
        2.0,
        1.0,
        3.0,
        0.0,
        0.0,
        0.0,
        0.0,
        0.0,
        0.0,
        0.0,
        0.0,
        0.0,
        0.0,
        0.0,
        0.0,
        0.0,
        0.0,
        0.0,
        0.0
      ],
      "silhouette_mask_path": "C:\\Users\\shrad\\TrendWeave\\MERGE_OUTPUT_FINAL\\Catwalks__Women_s_Colour_A_W_25_26_en\\page_26\\img_1_mask_2.png"
    },
    {
      "yolo_label": "tie",
      "bbox": [
        407.2697448730469,
        215.78013610839844,
        447.07513427734375,
        389.6835632324219
      ],
      "confidence": 0.39361846446990967,
      "clip_attributes": {
        "palette": {
          "label": "earth tones",
          "confidence": 0.23535075783729553
        },
        "shoe_type": {
          "label": "boots",
          "confidence": 0.21364791691303253
        },
        "bag_type": {
          "label": "tote bag",
          "confidence": 0.20636339485645294
        },
        "accessory": {
          "label": "hat",
          "confidence": 0.2012539505958557
        },
        "setting": {
          "label": "lounge",
          "confidence": 0.1960083395242691
        },
        "fabric_type": {
          "label": "nylon",
          "confidence": 0.2054196447134018
        },
        "season": {
          "label": "winter",
          "confidence": 0.19815032184123993
        },
        "style_theme": {
          "label": "vintage",
          "confidence": 0.20661455392837524
        }
      },
      "dominant_colors": [
        [
          223,
          129,
          124
        ],
        [
          84,
          135,
          131
        ],
        [
          53,
          135,
          134
        ]
      ],
      "texture_histogram": [
        0.0,
        0.0,
        0.0,
        0.0,
        0.0,
        0.0,
        0.0,
        0.0,
        0.0,
        0.0,
        0.0,
        0.0,
        0.0,
        0.0,
        0.0,
        0.0,
        0.0,
        0.0,
        0.0,
        1.0,
        0.0,
        0.0,
        1.0,
        1.0,
        2.0,
        0.0,
        1.0,
        5.0,
        6.0,
        5.0,
        6.0,
        10.0,
        8.0,
        11.0,
        13.0,
        15.0,
        19.0,
        22.0,
        19.0,
        28.0,
        32.0,
        38.0,
        48.0,
        60.0,
        39.0,
        38.0,
        38.0,
        43.0,
        35.0,
        28.0,
        51.0,
        30.0,
        36.0,
        52.0,
        55.0,
        51.0,
        55.0,
        63.0,
        58.0,
        56.0,
        58.0,
        56.0,
        71.0,
        75.0,
        72.0,
        76.0,
        76.0,
        67.0,
        81.0,
        103.0,
        113.0,
        105.0,
        100.0,
        113.0,
        82.0,
        66.0,
        76.0,
        54.0,
        52.0,
        47.0,
        49.0,
        40.0,
        34.0,
        25.0,
        34.0,
        36.0,
        32.0,
        32.0,
        26.0,
        19.0,
        16.0,
        25.0,
        21.0,
        6.0,
        11.0,
        14.0,
        6.0,
        8.0,
        13.0,
        10.0,
        7.0,
        10.0,
        8.0,
        5.0,
        8.0,
        9.0,
        6.0,
        9.0,
        3.0,
        4.0,
        3.0,
        1.0,
        4.0,
        3.0,
        0.0,
        1.0,
        3.0,
        1.0,
        3.0,
        3.0,
        0.0,
        1.0,
        1.0,
        2.0,
        4.0,
        1.0,
        3.0,
        2.0,
        2.0,
        2.0,
        4.0,
        3.0,
        1.0,
        1.0,
        3.0,
        1.0,
        0.0,
        2.0,
        1.0,
        4.0,
        3.0,
        4.0,
        2.0,
        4.0,
        2.0,
        2.0,
        0.0,
        1.0,
        3.0,
        0.0,
        1.0,
        1.0,
        1.0,
        0.0,
        0.0,
        0.0,
        0.0,
        6.0,
        2.0,
        2.0,
        4.0,
        1.0,
        0.0,
        2.0,
        0.0,
        2.0,
        4.0,
        2.0,
        5.0,
        1.0,
        2.0,
        1.0,
        2.0,
        2.0,
        2.0,
        4.0,
        6.0,
        2.0,
        2.0,
        1.0,
        1.0,
        2.0,
        5.0,
        0.0,
        4.0,
        1.0,
        3.0,
        3.0,
        1.0,
        4.0,
        2.0,
        4.0,
        7.0,
        8.0,
        6.0,
        9.0,
        4.0,
        11.0,
        10.0,
        7.0,
        8.0,
        15.0,
        8.0,
        11.0,
        13.0,
        11.0,
        11.0,
        23.0,
        27.0,
        45.0,
        65.0,
        71.0,
        103.0,
        111.0,
        111.0,
        138.0,
        171.0,
        169.0,
        176.0,
        127.0,
        126.0,
        143.0,
        156.0,
        169.0,
        219.0,
        273.0,
        246.0,
        198.0,
        251.0,
        177.0,
        81.0,
        55.0,
        29.0,
        16.0,
        5.0,
        10.0,
        6.0,
        3.0,
        1.0,
        3.0,
        0.0,
        0.0,
        0.0,
        0.0,
        0.0,
        0.0,
        0.0,
        0.0,
        0.0,
        0.0,
        0.0,
        0.0,
        0.0,
        0.0,
        0.0,
        0.0
      ],
      "silhouette_mask_path": "C:\\Users\\shrad\\TrendWeave\\MERGE_OUTPUT_FINAL\\Catwalks__Women_s_Colour_A_W_25_26_en\\page_26\\img_1_mask_3.png"
    }
  ],
  "pose_keypoints": [
    {
      "x": 0.48531225323677063,
      "y": 0.10057002305984497,
      "z": -0.5211538672447205,
      "visibility": 0.9999487400054932
    },
    {
      "x": 0.5017370581626892,
      "y": 0.08328402042388916,
      "z": -0.48503822088241577,
      "visibility": 0.9997766613960266
    },
    {
      "x": 0.5133917927742004,
      "y": 0.08365839719772339,
      "z": -0.485206663608551,
      "visibility": 0.9998031258583069
    },
    {
      "x": 0.5253714323043823,
      "y": 0.0841166079044342,
      "z": -0.48539575934410095,
      "visibility": 0.999715268611908
    },
    {
      "x": 0.47158220410346985,
      "y": 0.08318495750427246,
      "z": -0.4856131672859192,
      "visibility": 0.9998125433921814
    },
    {
      "x": 0.46241217851638794,
      "y": 0.08331131935119629,
      "z": -0.48559027910232544,
      "visibility": 0.9998254179954529
    },
    {
      "x": 0.4540867805480957,
      "y": 0.08348658680915833,
      "z": -0.48590195178985596,
      "visibility": 0.999777615070343
    },
    {
      "x": 0.5477170348167419,
      "y": 0.09481188654899597,
      "z": -0.24928303062915802,
      "visibility": 0.9995831847190857
    },
    {
      "x": 0.4400741159915924,
      "y": 0.09415474534034729,
      "z": -0.25491806864738464,
      "visibility": 0.9999161958694458
    },
    {
      "x": 0.5101668834686279,
      "y": 0.12086669355630875,
      "z": -0.431287556886673,
      "visibility": 0.9999347925186157
    },
    {
      "x": 0.4698857367038727,
      "y": 0.11975136399269104,
      "z": -0.43406301736831665,
      "visibility": 0.9999613761901855
    },
    {
      "x": 0.6209692358970642,
      "y": 0.2035154551267624,
      "z": -0.14953956007957458,
      "visibility": 0.9995303153991699
    },
    {
      "x": 0.3468207120895386,
      "y": 0.20466652512550354,
      "z": -0.10458025336265564,
      "visibility": 0.9996824264526367
    },
    {
      "x": 0.6933910250663757,
      "y": 0.2823273837566376,
      "z": -0.43684977293014526,
      "visibility": 0.9575653672218323
    },
    {
      "x": 0.30477654933929443,
      "y": 0.33884069323539734,
      "z": 0.043697185814380646,
      "visibility": 0.8905524015426636
    },
    {
      "x": 0.5640678405761719,
      "y": 0.15438875555992126,
      "z": -0.7839330434799194,
      "visibility": 0.869273841381073
    },
    {
      "x": 0.2905547320842743,
      "y": 0.45907220244407654,
      "z": 0.009275837801396847,
      "visibility": 0.7116475105285645
    },
    {
      "x": 0.5417976379394531,
      "y": 0.1306832730770111,
      "z": -0.844265341758728,
      "visibility": 0.7845766544342041
    },
    {
      "x": 0.27098989486694336,
      "y": 0.5087817311286926,
      "z": 0.007060766685754061,
      "visibility": 0.6148509383201599
    },
    {
      "x": 0.543036162853241,
      "y": 0.11777964979410172,
      "z": -0.7934133410453796,
      "visibility": 0.7596445083618164
    },
    {
      "x": 0.28452542424201965,
      "y": 0.5094735026359558,
      "z": -0.050247881561517715,
      "visibility": 0.6152634024620056
    },
    {
      "x": 0.5454941987991333,
      "y": 0.1321190893650055,
      "z": -0.7701341509819031,
      "visibility": 0.7341974377632141
    },
    {
      "x": 0.31447434425354004,
      "y": 0.47944048047065735,
      "z": -0.009542268700897694,
      "visibility": 0.6096501350402832
    },
    {
      "x": 0.5578665733337402,
      "y": 0.46689528226852417,
      "z": -0.00697182584553957,
      "visibility": 0.9998588562011719
    },
    {
      "x": 0.41311439871788025,
      "y": 0.4667913615703583,
      "z": 0.006571341305971146,
      "visibility": 0.9994829893112183
    },
    {
      "x": 0.5552511811256409,
      "y": 0.6860212087631226,
      "z": -0.20461685955524445,
      "visibility": 0.8907979726791382
    },
    {
      "x": 0.4346984028816223,
      "y": 0.6748032569885254,
      "z": 0.07268810272216797,
      "visibility": 0.8146018981933594
    },
    {
      "x": 0.521064281463623,
      "y": 0.856779932975769,
      "z": 0.23792152106761932,
      "visibility": 0.7529765367507935
    },
    {
      "x": 0.46506941318511963,
      "y": 0.804524302482605,
      "z": 0.7261101603507996,
      "visibility": 0.5596470236778259
    },
    {
      "x": 0.526069700717926,
      "y": 0.8681349754333496,
      "z": 0.27164140343666077,
      "visibility": 0.40795478224754333
    },
    {
      "x": 0.4726446270942688,
      "y": 0.8148601055145264,
      "z": 0.7854250073432922,
      "visibility": 0.2811477780342102
    },
    {
      "x": 0.5339658260345459,
      "y": 0.9384018182754517,
      "z": 0.020208440721035004,
      "visibility": 0.6926207542419434
    },
    {
      "x": 0.4723692834377289,
      "y": 0.8673110008239746,
      "z": 0.591676652431488,
      "visibility": 0.5521471500396729
    }
  ]
}