{
  "image": "C:\\Users\\shrad\\TrendWeave\\TrendWeave\\extracted_data\\Catwalks__Women_s_Footwear___Bags_Colour_A_W_25_26_en\\page_11\\img_2.jpeg",
  "items": [
    {
      "yolo_label": "person",
      "bbox": [
        63.54133224487305,
        0.0,
        1284.0257568359375,
        627.9711303710938
      ],
      "confidence": 0.89994877576828,
      "clip_attributes": {
        "palette": {
          "label": "earth tones",
          "confidence": 0.22129249572753906
        },
        "shoe_type": {
          "label": "sandals",
          "confidence": 0.2423536777496338
        },
        "bag_type": {
          "label": "belt bag",
          "confidence": 0.19444017112255096
        },
        "accessory": {
          "label": "bracelet",
          "confidence": 0.23828132450580597
        },
        "setting": {
          "label": "festival wear",
          "confidence": 0.21707159280776978
        },
        "fabric_type": {
          "label": "nylon",
          "confidence": 0.21041342616081238
        },
        "season": {
          "label": "fall",
          "confidence": 0.20220831036567688
        },
        "style_theme": {
          "label": "athleisure",
          "confidence": 0.21301987767219543
        }
      },
      "dominant_colors": [
        [
          220,
          128,
          128
        ],
        [
          61,
          132,
          130
        ],
        [
          120,
          135,
          140
        ]
      ],
      "texture_histogram": [
        2.0,
        7.0,
        3.0,
        6.0,
        6.0,
        14.0,
        24.0,
        49.0,
        52.0,
        101.0,
        129.0,
        184.0,
        195.0,
        251.0,
        276.0,
        328.0,
        360.0,
        415.0,
        456.0,
        511.0,
        550.0,
        576.0,
        660.0,
        699.0,
        750.0,
        827.0,
        919.0,
        944.0,
        1105.0,
        1210.0,
        1266.0,
        1393.0,
        1457.0,
        1619.0,
        1784.0,
        1866.0,
        2047.0,
        2221.0,
        2554.0,
        3010.0,
        3433.0,
        3975.0,
        4382.0,
        4793.0,
        5216.0,
        5482.0,
        5974.0,
        6354.0,
        6643.0,
        6880.0,
        7015.0,
        7292.0,
        7265.0,
        7181.0,
        7221.0,
        6833.0,
        6662.0,
        6388.0,
        6506.0,
        6480.0,
        6326.0,
        6373.0,
        6524.0,
        6425.0,
        6474.0,
        6437.0,
        6448.0,
        6339.0,
        6644.0,
        6451.0,
        6182.0,
        6143.0,
        5781.0,
        5579.0,
        5197.0,
        5174.0,
        5049.0,
        5003.0,
        4716.0,
        4611.0,
        4440.0,
        4351.0,
        4260.0,
        4017.0,
        3840.0,
        3749.0,
        3543.0,
        3362.0,
        3274.0,
        3101.0,
        2915.0,
        2890.0,
        2740.0,
        2590.0,
        2659.0,
        2551.0,
        2527.0,
        2452.0,
        2289.0,
        2257.0,
        2281.0,
        2231.0,
        2280.0,
        2140.0,
        2072.0,
        2026.0,
        1961.0,
        1954.0,
        2048.0,
        1850.0,
        1739.0,
        1845.0,
        1777.0,
        1792.0,
        1656.0,
        1642.0,
        1692.0,
        1622.0,
        1613.0,
        1553.0,
        1533.0,
        1594.0,
        1650.0,
        1648.0,
        1592.0,
        1534.0,
        1557.0,
        1450.0,
        1412.0,
        1422.0,
        1306.0,
        1345.0,
        1224.0,
        1168.0,
        1093.0,
        1073.0,
        994.0,
        915.0,
        915.0,
        897.0,
        780.0,
        732.0,
        728.0,
        716.0,
        651.0,
        592.0,
        619.0,
        626.0,
        572.0,
        626.0,
        580.0,
        590.0,
        557.0,
        613.0,
        627.0,
        522.0,
        593.0,
        584.0,
        590.0,
        615.0,
        607.0,
        627.0,
        596.0,
        622.0,
        616.0,
        667.0,
        637.0,
        662.0,
        687.0,
        709.0,
        684.0,
        706.0,
        768.0,
        891.0,
        902.0,
        1039.0,
        1064.0,
        990.0,
        1032.0,
        1060.0,
        957.0,
        931.0,
        922.0,
        969.0,
        1087.0,
        1005.0,
        949.0,
        858.0,
        865.0,
        791.0,
        818.0,
        843.0,
        925.0,
        976.0,
        1080.0,
        1137.0,
        1265.0,
        1069.0,
        1083.0,
        1295.0,
        1326.0,
        1382.0,
        1245.0,
        1288.0,
        1300.0,
        1464.0,
        1643.0,
        1927.0,
        2182.0,
        2630.0,
        3206.0,
        4902.0,
        4139.0,
        4948.0,
        9695.0,
        11745.0,
        18521.0,
        25998.0,
        18437.0,
        17487.0,
        28298.0,
        16194.0,
        22847.0,
        43060.0,
        21451.0,
        20155.0,
        16370.0,
        3364.0,
        1844.0,
        1376.0,
        1111.0,
        969.0,
        846.0,
        845.0,
        785.0,
        696.0,
        691.0,
        764.0,
        760.0,
        256.0,
        60.0,
        36.0,
        59.0,
        47.0,
        39.0,
        57.0,
        47.0,
        57.0,
        50.0,
        63.0,
        49.0,
        62.0,
        86.0,
        138.0,
        79.0,
        7.0
      ],
      "silhouette_mask_path": "C:\\Users\\shrad\\TrendWeave\\MERGE_OUTPUT_FINAL\\Catwalks__Women_s_Footwear___Bags_Colour_A_W_25_26_en\\page_11\\img_2_mask_0.png"
    }
  ],
  "pose_keypoints": null
}