{
  "image": "C:\\Users\\shrad\\TrendWeave\\TrendWeave\\extracted_data\\Catwalks__Women_s_APAC_Key_Trends_A_W_25_26_en\\page_15\\img_3.jpeg",
  "items": [
    {
      "yolo_label": "person",
      "bbox": [
        157.6800079345703,
        0.0,
        530.34228515625,
        687.70068359375
      ],
      "confidence": 0.9097939729690552,
      "clip_attributes": {
        "palette": {
          "label": "monochrome",
          "confidence": 0.2344740927219391
        },
        "neckline": {
          "label": "mandarin collar",
          "confidence": 0.2167883962392807
        },
        "sleeve_type": {
          "label": "long sleeves",
          "confidence": 0.23565033078193665
        },
        "top_silhouette": {
          "label": "oversized tee",
          "confidence": 0.22805380821228027
        },
        "bottom_style": {
          "label": "tailored trousers",
          "confidence": 0.25251638889312744
        },
        "outerwear": {
          "label": "bomber jacket",
          "confidence": 0.24187050759792328
        },
        "shoe_type": {
          "label": "sneakers",
          "confidence": 0.2097116857767105
        },
        "bag_type": {
          "label": "backpack",
          "confidence": 0.23223397135734558
        },
        "accessory": {
          "label": "chain",
          "confidence": 0.23437675833702087
        },
        "hairstyle": {
          "label": "slick back",
          "confidence": 0.2187882512807846
        },
        "setting": {
          "label": "smart casual",
          "confidence": 0.24119344353675842
        },
        "fabric_type": {
          "label": "polyester",
          "confidence": 0.24943684041500092
        },
        "season": {
          "label": "winter",
          "confidence": 0.2039766162633896
        },
        "style_theme": {
          "label": "streetwear",
          "confidence": 0.2480621188879013
        }
      },
      "dominant_colors": [
        [
          208,
          133,
          117
        ],
        [
          28,
          131,
          121
        ],
        [
          111,
          135,
          114
        ]
      ],
      "texture_histogram": [
        15.0,
        183.0,
        143.0,
        134.0,
        258.0,
        281.0,
        619.0,
        861.0,
        1170.0,
        1028.0,
        1180.0,
        1192.0,
        1311.0,
        2737.0,
        2803.0,
        3331.0,
        6179.0,
        6956.0,
        4224.0,
        3515.0,
        2792.0,
        3315.0,
        4753.0,
        3785.0,
        3384.0,
        3628.0,
        3965.0,
        4301.0,
        4395.0,
        3391.0,
        3190.0,
        2964.0,
        2934.0,
        2744.0,
        3368.0,
        3467.0,
        3795.0,
        4130.0,
        2992.0,
        2404.0,
        1905.0,
        1658.0,
        1539.0,
        1505.0,
        1513.0,
        1584.0,
        1534.0,
        1246.0,
        1136.0,
        1003.0,
        984.0,
        895.0,
        909.0,
        905.0,
        857.0,
        883.0,
        860.0,
        902.0,
        820.0,
        820.0,
        857.0,
        875.0,
        844.0,
        851.0,
        826.0,
        812.0,
        819.0,
        811.0,
        761.0,
        799.0,
        719.0,
        784.0,
        771.0,
        750.0,
        694.0,
        741.0,
        765.0,
        758.0,
        801.0,
        819.0,
        811.0,
        809.0,
        839.0,
        769.0,
        801.0,
        798.0,
        821.0,
        848.0,
        865.0,
        811.0,
        809.0,
        853.0,
        1034.0,
        1091.0,
        1524.0,
        1482.0,
        1205.0,
        830.0,
        712.0,
        708.0,
        643.0,
        663.0,
        642.0,
        669.0,
        606.0,
        667.0,
        603.0,
        641.0,
        647.0,
        612.0,
        622.0,
        627.0,
        613.0,
        620.0,
        604.0,
        639.0,
        619.0,
        621.0,
        603.0,
        628.0,
        629.0,
        646.0,
        600.0,
        600.0,
        599.0,
        578.0,
        629.0,
        657.0,
        574.0,
        576.0,
        585.0,
        567.0,
        553.0,
        576.0,
        562.0,
        590.0,
        552.0,
        545.0,
        531.0,
        572.0,
        552.0,
        538.0,
        533.0,
        497.0,
        495.0,
        499.0,
        519.0,
        547.0,
        516.0,
        528.0,
        531.0,
        519.0,
        471.0,
        504.0,
        522.0,
        474.0,
        468.0,
        434.0,
        479.0,
        497.0,
        501.0,
        445.0,
        488.0,
        464.0,
        523.0,
        521.0,
        488.0,
        520.0,
        532.0,
        540.0,
        490.0,
        466.0,
        516.0,
        508.0,
        503.0,
        573.0,
        530.0,
        552.0,
        583.0,
        506.0,
        527.0,
        566.0,
        543.0,
        592.0,
        565.0,
        553.0,
        552.0,
        545.0,
        609.0,
        592.0,
        622.0,
        638.0,
        628.0,
        557.0,
        649.0,
        599.0,
        619.0,
        596.0,
        572.0,
        613.0,
        605.0,
        645.0,
        622.0,
        653.0,
        654.0,
        640.0,
        650.0,
        622.0,
        644.0,
        667.0,
        662.0,
        627.0,
        654.0,
        630.0,
        681.0,
        705.0,
        728.0,
        746.0,
        738.0,
        768.0,
        818.0,
        865.0,
        843.0,
        851.0,
        880.0,
        905.0,
        910.0,
        930.0,
        919.0,
        929.0,
        950.0,
        926.0,
        949.0,
        849.0,
        831.0,
        789.0,
        779.0,
        717.0,
        704.0,
        643.0,
        571.0,
        608.0,
        422.0,
        426.0,
        291.0,
        251.0,
        292.0,
        184.0,
        182.0,
        192.0,
        96.0,
        119.0,
        81.0,
        153.0,
        84.0,
        0.0
      ],
      "silhouette_mask_path": "C:\\Users\\shrad\\TrendWeave\\MERGE_OUTPUT_FINAL\\Catwalks__Women_s_APAC_Key_Trends_A_W_25_26_en\\page_15\\img_3_mask_0.png"
    }
  ],
  "pose_keypoints": null
}