{
  "image": "C:\\Users\\shrad\\TrendWeave\\TrendWeave\\extracted_data\\Catwalks__Women_s_Colour_A_W_25_26_en\\page_33\\img_3.jpeg",
  "items": [
    {
      "yolo_label": "person",
      "bbox": [
        188.4162139892578,
        5.919987201690674,
        399.5231018066406,
        576.815673828125
      ],
      "confidence": 0.3015739321708679,
      "clip_attributes": {
        "palette": {
          "label": "neon",
          "confidence": 0.2111385315656662
        },
        "shoe_type": {
          "label": "boots",
          "confidence": 0.2209991067647934
        },
        "bag_type": {
          "label": "backpack",
          "confidence": 0.20726674795150757
        },
        "accessory": {
          "label": "watch",
          "confidence": 0.2331686019897461
        },
        "setting": {
          "label": "lounge",
          "confidence": 0.21548223495483398
        },
        "fabric_type": {
          "label": "nylon",
          "confidence": 0.23032373189926147
        },
        "season": {
          "label": "fall",
          "confidence": 0.21059544384479523
        },
        "style_theme": {
          "label": "minimalist",
          "confidence": 0.22886031866073608
        }
      },
      "dominant_colors": [
        [
          8,
          129,
          128
        ],
        [
          164,
          129,
          129
        ],
        [
          45,
          143,
          132
        ]
      ],
      "texture_histogram": [
        212.0,
        419.0,
        414.0,
        588.0,
        1244.0,
        2709.0,
        23651.0,
        20166.0,
        6325.0,
        3893.0,
        3037.0,
        2802.0,
        2730.0,
        2338.0,
        2145.0,
        2113.0,
        2076.0,
        1994.0,
        1845.0,
        1637.0,
        1531.0,
        1535.0,
        1461.0,
        1438.0,
        1469.0,
        1559.0,
        1668.0,
        1754.0,
        1693.0,
        1301.0,
        1268.0,
        1043.0,
        959.0,
        920.0,
        814.0,
        713.0,
        663.0,
        588.0,
        531.0,
        483.0,
        452.0,
        455.0,
        381.0,
        349.0,
        343.0,
        354.0,
        328.0,
        291.0,
        268.0,
        299.0,
        277.0,
        246.0,
        261.0,
        293.0,
        236.0,
        230.0,
        234.0,
        229.0,
        200.0,
        203.0,
        200.0,
        177.0,
        182.0,
        172.0,
        172.0,
        126.0,
        137.0,
        139.0,
        132.0,
        129.0,
        99.0,
        127.0,
        122.0,
        112.0,
        111.0,
        120.0,
        99.0,
        91.0,
        97.0,
        102.0,
        89.0,
        83.0,
        105.0,
        82.0,
        98.0,
        87.0,
        76.0,
        75.0,
        72.0,
        63.0,
        58.0,
        79.0,
        67.0,
        55.0,
        62.0,
        57.0,
        66.0,
        59.0,
        60.0,
        45.0,
        67.0,
        64.0,
        58.0,
        44.0,
        42.0,
        40.0,
        48.0,
        57.0,
        53.0,
        56.0,
        51.0,
        56.0,
        45.0,
        43.0,
        66.0,
        39.0,
        47.0,
        43.0,
        43.0,
        54.0,
        49.0,
        38.0,
        44.0,
        44.0,
        47.0,
        53.0,
        38.0,
        46.0,
        34.0,
        43.0,
        38.0,
        45.0,
        40.0,
        40.0,
        32.0,
        42.0,
        28.0,
        38.0,
        47.0,
        36.0,
        31.0,
        26.0,
        42.0,
        38.0,
        45.0,
        37.0,
        38.0,
        21.0,
        32.0,
        35.0,
        26.0,
        25.0,
        33.0,
        24.0,
        26.0,
        31.0,
        28.0,
        20.0,
        24.0,
        32.0,
        38.0,
        29.0,
        23.0,
        26.0,
        28.0,
        26.0,
        29.0,
        16.0,
        32.0,
        22.0,
        19.0,
        24.0,
        26.0,
        36.0,
        17.0,
        30.0,
        32.0,
        30.0,
        32.0,
        25.0,
        38.0,
        36.0,
        36.0,
        43.0,
        41.0,
        45.0,
        38.0,
        46.0,
        60.0,
        60.0,
        42.0,
        56.0,
        53.0,
        53.0,
        49.0,
        63.0,
        51.0,
        40.0,
        45.0,
        36.0,
        48.0,
        37.0,
        33.0,
        32.0,
        43.0,
        30.0,
        29.0,
        38.0,
        24.0,
        26.0,
        22.0,
        17.0,
        23.0,
        23.0,
        11.0,
        15.0,
        14.0,
        14.0,
        13.0,
        9.0,
        10.0,
        10.0,
        17.0,
        9.0,
        13.0,
        10.0,
        12.0,
        5.0,
        12.0,
        10.0,
        7.0,
        6.0,
        11.0,
        9.0,
        12.0,
        8.0,
        12.0,
        5.0,
        4.0,
        7.0,
        6.0,
        7.0,
        12.0,
        6.0,
        8.0,
        8.0,
        9.0,
        4.0,
        8.0,
        10.0,
        8.0,
        7.0,
        8.0,
        5.0,
        12.0,
        8.0
      ],
      "silhouette_mask_path": "C:\\Users\\shrad\\TrendWeave\\MERGE_OUTPUT_FINAL\\Catwalks__Women_s_Colour_A_W_25_26_en\\page_33\\img_3_mask_0.png"
    },
    {
      "yolo_label": "bed",
      "bbox": [
        2.239757537841797,
        2.780853271484375,
        185.9734344482422,
        586.0
      ],
      "confidence": 0.29257452487945557,
      "clip_attributes": {
        "palette": {
          "label": "pastel",
          "confidence": 0.26619771122932434
        },
        "dress_silhouette": {
          "label": "shirt dress",
          "confidence": 0.2638774514198303
        },
        "neckline": {
          "label": "square neckline",
          "confidence": 0.2686605453491211
        },
        "sleeve_type": {
          "label": "puffed sleeves",
          "confidence": 0.26048240065574646
        },
        "top_silhouette": {
          "label": "camisole",
          "confidence": 0.2615164816379547
        },
        "bottom_style": {
          "label": "flared pants",
          "confidence": 0.24918630719184875
        },
        "outerwear": {
          "label": "cardigan",
          "confidence": 0.255160927772522
        },
        "shoe_type": {
          "label": "ballet flats",
          "confidence": 0.23485466837882996
        },
        "bag_type": {
          "label": "shoulder bag",
          "confidence": 0.23934780061244965
        },
        "accessory": {
          "label": "scarf",
          "confidence": 0.2509543001651764
        },
        "hairstyle": {
          "label": "loose curls",
          "confidence": 0.2312762290239334
        },
        "setting": {
          "label": "office wear",
          "confidence": 0.2287643402814865
        },
        "fabric_type": {
          "label": "organza",
          "confidence": 0.28777188062667847
        },
        "season": {
          "label": "spring",
          "confidence": 0.242086261510849
        },
        "style_theme": {
          "label": "minimalist",
          "confidence": 0.24777105450630188
        }
      },
      "dominant_colors": [
        [
          237,
          119,
          155
        ],
        [
          224,
          117,
          167
        ],
        [
          202,
          118,
          172
        ]
      ],
      "texture_histogram": [
        0.0,
        0.0,
        0.0,
        0.0,
        0.0,
        0.0,
        0.0,
        0.0,
        0.0,
        0.0,
        0.0,
        0.0,
        0.0,
        0.0,
        0.0,
        0.0,
        0.0,
        0.0,
        0.0,
        0.0,
        0.0,
        0.0,
        0.0,
        0.0,
        0.0,
        0.0,
        0.0,
        0.0,
        0.0,
        0.0,
        0.0,
        0.0,
        0.0,
        0.0,
        0.0,
        0.0,
        0.0,
        0.0,
        0.0,
        0.0,
        0.0,
        0.0,
        0.0,
        0.0,
        0.0,
        0.0,
        0.0,
        0.0,
        0.0,
        0.0,
        0.0,
        0.0,
        0.0,
        0.0,
        0.0,
        0.0,
        0.0,
        0.0,
        0.0,
        0.0,
        0.0,
        0.0,
        0.0,
        0.0,
        0.0,
        0.0,
        0.0,
        0.0,
        0.0,
        0.0,
        0.0,
        0.0,
        0.0,
        0.0,
        0.0,
        0.0,
        0.0,
        0.0,
        0.0,
        0.0,
        0.0,
        0.0,
        0.0,
        0.0,
        0.0,
        0.0,
        0.0,
        0.0,
        0.0,
        0.0,
        0.0,
        0.0,
        0.0,
        0.0,
        0.0,
        0.0,
        0.0,
        0.0,
        0.0,
        0.0,
        0.0,
        0.0,
        0.0,
        0.0,
        0.0,
        0.0,
        0.0,
        0.0,
        0.0,
        0.0,
        0.0,
        0.0,
        0.0,
        0.0,
        0.0,
        0.0,
        0.0,
        0.0,
        0.0,
        0.0,
        0.0,
        0.0,
        0.0,
        0.0,
        0.0,
        0.0,
        0.0,
        0.0,
        0.0,
        0.0,
        0.0,
        0.0,
        0.0,
        0.0,
        0.0,
        0.0,
        0.0,
        0.0,
        0.0,
        0.0,
        0.0,
        0.0,
        0.0,
        0.0,
        0.0,
        0.0,
        0.0,
        0.0,
        0.0,
        0.0,
        0.0,
        0.0,
        0.0,
        0.0,
        0.0,
        0.0,
        0.0,
        0.0,
        0.0,
        0.0,
        0.0,
        0.0,
        1.0,
        7.0,
        23.0,
        86.0,
        208.0,
        188.0,
        125.0,
        54.0,
        58.0,
        65.0,
        94.0,
        88.0,
        79.0,
        95.0,
        115.0,
        161.0,
        220.0,
        239.0,
        255.0,
        397.0,
        391.0,
        475.0,
        520.0,
        588.0,
        754.0,
        815.0,
        900.0,
        931.0,
        975.0,
        1020.0,
        1060.0,
        1154.0,
        1172.0,
        1182.0,
        1225.0,
        1105.0,
        1090.0,
        1044.0,
        984.0,
        1006.0,
        1086.0,
        1178.0,
        1326.0,
        1522.0,
        1551.0,
        1673.0,
        1653.0,
        1608.0,
        1720.0,
        2305.0,
        2629.0,
        2949.0,
        3911.0,
        3938.0,
        4346.0,
        4372.0,
        4511.0,
        5000.0,
        4877.0,
        4219.0,
        4072.0,
        3794.0,
        2523.0,
        2164.0,
        1700.0,
        1569.0,
        1577.0,
        1706.0,
        1323.0,
        1210.0,
        1000.0,
        836.0,
        818.0,
        658.0,
        541.0,
        475.0,
        436.0,
        401.0,
        314.0,
        313.0,
        273.0,
        257.0,
        242.0,
        247.0,
        258.0,
        290.0,
        283.0,
        179.0,
        73.0,
        17.0,
        0.0,
        0.0,
        0.0,
        0.0
      ],
      "silhouette_mask_path": "C:\\Users\\shrad\\TrendWeave\\MERGE_OUTPUT_FINAL\\Catwalks__Women_s_Colour_A_W_25_26_en\\page_33\\img_3_mask_1.png"
    },
    {
      "yolo_label": "person",
      "bbox": [
        467.5341796875,
        418.7580871582031,
        585.5961303710938,
        585.084716796875
      ],
      "confidence": 0.2697645425796509,
      "clip_attributes": {
        "palette": {
          "label": "pastel",
          "confidence": 0.236924409866333
        },
        "dress_silhouette": {
          "label": "wrap dress",
          "confidence": 0.2512361705303192
        },
        "neckline": {
          "label": "square neckline",
          "confidence": 0.2776637673377991
        },
        "sleeve_type": {
          "label": "puffed sleeves",
          "confidence": 0.2588096857070923
        },
        "top_silhouette": {
          "label": "wrap top",
          "confidence": 0.24187611043453217
        },
        "bottom_style": {
          "label": "flared pants",
          "confidence": 0.20831631124019623
        },
        "outerwear": {
          "label": "cardigan",
          "confidence": 0.24051494896411896
        },
        "shoe_type": {
          "label": "ballet flats",
          "confidence": 0.19989356398582458
        },
        "bag_type": {
          "label": "shoulder bag",
          "confidence": 0.2227717638015747
        },
        "accessory": {
          "label": "scarf",
          "confidence": 0.25396090745925903
        },
        "hairstyle": {
          "label": "braids",
          "confidence": 0.21975962817668915
        },
        "setting": {
          "label": "office wear",
          "confidence": 0.227744460105896
        },
        "fabric_type": {
          "label": "organza",
          "confidence": 0.27425312995910645
        },
        "season": {
          "label": "winter",
          "confidence": 0.2274933010339737
        },
        "style_theme": {
          "label": "elegant chic",
          "confidence": 0.2424282431602478
        }
      },
      "dominant_colors": [
        [
          141,
          107,
          113
        ],
        [
          56,
          117,
          116
        ],
        [
          103,
          110,
          114
        ]
      ],
      "texture_histogram": [
        0.0,
        0.0,
        0.0,
        0.0,
        0.0,
        0.0,
        0.0,
        1.0,
        6.0,
        4.0,
        1.0,
        3.0,
        6.0,
        8.0,
        10.0,
        18.0,
        20.0,
        15.0,
        15.0,
        30.0,
        37.0,
        23.0,
        31.0,
        35.0,
        52.0,
        53.0,
        48.0,
        56.0,
        62.0,
        60.0,
        64.0,
        48.0,
        73.0,
        83.0,
        82.0,
        76.0,
        86.0,
        73.0,
        93.0,
        73.0,
        89.0,
        89.0,
        90.0,
        104.0,
        103.0,
        107.0,
        101.0,
        116.0,
        103.0,
        116.0,
        135.0,
        118.0,
        130.0,
        119.0,
        144.0,
        144.0,
        148.0,
        155.0,
        145.0,
        152.0,
        155.0,
        158.0,
        175.0,
        157.0,
        170.0,
        178.0,
        185.0,
        192.0,
        222.0,
        199.0,
        208.0,
        250.0,
        234.0,
        248.0,
        295.0,
        276.0,
        286.0,
        281.0,
        271.0,
        307.0,
        309.0,
        324.0,
        348.0,
        308.0,
        310.0,
        330.0,
        322.0,
        353.0,
        332.0,
        348.0,
        306.0,
        271.0,
        311.0,
        290.0,
        269.0,
        266.0,
        241.0,
        268.0,
        238.0,
        208.0,
        224.0,
        231.0,
        212.0,
        217.0,
        210.0,
        179.0,
        213.0,
        190.0,
        181.0,
        177.0,
        160.0,
        170.0,
        155.0,
        131.0,
        134.0,
        140.0,
        122.0,
        123.0,
        104.0,
        132.0,
        105.0,
        104.0,
        107.0,
        97.0,
        83.0,
        83.0,
        80.0,
        71.0,
        60.0,
        59.0,
        66.0,
        63.0,
        49.0,
        54.0,
        64.0,
        45.0,
        44.0,
        38.0,
        46.0,
        43.0,
        33.0,
        32.0,
        29.0,
        30.0,
        35.0,
        35.0,
        33.0,
        23.0,
        36.0,
        33.0,
        31.0,
        21.0,
        23.0,
        18.0,
        17.0,
        17.0,
        13.0,
        19.0,
        13.0,
        11.0,
        10.0,
        17.0,
        20.0,
        16.0,
        10.0,
        14.0,
        8.0,
        13.0,
        10.0,
        14.0,
        12.0,
        8.0,
        11.0,
        8.0,
        5.0,
        8.0,
        7.0,
        8.0,
        3.0,
        3.0,
        5.0,
        5.0,
        2.0,
        7.0,
        5.0,
        3.0,
        3.0,
        6.0,
        2.0,
        2.0,
        3.0,
        0.0,
        3.0,
        3.0,
        2.0,
        3.0,
        1.0,
        2.0,
        0.0,
        0.0,
        2.0,
        4.0,
        2.0,
        1.0,
        3.0,
        3.0,
        1.0,
        0.0,
        1.0,
        1.0,
        1.0,
        0.0,
        0.0,
        0.0,
        0.0,
        0.0,
        0.0,
        0.0,
        1.0,
        0.0,
        0.0,
        0.0,
        0.0,
        0.0,
        0.0,
        0.0,
        0.0,
        0.0,
        1.0,
        0.0,
        1.0,
        1.0,
        0.0,
        0.0,
        0.0,
        0.0,
        0.0,
        0.0,
        0.0,
        0.0,
        0.0,
        0.0,
        0.0,
        0.0,
        1.0,
        0.0,
        0.0,
        0.0,
        0.0,
        0.0,
        0.0,
        0.0,
        0.0,
        0.0,
        0.0,
        0.0
      ],
      "silhouette_mask_path": "C:\\Users\\shrad\\TrendWeave\\MERGE_OUTPUT_FINAL\\Catwalks__Women_s_Colour_A_W_25_26_en\\page_33\\img_3_mask_2.png"
    }
  ],
  "pose_keypoints": null
}