{
  "image": "C:\\Users\\shrad\\TrendWeave\\TrendWeave\\extracted_data\\Catwalks__Women_s_Colour_A_W_25_26_en\\page_33\\img_1.jpeg",
  "items": [
    {
      "yolo_label": "person",
      "bbox": [
        104.48851776123047,
        181.2813262939453,
        164.30612182617188,
        369.0872802734375
      ],
      "confidence": 0.9000584483146667,
      "clip_attributes": {
        "palette": {
          "label": "pastel",
          "confidence": 0.23285935819149017
        },
        "dress_silhouette": {
          "label": "fit and flare",
          "confidence": 0.24737757444381714
        },
        "neckline": {
          "label": "square neckline",
          "confidence": 0.26385387778282166
        },
        "sleeve_type": {
          "label": "bell sleeves",
          "confidence": 0.23978573083877563
        },
        "top_silhouette": {
          "label": "peplum",
          "confidence": 0.23895138502120972
        },
        "bottom_style": {
          "label": "culottes",
          "confidence": 0.25625330209732056
        },
        "outerwear": {
          "label": "shrug",
          "confidence": 0.22623521089553833
        },
        "shoe_type": {
          "label": "ballet flats",
          "confidence": 0.23281097412109375
        },
        "bag_type": {
          "label": "shoulder bag",
          "confidence": 0.23580136895179749
        },
        "accessory": {
          "label": "hairband",
          "confidence": 0.22688451409339905
        },
        "hairstyle": {
          "label": "ponytail",
          "confidence": 0.21267114579677582
        },
        "setting": {
          "label": "brunch look",
          "confidence": 0.24116794764995575
        },
        "fabric_type": {
          "label": "organza",
          "confidence": 0.23964530229568481
        },
        "season": {
          "label": "spring",
          "confidence": 0.21161457896232605
        },
        "style_theme": {
          "label": "elegant chic",
          "confidence": 0.24436627328395844
        }
      },
      "dominant_colors": [
        [
          208,
          138,
          126
        ],
        [
          57,
          136,
          129
        ],
        [
          151,
          132,
          133
        ]
      ],
      "texture_histogram": [
        0.0,
        0.0,
        0.0,
        0.0,
        0.0,
        0.0,
        0.0,
        0.0,
        0.0,
        0.0,
        0.0,
        0.0,
        0.0,
        0.0,
        0.0,
        0.0,
        0.0,
        0.0,
        0.0,
        0.0,
        0.0,
        0.0,
        2.0,
        3.0,
        3.0,
        4.0,
        12.0,
        10.0,
        18.0,
        27.0,
        26.0,
        32.0,
        31.0,
        24.0,
        29.0,
        31.0,
        27.0,
        20.0,
        32.0,
        36.0,
        26.0,
        35.0,
        24.0,
        29.0,
        20.0,
        31.0,
        34.0,
        25.0,
        21.0,
        25.0,
        21.0,
        21.0,
        17.0,
        22.0,
        21.0,
        24.0,
        22.0,
        25.0,
        14.0,
        26.0,
        13.0,
        11.0,
        19.0,
        16.0,
        10.0,
        15.0,
        16.0,
        21.0,
        18.0,
        11.0,
        15.0,
        20.0,
        10.0,
        9.0,
        20.0,
        10.0,
        11.0,
        5.0,
        15.0,
        12.0,
        16.0,
        10.0,
        6.0,
        15.0,
        10.0,
        15.0,
        8.0,
        10.0,
        9.0,
        10.0,
        15.0,
        9.0,
        12.0,
        11.0,
        11.0,
        13.0,
        12.0,
        8.0,
        13.0,
        12.0,
        12.0,
        10.0,
        13.0,
        7.0,
        16.0,
        10.0,
        12.0,
        14.0,
        8.0,
        6.0,
        13.0,
        9.0,
        13.0,
        9.0,
        11.0,
        10.0,
        16.0,
        13.0,
        11.0,
        16.0,
        13.0,
        15.0,
        12.0,
        17.0,
        16.0,
        28.0,
        12.0,
        18.0,
        20.0,
        25.0,
        44.0,
        43.0,
        75.0,
        63.0,
        54.0,
        102.0,
        93.0,
        134.0,
        162.0,
        117.0,
        117.0,
        125.0,
        136.0,
        116.0,
        112.0,
        106.0,
        99.0,
        112.0,
        86.0,
        71.0,
        50.0,
        37.0,
        37.0,
        30.0,
        33.0,
        34.0,
        25.0,
        37.0,
        33.0,
        29.0,
        41.0,
        34.0,
        34.0,
        38.0,
        30.0,
        43.0,
        44.0,
        35.0,
        39.0,
        42.0,
        45.0,
        46.0,
        54.0,
        56.0,
        55.0,
        43.0,
        56.0,
        67.0,
        70.0,
        69.0,
        68.0,
        74.0,
        91.0,
        75.0,
        87.0,
        85.0,
        134.0,
        134.0,
        145.0,
        145.0,
        158.0,
        112.0,
        128.0,
        151.0,
        166.0,
        150.0,
        150.0,
        154.0,
        156.0,
        150.0,
        158.0,
        158.0,
        188.0,
        160.0,
        140.0,
        121.0,
        124.0,
        108.0,
        98.0,
        102.0,
        79.0,
        91.0,
        85.0,
        89.0,
        86.0,
        72.0,
        68.0,
        62.0,
        75.0,
        57.0,
        42.0,
        52.0,
        87.0,
        80.0,
        106.0,
        107.0,
        96.0,
        127.0,
        131.0,
        115.0,
        80.0,
        63.0,
        39.0,
        59.0,
        33.0,
        65.0,
        87.0,
        68.0,
        44.0,
        18.0,
        26.0,
        23.0,
        55.0,
        19.0,
        10.0,
        4.0,
        0.0,
        0.0,
        0.0,
        0.0,
        0.0,
        0.0,
        0.0,
        0.0,
        0.0,
        0.0
      ],
      "silhouette_mask_path": "C:\\Users\\shrad\\TrendWeave\\MERGE_OUTPUT_FINAL\\Catwalks__Women_s_Colour_A_W_25_26_en\\page_33\\img_1_mask_0.png"
    },
    {
      "yolo_label": "person",
      "bbox": [
        0.029102277010679245,
        193.18466186523438,
        38.77315139770508,
        342.17413330078125
      ],
      "confidence": 0.8429271578788757,
      "clip_attributes": {
        "palette": {
          "label": "pastel",
          "confidence": 0.23480045795440674
        },
        "dress_silhouette": {
          "label": "maxi dress",
          "confidence": 0.23056179285049438
        },
        "neckline": {
          "label": "square neckline",
          "confidence": 0.253952294588089
        },
        "sleeve_type": {
          "label": "bell sleeves",
          "confidence": 0.23982620239257812
        },
        "top_silhouette": {
          "label": "peplum",
          "confidence": 0.23146307468414307
        },
        "bottom_style": {
          "label": "flared pants",
          "confidence": 0.22954311966896057
        },
        "outerwear": {
          "label": "shrug",
          "confidence": 0.23209571838378906
        },
        "shoe_type": {
          "label": "ankle boots",
          "confidence": 0.23685848712921143
        },
        "bag_type": {
          "label": "shoulder bag",
          "confidence": 0.24066555500030518
        },
        "accessory": {
          "label": "watch",
          "confidence": 0.23000085353851318
        },
        "hairstyle": {
          "label": "ponytail",
          "confidence": 0.2169751673936844
        },
        "setting": {
          "label": "office wear",
          "confidence": 0.208013653755188
        },
        "fabric_type": {
          "label": "organza",
          "confidence": 0.2380087971687317
        },
        "season": {
          "label": "spring",
          "confidence": 0.22248145937919617
        },
        "style_theme": {
          "label": "vintage",
          "confidence": 0.22102007269859314
        }
      },
      "dominant_colors": [
        [
          159,
          134,
          135
        ],
        [
          217,
          130,
          136
        ],
        [
          59,
          128,
          127
        ]
      ],
      "texture_histogram": [
        0.0,
        0.0,
        0.0,
        0.0,
        0.0,
        0.0,
        0.0,
        0.0,
        0.0,
        0.0,
        0.0,
        0.0,
        0.0,
        0.0,
        0.0,
        0.0,
        0.0,
        0.0,
        0.0,
        0.0,
        0.0,
        0.0,
        0.0,
        2.0,
        2.0,
        4.0,
        5.0,
        16.0,
        15.0,
        17.0,
        32.0,
        31.0,
        27.0,
        14.0,
        22.0,
        21.0,
        19.0,
        20.0,
        20.0,
        18.0,
        21.0,
        13.0,
        13.0,
        27.0,
        16.0,
        11.0,
        21.0,
        14.0,
        29.0,
        26.0,
        12.0,
        23.0,
        22.0,
        24.0,
        22.0,
        10.0,
        21.0,
        16.0,
        16.0,
        15.0,
        15.0,
        18.0,
        21.0,
        9.0,
        8.0,
        16.0,
        19.0,
        11.0,
        7.0,
        4.0,
        5.0,
        9.0,
        5.0,
        5.0,
        9.0,
        4.0,
        8.0,
        9.0,
        9.0,
        17.0,
        9.0,
        5.0,
        6.0,
        8.0,
        13.0,
        11.0,
        8.0,
        9.0,
        6.0,
        4.0,
        9.0,
        11.0,
        14.0,
        5.0,
        10.0,
        6.0,
        6.0,
        11.0,
        10.0,
        10.0,
        5.0,
        7.0,
        9.0,
        7.0,
        14.0,
        4.0,
        12.0,
        13.0,
        7.0,
        10.0,
        12.0,
        7.0,
        9.0,
        10.0,
        6.0,
        11.0,
        13.0,
        11.0,
        11.0,
        13.0,
        9.0,
        9.0,
        4.0,
        7.0,
        12.0,
        9.0,
        15.0,
        10.0,
        12.0,
        6.0,
        13.0,
        9.0,
        10.0,
        10.0,
        12.0,
        16.0,
        7.0,
        14.0,
        7.0,
        14.0,
        16.0,
        10.0,
        16.0,
        13.0,
        17.0,
        13.0,
        16.0,
        13.0,
        17.0,
        15.0,
        15.0,
        13.0,
        12.0,
        27.0,
        20.0,
        24.0,
        32.0,
        35.0,
        29.0,
        31.0,
        29.0,
        27.0,
        37.0,
        32.0,
        29.0,
        40.0,
        34.0,
        31.0,
        23.0,
        23.0,
        24.0,
        28.0,
        27.0,
        34.0,
        32.0,
        27.0,
        31.0,
        26.0,
        22.0,
        25.0,
        15.0,
        18.0,
        32.0,
        28.0,
        27.0,
        23.0,
        22.0,
        19.0,
        22.0,
        29.0,
        25.0,
        29.0,
        37.0,
        39.0,
        38.0,
        28.0,
        41.0,
        44.0,
        40.0,
        49.0,
        54.0,
        72.0,
        52.0,
        66.0,
        59.0,
        86.0,
        94.0,
        94.0,
        95.0,
        78.0,
        97.0,
        124.0,
        104.0,
        103.0,
        74.0,
        71.0,
        70.0,
        74.0,
        60.0,
        38.0,
        46.0,
        53.0,
        70.0,
        60.0,
        64.0,
        50.0,
        33.0,
        41.0,
        40.0,
        50.0,
        58.0,
        54.0,
        58.0,
        39.0,
        72.0,
        109.0,
        65.0,
        46.0,
        20.0,
        19.0,
        11.0,
        10.0,
        3.0,
        3.0,
        3.0,
        1.0,
        2.0,
        4.0,
        2.0,
        1.0,
        2.0,
        1.0,
        2.0,
        2.0,
        1.0,
        0.0
      ],
      "silhouette_mask_path": "C:\\Users\\shrad\\TrendWeave\\MERGE_OUTPUT_FINAL\\Catwalks__Women_s_Colour_A_W_25_26_en\\page_33\\img_1_mask_1.png"
    },
    {
      "yolo_label": "person",
      "bbox": [
        351.776123046875,
        89.9194107055664,
        486.0130615234375,
        511.96221923828125
      ],
      "confidence": 0.6797036528587341,
      "clip_attributes": {
        "palette": {
          "label": "pastel",
          "confidence": 0.23163537681102753
        },
        "dress_silhouette": {
          "label": "fit and flare",
          "confidence": 0.26068630814552307
        },
        "neckline": {
          "label": "off-shoulder",
          "confidence": 0.27802151441574097
        },
        "sleeve_type": {
          "label": "puffed sleeves",
          "confidence": 0.28192421793937683
        },
        "top_silhouette": {
          "label": "fitted blouse",
          "confidence": 0.2668488919734955
        },
        "bottom_style": {
          "label": "wide-leg pants",
          "confidence": 0.2859134376049042
        },
        "outerwear": {
          "label": "denim jacket",
          "confidence": 0.25765568017959595
        },
        "shoe_type": {
          "label": "ankle boots",
          "confidence": 0.25230664014816284
        },
        "bag_type": {
          "label": "crossbody bag",
          "confidence": 0.24008400738239288
        },
        "accessory": {
          "label": "scarf",
          "confidence": 0.2369678020477295
        },
        "hairstyle": {
          "label": "ponytail",
          "confidence": 0.2314305156469345
        },
        "setting": {
          "label": "street style",
          "confidence": 0.26577821373939514
        },
        "fabric_type": {
          "label": "satin",
          "confidence": 0.2484361082315445
        },
        "season": {
          "label": "summer",
          "confidence": 0.22599755227565765
        },
        "style_theme": {
          "label": "elegant chic",
          "confidence": 0.25677692890167236
        }
      },
      "dominant_colors": [
        [
          207,
          127,
          124
        ],
        [
          78,
          124,
          133
        ],
        [
          160,
          125,
          126
        ]
      ],
      "texture_histogram": [
        0.0,
        0.0,
        0.0,
        0.0,
        0.0,
        0.0,
        0.0,
        0.0,
        0.0,
        1.0,
        0.0,
        0.0,
        2.0,
        3.0,
        8.0,
        8.0,
        4.0,
        11.0,
        5.0,
        8.0,
        10.0,
        12.0,
        14.0,
        19.0,
        9.0,
        16.0,
        23.0,
        24.0,
        31.0,
        36.0,
        36.0,
        41.0,
        39.0,
        45.0,
        67.0,
        103.0,
        124.0,
        107.0,
        89.0,
        90.0,
        79.0,
        84.0,
        84.0,
        62.0,
        60.0,
        78.0,
        50.0,
        67.0,
        61.0,
        49.0,
        43.0,
        41.0,
        29.0,
        26.0,
        19.0,
        27.0,
        24.0,
        30.0,
        34.0,
        41.0,
        35.0,
        41.0,
        47.0,
        59.0,
        73.0,
        66.0,
        67.0,
        80.0,
        59.0,
        65.0,
        55.0,
        39.0,
        39.0,
        49.0,
        32.0,
        38.0,
        45.0,
        50.0,
        37.0,
        32.0,
        38.0,
        40.0,
        46.0,
        37.0,
        35.0,
        45.0,
        51.0,
        44.0,
        53.0,
        49.0,
        69.0,
        88.0,
        88.0,
        88.0,
        85.0,
        80.0,
        84.0,
        86.0,
        113.0,
        120.0,
        137.0,
        130.0,
        122.0,
        150.0,
        134.0,
        120.0,
        111.0,
        119.0,
        120.0,
        115.0,
        126.0,
        127.0,
        123.0,
        117.0,
        99.0,
        139.0,
        111.0,
        128.0,
        118.0,
        116.0,
        141.0,
        157.0,
        141.0,
        162.0,
        151.0,
        161.0,
        156.0,
        134.0,
        157.0,
        160.0,
        146.0,
        185.0,
        171.0,
        157.0,
        175.0,
        157.0,
        204.0,
        183.0,
        200.0,
        186.0,
        212.0,
        194.0,
        204.0,
        230.0,
        228.0,
        241.0,
        231.0,
        263.0,
        284.0,
        253.0,
        253.0,
        270.0,
        275.0,
        247.0,
        262.0,
        294.0,
        318.0,
        330.0,
        352.0,
        341.0,
        350.0,
        391.0,
        313.0,
        361.0,
        356.0,
        356.0,
        398.0,
        420.0,
        420.0,
        416.0,
        386.0,
        394.0,
        400.0,
        441.0,
        438.0,
        461.0,
        415.0,
        438.0,
        473.0,
        458.0,
        427.0,
        454.0,
        503.0,
        467.0,
        446.0,
        511.0,
        517.0,
        526.0,
        548.0,
        645.0,
        664.0,
        629.0,
        598.0,
        630.0,
        631.0,
        602.0,
        642.0,
        724.0,
        729.0,
        651.0,
        785.0,
        835.0,
        1004.0,
        1301.0,
        1479.0,
        1784.0,
        1570.0,
        1575.0,
        1321.0,
        1296.0,
        1111.0,
        1415.0,
        1113.0,
        769.0,
        546.0,
        450.0,
        391.0,
        307.0,
        311.0,
        294.0,
        261.0,
        230.0,
        230.0,
        212.0,
        184.0,
        204.0,
        160.0,
        150.0,
        134.0,
        109.0,
        92.0,
        96.0,
        54.0,
        34.0,
        36.0,
        36.0,
        34.0,
        22.0,
        17.0,
        6.0,
        7.0,
        9.0,
        5.0,
        4.0,
        3.0,
        2.0,
        0.0,
        0.0,
        0.0,
        0.0,
        1.0,
        2.0,
        0.0,
        0.0,
        2.0,
        0.0
      ],
      "silhouette_mask_path": "C:\\Users\\shrad\\TrendWeave\\MERGE_OUTPUT_FINAL\\Catwalks__Women_s_Colour_A_W_25_26_en\\page_33\\img_1_mask_2.png"
    },
    {
      "yolo_label": "person",
      "bbox": [
        480.7098083496094,
        250.56040954589844,
        540.560302734375,
        397.739501953125
      ],
      "confidence": 0.5984292030334473,
      "clip_attributes": {
        "palette": {
          "label": "muted tones",
          "confidence": 0.2096780389547348
        },
        "neckline": {
          "label": "buttoned collar",
          "confidence": 0.22195599973201752
        },
        "sleeve_type": {
          "label": "rolled sleeves",
          "confidence": 0.21812337636947632
        },
        "top_silhouette": {
          "label": "hoodie",
          "confidence": 0.21129247546195984
        },
        "bottom_style": {
          "label": "tailored trousers",
          "confidence": 0.23728784918785095
        },
        "outerwear": {
          "label": "blazer",
          "confidence": 0.2336682677268982
        },
        "shoe_type": {
          "label": "derby shoes",
          "confidence": 0.22323034703731537
        },
        "bag_type": {
          "label": "messenger bag",
          "confidence": 0.21220624446868896
        },
        "accessory": {
          "label": "watch",
          "confidence": 0.21417313814163208
        },
        "hairstyle": {
          "label": "undercut",
          "confidence": 0.22253157198429108
        },
        "setting": {
          "label": "smart casual",
          "confidence": 0.23935984075069427
        },
        "fabric_type": {
          "label": "polyester",
          "confidence": 0.2107810080051422
        },
        "season": {
          "label": "spring",
          "confidence": 0.20208071172237396
        },
        "style_theme": {
          "label": "streetwear",
          "confidence": 0.2108115255832672
        }
      },
      "dominant_colors": [
        [
          188,
          130,
          127
        ],
        [
          30,
          128,
          124
        ],
        [
          102,
          132,
          131
        ]
      ],
      "texture_histogram": [
        1.0,
        4.0,
        2.0,
        3.0,
        9.0,
        9.0,
        9.0,
        12.0,
        13.0,
        25.0,
        30.0,
        24.0,
        38.0,
        63.0,
        65.0,
        79.0,
        93.0,
        128.0,
        144.0,
        168.0,
        178.0,
        164.0,
        194.0,
        186.0,
        185.0,
        158.0,
        153.0,
        155.0,
        161.0,
        157.0,
        147.0,
        140.0,
        136.0,
        135.0,
        126.0,
        143.0,
        108.0,
        96.0,
        83.0,
        92.0,
        80.0,
        72.0,
        78.0,
        73.0,
        56.0,
        77.0,
        68.0,
        59.0,
        63.0,
        62.0,
        50.0,
        59.0,
        52.0,
        53.0,
        52.0,
        63.0,
        55.0,
        53.0,
        47.0,
        45.0,
        45.0,
        35.0,
        44.0,
        33.0,
        40.0,
        40.0,
        35.0,
        38.0,
        44.0,
        36.0,
        47.0,
        39.0,
        41.0,
        43.0,
        51.0,
        46.0,
        36.0,
        39.0,
        49.0,
        46.0,
        46.0,
        39.0,
        46.0,
        42.0,
        42.0,
        28.0,
        38.0,
        33.0,
        27.0,
        42.0,
        30.0,
        30.0,
        32.0,
        30.0,
        31.0,
        18.0,
        28.0,
        31.0,
        26.0,
        25.0,
        22.0,
        19.0,
        20.0,
        25.0,
        17.0,
        20.0,
        20.0,
        21.0,
        22.0,
        17.0,
        24.0,
        18.0,
        19.0,
        18.0,
        21.0,
        32.0,
        18.0,
        25.0,
        21.0,
        18.0,
        22.0,
        25.0,
        21.0,
        27.0,
        34.0,
        25.0,
        27.0,
        28.0,
        21.0,
        37.0,
        26.0,
        32.0,
        31.0,
        25.0,
        26.0,
        26.0,
        32.0,
        29.0,
        29.0,
        25.0,
        18.0,
        25.0,
        28.0,
        22.0,
        25.0,
        15.0,
        20.0,
        20.0,
        18.0,
        16.0,
        17.0,
        19.0,
        15.0,
        23.0,
        13.0,
        13.0,
        13.0,
        15.0,
        15.0,
        7.0,
        9.0,
        11.0,
        7.0,
        18.0,
        19.0,
        11.0,
        12.0,
        11.0,
        11.0,
        10.0,
        10.0,
        14.0,
        14.0,
        9.0,
        5.0,
        9.0,
        8.0,
        6.0,
        8.0,
        16.0,
        9.0,
        5.0,
        10.0,
        15.0,
        12.0,
        3.0,
        7.0,
        11.0,
        6.0,
        7.0,
        12.0,
        6.0,
        11.0,
        6.0,
        10.0,
        7.0,
        8.0,
        6.0,
        6.0,
        11.0,
        13.0,
        14.0,
        12.0,
        16.0,
        18.0,
        29.0,
        38.0,
        54.0,
        73.0,
        60.0,
        65.0,
        48.0,
        36.0,
        27.0,
        24.0,
        14.0,
        15.0,
        3.0,
        6.0,
        6.0,
        2.0,
        5.0,
        3.0,
        3.0,
        2.0,
        0.0,
        0.0,
        0.0,
        1.0,
        1.0,
        0.0,
        0.0,
        0.0,
        0.0,
        0.0,
        0.0,
        0.0,
        0.0,
        0.0,
        0.0,
        0.0,
        0.0,
        0.0,
        0.0,
        0.0,
        0.0,
        0.0,
        0.0,
        0.0,
        0.0,
        0.0,
        0.0,
        0.0,
        0.0,
        0.0,
        0.0
      ],
      "silhouette_mask_path": "C:\\Users\\shrad\\TrendWeave\\MERGE_OUTPUT_FINAL\\Catwalks__Women_s_Colour_A_W_25_26_en\\page_33\\img_1_mask_3.png"
    },
    {
      "yolo_label": "person",
      "bbox": [
        512.3853759765625,
        244.00997924804688,
        585.7898559570312,
        415.56610107421875
      ],
      "confidence": 0.531632125377655,
      "clip_attributes": {
        "palette": {
          "label": "navy and grey",
          "confidence": 0.2231350541114807
        },
        "neckline": {
          "label": "polo",
          "confidence": 0.2102101743221283
        },
        "sleeve_type": {
          "label": "rolled sleeves",
          "confidence": 0.23025192320346832
        },
        "top_silhouette": {
          "label": "button-up shirt",
          "confidence": 0.2035571187734604
        },
        "bottom_style": {
          "label": "cargo shorts",
          "confidence": 0.2296651303768158
        },
        "outerwear": {
          "label": "blazer",
          "confidence": 0.20289652049541473
        },
        "shoe_type": {
          "label": "loafers",
          "confidence": 0.21536538004875183
        },
        "bag_type": {
          "label": "crossbody bag",
          "confidence": 0.21063995361328125
        },
        "accessory": {
          "label": "watch",
          "confidence": 0.21567483246326447
        },
        "hairstyle": {
          "label": "buzz cut",
          "confidence": 0.21326659619808197
        },
        "setting": {
          "label": "smart casual",
          "confidence": 0.2184430956840515
        },
        "fabric_type": {
          "label": "linen",
          "confidence": 0.20731322467327118
        },
        "season": {
          "label": "summer",
          "confidence": 0.1952516883611679
        },
        "style_theme": {
          "label": "classic",
          "confidence": 0.2069791704416275
        }
      },
      "dominant_colors": [
        [
          33,
          129,
          124
        ],
        [
          157,
          135,
          138
        ],
        [
          87,
          132,
          130
        ]
      ],
      "texture_histogram": [
        1.0,
        3.0,
        4.0,
        1.0,
        9.0,
        12.0,
        13.0,
        15.0,
        28.0,
        34.0,
        43.0,
        45.0,
        52.0,
        71.0,
        72.0,
        88.0,
        104.0,
        99.0,
        95.0,
        112.0,
        119.0,
        110.0,
        109.0,
        111.0,
        132.0,
        159.0,
        117.0,
        129.0,
        126.0,
        142.0,
        141.0,
        146.0,
        123.0,
        141.0,
        163.0,
        138.0,
        122.0,
        118.0,
        111.0,
        113.0,
        109.0,
        129.0,
        154.0,
        108.0,
        125.0,
        117.0,
        126.0,
        114.0,
        106.0,
        123.0,
        134.0,
        124.0,
        107.0,
        109.0,
        122.0,
        107.0,
        120.0,
        126.0,
        113.0,
        116.0,
        109.0,
        105.0,
        89.0,
        79.0,
        78.0,
        61.0,
        61.0,
        87.0,
        79.0,
        69.0,
        92.0,
        69.0,
        63.0,
        64.0,
        80.0,
        77.0,
        62.0,
        71.0,
        86.0,
        76.0,
        79.0,
        63.0,
        80.0,
        70.0,
        61.0,
        65.0,
        59.0,
        64.0,
        62.0,
        63.0,
        49.0,
        53.0,
        62.0,
        65.0,
        61.0,
        48.0,
        70.0,
        51.0,
        44.0,
        50.0,
        46.0,
        38.0,
        43.0,
        42.0,
        49.0,
        45.0,
        45.0,
        41.0,
        43.0,
        42.0,
        55.0,
        45.0,
        41.0,
        51.0,
        53.0,
        46.0,
        44.0,
        48.0,
        50.0,
        45.0,
        45.0,
        48.0,
        49.0,
        50.0,
        45.0,
        48.0,
        48.0,
        64.0,
        48.0,
        56.0,
        51.0,
        59.0,
        55.0,
        47.0,
        53.0,
        55.0,
        57.0,
        57.0,
        51.0,
        57.0,
        44.0,
        48.0,
        49.0,
        41.0,
        50.0,
        35.0,
        36.0,
        54.0,
        39.0,
        29.0,
        42.0,
        36.0,
        37.0,
        41.0,
        29.0,
        39.0,
        42.0,
        40.0,
        38.0,
        38.0,
        43.0,
        33.0,
        31.0,
        42.0,
        32.0,
        31.0,
        26.0,
        30.0,
        35.0,
        22.0,
        21.0,
        30.0,
        31.0,
        31.0,
        34.0,
        24.0,
        36.0,
        25.0,
        39.0,
        36.0,
        33.0,
        37.0,
        47.0,
        33.0,
        14.0,
        5.0,
        8.0,
        17.0,
        14.0,
        7.0,
        8.0,
        9.0,
        14.0,
        11.0,
        12.0,
        7.0,
        6.0,
        5.0,
        6.0,
        6.0,
        9.0,
        8.0,
        6.0,
        3.0,
        2.0,
        9.0,
        9.0,
        10.0,
        8.0,
        12.0,
        11.0,
        12.0,
        7.0,
        7.0,
        4.0,
        6.0,
        10.0,
        5.0,
        1.0,
        4.0,
        2.0,
        3.0,
        1.0,
        1.0,
        1.0,
        1.0,
        0.0,
        0.0,
        1.0,
        1.0,
        0.0,
        0.0,
        0.0,
        0.0,
        0.0,
        0.0,
        0.0,
        0.0,
        0.0,
        0.0,
        0.0,
        0.0,
        0.0,
        0.0,
        0.0,
        0.0,
        0.0,
        0.0,
        0.0,
        0.0,
        0.0,
        0.0,
        0.0,
        0.0,
        0.0,
        0.0
      ],
      "silhouette_mask_path": "C:\\Users\\shrad\\TrendWeave\\MERGE_OUTPUT_FINAL\\Catwalks__Women_s_Colour_A_W_25_26_en\\page_33\\img_1_mask_4.png"
    },
    {
      "yolo_label": "person",
      "bbox": [
        289.635009765625,
        90.0136947631836,
        487.34539794921875,
        515.29931640625
      ],
      "confidence": 0.5121082663536072,
      "clip_attributes": {
        "palette": {
          "label": "pastel",
          "confidence": 0.22967010736465454
        },
        "dress_silhouette": {
          "label": "fit and flare",
          "confidence": 0.2448565810918808
        },
        "neckline": {
          "label": "off-shoulder",
          "confidence": 0.29024481773376465
        },
        "sleeve_type": {
          "label": "puffed sleeves",
          "confidence": 0.30100756883621216
        },
        "top_silhouette": {
          "label": "crop top",
          "confidence": 0.2561119794845581
        },
        "bottom_style": {
          "label": "wide-leg pants",
          "confidence": 0.28342336416244507
        },
        "outerwear": {
          "label": "denim jacket",
          "confidence": 0.25474026799201965
        },
        "shoe_type": {
          "label": "ankle boots",
          "confidence": 0.2456098347902298
        },
        "bag_type": {
          "label": "crossbody bag",
          "confidence": 0.24301458895206451
        },
        "accessory": {
          "label": "hoop earrings",
          "confidence": 0.22656559944152832
        },
        "hairstyle": {
          "label": "ponytail",
          "confidence": 0.220648854970932
        },
        "setting": {
          "label": "street style",
          "confidence": 0.251321941614151
        },
        "fabric_type": {
          "label": "organza",
          "confidence": 0.2559053301811218
        },
        "season": {
          "label": "spring",
          "confidence": 0.21869109570980072
        },
        "style_theme": {
          "label": "boho",
          "confidence": 0.25515902042388916
        }
      },
      "dominant_colors": [
        [
          71,
          127,
          130
        ],
        [
          205,
          128,
          124
        ],
        [
          151,
          123,
          133
        ]
      ],
      "texture_histogram": [
        0.0,
        0.0,
        0.0,
        0.0,
        0.0,
        0.0,
        0.0,
        0.0,
        0.0,
        1.0,
        0.0,
        0.0,
        2.0,
        3.0,
        8.0,
        9.0,
        13.0,
        26.0,
        31.0,
        40.0,
        37.0,
        44.0,
        64.0,
        69.0,
        52.0,
        66.0,
        57.0,
        63.0,
        69.0,
        75.0,
        60.0,
        68.0,
        64.0,
        79.0,
        84.0,
        128.0,
        144.0,
        130.0,
        106.0,
        110.0,
        108.0,
        109.0,
        104.0,
        81.0,
        81.0,
        108.0,
        69.0,
        111.0,
        92.0,
        75.0,
        80.0,
        84.0,
        95.0,
        80.0,
        71.0,
        74.0,
        80.0,
        102.0,
        110.0,
        145.0,
        119.0,
        139.0,
        203.0,
        219.0,
        219.0,
        233.0,
        239.0,
        230.0,
        177.0,
        193.0,
        196.0,
        152.0,
        152.0,
        165.0,
        149.0,
        138.0,
        152.0,
        138.0,
        134.0,
        142.0,
        121.0,
        128.0,
        124.0,
        133.0,
        122.0,
        128.0,
        141.0,
        119.0,
        132.0,
        123.0,
        150.0,
        174.0,
        180.0,
        177.0,
        169.0,
        156.0,
        161.0,
        154.0,
        201.0,
        195.0,
        208.0,
        207.0,
        202.0,
        228.0,
        238.0,
        207.0,
        190.0,
        197.0,
        183.0,
        206.0,
        220.0,
        223.0,
        206.0,
        210.0,
        180.0,
        225.0,
        192.0,
        230.0,
        222.0,
        205.0,
        226.0,
        240.0,
        247.0,
        280.0,
        251.0,
        270.0,
        271.0,
        238.0,
        252.0,
        277.0,
        261.0,
        307.0,
        296.0,
        305.0,
        296.0,
        276.0,
        318.0,
        293.0,
        311.0,
        288.0,
        317.0,
        326.0,
        311.0,
        361.0,
        351.0,
        374.0,
        352.0,
        397.0,
        419.0,
        398.0,
        400.0,
        416.0,
        435.0,
        380.0,
        434.0,
        456.0,
        466.0,
        463.0,
        475.0,
        477.0,
        501.0,
        541.0,
        458.0,
        461.0,
        447.0,
        445.0,
        474.0,
        505.0,
        498.0,
        508.0,
        471.0,
        471.0,
        474.0,
        520.0,
        523.0,
        534.0,
        471.0,
        515.0,
        574.0,
        529.0,
        506.0,
        526.0,
        589.0,
        573.0,
        552.0,
        656.0,
        690.0,
        717.0,
        879.0,
        955.0,
        1002.0,
        998.0,
        987.0,
        1006.0,
        1082.0,
        1097.0,
        1138.0,
        1281.0,
        1207.0,
        1203.0,
        1204.0,
        1163.0,
        1307.0,
        1575.0,
        1770.0,
        2135.0,
        1873.0,
        1962.0,
        1746.0,
        1827.0,
        1805.0,
        1933.0,
        1679.0,
        1167.0,
        894.0,
        620.0,
        516.0,
        397.0,
        372.0,
        348.0,
        304.0,
        262.0,
        256.0,
        227.0,
        205.0,
        224.0,
        171.0,
        158.0,
        142.0,
        112.0,
        99.0,
        102.0,
        61.0,
        41.0,
        43.0,
        38.0,
        35.0,
        24.0,
        18.0,
        8.0,
        7.0,
        9.0,
        5.0,
        4.0,
        3.0,
        2.0,
        0.0,
        0.0,
        0.0,
        0.0,
        1.0,
        2.0,
        0.0,
        0.0,
        2.0,
        0.0
      ],
      "silhouette_mask_path": "C:\\Users\\shrad\\TrendWeave\\MERGE_OUTPUT_FINAL\\Catwalks__Women_s_Colour_A_W_25_26_en\\page_33\\img_1_mask_5.png"
    },
    {
      "yolo_label": "person",
      "bbox": [
        269.0455017089844,
        234.35009765625,
        347.0737609863281,
        360.11114501953125
      ],
      "confidence": 0.47554996609687805,
      "clip_attributes": {
        "palette": {
          "label": "earth tones",
          "confidence": 0.2142651528120041
        },
        "dress_silhouette": {
          "label": "fit and flare",
          "confidence": 0.2141793668270111
        },
        "neckline": {
          "label": "square neckline",
          "confidence": 0.2285938560962677
        },
        "sleeve_type": {
          "label": "bell sleeves",
          "confidence": 0.2198883295059204
        },
        "top_silhouette": {
          "label": "peplum",
          "confidence": 0.22268173098564148
        },
        "bottom_style": {
          "label": "culottes",
          "confidence": 0.2344791740179062
        },
        "outerwear": {
          "label": "cardigan",
          "confidence": 0.21438516676425934
        },
        "shoe_type": {
          "label": "ankle boots",
          "confidence": 0.22979027032852173
        },
        "bag_type": {
          "label": "crossbody bag",
          "confidence": 0.22771242260932922
        },
        "accessory": {
          "label": "watch",
          "confidence": 0.2135791927576065
        },
        "hairstyle": {
          "label": "ponytail",
          "confidence": 0.19167686998844147
        },
        "setting": {
          "label": "street style",
          "confidence": 0.22128048539161682
        },
        "fabric_type": {
          "label": "organza",
          "confidence": 0.21371300518512726
        },
        "season": {
          "label": "fall",
          "confidence": 0.20389719307422638
        },
        "style_theme": {
          "label": "vintage",
          "confidence": 0.20483939349651337
        }
      },
      "dominant_colors": [
        [
          52,
          131,
          126
        ],
        [
          127,
          135,
          133
        ],
        [
          199,
          131,
          130
        ]
      ],
      "texture_histogram": [
        0.0,
        0.0,
        0.0,
        0.0,
        0.0,
        0.0,
        0.0,
        0.0,
        0.0,
        0.0,
        0.0,
        0.0,
        0.0,
        0.0,
        0.0,
        2.0,
        7.0,
        12.0,
        28.0,
        33.0,
        26.0,
        40.0,
        59.0,
        58.0,
        58.0,
        64.0,
        51.0,
        62.0,
        79.0,
        92.0,
        100.0,
        97.0,
        85.0,
        67.0,
        55.0,
        56.0,
        47.0,
        64.0,
        54.0,
        53.0,
        66.0,
        47.0,
        32.0,
        38.0,
        41.0,
        50.0,
        33.0,
        62.0,
        44.0,
        37.0,
        46.0,
        62.0,
        74.0,
        50.0,
        55.0,
        49.0,
        57.0,
        73.0,
        56.0,
        68.0,
        54.0,
        64.0,
        72.0,
        61.0,
        48.0,
        61.0,
        58.0,
        73.0,
        52.0,
        65.0,
        70.0,
        67.0,
        56.0,
        60.0,
        68.0,
        63.0,
        66.0,
        39.0,
        54.0,
        71.0,
        52.0,
        43.0,
        44.0,
        55.0,
        42.0,
        47.0,
        53.0,
        41.0,
        43.0,
        37.0,
        48.0,
        49.0,
        55.0,
        48.0,
        48.0,
        53.0,
        31.0,
        48.0,
        39.0,
        33.0,
        31.0,
        34.0,
        48.0,
        45.0,
        49.0,
        32.0,
        32.0,
        45.0,
        28.0,
        41.0,
        40.0,
        34.0,
        31.0,
        38.0,
        34.0,
        30.0,
        32.0,
        42.0,
        44.0,
        35.0,
        24.0,
        28.0,
        34.0,
        30.0,
        40.0,
        39.0,
        39.0,
        30.0,
        40.0,
        50.0,
        38.0,
        32.0,
        36.0,
        42.0,
        29.0,
        40.0,
        54.0,
        44.0,
        43.0,
        46.0,
        41.0,
        51.0,
        35.0,
        38.0,
        33.0,
        47.0,
        49.0,
        60.0,
        46.0,
        42.0,
        47.0,
        45.0,
        38.0,
        37.0,
        46.0,
        37.0,
        36.0,
        32.0,
        33.0,
        39.0,
        29.0,
        39.0,
        47.0,
        37.0,
        35.0,
        43.0,
        21.0,
        47.0,
        38.0,
        51.0,
        40.0,
        41.0,
        34.0,
        44.0,
        40.0,
        38.0,
        26.0,
        41.0,
        45.0,
        32.0,
        37.0,
        27.0,
        29.0,
        40.0,
        38.0,
        39.0,
        38.0,
        37.0,
        50.0,
        38.0,
        45.0,
        42.0,
        47.0,
        31.0,
        31.0,
        44.0,
        37.0,
        35.0,
        42.0,
        55.0,
        49.0,
        50.0,
        43.0,
        44.0,
        35.0,
        42.0,
        42.0,
        41.0,
        50.0,
        73.0,
        200.0,
        117.0,
        95.0,
        64.0,
        76.0,
        45.0,
        25.0,
        30.0,
        23.0,
        29.0,
        28.0,
        24.0,
        25.0,
        10.0,
        23.0,
        18.0,
        7.0,
        18.0,
        7.0,
        6.0,
        8.0,
        9.0,
        9.0,
        9.0,
        13.0,
        4.0,
        3.0,
        7.0,
        3.0,
        5.0,
        2.0,
        8.0,
        0.0,
        1.0,
        0.0,
        2.0,
        1.0,
        0.0,
        0.0,
        0.0,
        0.0,
        0.0,
        0.0,
        0.0,
        0.0,
        0.0
      ],
      "silhouette_mask_path": "C:\\Users\\shrad\\TrendWeave\\MERGE_OUTPUT_FINAL\\Catwalks__Women_s_Colour_A_W_25_26_en\\page_33\\img_1_mask_6.png"
    },
    {
      "yolo_label": "person",
      "bbox": [
        25.47838020324707,
        212.55023193359375,
        53.885101318359375,
        320.0840759277344
      ],
      "confidence": 0.4008181691169739,
      "clip_attributes": {
        "palette": {
          "label": "pastel",
          "confidence": 0.22801049053668976
        },
        "dress_silhouette": {
          "label": "maxi dress",
          "confidence": 0.24264463782310486
        },
        "neckline": {
          "label": "square neckline",
          "confidence": 0.25036752223968506
        },
        "sleeve_type": {
          "label": "bell sleeves",
          "confidence": 0.23270179331302643
        },
        "top_silhouette": {
          "label": "wrap top",
          "confidence": 0.23219884932041168
        },
        "bottom_style": {
          "label": "flared pants",
          "confidence": 0.22713157534599304
        },
        "outerwear": {
          "label": "long coat",
          "confidence": 0.2325124442577362
        },
        "shoe_type": {
          "label": "ankle boots",
          "confidence": 0.22203950583934784
        },
        "bag_type": {
          "label": "shoulder bag",
          "confidence": 0.23198670148849487
        },
        "accessory": {
          "label": "watch",
          "confidence": 0.2292410433292389
        },
        "hairstyle": {
          "label": "braids",
          "confidence": 0.21080508828163147
        },
        "setting": {
          "label": "street style",
          "confidence": 0.20699374377727509
        },
        "fabric_type": {
          "label": "organza",
          "confidence": 0.23766875267028809
        },
        "season": {
          "label": "spring",
          "confidence": 0.2206096351146698
        },
        "style_theme": {
          "label": "vintage",
          "confidence": 0.21964770555496216
        }
      },
      "dominant_colors": [
        [
          120,
          127,
          126
        ],
        [
          197,
          131,
          132
        ],
        [
          43,
          127,
          126
        ]
      ],
      "texture_histogram": [
        0.0,
        0.0,
        0.0,
        0.0,
        0.0,
        0.0,
        0.0,
        0.0,
        0.0,
        0.0,
        0.0,
        0.0,
        0.0,
        0.0,
        0.0,
        0.0,
        0.0,
        0.0,
        0.0,
        0.0,
        0.0,
        0.0,
        0.0,
        3.0,
        3.0,
        7.0,
        10.0,
        25.0,
        28.0,
        54.0,
        83.0,
        68.0,
        41.0,
        24.0,
        32.0,
        20.0,
        16.0,
        19.0,
        21.0,
        19.0,
        24.0,
        15.0,
        15.0,
        22.0,
        15.0,
        10.0,
        17.0,
        6.0,
        18.0,
        15.0,
        7.0,
        13.0,
        14.0,
        11.0,
        12.0,
        5.0,
        12.0,
        7.0,
        8.0,
        12.0,
        10.0,
        15.0,
        14.0,
        10.0,
        9.0,
        21.0,
        17.0,
        11.0,
        5.0,
        6.0,
        3.0,
        10.0,
        5.0,
        7.0,
        9.0,
        6.0,
        13.0,
        19.0,
        10.0,
        14.0,
        14.0,
        15.0,
        13.0,
        16.0,
        14.0,
        20.0,
        14.0,
        16.0,
        14.0,
        20.0,
        14.0,
        19.0,
        20.0,
        19.0,
        10.0,
        14.0,
        15.0,
        14.0,
        22.0,
        11.0,
        18.0,
        16.0,
        15.0,
        10.0,
        17.0,
        14.0,
        13.0,
        17.0,
        14.0,
        13.0,
        14.0,
        13.0,
        13.0,
        16.0,
        9.0,
        12.0,
        17.0,
        15.0,
        17.0,
        17.0,
        16.0,
        19.0,
        11.0,
        12.0,
        8.0,
        16.0,
        12.0,
        16.0,
        19.0,
        10.0,
        13.0,
        15.0,
        9.0,
        12.0,
        9.0,
        14.0,
        16.0,
        19.0,
        15.0,
        14.0,
        18.0,
        11.0,
        18.0,
        17.0,
        12.0,
        17.0,
        12.0,
        6.0,
        15.0,
        9.0,
        8.0,
        11.0,
        9.0,
        12.0,
        13.0,
        13.0,
        14.0,
        10.0,
        12.0,
        8.0,
        12.0,
        15.0,
        10.0,
        14.0,
        11.0,
        9.0,
        10.0,
        8.0,
        9.0,
        10.0,
        10.0,
        9.0,
        6.0,
        9.0,
        9.0,
        17.0,
        9.0,
        5.0,
        11.0,
        15.0,
        6.0,
        4.0,
        17.0,
        8.0,
        27.0,
        16.0,
        13.0,
        10.0,
        16.0,
        23.0,
        36.0,
        26.0,
        34.0,
        28.0,
        25.0,
        10.0,
        19.0,
        17.0,
        18.0,
        18.0,
        20.0,
        15.0,
        16.0,
        6.0,
        8.0,
        12.0,
        17.0,
        8.0,
        14.0,
        15.0,
        13.0,
        20.0,
        11.0,
        12.0,
        14.0,
        12.0,
        12.0,
        5.0,
        14.0,
        6.0,
        8.0,
        3.0,
        6.0,
        2.0,
        5.0,
        11.0,
        8.0,
        3.0,
        6.0,
        6.0,
        7.0,
        3.0,
        9.0,
        10.0,
        7.0,
        12.0,
        3.0,
        0.0,
        1.0,
        0.0,
        2.0,
        2.0,
        1.0,
        0.0,
        1.0,
        2.0,
        0.0,
        1.0,
        0.0,
        1.0,
        3.0,
        0.0,
        1.0,
        2.0,
        0.0,
        0.0
      ],
      "silhouette_mask_path": "C:\\Users\\shrad\\TrendWeave\\MERGE_OUTPUT_FINAL\\Catwalks__Women_s_Colour_A_W_25_26_en\\page_33\\img_1_mask_7.png"
    },
    {
      "yolo_label": "person",
      "bbox": [
        247.71435546875,
        238.1020050048828,
        289.25006103515625,
        313.0560607910156
      ],
      "confidence": 0.35307496786117554,
      "clip_attributes": {
        "palette": {
          "label": "pastel",
          "confidence": 0.2249876856803894
        },
        "dress_silhouette": {
          "label": "fit and flare",
          "confidence": 0.22580674290657043
        },
        "neckline": {
          "label": "square neckline",
          "confidence": 0.23729118704795837
        },
        "sleeve_type": {
          "label": "long sleeves",
          "confidence": 0.23402921855449677
        },
        "top_silhouette": {
          "label": "fitted blouse",
          "confidence": 0.23272523283958435
        },
        "bottom_style": {
          "label": "culottes",
          "confidence": 0.2351670265197754
        },
        "outerwear": {
          "label": "blazer",
          "confidence": 0.2577376365661621
        },
        "shoe_type": {
          "label": "ankle boots",
          "confidence": 0.22744245827198029
        },
        "bag_type": {
          "label": "shoulder bag",
          "confidence": 0.22883255779743195
        },
        "accessory": {
          "label": "hairband",
          "confidence": 0.23059310019016266
        },
        "hairstyle": {
          "label": "ponytail",
          "confidence": 0.22616155445575714
        },
        "setting": {
          "label": "office wear",
          "confidence": 0.22464998066425323
        },
        "fabric_type": {
          "label": "organza",
          "confidence": 0.23365697264671326
        },
        "season": {
          "label": "spring",
          "confidence": 0.21258531510829926
        },
        "style_theme": {
          "label": "vintage",
          "confidence": 0.22269797325134277
        }
      },
      "dominant_colors": [
        [
          191,
          135,
          138
        ],
        [
          42,
          128,
          124
        ],
        [
          118,
          131,
          131
        ]
      ],
      "texture_histogram": [
        0.0,
        0.0,
        0.0,
        0.0,
        0.0,
        0.0,
        0.0,
        0.0,
        0.0,
        0.0,
        0.0,
        0.0,
        0.0,
        0.0,
        0.0,
        1.0,
        0.0,
        0.0,
        2.0,
        3.0,
        3.0,
        10.0,
        16.0,
        11.0,
        20.0,
        25.0,
        32.0,
        36.0,
        56.0,
        60.0,
        83.0,
        80.0,
        71.0,
        44.0,
        50.0,
        43.0,
        35.0,
        51.0,
        50.0,
        42.0,
        44.0,
        30.0,
        16.0,
        27.0,
        28.0,
        27.0,
        20.0,
        24.0,
        11.0,
        15.0,
        19.0,
        26.0,
        20.0,
        16.0,
        25.0,
        16.0,
        17.0,
        26.0,
        12.0,
        13.0,
        12.0,
        10.0,
        9.0,
        12.0,
        9.0,
        12.0,
        14.0,
        11.0,
        12.0,
        15.0,
        16.0,
        17.0,
        11.0,
        15.0,
        12.0,
        17.0,
        9.0,
        11.0,
        11.0,
        12.0,
        11.0,
        8.0,
        18.0,
        9.0,
        20.0,
        8.0,
        13.0,
        11.0,
        13.0,
        17.0,
        13.0,
        6.0,
        13.0,
        7.0,
        13.0,
        15.0,
        12.0,
        13.0,
        10.0,
        10.0,
        8.0,
        11.0,
        5.0,
        12.0,
        11.0,
        9.0,
        9.0,
        14.0,
        12.0,
        8.0,
        12.0,
        11.0,
        8.0,
        13.0,
        5.0,
        13.0,
        8.0,
        13.0,
        11.0,
        7.0,
        7.0,
        13.0,
        10.0,
        10.0,
        7.0,
        11.0,
        12.0,
        9.0,
        10.0,
        9.0,
        11.0,
        3.0,
        6.0,
        13.0,
        13.0,
        8.0,
        18.0,
        13.0,
        9.0,
        11.0,
        13.0,
        9.0,
        10.0,
        13.0,
        14.0,
        16.0,
        25.0,
        10.0,
        14.0,
        17.0,
        19.0,
        7.0,
        9.0,
        14.0,
        8.0,
        7.0,
        9.0,
        15.0,
        14.0,
        12.0,
        18.0,
        19.0,
        10.0,
        15.0,
        12.0,
        8.0,
        6.0,
        12.0,
        10.0,
        12.0,
        17.0,
        7.0,
        19.0,
        15.0,
        15.0,
        11.0,
        10.0,
        15.0,
        8.0,
        12.0,
        9.0,
        7.0,
        14.0,
        15.0,
        7.0,
        8.0,
        16.0,
        14.0,
        14.0,
        10.0,
        13.0,
        9.0,
        13.0,
        9.0,
        8.0,
        8.0,
        8.0,
        11.0,
        7.0,
        9.0,
        13.0,
        9.0,
        4.0,
        11.0,
        7.0,
        10.0,
        10.0,
        8.0,
        22.0,
        13.0,
        9.0,
        16.0,
        8.0,
        9.0,
        7.0,
        2.0,
        8.0,
        5.0,
        10.0,
        4.0,
        4.0,
        6.0,
        5.0,
        5.0,
        7.0,
        4.0,
        5.0,
        5.0,
        5.0,
        9.0,
        8.0,
        2.0,
        3.0,
        4.0,
        7.0,
        2.0,
        2.0,
        5.0,
        2.0,
        1.0,
        3.0,
        2.0,
        0.0,
        1.0,
        1.0,
        2.0,
        0.0,
        0.0,
        1.0,
        1.0,
        0.0,
        0.0,
        1.0,
        1.0,
        0.0,
        0.0
      ],
      "silhouette_mask_path": "C:\\Users\\shrad\\TrendWeave\\MERGE_OUTPUT_FINAL\\Catwalks__Women_s_Colour_A_W_25_26_en\\page_33\\img_1_mask_8.png"
    },
    {
      "yolo_label": "person",
      "bbox": [
        386.5411682128906,
        149.05909729003906,
        479.2650146484375,
        511.0173645019531
      ],
      "confidence": 0.32854899764060974,
      "clip_attributes": {
        "palette": {
          "label": "navy and grey",
          "confidence": 0.2481970191001892
        },
        "neckline": {
          "label": "buttoned collar",
          "confidence": 0.2501283288002014
        },
        "sleeve_type": {
          "label": "rolled sleeves",
          "confidence": 0.25458797812461853
        },
        "top_silhouette": {
          "label": "button-up shirt",
          "confidence": 0.24688634276390076
        },
        "bottom_style": {
          "label": "tailored trousers",
          "confidence": 0.28492534160614014
        },
        "outerwear": {
          "label": "denim jacket",
          "confidence": 0.2611953914165497
        },
        "shoe_type": {
          "label": "boots",
          "confidence": 0.2343483567237854
        },
        "bag_type": {
          "label": "crossbody bag",
          "confidence": 0.2543187141418457
        },
        "accessory": {
          "label": "bracelet",
          "confidence": 0.22851420938968658
        },
        "hairstyle": {
          "label": "undercut",
          "confidence": 0.23216259479522705
        },
        "setting": {
          "label": "smart casual",
          "confidence": 0.2559521198272705
        },
        "fabric_type": {
          "label": "denim",
          "confidence": 0.25747770071029663
        },
        "season": {
          "label": "spring",
          "confidence": 0.21567781269550323
        },
        "style_theme": {
          "label": "streetwear",
          "confidence": 0.23462653160095215
        }
      },
      "dominant_colors": [
        [
          162,
          125,
          114
        ],
        [
          206,
          128,
          124
        ],
        [
          53,
          128,
          121
        ]
      ],
      "texture_histogram": [
        0.0,
        0.0,
        0.0,
        0.0,
        0.0,
        0.0,
        0.0,
        0.0,
        0.0,
        1.0,
        0.0,
        0.0,
        1.0,
        3.0,
        5.0,
        6.0,
        4.0,
        9.0,
        2.0,
        5.0,
        7.0,
        8.0,
        10.0,
        11.0,
        8.0,
        12.0,
        19.0,
        19.0,
        23.0,
        29.0,
        28.0,
        38.0,
        35.0,
        36.0,
        60.0,
        98.0,
        114.0,
        103.0,
        85.0,
        85.0,
        76.0,
        80.0,
        78.0,
        60.0,
        57.0,
        71.0,
        46.0,
        63.0,
        54.0,
        45.0,
        40.0,
        33.0,
        19.0,
        15.0,
        15.0,
        15.0,
        16.0,
        17.0,
        12.0,
        18.0,
        11.0,
        14.0,
        14.0,
        15.0,
        10.0,
        14.0,
        19.0,
        18.0,
        10.0,
        15.0,
        10.0,
        10.0,
        9.0,
        16.0,
        11.0,
        16.0,
        18.0,
        18.0,
        14.0,
        19.0,
        16.0,
        18.0,
        20.0,
        12.0,
        15.0,
        18.0,
        18.0,
        12.0,
        16.0,
        15.0,
        13.0,
        18.0,
        20.0,
        19.0,
        18.0,
        15.0,
        23.0,
        14.0,
        20.0,
        18.0,
        17.0,
        18.0,
        25.0,
        38.0,
        31.0,
        35.0,
        29.0,
        16.0,
        35.0,
        36.0,
        31.0,
        36.0,
        41.0,
        38.0,
        38.0,
        54.0,
        57.0,
        60.0,
        58.0,
        55.0,
        68.0,
        73.0,
        59.0,
        70.0,
        73.0,
        82.0,
        88.0,
        66.0,
        78.0,
        93.0,
        66.0,
        101.0,
        103.0,
        79.0,
        100.0,
        102.0,
        123.0,
        112.0,
        126.0,
        124.0,
        130.0,
        114.0,
        122.0,
        148.0,
        147.0,
        165.0,
        172.0,
        189.0,
        213.0,
        185.0,
        180.0,
        200.0,
        204.0,
        185.0,
        198.0,
        214.0,
        232.0,
        226.0,
        240.0,
        241.0,
        249.0,
        257.0,
        213.0,
        251.0,
        252.0,
        245.0,
        299.0,
        322.0,
        305.0,
        309.0,
        285.0,
        316.0,
        331.0,
        341.0,
        344.0,
        385.0,
        335.0,
        348.0,
        367.0,
        372.0,
        339.0,
        369.0,
        422.0,
        375.0,
        351.0,
        364.0,
        366.0,
        367.0,
        354.0,
        404.0,
        391.0,
        350.0,
        308.0,
        333.0,
        297.0,
        342.0,
        327.0,
        398.0,
        401.0,
        347.0,
        400.0,
        408.0,
        454.0,
        623.0,
        655.0,
        794.0,
        799.0,
        922.0,
        699.0,
        719.0,
        502.0,
        755.0,
        637.0,
        426.0,
        297.0,
        279.0,
        256.0,
        198.0,
        213.0,
        209.0,
        184.0,
        152.0,
        154.0,
        140.0,
        125.0,
        132.0,
        107.0,
        108.0,
        88.0,
        76.0,
        60.0,
        56.0,
        30.0,
        20.0,
        20.0,
        22.0,
        21.0,
        11.0,
        7.0,
        4.0,
        3.0,
        4.0,
        2.0,
        3.0,
        2.0,
        2.0,
        0.0,
        0.0,
        0.0,
        0.0,
        1.0,
        2.0,
        0.0,
        0.0,
        2.0,
        0.0
      ],
      "silhouette_mask_path": "C:\\Users\\shrad\\TrendWeave\\MERGE_OUTPUT_FINAL\\Catwalks__Women_s_Colour_A_W_25_26_en\\page_33\\img_1_mask_9.png"
    }
  ],
  "pose_keypoints": [
    {
      "x": 0.7248241901397705,
      "y": 0.2170470952987671,
      "z": -0.44828149676322937,
      "visibility": 0.9999369382858276
    },
    {
      "x": 0.7300877571105957,
      "y": 0.20466524362564087,
      "z": -0.4234766364097595,
      "visibility": 0.9998867511749268
    },
    {
      "x": 0.7343267202377319,
      "y": 0.20457112789154053,
      "z": -0.4235399067401886,
      "visibility": 0.9998633861541748
    },
    {
      "x": 0.7390392422676086,
      "y": 0.20460578799247742,
      "z": -0.42357414960861206,
      "visibility": 0.9998583793640137
    },
    {
      "x": 0.715377926826477,
      "y": 0.20449095964431763,
      "z": -0.43504399061203003,
      "visibility": 0.9998725652694702
    },
    {
      "x": 0.7089330554008484,
      "y": 0.20446494221687317,
      "z": -0.43513718247413635,
      "visibility": 0.999858021736145
    },
    {
      "x": 0.7030269503593445,
      "y": 0.2047286331653595,
      "z": -0.4352228045463562,
      "visibility": 0.9998751878738403
    },
    {
      "x": 0.7417736649513245,
      "y": 0.2103816270828247,
      "z": -0.2462027221918106,
      "visibility": 0.999769389629364
    },
    {
      "x": 0.6923305988311768,
      "y": 0.2108810842037201,
      "z": -0.3010905086994171,
      "visibility": 0.999887228012085
    },
    {
      "x": 0.7307387590408325,
      "y": 0.23249512910842896,
      "z": -0.37808507680892944,
      "visibility": 0.9999312162399292
    },
    {
      "x": 0.7130950689315796,
      "y": 0.23364192247390747,
      "z": -0.39389142394065857,
      "visibility": 0.9999301433563232
    },
    {
      "x": 0.7799531817436218,
      "y": 0.28809696435928345,
      "z": -0.08708266913890839,
      "visibility": 0.9999047517776489
    },
    {
      "x": 0.6540455222129822,
      "y": 0.29245245456695557,
      "z": -0.19077587127685547,
      "visibility": 0.9998170733451843
    },
    {
      "x": 0.7959660887718201,
      "y": 0.38123807311058044,
      "z": 0.04303435608744621,
      "visibility": 0.8491618037223816
    },
    {
      "x": 0.626923680305481,
      "y": 0.3819526731967926,
      "z": -0.06572352349758148,
      "visibility": 0.9042313694953918
    },
    {
      "x": 0.7944342494010925,
      "y": 0.4556638300418854,
      "z": -0.07342948764562607,
      "visibility": 0.6407957077026367
    },
    {
      "x": 0.6674397587776184,
      "y": 0.43546193838119507,
      "z": -0.056061409413814545,
      "visibility": 0.5642818212509155
    },
    {
      "x": 0.7894973158836365,
      "y": 0.48664721846580505,
      "z": -0.10900887101888657,
      "visibility": 0.5591542720794678
    },
    {
      "x": 0.6743825078010559,
      "y": 0.4608555734157562,
      "z": -0.0744098424911499,
      "visibility": 0.4653933346271515
    },
    {
      "x": 0.7818573117256165,
      "y": 0.47928670048713684,
      "z": -0.1503250151872635,
      "visibility": 0.5761228799819946
    },
    {
      "x": 0.6849783658981323,
      "y": 0.44732099771499634,
      "z": -0.11490772664546967,
      "visibility": 0.4675157070159912
    },
    {
      "x": 0.7779831886291504,
      "y": 0.467268168926239,
      "z": -0.09252101182937622,
      "visibility": 0.5707663893699646
    },
    {
      "x": 0.6841784119606018,
      "y": 0.4373009502887726,
      "z": -0.06819337606430054,
      "visibility": 0.46131742000579834
    },
    {
      "x": 0.754213273525238,
      "y": 0.48861268162727356,
      "z": 0.019245700910687447,
      "visibility": 0.9987127780914307
    },
    {
      "x": 0.6773893237113953,
      "y": 0.4849362373352051,
      "z": -0.019020449370145798,
      "visibility": 0.9982346296310425
    },
    {
      "x": 0.7364163398742676,
      "y": 0.6357505321502686,
      "z": 0.013692302629351616,
      "visibility": 0.5613936185836792
    },
    {
      "x": 0.6805129647254944,
      "y": 0.6295088529586792,
      "z": -0.02906266413629055,
      "visibility": 0.5904780030250549
    },
    {
      "x": 0.6993221044540405,
      "y": 0.7821902632713318,
      "z": 0.21053439378738403,
      "visibility": 0.5933144092559814
    },
    {
      "x": 0.660401463508606,
      "y": 0.7874482274055481,
      "z": 0.18058453500270844,
      "visibility": 0.5727986097335815
    },
    {
      "x": 0.6894054412841797,
      "y": 0.7998164892196655,
      "z": 0.2194637805223465,
      "visibility": 0.36677661538124084
    },
    {
      "x": 0.6621258854866028,
      "y": 0.8049525022506714,
      "z": 0.19155928492546082,
      "visibility": 0.3208077847957611
    },
    {
      "x": 0.713564932346344,
      "y": 0.8129780888557434,
      "z": 0.03963878005743027,
      "visibility": 0.6299977898597717
    },
    {
      "x": 0.6611880660057068,
      "y": 0.84210205078125,
      "z": -0.006951733026653528,
      "visibility": 0.5963519811630249
    }
  ]
}