{
  "image": "C:\\Users\\shrad\\TrendWeave\\TrendWeave\\extracted_data\\Catwalks__Women_s_Key_Items___Knitwear_A_W_25_26_en\\page_4\\img_1.jpeg",
  "items": [
    {
      "yolo_label": "person",
      "bbox": [
        36.59771728515625,
        29.37103843688965,
        259.6350402832031,
        584.0
      ],
      "confidence": 0.8735405206680298,
      "clip_attributes": {
        "palette": {
          "label": "earth tones",
          "confidence": 0.266154021024704
        },
        "neckline": {
          "label": "buttoned collar",
          "confidence": 0.21913012862205505
        },
        "sleeve_type": {
          "label": "rolled sleeves",
          "confidence": 0.2173607349395752
        },
        "top_silhouette": {
          "label": "button-up shirt",
          "confidence": 0.2230151742696762
        },
        "bottom_style": {
          "label": "tailored trousers",
          "confidence": 0.24397164583206177
        },
        "outerwear": {
          "label": "bomber jacket",
          "confidence": 0.22211311757564545
        },
        "shoe_type": {
          "label": "loafers",
          "confidence": 0.23189644515514374
        },
        "bag_type": {
          "label": "crossbody bag",
          "confidence": 0.29717907309532166
        },
        "accessory": {
          "label": "watch",
          "confidence": 0.2115471214056015
        },
        "hairstyle": {
          "label": "slick back",
          "confidence": 0.19536039233207703
        },
        "setting": {
          "label": "smart casual",
          "confidence": 0.2523145377635956
        },
        "fabric_type": {
          "label": "linen",
          "confidence": 0.24338535964488983
        },
        "season": {
          "label": "winter",
          "confidence": 0.19996121525764465
        },
        "style_theme": {
          "label": "streetwear",
          "confidence": 0.2228810340166092
        }
      },
      "dominant_colors": [
        [
          49,
          138,
          137
        ],
        [
          143,
          128,
          142
        ],
        [
          214,
          127,
          131
        ]
      ],
      "texture_histogram": [
        6.0,
        69.0,
        104.0,
        131.0,
        142.0,
        142.0,
        150.0,
        186.0,
        199.0,
        223.0,
        214.0,
        257.0,
        288.0,
        316.0,
        340.0,
        348.0,
        341.0,
        341.0,
        382.0,
        377.0,
        343.0,
        298.0,
        288.0,
        321.0,
        389.0,
        412.0,
        477.0,
        552.0,
        619.0,
        666.0,
        704.0,
        689.0,
        700.0,
        744.0,
        838.0,
        845.0,
        964.0,
        1065.0,
        1289.0,
        1342.0,
        1491.0,
        1653.0,
        1736.0,
        1975.0,
        2030.0,
        2172.0,
        2261.0,
        2363.0,
        2527.0,
        2626.0,
        2626.0,
        2582.0,
        2325.0,
        2234.0,
        2094.0,
        2000.0,
        1747.0,
        1602.0,
        1397.0,
        1202.0,
        1030.0,
        921.0,
        833.0,
        825.0,
        689.0,
        697.0,
        632.0,
        618.0,
        538.0,
        485.0,
        452.0,
        447.0,
        430.0,
        416.0,
        364.0,
        370.0,
        389.0,
        374.0,
        305.0,
        341.0,
        324.0,
        293.0,
        308.0,
        241.0,
        270.0,
        276.0,
        241.0,
        234.0,
        201.0,
        219.0,
        189.0,
        173.0,
        159.0,
        171.0,
        176.0,
        155.0,
        169.0,
        174.0,
        145.0,
        143.0,
        183.0,
        161.0,
        147.0,
        148.0,
        162.0,
        165.0,
        191.0,
        162.0,
        143.0,
        198.0,
        156.0,
        150.0,
        170.0,
        183.0,
        128.0,
        185.0,
        165.0,
        203.0,
        155.0,
        238.0,
        264.0,
        319.0,
        360.0,
        379.0,
        328.0,
        317.0,
        258.0,
        250.0,
        180.0,
        198.0,
        248.0,
        202.0,
        227.0,
        206.0,
        228.0,
        197.0,
        166.0,
        165.0,
        182.0,
        166.0,
        181.0,
        156.0,
        145.0,
        179.0,
        181.0,
        220.0,
        214.0,
        171.0,
        187.0,
        211.0,
        226.0,
        237.0,
        268.0,
        266.0,
        317.0,
        259.0,
        268.0,
        310.0,
        217.0,
        290.0,
        279.0,
        327.0,
        321.0,
        269.0,
        248.0,
        213.0,
        257.0,
        251.0,
        276.0,
        236.0,
        212.0,
        281.0,
        376.0,
        355.0,
        391.0,
        372.0,
        305.0,
        360.0,
        460.0,
        438.0,
        572.0,
        515.0,
        541.0,
        536.0,
        498.0,
        485.0,
        451.0,
        483.0,
        508.0,
        460.0,
        360.0,
        408.0,
        394.0,
        366.0,
        324.0,
        315.0,
        332.0,
        297.0,
        352.0,
        427.0,
        345.0,
        406.0,
        482.0,
        446.0,
        429.0,
        372.0,
        366.0,
        433.0,
        469.0,
        485.0,
        507.0,
        550.0,
        346.0,
        305.0,
        369.0,
        299.0,
        373.0,
        385.0,
        304.0,
        367.0,
        300.0,
        293.0,
        334.0,
        377.0,
        464.0,
        465.0,
        457.0,
        541.0,
        1038.0,
        1243.0,
        1381.0,
        1436.0,
        1514.0,
        1278.0,
        1017.0,
        775.0,
        557.0,
        287.0,
        114.0,
        51.0,
        13.0,
        6.0,
        7.0,
        9.0,
        5.0,
        4.0,
        7.0,
        3.0,
        0.0,
        1.0,
        1.0,
        1.0,
        0.0,
        0.0,
        0.0,
        0.0
      ],
      "silhouette_mask_path": "C:\\Users\\shrad\\TrendWeave\\MERGE_OUTPUT_FINAL\\Catwalks__Women_s_Key_Items___Knitwear_A_W_25_26_en\\page_4\\img_1_mask_0.png"
    },
    {
      "yolo_label": "handbag",
      "bbox": [
        27.610532760620117,
        163.13031005859375,
        113.88915252685547,
        325.5794982910156
      ],
      "confidence": 0.5996620655059814,
      "clip_attributes": {
        "palette": {
          "label": "earth tones",
          "confidence": 0.23332054913043976
        },
        "dress_silhouette": {
          "label": "fit and flare",
          "confidence": 0.21789541840553284
        },
        "neckline": {
          "label": "square neckline",
          "confidence": 0.22181610763072968
        },
        "sleeve_type": {
          "label": "bell sleeves",
          "confidence": 0.2135418802499771
        },
        "top_silhouette": {
          "label": "fitted blouse",
          "confidence": 0.20533759891986847
        },
        "bottom_style": {
          "label": "culottes",
          "confidence": 0.22078318893909454
        },
        "outerwear": {
          "label": "long coat",
          "confidence": 0.22239790856838226
        },
        "shoe_type": {
          "label": "ankle boots",
          "confidence": 0.20850533246994019
        },
        "bag_type": {
          "label": "shoulder bag",
          "confidence": 0.2748699486255646
        },
        "accessory": {
          "label": "watch",
          "confidence": 0.20379292964935303
        },
        "hairstyle": {
          "label": "ponytail",
          "confidence": 0.17612381279468536
        },
        "setting": {
          "label": "office wear",
          "confidence": 0.2290654182434082
        },
        "fabric_type": {
          "label": "organza",
          "confidence": 0.2122311294078827
        },
        "season": {
          "label": "winter",
          "confidence": 0.18992125988006592
        },
        "style_theme": {
          "label": "elegant chic",
          "confidence": 0.2134777307510376
        }
      },
      "dominant_colors": [
        [
          89,
          137,
          135
        ],
        [
          42,
          138,
          134
        ],
        [
          188,
          127,
          139
        ]
      ],
      "texture_histogram": [
        0.0,
        4.0,
        23.0,
        24.0,
        18.0,
        23.0,
        30.0,
        26.0,
        29.0,
        34.0,
        34.0,
        37.0,
        28.0,
        34.0,
        27.0,
        31.0,
        41.0,
        32.0,
        44.0,
        39.0,
        45.0,
        43.0,
        40.0,
        52.0,
        56.0,
        56.0,
        49.0,
        60.0,
        78.0,
        77.0,
        85.0,
        84.0,
        80.0,
        80.0,
        104.0,
        110.0,
        113.0,
        108.0,
        95.0,
        111.0,
        125.0,
        116.0,
        125.0,
        145.0,
        138.0,
        148.0,
        128.0,
        136.0,
        128.0,
        171.0,
        146.0,
        138.0,
        134.0,
        136.0,
        156.0,
        150.0,
        144.0,
        153.0,
        173.0,
        173.0,
        167.0,
        157.0,
        149.0,
        158.0,
        146.0,
        170.0,
        163.0,
        169.0,
        157.0,
        137.0,
        138.0,
        140.0,
        153.0,
        141.0,
        133.0,
        132.0,
        148.0,
        121.0,
        115.0,
        140.0,
        131.0,
        110.0,
        102.0,
        92.0,
        99.0,
        116.0,
        94.0,
        93.0,
        68.0,
        92.0,
        79.0,
        67.0,
        64.0,
        61.0,
        62.0,
        53.0,
        54.0,
        59.0,
        47.0,
        41.0,
        47.0,
        42.0,
        33.0,
        30.0,
        33.0,
        32.0,
        26.0,
        25.0,
        45.0,
        58.0,
        66.0,
        39.0,
        47.0,
        48.0,
        21.0,
        18.0,
        29.0,
        17.0,
        12.0,
        26.0,
        20.0,
        20.0,
        11.0,
        16.0,
        17.0,
        28.0,
        35.0,
        38.0,
        16.0,
        11.0,
        28.0,
        19.0,
        47.0,
        19.0,
        25.0,
        12.0,
        10.0,
        12.0,
        9.0,
        11.0,
        12.0,
        15.0,
        5.0,
        5.0,
        3.0,
        8.0,
        12.0,
        20.0,
        34.0,
        32.0,
        37.0,
        56.0,
        67.0,
        58.0,
        105.0,
        158.0,
        166.0,
        112.0,
        110.0,
        113.0,
        117.0,
        153.0,
        112.0,
        78.0,
        60.0,
        23.0,
        24.0,
        19.0,
        63.0,
        36.0,
        28.0,
        30.0,
        24.0,
        25.0,
        15.0,
        15.0,
        14.0,
        10.0,
        21.0,
        16.0,
        17.0,
        17.0,
        10.0,
        10.0,
        6.0,
        10.0,
        15.0,
        5.0,
        12.0,
        19.0,
        38.0,
        31.0,
        18.0,
        13.0,
        17.0,
        11.0,
        3.0,
        2.0,
        1.0,
        0.0,
        2.0,
        0.0,
        4.0,
        1.0,
        1.0,
        1.0,
        0.0,
        3.0,
        1.0,
        6.0,
        0.0,
        2.0,
        3.0,
        7.0,
        7.0,
        13.0,
        21.0,
        17.0,
        18.0,
        19.0,
        30.0,
        31.0,
        17.0,
        33.0,
        75.0,
        37.0,
        52.0,
        47.0,
        84.0,
        65.0,
        66.0,
        67.0,
        77.0,
        60.0,
        126.0,
        55.0,
        21.0,
        12.0,
        4.0,
        7.0,
        5.0,
        0.0,
        1.0,
        1.0,
        1.0,
        0.0,
        0.0,
        1.0,
        2.0,
        0.0,
        0.0,
        0.0,
        0.0,
        0.0,
        0.0,
        0.0
      ],
      "silhouette_mask_path": "C:\\Users\\shrad\\TrendWeave\\MERGE_OUTPUT_FINAL\\Catwalks__Women_s_Key_Items___Knitwear_A_W_25_26_en\\page_4\\img_1_mask_1.png"
    },
    {
      "yolo_label": "handbag",
      "bbox": [
        28.204317092895508,
        208.75509643554688,
        113.02143096923828,
        329.8008728027344
      ],
      "confidence": 0.44843921065330505,
      "clip_attributes": {
        "palette": {
          "label": "earth tones",
          "confidence": 0.22782768309116364
        },
        "shoe_type": {
          "label": "canvas shoes",
          "confidence": 0.20021577179431915
        },
        "bag_type": {
          "label": "crossbody bag",
          "confidence": 0.29041069746017456
        },
        "accessory": {
          "label": "watch",
          "confidence": 0.19816112518310547
        },
        "setting": {
          "label": "travel outfit",
          "confidence": 0.2265971153974533
        },
        "fabric_type": {
          "label": "nylon",
          "confidence": 0.20639051496982574
        },
        "season": {
          "label": "winter",
          "confidence": 0.1903063803911209
        },
        "style_theme": {
          "label": "vintage",
          "confidence": 0.21139177680015564
        }
      },
      "dominant_colors": [
        [
          85,
          137,
          134
        ],
        [
          187,
          127,
          138
        ],
        [
          38,
          137,
          134
        ]
      ],
      "texture_histogram": [
        0.0,
        4.0,
        23.0,
        23.0,
        18.0,
        23.0,
        29.0,
        25.0,
        28.0,
        33.0,
        33.0,
        35.0,
        24.0,
        32.0,
        26.0,
        27.0,
        35.0,
        25.0,
        31.0,
        33.0,
        38.0,
        32.0,
        28.0,
        34.0,
        46.0,
        45.0,
        37.0,
        46.0,
        57.0,
        61.0,
        73.0,
        62.0,
        67.0,
        64.0,
        79.0,
        82.0,
        85.0,
        78.0,
        63.0,
        67.0,
        84.0,
        85.0,
        80.0,
        98.0,
        91.0,
        97.0,
        86.0,
        82.0,
        98.0,
        136.0,
        108.0,
        106.0,
        110.0,
        105.0,
        120.0,
        102.0,
        110.0,
        103.0,
        124.0,
        125.0,
        133.0,
        110.0,
        111.0,
        114.0,
        114.0,
        129.0,
        126.0,
        135.0,
        127.0,
        115.0,
        109.0,
        116.0,
        129.0,
        115.0,
        118.0,
        105.0,
        120.0,
        95.0,
        101.0,
        116.0,
        105.0,
        91.0,
        89.0,
        84.0,
        81.0,
        103.0,
        93.0,
        84.0,
        61.0,
        80.0,
        67.0,
        58.0,
        52.0,
        55.0,
        54.0,
        38.0,
        40.0,
        48.0,
        38.0,
        32.0,
        39.0,
        35.0,
        20.0,
        23.0,
        23.0,
        21.0,
        21.0,
        19.0,
        26.0,
        29.0,
        35.0,
        20.0,
        33.0,
        40.0,
        15.0,
        17.0,
        23.0,
        14.0,
        8.0,
        22.0,
        14.0,
        16.0,
        11.0,
        12.0,
        10.0,
        19.0,
        20.0,
        23.0,
        11.0,
        8.0,
        15.0,
        13.0,
        29.0,
        15.0,
        19.0,
        13.0,
        8.0,
        14.0,
        9.0,
        13.0,
        13.0,
        16.0,
        6.0,
        7.0,
        4.0,
        9.0,
        8.0,
        10.0,
        10.0,
        15.0,
        16.0,
        11.0,
        25.0,
        26.0,
        72.0,
        94.0,
        88.0,
        55.0,
        54.0,
        63.0,
        92.0,
        113.0,
        108.0,
        70.0,
        44.0,
        24.0,
        20.0,
        18.0,
        25.0,
        24.0,
        12.0,
        11.0,
        16.0,
        16.0,
        6.0,
        11.0,
        10.0,
        9.0,
        9.0,
        6.0,
        9.0,
        6.0,
        4.0,
        1.0,
        4.0,
        3.0,
        10.0,
        7.0,
        8.0,
        18.0,
        21.0,
        31.0,
        16.0,
        6.0,
        3.0,
        6.0,
        2.0,
        8.0,
        3.0,
        0.0,
        2.0,
        1.0,
        4.0,
        1.0,
        1.0,
        2.0,
        1.0,
        4.0,
        1.0,
        2.0,
        1.0,
        2.0,
        1.0,
        3.0,
        6.0,
        8.0,
        6.0,
        7.0,
        14.0,
        20.0,
        24.0,
        28.0,
        11.0,
        10.0,
        31.0,
        27.0,
        44.0,
        40.0,
        76.0,
        55.0,
        53.0,
        37.0,
        67.0,
        50.0,
        37.0,
        8.0,
        3.0,
        4.0,
        1.0,
        4.0,
        3.0,
        0.0,
        1.0,
        1.0,
        1.0,
        0.0,
        0.0,
        1.0,
        2.0,
        0.0,
        0.0,
        0.0,
        0.0,
        0.0,
        0.0,
        0.0
      ],
      "silhouette_mask_path": "C:\\Users\\shrad\\TrendWeave\\MERGE_OUTPUT_FINAL\\Catwalks__Women_s_Key_Items___Knitwear_A_W_25_26_en\\page_4\\img_1_mask_2.png"
    }
  ],
  "pose_keypoints": [
    {
      "x": 0.519173264503479,
      "y": 0.13920214772224426,
      "z": -0.7147228121757507,
      "visibility": 0.9997954964637756
    },
    {
      "x": 0.5426734685897827,
      "y": 0.1208096444606781,
      "z": -0.6601786613464355,
      "visibility": 0.9996341466903687
    },
    {
      "x": 0.5584309101104736,
      "y": 0.12107184529304504,
      "z": -0.6605013608932495,
      "visibility": 0.9996850490570068
    },
    {
      "x": 0.5712665319442749,
      "y": 0.12158337980508804,
      "z": -0.660855770111084,
      "visibility": 0.9997193217277527
    },
    {
      "x": 0.4942079186439514,
      "y": 0.12257090210914612,
      "z": -0.6512747406959534,
      "visibility": 0.9995068311691284
    },
    {
      "x": 0.47754037380218506,
      "y": 0.12357684224843979,
      "z": -0.6514015197753906,
      "visibility": 0.9994505047798157
    },
    {
      "x": 0.46200478076934814,
      "y": 0.12464308738708496,
      "z": -0.6515220999717712,
      "visibility": 0.9993653893470764
    },
    {
      "x": 0.5902121663093567,
      "y": 0.13354507088661194,
      "z": -0.34633103013038635,
      "visibility": 0.9997593760490417
    },
    {
      "x": 0.44331490993499756,
      "y": 0.13627827167510986,
      "z": -0.29945817589759827,
      "visibility": 0.9989722967147827
    },
    {
      "x": 0.5512008666992188,
      "y": 0.16209197044372559,
      "z": -0.5984161496162415,
      "visibility": 0.9998995065689087
    },
    {
      "x": 0.48892533779144287,
      "y": 0.16300445795059204,
      "z": -0.5848483443260193,
      "visibility": 0.9997473359107971
    },
    {
      "x": 0.7465519905090332,
      "y": 0.2718709111213684,
      "z": -0.26066553592681885,
      "visibility": 0.999828577041626
    },
    {
      "x": 0.31548720598220825,
      "y": 0.26036688685417175,
      "z": -0.11191675812005997,
      "visibility": 0.9969190359115601
    },
    {
      "x": 0.8293957710266113,
      "y": 0.4416733980178833,
      "z": -0.18540579080581665,
      "visibility": 0.9663010239601135
    },
    {
      "x": 0.23911496996879578,
      "y": 0.41631442308425903,
      "z": -0.24618907272815704,
      "visibility": 0.7283844351768494
    },
    {
      "x": 0.7394758462905884,
      "y": 0.5276195406913757,
      "z": -0.3789860010147095,
      "visibility": 0.8252069354057312
    },
    {
      "x": 0.2707086205482483,
      "y": 0.40184107422828674,
      "z": -0.8061269521713257,
      "visibility": 0.5009863376617432
    },
    {
      "x": 0.7145313620567322,
      "y": 0.5661002993583679,
      "z": -0.4484550356864929,
      "visibility": 0.7769742012023926
    },
    {
      "x": 0.2938193678855896,
      "y": 0.4090237617492676,
      "z": -0.9135598540306091,
      "visibility": 0.49697795510292053
    },
    {
      "x": 0.6847354173660278,
      "y": 0.5451265573501587,
      "z": -0.5162495970726013,
      "visibility": 0.7788574695587158
    },
    {
      "x": 0.29893505573272705,
      "y": 0.349867045879364,
      "z": -0.9538366794586182,
      "visibility": 0.49880948662757874
    },
    {
      "x": 0.6883997917175293,
      "y": 0.5270730257034302,
      "z": -0.40120938420295715,
      "visibility": 0.7879699468612671
    },
    {
      "x": 0.3086932897567749,
      "y": 0.3533405661582947,
      "z": -0.8386686444282532,
      "visibility": 0.4886625409126282
    },
    {
      "x": 0.6391623616218567,
      "y": 0.5742163062095642,
      "z": -0.041019242256879807,
      "visibility": 0.9987909197807312
    },
    {
      "x": 0.40528085827827454,
      "y": 0.5736743211746216,
      "z": 0.041504230350255966,
      "visibility": 0.9963096976280212
    },
    {
      "x": 0.6069490313529968,
      "y": 0.8000447750091553,
      "z": -0.40729600191116333,
      "visibility": 0.9159293174743652
    },
    {
      "x": 0.3968353569507599,
      "y": 0.7908113598823547,
      "z": 0.04355814680457115,
      "visibility": 0.8517519235610962
    },
    {
      "x": 0.5052887201309204,
      "y": 0.9832854866981506,
      "z": 0.22405657172203064,
      "visibility": 0.7255383729934692
    },
    {
      "x": 0.42167460918426514,
      "y": 0.9289680123329163,
      "z": 0.8338801860809326,
      "visibility": 0.5782322287559509
    },
    {
      "x": 0.48549774289131165,
      "y": 0.999207079410553,
      "z": 0.2644597291946411,
      "visibility": 0.3742581605911255
    },
    {
      "x": 0.4258863925933838,
      "y": 0.9370577335357666,
      "z": 0.9011214971542358,
      "visibility": 0.3235277533531189
    },
    {
      "x": 0.48202013969421387,
      "y": 1.0805882215499878,
      "z": -0.09952884167432785,
      "visibility": 0.585151195526123
    },
    {
      "x": 0.3736315667629242,
      "y": 0.9928252100944519,
      "z": 0.6222730875015259,
      "visibility": 0.4916793406009674
    }
  ]
}