{
  "image": "C:\\Users\\shrad\\TrendWeave\\TrendWeave\\extracted_data\\Catwalks__Women_s_Key_Items___Knitwear_A_W_25_26_en\\page_4\\img_5.jpeg",
  "items": [
    {
      "yolo_label": "person",
      "bbox": [
        58.305938720703125,
        28.44015884399414,
        228.2091522216797,
        584.0
      ],
      "confidence": 0.890159547328949,
      "clip_attributes": {
        "palette": {
          "label": "earth tones",
          "confidence": 0.2541850209236145
        },
        "shoe_type": {
          "label": "canvas shoes",
          "confidence": 0.19995160400867462
        },
        "bag_type": {
          "label": "belt bag",
          "confidence": 0.26798519492149353
        },
        "accessory": {
          "label": "bracelet",
          "confidence": 0.21019211411476135
        },
        "setting": {
          "label": "travel outfit",
          "confidence": 0.24462026357650757
        },
        "fabric_type": {
          "label": "linen",
          "confidence": 0.280946284532547
        },
        "season": {
          "label": "winter",
          "confidence": 0.2177681028842926
        },
        "style_theme": {
          "label": "athleisure",
          "confidence": 0.25157320499420166
        }
      },
      "dominant_colors": [
        [
          198,
          128,
          133
        ],
        [
          57,
          129,
          131
        ],
        [
          237,
          127,
          129
        ]
      ],
      "texture_histogram": [
        1.0,
        0.0,
        1.0,
        2.0,
        1.0,
        1.0,
        4.0,
        8.0,
        13.0,
        9.0,
        23.0,
        26.0,
        27.0,
        44.0,
        55.0,
        68.0,
        66.0,
        77.0,
        99.0,
        104.0,
        93.0,
        133.0,
        163.0,
        209.0,
        275.0,
        285.0,
        356.0,
        405.0,
        485.0,
        578.0,
        781.0,
        805.0,
        759.0,
        648.0,
        539.0,
        440.0,
        489.0,
        426.0,
        356.0,
        361.0,
        306.0,
        328.0,
        337.0,
        344.0,
        396.0,
        345.0,
        349.0,
        330.0,
        339.0,
        285.0,
        253.0,
        247.0,
        304.0,
        212.0,
        273.0,
        294.0,
        247.0,
        302.0,
        297.0,
        328.0,
        350.0,
        417.0,
        465.0,
        443.0,
        432.0,
        433.0,
        333.0,
        380.0,
        430.0,
        460.0,
        576.0,
        627.0,
        732.0,
        808.0,
        838.0,
        773.0,
        688.0,
        627.0,
        519.0,
        478.0,
        355.0,
        277.0,
        199.0,
        171.0,
        135.0,
        115.0,
        87.0,
        72.0,
        69.0,
        52.0,
        43.0,
        40.0,
        32.0,
        31.0,
        20.0,
        17.0,
        25.0,
        16.0,
        26.0,
        15.0,
        20.0,
        20.0,
        14.0,
        24.0,
        17.0,
        19.0,
        13.0,
        22.0,
        17.0,
        20.0,
        14.0,
        22.0,
        15.0,
        18.0,
        22.0,
        22.0,
        15.0,
        21.0,
        25.0,
        22.0,
        20.0,
        26.0,
        30.0,
        29.0,
        26.0,
        30.0,
        32.0,
        42.0,
        25.0,
        33.0,
        42.0,
        46.0,
        40.0,
        35.0,
        33.0,
        47.0,
        48.0,
        48.0,
        48.0,
        58.0,
        58.0,
        60.0,
        65.0,
        64.0,
        70.0,
        86.0,
        81.0,
        87.0,
        84.0,
        99.0,
        79.0,
        86.0,
        108.0,
        83.0,
        113.0,
        110.0,
        113.0,
        97.0,
        104.0,
        123.0,
        121.0,
        125.0,
        138.0,
        149.0,
        160.0,
        150.0,
        198.0,
        229.0,
        224.0,
        269.0,
        294.0,
        355.0,
        352.0,
        366.0,
        354.0,
        380.0,
        445.0,
        419.0,
        503.0,
        527.0,
        543.0,
        557.0,
        613.0,
        698.0,
        629.0,
        649.0,
        704.0,
        681.0,
        698.0,
        700.0,
        737.0,
        769.0,
        692.0,
        677.0,
        689.0,
        695.0,
        761.0,
        709.0,
        696.0,
        665.0,
        654.0,
        765.0,
        724.0,
        639.0,
        747.0,
        827.0,
        1024.0,
        1973.0,
        6315.0,
        3069.0,
        1354.0,
        554.0,
        450.0,
        380.0,
        307.0,
        278.0,
        268.0,
        305.0,
        238.0,
        245.0,
        217.0,
        212.0,
        197.0,
        218.0,
        208.0,
        256.0,
        279.0,
        299.0,
        371.0,
        373.0,
        528.0,
        640.0,
        813.0,
        842.0,
        1191.0,
        1287.0,
        1641.0,
        2005.0,
        2362.0,
        2489.0,
        2432.0,
        2056.0,
        1180.0,
        559.0,
        229.0,
        86.0,
        71.0,
        49.0,
        53.0,
        41.0,
        23.0,
        10.0,
        19.0,
        2.0,
        9.0,
        10.0
      ],
      "silhouette_mask_path": "C:\\Users\\shrad\\TrendWeave\\MERGE_OUTPUT_FINAL\\Catwalks__Women_s_Key_Items___Knitwear_A_W_25_26_en\\page_4\\img_5_mask_0.png"
    }
  ],
  "pose_keypoints": [
    {
      "x": 0.5154597163200378,
      "y": 0.13741421699523926,
      "z": -1.5006048679351807,
      "visibility": 0.9999638795852661
    },
    {
      "x": 0.5387088656425476,
      "y": 0.11750170588493347,
      "z": -1.4542042016983032,
      "visibility": 0.9998738765716553
    },
    {
      "x": 0.5504090785980225,
      "y": 0.11768185347318649,
      "z": -1.4542428255081177,
      "visibility": 0.9998615980148315
    },
    {
      "x": 0.5608871579170227,
      "y": 0.11840391904115677,
      "z": -1.4544020891189575,
      "visibility": 0.9998518228530884
    },
    {
      "x": 0.4964013695716858,
      "y": 0.11688527464866638,
      "z": -1.4682002067565918,
      "visibility": 0.9998672008514404
    },
    {
      "x": 0.48193761706352234,
      "y": 0.11647722125053406,
      "z": -1.46839439868927,
      "visibility": 0.999863862991333
    },
    {
      "x": 0.4697202742099762,
      "y": 0.11657256633043289,
      "z": -1.4686635732650757,
      "visibility": 0.9998646974563599
    },
    {
      "x": 0.5785362124443054,
      "y": 0.12879955768585205,
      "z": -1.0398809909820557,
      "visibility": 0.9997214674949646
    },
    {
      "x": 0.44535693526268005,
      "y": 0.12497827410697937,
      "z": -1.1123265027999878,
      "visibility": 0.9998509883880615
    },
    {
      "x": 0.5378128290176392,
      "y": 0.15760362148284912,
      "z": -1.3326786756515503,
      "visibility": 0.9999815225601196
    },
    {
      "x": 0.48708102107048035,
      "y": 0.15559443831443787,
      "z": -1.3533457517623901,
      "visibility": 0.9999809265136719
    },
    {
      "x": 0.6970813870429993,
      "y": 0.2566763460636139,
      "z": -0.6549336910247803,
      "visibility": 0.9999747276306152
    },
    {
      "x": 0.29697519540786743,
      "y": 0.24259553849697113,
      "z": -0.8088779449462891,
      "visibility": 0.9999513626098633
    },
    {
      "x": 0.702448844909668,
      "y": 0.42135924100875854,
      "z": -0.38163474202156067,
      "visibility": 0.9855980277061462
    },
    {
      "x": 0.2706741392612457,
      "y": 0.4195312261581421,
      "z": -0.6501448154449463,
      "visibility": 0.9919641017913818
    },
    {
      "x": 0.7299394011497498,
      "y": 0.5645110607147217,
      "z": -0.7076066732406616,
      "visibility": 0.9792578816413879
    },
    {
      "x": 0.2537316381931305,
      "y": 0.5615469813346863,
      "z": -0.9313716888427734,
      "visibility": 0.9748201370239258
    },
    {
      "x": 0.7495529651641846,
      "y": 0.607548713684082,
      "z": -0.8178499937057495,
      "visibility": 0.9593697190284729
    },
    {
      "x": 0.2397947609424591,
      "y": 0.6035977005958557,
      "z": -1.0350738763809204,
      "visibility": 0.9509763717651367
    },
    {
      "x": 0.7251977920532227,
      "y": 0.6084573864936829,
      "z": -0.9403572082519531,
      "visibility": 0.9629417061805725
    },
    {
      "x": 0.26228874921798706,
      "y": 0.6027987003326416,
      "z": -1.1761503219604492,
      "visibility": 0.9546536207199097
    },
    {
      "x": 0.7113193273544312,
      "y": 0.5960566997528076,
      "z": -0.7618070840835571,
      "visibility": 0.9609261751174927
    },
    {
      "x": 0.27321821451187134,
      "y": 0.5890645980834961,
      "z": -0.98860102891922,
      "visibility": 0.9533412456512451
    },
    {
      "x": 0.5999698042869568,
      "y": 0.5235341787338257,
      "z": 0.038726672530174255,
      "visibility": 0.9995967745780945
    },
    {
      "x": 0.3960907757282257,
      "y": 0.5244961977005005,
      "z": -0.03889479115605354,
      "visibility": 0.9991090893745422
    },
    {
      "x": 0.5423635244369507,
      "y": 0.7578690052032471,
      "z": -0.08360733836889267,
      "visibility": 0.9526495337486267
    },
    {
      "x": 0.4136977791786194,
      "y": 0.7516962289810181,
      "z": -0.054238609969615936,
      "visibility": 0.8815568089485168
    },
    {
      "x": 0.48623770475387573,
      "y": 0.9394204020500183,
      "z": 0.623660683631897,
      "visibility": 0.8678064942359924
    },
    {
      "x": 0.42503824830055237,
      "y": 0.8876641392707825,
      "z": 0.8872835040092468,
      "visibility": 0.508512556552887
    },
    {
      "x": 0.4669014513492584,
      "y": 0.947799026966095,
      "z": 0.6669573783874512,
      "visibility": 0.5556351542472839
    },
    {
      "x": 0.42763081192970276,
      "y": 0.8988404870033264,
      "z": 0.9630341529846191,
      "visibility": 0.2146308273077011
    },
    {
      "x": 0.5066216588020325,
      "y": 1.0278183221817017,
      "z": 0.22391356527805328,
      "visibility": 0.7973697185516357
    },
    {
      "x": 0.4257943034172058,
      "y": 0.9542571902275085,
      "z": 0.5532664656639099,
      "visibility": 0.4976291358470917
    }
  ]
}