{
  "image": "C:\\Users\\shrad\\TrendWeave\\TrendWeave\\extracted_data\\Catwalks__Women_s_Key_Items___Knitwear_A_W_25_26_en\\page_4\\img_2.jpeg",
  "items": [
    {
      "yolo_label": "person",
      "bbox": [
        21.239553451538086,
        27.05052375793457,
        252.5533447265625,
        584.0
      ],
      "confidence": 0.8961880803108215,
      "clip_attributes": {
        "palette": {
          "label": "earth tones",
          "confidence": 0.24010732769966125
        },
        "dress_silhouette": {
          "label": "fit and flare",
          "confidence": 0.2634342908859253
        },
        "neckline": {
          "label": "square neckline",
          "confidence": 0.27885037660598755
        },
        "sleeve_type": {
          "label": "bell sleeves",
          "confidence": 0.2765466868877411
        },
        "top_silhouette": {
          "label": "fitted blouse",
          "confidence": 0.2526402175426483
        },
        "bottom_style": {
          "label": "culottes",
          "confidence": 0.28818947076797485
        },
        "outerwear": {
          "label": "long coat",
          "confidence": 0.27119025588035583
        },
        "shoe_type": {
          "label": "ankle boots",
          "confidence": 0.25977325439453125
        },
        "bag_type": {
          "label": "shoulder bag",
          "confidence": 0.2654496431350708
        },
        "accessory": {
          "label": "scarf",
          "confidence": 0.24278861284255981
        },
        "hairstyle": {
          "label": "ponytail",
          "confidence": 0.22907041013240814
        },
        "setting": {
          "label": "street style",
          "confidence": 0.2661282420158386
        },
        "fabric_type": {
          "label": "linen",
          "confidence": 0.25571879744529724
        },
        "season": {
          "label": "winter",
          "confidence": 0.23650935292243958
        },
        "style_theme": {
          "label": "elegant chic",
          "confidence": 0.26928040385246277
        }
      },
      "dominant_colors": [
        [
          93,
          130,
          128
        ],
        [
          204,
          128,
          122
        ],
        [
          33,
          130,
          124
        ]
      ],
      "texture_histogram": [
        0.0,
        9.0,
        11.0,
        10.0,
        18.0,
        32.0,
        39.0,
        116.0,
        147.0,
        270.0,
        333.0,
        455.0,
        480.0,
        497.0,
        479.0,
        503.0,
        495.0,
        617.0,
        627.0,
        636.0,
        741.0,
        978.0,
        1474.0,
        1351.0,
        1127.0,
        1156.0,
        1304.0,
        1444.0,
        1419.0,
        1250.0,
        1350.0,
        1375.0,
        1424.0,
        1463.0,
        1461.0,
        1549.0,
        1780.0,
        2058.0,
        1941.0,
        1737.0,
        1805.0,
        1867.0,
        1699.0,
        1704.0,
        1231.0,
        761.0,
        641.0,
        537.0,
        530.0,
        516.0,
        526.0,
        508.0,
        450.0,
        538.0,
        509.0,
        532.0,
        488.0,
        481.0,
        459.0,
        400.0,
        361.0,
        421.0,
        443.0,
        457.0,
        555.0,
        525.0,
        522.0,
        621.0,
        618.0,
        710.0,
        770.0,
        769.0,
        854.0,
        923.0,
        990.0,
        1070.0,
        1152.0,
        1215.0,
        1212.0,
        1273.0,
        1333.0,
        1416.0,
        1405.0,
        1408.0,
        1428.0,
        1469.0,
        1448.0,
        1507.0,
        1446.0,
        1290.0,
        1333.0,
        1177.0,
        1084.0,
        1025.0,
        906.0,
        781.0,
        774.0,
        613.0,
        565.0,
        458.0,
        416.0,
        359.0,
        332.0,
        273.0,
        212.0,
        170.0,
        180.0,
        153.0,
        140.0,
        117.0,
        87.0,
        96.0,
        99.0,
        102.0,
        117.0,
        126.0,
        95.0,
        75.0,
        64.0,
        94.0,
        95.0,
        121.0,
        103.0,
        91.0,
        112.0,
        133.0,
        164.0,
        167.0,
        142.0,
        129.0,
        172.0,
        155.0,
        198.0,
        156.0,
        138.0,
        202.0,
        179.0,
        152.0,
        196.0,
        173.0,
        140.0,
        120.0,
        109.0,
        132.0,
        149.0,
        167.0,
        196.0,
        223.0,
        217.0,
        257.0,
        255.0,
        259.0,
        282.0,
        311.0,
        305.0,
        297.0,
        334.0,
        276.0,
        310.0,
        282.0,
        279.0,
        326.0,
        285.0,
        338.0,
        374.0,
        306.0,
        307.0,
        315.0,
        310.0,
        292.0,
        286.0,
        351.0,
        319.0,
        400.0,
        438.0,
        435.0,
        457.0,
        415.0,
        361.0,
        336.0,
        361.0,
        433.0,
        538.0,
        624.0,
        454.0,
        302.0,
        249.0,
        194.0,
        174.0,
        166.0,
        143.0,
        117.0,
        112.0,
        115.0,
        131.0,
        144.0,
        153.0,
        157.0,
        140.0,
        160.0,
        148.0,
        137.0,
        172.0,
        162.0,
        165.0,
        202.0,
        188.0,
        239.0,
        234.0,
        270.0,
        242.0,
        323.0,
        360.0,
        355.0,
        392.0,
        355.0,
        415.0,
        489.0,
        463.0,
        469.0,
        443.0,
        420.0,
        384.0,
        437.0,
        455.0,
        481.0,
        486.0,
        416.0,
        399.0,
        395.0,
        405.0,
        366.0,
        347.0,
        373.0,
        373.0,
        359.0,
        372.0,
        333.0,
        367.0,
        328.0,
        291.0,
        245.0,
        263.0,
        259.0,
        277.0,
        301.0,
        288.0,
        288.0,
        240.0,
        202.0,
        226.0,
        232.0,
        133.0,
        173.0,
        137.0,
        25.0
      ],
      "silhouette_mask_path": "C:\\Users\\shrad\\TrendWeave\\MERGE_OUTPUT_FINAL\\Catwalks__Women_s_Key_Items___Knitwear_A_W_25_26_en\\page_4\\img_2_mask_0.png"
    },
    {
      "yolo_label": "person",
      "bbox": [
        77.23494720458984,
        11.496346473693848,
        145.1519317626953,
        126.30924987792969
      ],
      "confidence": 0.6421225666999817,
      "clip_attributes": {
        "palette": {
          "label": "earth tones",
          "confidence": 0.221117302775383
        },
        "shoe_type": {
          "label": "sneakers",
          "confidence": 0.1783931702375412
        },
        "bag_type": {
          "label": "tote bag",
          "confidence": 0.20719490945339203
        },
        "accessory": {
          "label": "watch",
          "confidence": 0.21658864617347717
        },
        "setting": {
          "label": "streetwear",
          "confidence": 0.1914951056241989
        },
        "fabric_type": {
          "label": "linen",
          "confidence": 0.20859746634960175
        },
        "season": {
          "label": "fall",
          "confidence": 0.19542285799980164
        },
        "style_theme": {
          "label": "vintage",
          "confidence": 0.2048463225364685
        }
      },
      "dominant_colors": [
        [
          172,
          134,
          126
        ],
        [
          38,
          135,
          133
        ],
        [
          102,
          136,
          133
        ]
      ],
      "texture_histogram": [
        0.0,
        0.0,
        0.0,
        1.0,
        0.0,
        0.0,
        0.0,
        2.0,
        2.0,
        2.0,
        2.0,
        1.0,
        7.0,
        8.0,
        2.0,
        4.0,
        16.0,
        31.0,
        44.0,
        48.0,
        80.0,
        82.0,
        123.0,
        217.0,
        142.0,
        131.0,
        84.0,
        56.0,
        41.0,
        37.0,
        32.0,
        26.0,
        28.0,
        33.0,
        57.0,
        45.0,
        37.0,
        51.0,
        62.0,
        63.0,
        39.0,
        49.0,
        54.0,
        44.0,
        51.0,
        64.0,
        53.0,
        45.0,
        59.0,
        47.0,
        54.0,
        53.0,
        60.0,
        67.0,
        58.0,
        82.0,
        55.0,
        61.0,
        57.0,
        51.0,
        31.0,
        54.0,
        44.0,
        40.0,
        54.0,
        27.0,
        53.0,
        42.0,
        41.0,
        40.0,
        28.0,
        28.0,
        32.0,
        26.0,
        28.0,
        40.0,
        29.0,
        34.0,
        26.0,
        20.0,
        19.0,
        13.0,
        27.0,
        29.0,
        20.0,
        23.0,
        19.0,
        28.0,
        27.0,
        34.0,
        35.0,
        31.0,
        37.0,
        31.0,
        34.0,
        34.0,
        40.0,
        36.0,
        48.0,
        30.0,
        47.0,
        31.0,
        28.0,
        28.0,
        21.0,
        17.0,
        19.0,
        20.0,
        20.0,
        24.0,
        19.0,
        22.0,
        32.0,
        38.0,
        39.0,
        37.0,
        16.0,
        20.0,
        19.0,
        33.0,
        21.0,
        22.0,
        15.0,
        22.0,
        29.0,
        24.0,
        21.0,
        28.0,
        28.0,
        15.0,
        24.0,
        26.0,
        18.0,
        17.0,
        25.0,
        29.0,
        26.0,
        26.0,
        22.0,
        30.0,
        38.0,
        24.0,
        28.0,
        33.0,
        25.0,
        31.0,
        43.0,
        34.0,
        25.0,
        24.0,
        35.0,
        25.0,
        25.0,
        27.0,
        22.0,
        31.0,
        39.0,
        37.0,
        37.0,
        49.0,
        53.0,
        55.0,
        68.0,
        87.0,
        84.0,
        63.0,
        65.0,
        73.0,
        91.0,
        120.0,
        123.0,
        144.0,
        134.0,
        159.0,
        159.0,
        116.0,
        75.0,
        48.0,
        41.0,
        39.0,
        35.0,
        33.0,
        31.0,
        29.0,
        31.0,
        21.0,
        22.0,
        28.0,
        25.0,
        13.0,
        11.0,
        7.0,
        9.0,
        11.0,
        9.0,
        8.0,
        10.0,
        8.0,
        6.0,
        8.0,
        8.0,
        2.0,
        4.0,
        1.0,
        1.0,
        3.0,
        1.0,
        1.0,
        0.0,
        0.0,
        1.0,
        1.0,
        1.0,
        1.0,
        1.0,
        0.0,
        0.0,
        0.0,
        0.0,
        0.0,
        0.0,
        0.0,
        0.0,
        0.0,
        0.0,
        0.0,
        0.0,
        0.0,
        0.0,
        0.0,
        0.0,
        0.0,
        0.0,
        0.0,
        0.0,
        0.0,
        0.0,
        0.0,
        0.0,
        0.0,
        0.0,
        0.0,
        0.0,
        0.0,
        0.0,
        0.0,
        0.0,
        0.0,
        0.0,
        0.0,
        0.0,
        0.0,
        0.0,
        0.0,
        0.0,
        0.0
      ],
      "silhouette_mask_path": "C:\\Users\\shrad\\TrendWeave\\MERGE_OUTPUT_FINAL\\Catwalks__Women_s_Key_Items___Knitwear_A_W_25_26_en\\page_4\\img_2_mask_1.png"
    }
  ],
  "pose_keypoints": [
    {
      "x": 0.5017191171646118,
      "y": 0.14019671082496643,
      "z": -1.3319536447525024,
      "visibility": 0.9997410178184509
    },
    {
      "x": 0.5221049785614014,
      "y": 0.1210528314113617,
      "z": -1.2801616191864014,
      "visibility": 0.9993988275527954
    },
    {
      "x": 0.5357034802436829,
      "y": 0.1213524341583252,
      "z": -1.2802966833114624,
      "visibility": 0.9993948936462402
    },
    {
      "x": 0.5465717315673828,
      "y": 0.12178546190261841,
      "z": -1.2805694341659546,
      "visibility": 0.999387264251709
    },
    {
      "x": 0.4781532287597656,
      "y": 0.12043255567550659,
      "z": -1.2870725393295288,
      "visibility": 0.9993428587913513
    },
    {
      "x": 0.4619385302066803,
      "y": 0.12029259651899338,
      "z": -1.287169337272644,
      "visibility": 0.999358594417572
    },
    {
      "x": 0.4464360177516937,
      "y": 0.12055308371782303,
      "z": -1.2872745990753174,
      "visibility": 0.9993789196014404
    },
    {
      "x": 0.5601418018341064,
      "y": 0.13092684745788574,
      "z": -0.8582552075386047,
      "visibility": 0.9993521571159363
    },
    {
      "x": 0.42664575576782227,
      "y": 0.12937992811203003,
      "z": -0.8924171924591064,
      "visibility": 0.9992020726203918
    },
    {
      "x": 0.52692711353302,
      "y": 0.1629643738269806,
      "z": -1.1622506380081177,
      "visibility": 0.9997749924659729
    },
    {
      "x": 0.47222718596458435,
      "y": 0.16284435987472534,
      "z": -1.172558307647705,
      "visibility": 0.999724805355072
    },
    {
      "x": 0.6851208209991455,
      "y": 0.2560526728630066,
      "z": -0.5462406277656555,
      "visibility": 0.9996733665466309
    },
    {
      "x": 0.3065318167209625,
      "y": 0.2509983479976654,
      "z": -0.5263660550117493,
      "visibility": 0.9992427825927734
    },
    {
      "x": 0.7480930089950562,
      "y": 0.4100070893764496,
      "z": -0.2862870693206787,
      "visibility": 0.8576644659042358
    },
    {
      "x": 0.2405787706375122,
      "y": 0.4135480225086212,
      "z": -0.530247151851654,
      "visibility": 0.7197298407554626
    },
    {
      "x": 0.797516942024231,
      "y": 0.5342164039611816,
      "z": -0.5747915506362915,
      "visibility": 0.451394647359848
    },
    {
      "x": 0.2807559370994568,
      "y": 0.4325999617576599,
      "z": -1.065438151359558,
      "visibility": 0.5430375337600708
    },
    {
      "x": 0.7769607305526733,
      "y": 0.5751922726631165,
      "z": -0.6604335308074951,
      "visibility": 0.41988450288772583
    },
    {
      "x": 0.30671918392181396,
      "y": 0.4356791377067566,
      "z": -1.1889268159866333,
      "visibility": 0.5364633798599243
    },
    {
      "x": 0.7629942893981934,
      "y": 0.5646958947181702,
      "z": -0.7838892936706543,
      "visibility": 0.4401230812072754
    },
    {
      "x": 0.312575101852417,
      "y": 0.41552162170410156,
      "z": -1.2827156782150269,
      "visibility": 0.5520843863487244
    },
    {
      "x": 0.7841792106628418,
      "y": 0.554314374923706,
      "z": -0.6301027536392212,
      "visibility": 0.4865180253982544
    },
    {
      "x": 0.3241061568260193,
      "y": 0.43124526739120483,
      "z": -1.115641474723816,
      "visibility": 0.5329284071922302
    },
    {
      "x": 0.6317765712738037,
      "y": 0.5227408409118652,
      "z": -0.04805692285299301,
      "visibility": 0.9976262450218201
    },
    {
      "x": 0.4093060791492462,
      "y": 0.5329016447067261,
      "z": 0.04801139980554581,
      "visibility": 0.995949387550354
    },
    {
      "x": 0.5889782905578613,
      "y": 0.733365535736084,
      "z": -0.1512109488248825,
      "visibility": 0.9000256657600403
    },
    {
      "x": 0.4184041917324066,
      "y": 0.746803343296051,
      "z": 0.04964163899421692,
      "visibility": 0.892411470413208
    },
    {
      "x": 0.5240762233734131,
      "y": 0.9573662281036377,
      "z": 0.5271883010864258,
      "visibility": 0.8729215264320374
    },
    {
      "x": 0.4624878466129303,
      "y": 0.9182169437408447,
      "z": 0.6680624485015869,
      "visibility": 0.8536058068275452
    },
    {
      "x": 0.5200261473655701,
      "y": 0.9676116704940796,
      "z": 0.5615061521530151,
      "visibility": 0.46904557943344116
    },
    {
      "x": 0.4739220142364502,
      "y": 0.9341687560081482,
      "z": 0.7079964876174927,
      "visibility": 0.6251140236854553
    },
    {
      "x": 0.5068163871765137,
      "y": 1.046929121017456,
      "z": 0.06402027606964111,
      "visibility": 0.8030327558517456
    },
    {
      "x": 0.4341844320297241,
      "y": 0.9940153956413269,
      "z": 0.26282885670661926,
      "visibility": 0.8238224387168884
    }
  ]
}