{
  "image": "C:\\Users\\shrad\\TrendWeave\\TrendWeave\\extracted_data\\Catwalks__Women_s_Key_Items___Dresses_A_W_25_26_en\\page_6\\img_4.jpeg",
  "items": [
    {
      "yolo_label": "person",
      "bbox": [
        49.417301177978516,
        3.612071990966797,
        237.21630859375,
        582.5448608398438
      ],
      "confidence": 0.8551024198532104,
      "clip_attributes": {
        "palette": {
          "label": "bold colors",
          "confidence": 0.22624434530735016
        },
        "dress_silhouette": {
          "label": "maxi dress",
          "confidence": 0.26692524552345276
        },
        "neckline": {
          "label": "square neckline",
          "confidence": 0.2816441059112549
        },
        "sleeve_type": {
          "label": "puffed sleeves",
          "confidence": 0.30402353405952454
        },
        "top_silhouette": {
          "label": "peplum",
          "confidence": 0.25947147607803345
        },
        "bottom_style": {
          "label": "wide-leg pants",
          "confidence": 0.25794509053230286
        },
        "outerwear": {
          "label": "long coat",
          "confidence": 0.2587592899799347
        },
        "shoe_type": {
          "label": "ankle boots",
          "confidence": 0.23126982152462006
        },
        "bag_type": {
          "label": "shoulder bag",
          "confidence": 0.22438117861747742
        },
        "accessory": {
          "label": "scarf",
          "confidence": 0.21635808050632477
        },
        "hairstyle": {
          "label": "loose curls",
          "confidence": 0.20863166451454163
        },
        "setting": {
          "label": "office wear",
          "confidence": 0.23716823756694794
        },
        "fabric_type": {
          "label": "organza",
          "confidence": 0.26917678117752075
        },
        "season": {
          "label": "fall",
          "confidence": 0.21386605501174927
        },
        "style_theme": {
          "label": "boho",
          "confidence": 0.267627477645874
        }
      },
      "dominant_colors": [
        [
          38,
          154,
          140
        ],
        [
          183,
          135,
          153
        ],
        [
          89,
          161,
          143
        ]
      ],
      "texture_histogram": [
        0.0,
        23.0,
        43.0,
        102.0,
        109.0,
        107.0,
        146.0,
        221.0,
        314.0,
        329.0,
        336.0,
        270.0,
        258.0,
        304.0,
        331.0,
        396.0,
        523.0,
        576.0,
        715.0,
        737.0,
        723.0,
        611.0,
        576.0,
        716.0,
        696.0,
        708.0,
        734.0,
        812.0,
        849.0,
        758.0,
        763.0,
        798.0,
        815.0,
        784.0,
        812.0,
        771.0,
        816.0,
        753.0,
        752.0,
        756.0,
        736.0,
        747.0,
        795.0,
        759.0,
        746.0,
        774.0,
        736.0,
        767.0,
        816.0,
        860.0,
        818.0,
        848.0,
        896.0,
        821.0,
        905.0,
        874.0,
        912.0,
        912.0,
        906.0,
        941.0,
        911.0,
        928.0,
        947.0,
        869.0,
        842.0,
        838.0,
        813.0,
        870.0,
        802.0,
        899.0,
        824.0,
        902.0,
        909.0,
        1008.0,
        957.0,
        935.0,
        1014.0,
        957.0,
        930.0,
        1062.0,
        995.0,
        1011.0,
        959.0,
        970.0,
        931.0,
        896.0,
        834.0,
        762.0,
        766.0,
        699.0,
        609.0,
        584.0,
        570.0,
        478.0,
        400.0,
        441.0,
        434.0,
        399.0,
        375.0,
        336.0,
        357.0,
        344.0,
        316.0,
        264.0,
        255.0,
        255.0,
        254.0,
        261.0,
        238.0,
        218.0,
        190.0,
        226.0,
        213.0,
        181.0,
        179.0,
        131.0,
        159.0,
        196.0,
        140.0,
        154.0,
        133.0,
        129.0,
        156.0,
        163.0,
        160.0,
        149.0,
        179.0,
        182.0,
        173.0,
        183.0,
        196.0,
        178.0,
        181.0,
        163.0,
        176.0,
        147.0,
        168.0,
        172.0,
        147.0,
        161.0,
        150.0,
        163.0,
        148.0,
        155.0,
        151.0,
        161.0,
        159.0,
        143.0,
        146.0,
        156.0,
        174.0,
        146.0,
        146.0,
        154.0,
        164.0,
        140.0,
        144.0,
        146.0,
        179.0,
        225.0,
        434.0,
        417.0,
        561.0,
        1215.0,
        971.0,
        464.0,
        318.0,
        348.0,
        662.0,
        1131.0,
        942.0,
        980.0,
        634.0,
        339.0,
        191.0,
        232.0,
        236.0,
        556.0,
        2032.0,
        1548.0,
        1493.0,
        1707.0,
        1178.0,
        833.0,
        659.0,
        252.0,
        231.0,
        230.0,
        263.0,
        298.0,
        279.0,
        291.0,
        316.0,
        277.0,
        281.0,
        324.0,
        320.0,
        320.0,
        321.0,
        282.0,
        292.0,
        277.0,
        253.0,
        239.0,
        216.0,
        180.0,
        172.0,
        140.0,
        170.0,
        170.0,
        123.0,
        129.0,
        104.0,
        91.0,
        106.0,
        101.0,
        117.0,
        113.0,
        101.0,
        113.0,
        143.0,
        129.0,
        189.0,
        159.0,
        168.0,
        140.0,
        105.0,
        66.0,
        33.0,
        23.0,
        19.0,
        12.0,
        9.0,
        12.0,
        9.0,
        2.0,
        1.0,
        0.0,
        2.0,
        0.0,
        0.0,
        0.0,
        1.0,
        0.0,
        0.0,
        0.0,
        1.0,
        0.0,
        0.0,
        1.0,
        0.0,
        0.0,
        0.0,
        0.0,
        0.0,
        0.0
      ],
      "silhouette_mask_path": "C:\\Users\\shrad\\TrendWeave\\MERGE_OUTPUT_FINAL\\Catwalks__Women_s_Key_Items___Dresses_A_W_25_26_en\\page_6\\img_4_mask_0.png"
    },
    {
      "yolo_label": "person",
      "bbox": [
        97.87340545654297,
        0.155158132314682,
        195.06272888183594,
        115.78789520263672
      ],
      "confidence": 0.6261734962463379,
      "clip_attributes": {
        "palette": {
          "label": "earth tones",
          "confidence": 0.23052380979061127
        },
        "dress_silhouette": {
          "label": "fit and flare",
          "confidence": 0.23178650438785553
        },
        "neckline": {
          "label": "square neckline",
          "confidence": 0.2510205805301666
        },
        "sleeve_type": {
          "label": "puffed sleeves",
          "confidence": 0.23625798523426056
        },
        "top_silhouette": {
          "label": "fitted blouse",
          "confidence": 0.22675010561943054
        },
        "bottom_style": {
          "label": "culottes",
          "confidence": 0.23354984819889069
        },
        "outerwear": {
          "label": "long coat",
          "confidence": 0.21420316398143768
        },
        "shoe_type": {
          "label": "ankle boots",
          "confidence": 0.2091488540172577
        },
        "bag_type": {
          "label": "shoulder bag",
          "confidence": 0.21262963116168976
        },
        "accessory": {
          "label": "sunglasses",
          "confidence": 0.25328329205513
        },
        "hairstyle": {
          "label": "high bun",
          "confidence": 0.19662374258041382
        },
        "setting": {
          "label": "street style",
          "confidence": 0.22700674831867218
        },
        "fabric_type": {
          "label": "organza",
          "confidence": 0.22433586418628693
        },
        "season": {
          "label": "spring",
          "confidence": 0.20899827778339386
        },
        "style_theme": {
          "label": "elegant chic",
          "confidence": 0.22839392721652985
        }
      },
      "dominant_colors": [
        [
          188,
          136,
          154
        ],
        [
          56,
          144,
          143
        ],
        [
          129,
          144,
          148
        ]
      ],
      "texture_histogram": [
        0.0,
        2.0,
        3.0,
        3.0,
        9.0,
        5.0,
        10.0,
        15.0,
        20.0,
        21.0,
        23.0,
        22.0,
        20.0,
        17.0,
        23.0,
        17.0,
        15.0,
        25.0,
        25.0,
        22.0,
        19.0,
        20.0,
        23.0,
        21.0,
        23.0,
        31.0,
        28.0,
        22.0,
        28.0,
        27.0,
        20.0,
        33.0,
        28.0,
        37.0,
        22.0,
        30.0,
        22.0,
        27.0,
        26.0,
        30.0,
        24.0,
        35.0,
        35.0,
        42.0,
        39.0,
        30.0,
        35.0,
        49.0,
        45.0,
        51.0,
        39.0,
        36.0,
        52.0,
        41.0,
        41.0,
        35.0,
        40.0,
        40.0,
        55.0,
        41.0,
        39.0,
        45.0,
        39.0,
        38.0,
        39.0,
        51.0,
        44.0,
        40.0,
        50.0,
        56.0,
        49.0,
        53.0,
        57.0,
        44.0,
        50.0,
        37.0,
        41.0,
        47.0,
        50.0,
        47.0,
        47.0,
        58.0,
        37.0,
        56.0,
        56.0,
        45.0,
        39.0,
        52.0,
        60.0,
        51.0,
        56.0,
        54.0,
        45.0,
        58.0,
        44.0,
        50.0,
        52.0,
        69.0,
        50.0,
        56.0,
        56.0,
        42.0,
        58.0,
        45.0,
        37.0,
        46.0,
        50.0,
        54.0,
        48.0,
        53.0,
        50.0,
        65.0,
        59.0,
        57.0,
        54.0,
        44.0,
        50.0,
        69.0,
        57.0,
        52.0,
        62.0,
        46.0,
        51.0,
        54.0,
        65.0,
        67.0,
        78.0,
        82.0,
        79.0,
        103.0,
        107.0,
        92.0,
        103.0,
        92.0,
        93.0,
        82.0,
        89.0,
        105.0,
        84.0,
        90.0,
        83.0,
        83.0,
        77.0,
        60.0,
        70.0,
        77.0,
        59.0,
        52.0,
        45.0,
        55.0,
        59.0,
        45.0,
        34.0,
        39.0,
        47.0,
        35.0,
        39.0,
        36.0,
        40.0,
        37.0,
        39.0,
        37.0,
        44.0,
        48.0,
        56.0,
        47.0,
        35.0,
        38.0,
        47.0,
        51.0,
        97.0,
        169.0,
        277.0,
        124.0,
        60.0,
        62.0,
        92.0,
        259.0,
        348.0,
        236.0,
        261.0,
        160.0,
        133.0,
        51.0,
        61.0,
        45.0,
        34.0,
        25.0,
        31.0,
        24.0,
        22.0,
        26.0,
        22.0,
        29.0,
        28.0,
        26.0,
        31.0,
        33.0,
        22.0,
        21.0,
        24.0,
        32.0,
        24.0,
        28.0,
        23.0,
        30.0,
        29.0,
        25.0,
        30.0,
        30.0,
        35.0,
        30.0,
        30.0,
        26.0,
        23.0,
        28.0,
        26.0,
        29.0,
        19.0,
        26.0,
        21.0,
        22.0,
        18.0,
        18.0,
        15.0,
        10.0,
        12.0,
        11.0,
        3.0,
        7.0,
        4.0,
        4.0,
        3.0,
        5.0,
        3.0,
        1.0,
        1.0,
        0.0,
        1.0,
        0.0,
        0.0,
        0.0,
        0.0,
        0.0,
        0.0,
        0.0,
        0.0,
        0.0,
        0.0,
        1.0,
        0.0,
        0.0,
        0.0,
        0.0,
        0.0,
        0.0
      ],
      "silhouette_mask_path": "C:\\Users\\shrad\\TrendWeave\\MERGE_OUTPUT_FINAL\\Catwalks__Women_s_Key_Items___Dresses_A_W_25_26_en\\page_6\\img_4_mask_1.png"
    }
  ],
  "pose_keypoints": [
    {
      "x": 0.532997727394104,
      "y": 0.11499369889497757,
      "z": -1.5349668264389038,
      "visibility": 0.99982088804245
    },
    {
      "x": 0.5543225407600403,
      "y": 0.099925696849823,
      "z": -1.4906127452850342,
      "visibility": 0.9994581341743469
    },
    {
      "x": 0.5678607821464539,
      "y": 0.10119554400444031,
      "z": -1.4906917810440063,
      "visibility": 0.9993354678153992
    },
    {
      "x": 0.5805181264877319,
      "y": 0.10262829065322876,
      "z": -1.4908418655395508,
      "visibility": 0.9993822574615479
    },
    {
      "x": 0.5109293460845947,
      "y": 0.09748828411102295,
      "z": -1.500353455543518,
      "visibility": 0.9994475245475769
    },
    {
      "x": 0.49591320753097534,
      "y": 0.09704583883285522,
      "z": -1.500623345375061,
      "visibility": 0.9994015693664551
    },
    {
      "x": 0.48162955045700073,
      "y": 0.09666743874549866,
      "z": -1.5009828805923462,
      "visibility": 0.999445378780365
    },
    {
      "x": 0.5950666666030884,
      "y": 0.11347493529319763,
      "z": -1.0557092428207397,
      "visibility": 0.9989497065544128
    },
    {
      "x": 0.4564717710018158,
      "y": 0.10724276304244995,
      "z": -1.1145451068878174,
      "visibility": 0.9992778897285461
    },
    {
      "x": 0.5573029518127441,
      "y": 0.13719025254249573,
      "z": -1.3595117330551147,
      "visibility": 0.9998629093170166
    },
    {
      "x": 0.4979517161846161,
      "y": 0.13231202960014343,
      "z": -1.3761012554168701,
      "visibility": 0.9998834133148193
    },
    {
      "x": 0.6914817094802856,
      "y": 0.24570465087890625,
      "z": -0.6268768906593323,
      "visibility": 0.9998806715011597
    },
    {
      "x": 0.33591535687446594,
      "y": 0.224403515458107,
      "z": -0.8046630024909973,
      "visibility": 0.9999418258666992
    },
    {
      "x": 0.7269055843353271,
      "y": 0.4019015431404114,
      "z": -0.28444987535476685,
      "visibility": 0.8832318782806396
    },
    {
      "x": 0.2761058807373047,
      "y": 0.3853610157966614,
      "z": -0.6011769771575928,
      "visibility": 0.9308466911315918
    },
    {
      "x": 0.7456081509590149,
      "y": 0.5318356156349182,
      "z": -0.5460984706878662,
      "visibility": 0.6690697073936462
    },
    {
      "x": 0.2586263120174408,
      "y": 0.5210314989089966,
      "z": -0.8283058404922485,
      "visibility": 0.6664656400680542
    },
    {
      "x": 0.7604012489318848,
      "y": 0.5766308903694153,
      "z": -0.6319028735160828,
      "visibility": 0.579988420009613
    },
    {
      "x": 0.24296507239341736,
      "y": 0.5652421712875366,
      "z": -0.9096819162368774,
      "visibility": 0.5893750190734863
    },
    {
      "x": 0.7527742981910706,
      "y": 0.5752553343772888,
      "z": -0.75331050157547,
      "visibility": 0.6046686172485352
    },
    {
      "x": 0.2579147517681122,
      "y": 0.5638447403907776,
      "z": -1.0588537454605103,
      "visibility": 0.6098646521568298
    },
    {
      "x": 0.7404740452766418,
      "y": 0.5640203356742859,
      "z": -0.598727822303772,
      "visibility": 0.6205592155456543
    },
    {
      "x": 0.2711910605430603,
      "y": 0.5503921508789062,
      "z": -0.890591025352478,
      "visibility": 0.6171619892120361
    },
    {
      "x": 0.6261992454528809,
      "y": 0.507635235786438,
      "z": 0.10280615836381912,
      "visibility": 0.999241828918457
    },
    {
      "x": 0.4131789803504944,
      "y": 0.5068097710609436,
      "z": -0.10294434428215027,
      "visibility": 0.9991438388824463
    },
    {
      "x": 0.6169799566268921,
      "y": 0.710106372833252,
      "z": 0.10932471603155136,
      "visibility": 0.3995262384414673
    },
    {
      "x": 0.4332315921783447,
      "y": 0.7164480090141296,
      "z": -0.06752581894397736,
      "visibility": 0.6953803896903992
    },
    {
      "x": 0.5433506965637207,
      "y": 0.8920028805732727,
      "z": 0.8071128726005554,
      "visibility": 0.4384858012199402
    },
    {
      "x": 0.41720059514045715,
      "y": 0.898263156414032,
      "z": 0.6329021453857422,
      "visibility": 0.5712494850158691
    },
    {
      "x": 0.5083504915237427,
      "y": 0.9106799364089966,
      "z": 0.8534918427467346,
      "visibility": 0.40338200330734253
    },
    {
      "x": 0.40392234921455383,
      "y": 0.9180709719657898,
      "z": 0.6812119483947754,
      "visibility": 0.3231661319732666
    },
    {
      "x": 0.6074106693267822,
      "y": 0.9546482563018799,
      "z": 0.4484333097934723,
      "visibility": 0.508716881275177
    },
    {
      "x": 0.4711243212223053,
      "y": 0.977142870426178,
      "z": 0.20592717826366425,
      "visibility": 0.5603728294372559
    }
  ]
}