{
  "image": "C:\\Users\\shrad\\TrendWeave\\TrendWeave\\extracted_data\\Catwalks__Women_s_Key_Items___Dresses_A_W_25_26_en\\page_6\\img_3.jpeg",
  "items": [
    {
      "yolo_label": "person",
      "bbox": [
        1.2214657068252563,
        483.83843994140625,
        143.86593627929688,
        838.3435668945312
      ],
      "confidence": 0.5889896750450134,
      "clip_attributes": {
        "palette": {
          "label": "earth tones",
          "confidence": 0.22277480363845825
        },
        "dress_silhouette": {
          "label": "fit and flare",
          "confidence": 0.22020657360553741
        },
        "neckline": {
          "label": "square neckline",
          "confidence": 0.2418205887079239
        },
        "sleeve_type": {
          "label": "sleeveless",
          "confidence": 0.23607367277145386
        },
        "top_silhouette": {
          "label": "peplum",
          "confidence": 0.2231665849685669
        },
        "bottom_style": {
          "label": "flared pants",
          "confidence": 0.23909027874469757
        },
        "outerwear": {
          "label": "blazer",
          "confidence": 0.23413868248462677
        },
        "shoe_type": {
          "label": "ankle boots",
          "confidence": 0.2581693232059479
        },
        "bag_type": {
          "label": "shoulder bag",
          "confidence": 0.24928951263427734
        },
        "accessory": {
          "label": "hairband",
          "confidence": 0.24767500162124634
        },
        "hairstyle": {
          "label": "loose curls",
          "confidence": 0.2385643869638443
        },
        "setting": {
          "label": "party night",
          "confidence": 0.22164469957351685
        },
        "fabric_type": {
          "label": "satin",
          "confidence": 0.23432493209838867
        },
        "season": {
          "label": "summer",
          "confidence": 0.2123263031244278
        },
        "style_theme": {
          "label": "y2k",
          "confidence": 0.22937442362308502
        }
      },
      "dominant_colors": [
        [
          79,
          134,
          137
        ],
        [
          146,
          134,
          140
        ],
        [
          12,
          128,
          129
        ]
      ],
      "texture_histogram": [
        97.0,
        375.0,
        1936.0,
        3874.0,
        2468.0,
        780.0,
        675.0,
        620.0,
        672.0,
        722.0,
        681.0,
        676.0,
        665.0,
        648.0,
        607.0,
        559.0,
        583.0,
        560.0,
        565.0,
        568.0,
        490.0,
        517.0,
        497.0,
        395.0,
        400.0,
        353.0,
        370.0,
        331.0,
        339.0,
        314.0,
        296.0,
        282.0,
        250.0,
        280.0,
        227.0,
        251.0,
        229.0,
        225.0,
        243.0,
        233.0,
        221.0,
        228.0,
        250.0,
        267.0,
        227.0,
        240.0,
        250.0,
        241.0,
        258.0,
        219.0,
        221.0,
        209.0,
        175.0,
        188.0,
        186.0,
        163.0,
        200.0,
        186.0,
        169.0,
        167.0,
        153.0,
        172.0,
        137.0,
        160.0,
        151.0,
        150.0,
        155.0,
        151.0,
        140.0,
        145.0,
        169.0,
        167.0,
        151.0,
        171.0,
        167.0,
        174.0,
        167.0,
        159.0,
        181.0,
        191.0,
        144.0,
        176.0,
        184.0,
        174.0,
        173.0,
        163.0,
        174.0,
        155.0,
        204.0,
        197.0,
        198.0,
        171.0,
        186.0,
        158.0,
        183.0,
        211.0,
        176.0,
        180.0,
        192.0,
        198.0,
        192.0,
        203.0,
        219.0,
        203.0,
        221.0,
        185.0,
        222.0,
        174.0,
        194.0,
        246.0,
        217.0,
        196.0,
        218.0,
        257.0,
        210.0,
        249.0,
        226.0,
        226.0,
        250.0,
        223.0,
        220.0,
        205.0,
        192.0,
        201.0,
        205.0,
        218.0,
        216.0,
        190.0,
        165.0,
        205.0,
        216.0,
        206.0,
        213.0,
        199.0,
        189.0,
        183.0,
        199.0,
        197.0,
        232.0,
        198.0,
        190.0,
        188.0,
        250.0,
        201.0,
        197.0,
        174.0,
        165.0,
        166.0,
        135.0,
        131.0,
        134.0,
        122.0,
        116.0,
        149.0,
        162.0,
        145.0,
        143.0,
        115.0,
        151.0,
        187.0,
        193.0,
        222.0,
        195.0,
        157.0,
        147.0,
        177.0,
        132.0,
        134.0,
        97.0,
        113.0,
        136.0,
        137.0,
        128.0,
        148.0,
        123.0,
        111.0,
        98.0,
        68.0,
        68.0,
        63.0,
        38.0,
        61.0,
        39.0,
        15.0,
        2.0,
        6.0,
        4.0,
        8.0,
        3.0,
        1.0,
        0.0,
        2.0,
        2.0,
        3.0,
        2.0,
        2.0,
        1.0,
        2.0,
        0.0,
        2.0,
        1.0,
        3.0,
        2.0,
        7.0,
        3.0,
        3.0,
        1.0,
        2.0,
        3.0,
        3.0,
        4.0,
        1.0,
        4.0,
        1.0,
        0.0,
        3.0,
        1.0,
        1.0,
        0.0,
        0.0,
        0.0,
        0.0,
        0.0,
        0.0,
        0.0,
        0.0,
        0.0,
        0.0,
        0.0,
        0.0,
        0.0,
        0.0,
        0.0,
        0.0,
        0.0,
        0.0,
        0.0,
        0.0,
        0.0,
        0.0,
        0.0,
        0.0,
        0.0,
        0.0,
        0.0,
        0.0,
        0.0,
        0.0,
        0.0,
        0.0,
        0.0,
        0.0,
        0.0,
        0.0,
        0.0,
        0.0
      ],
      "silhouette_mask_path": "C:\\Users\\shrad\\TrendWeave\\MERGE_OUTPUT_FINAL\\Catwalks__Women_s_Key_Items___Dresses_A_W_25_26_en\\page_6\\img_3_mask_0.png"
    },
    {
      "yolo_label": "person",
      "bbox": [
        123.28218078613281,
        52.823970794677734,
        479.4571533203125,
        1168.0
      ],
      "confidence": 0.573402464389801,
      "clip_attributes": {
        "palette": {
          "label": "earth tones",
          "confidence": 0.2122323215007782
        },
        "dress_silhouette": {
          "label": "maxi dress",
          "confidence": 0.2532237768173218
        },
        "neckline": {
          "label": "square neckline",
          "confidence": 0.2641807496547699
        },
        "sleeve_type": {
          "label": "puffed sleeves",
          "confidence": 0.2795970141887665
        },
        "top_silhouette": {
          "label": "wrap top",
          "confidence": 0.23755812644958496
        },
        "bottom_style": {
          "label": "wide-leg pants",
          "confidence": 0.24944891035556793
        },
        "outerwear": {
          "label": "long coat",
          "confidence": 0.2444014698266983
        },
        "shoe_type": {
          "label": "ankle boots",
          "confidence": 0.2167239636182785
        },
        "bag_type": {
          "label": "shoulder bag",
          "confidence": 0.21703311800956726
        },
        "accessory": {
          "label": "hoop earrings",
          "confidence": 0.20472267270088196
        },
        "hairstyle": {
          "label": "loose curls",
          "confidence": 0.20978103578090668
        },
        "setting": {
          "label": "office wear",
          "confidence": 0.22440478205680847
        },
        "fabric_type": {
          "label": "organza",
          "confidence": 0.25429579615592957
        },
        "season": {
          "label": "spring",
          "confidence": 0.20154178142547607
        },
        "style_theme": {
          "label": "boho",
          "confidence": 0.2677101790904999
        }
      },
      "dominant_colors": [
        [
          16,
          127,
          128
        ],
        [
          162,
          127,
          133
        ],
        [
          86,
          128,
          131
        ]
      ],
      "texture_histogram": [
        889.0,
        19546.0,
        27828.0,
        8381.0,
        6083.0,
        3088.0,
        2831.0,
        2159.0,
        1938.0,
        1807.0,
        1225.0,
        873.0,
        731.0,
        665.0,
        672.0,
        635.0,
        663.0,
        704.0,
        756.0,
        791.0,
        804.0,
        801.0,
        850.0,
        866.0,
        873.0,
        959.0,
        1018.0,
        1111.0,
        1236.0,
        1259.0,
        1396.0,
        1421.0,
        1458.0,
        1543.0,
        1703.0,
        1965.0,
        2126.0,
        2248.0,
        2367.0,
        2594.0,
        2637.0,
        2672.0,
        2967.0,
        3026.0,
        2669.0,
        2685.0,
        2609.0,
        2411.0,
        2360.0,
        2256.0,
        2142.0,
        2170.0,
        2122.0,
        2076.0,
        2052.0,
        1948.0,
        1966.0,
        1970.0,
        1961.0,
        1993.0,
        1973.0,
        2039.0,
        1925.0,
        1972.0,
        1925.0,
        1974.0,
        1945.0,
        1950.0,
        1980.0,
        1983.0,
        1996.0,
        1973.0,
        2039.0,
        2061.0,
        1908.0,
        2021.0,
        1927.0,
        1924.0,
        1903.0,
        1902.0,
        1806.0,
        1910.0,
        1842.0,
        1911.0,
        1956.0,
        1835.0,
        1859.0,
        1813.0,
        1845.0,
        1795.0,
        1781.0,
        1763.0,
        1765.0,
        1778.0,
        1706.0,
        1686.0,
        1692.0,
        1620.0,
        1749.0,
        1641.0,
        1695.0,
        1723.0,
        1678.0,
        1641.0,
        1639.0,
        1610.0,
        1564.0,
        1611.0,
        1641.0,
        1661.0,
        1620.0,
        1552.0,
        1607.0,
        1625.0,
        1663.0,
        1699.0,
        1666.0,
        1745.0,
        1660.0,
        1674.0,
        1691.0,
        1683.0,
        1660.0,
        1696.0,
        1774.0,
        1730.0,
        1889.0,
        1787.0,
        1891.0,
        1941.0,
        1915.0,
        1974.0,
        1958.0,
        2009.0,
        1846.0,
        1969.0,
        1912.0,
        1867.0,
        1934.0,
        1910.0,
        1983.0,
        1996.0,
        2034.0,
        1976.0,
        1978.0,
        2032.0,
        2149.0,
        2143.0,
        2282.0,
        2259.0,
        2304.0,
        2224.0,
        2152.0,
        2171.0,
        2104.0,
        2121.0,
        2207.0,
        2294.0,
        2241.0,
        2244.0,
        2183.0,
        2121.0,
        1999.0,
        1962.0,
        1923.0,
        1747.0,
        1790.0,
        1727.0,
        1735.0,
        1732.0,
        1695.0,
        1580.0,
        1530.0,
        1345.0,
        1298.0,
        1090.0,
        1018.0,
        907.0,
        928.0,
        896.0,
        813.0,
        772.0,
        795.0,
        699.0,
        774.0,
        749.0,
        628.0,
        670.0,
        665.0,
        620.0,
        667.0,
        663.0,
        619.0,
        612.0,
        602.0,
        581.0,
        558.0,
        529.0,
        534.0,
        511.0,
        476.0,
        469.0,
        466.0,
        427.0,
        434.0,
        403.0,
        390.0,
        398.0,
        341.0,
        371.0,
        322.0,
        286.0,
        292.0,
        242.0,
        243.0,
        229.0,
        197.0,
        177.0,
        178.0,
        147.0,
        144.0,
        135.0,
        117.0,
        106.0,
        72.0,
        84.0,
        46.0,
        47.0,
        32.0,
        44.0,
        31.0,
        21.0,
        34.0,
        18.0,
        21.0,
        12.0,
        13.0,
        5.0,
        9.0,
        7.0,
        1.0,
        0.0,
        0.0,
        2.0,
        2.0,
        0.0,
        2.0,
        1.0,
        1.0,
        0.0,
        0.0,
        1.0,
        0.0,
        0.0,
        1.0,
        0.0
      ],
      "silhouette_mask_path": "C:\\Users\\shrad\\TrendWeave\\MERGE_OUTPUT_FINAL\\Catwalks__Women_s_Key_Items___Dresses_A_W_25_26_en\\page_6\\img_3_mask_1.png"
    }
  ],
  "pose_keypoints": [
    {
      "x": 0.526992678642273,
      "y": 0.11694559454917908,
      "z": -1.545966625213623,
      "visibility": 0.9999655485153198
    },
    {
      "x": 0.549017608165741,
      "y": 0.10410350561141968,
      "z": -1.4760558605194092,
      "visibility": 0.999921441078186
    },
    {
      "x": 0.5621532201766968,
      "y": 0.10561305284500122,
      "z": -1.4762784242630005,
      "visibility": 0.999893307685852
    },
    {
      "x": 0.5736017823219299,
      "y": 0.10729190707206726,
      "z": -1.476629376411438,
      "visibility": 0.9998915195465088
    },
    {
      "x": 0.5079382658004761,
      "y": 0.09976118803024292,
      "z": -1.4940236806869507,
      "visibility": 0.9999125003814697
    },
    {
      "x": 0.49132946133613586,
      "y": 0.09862849116325378,
      "z": -1.4942213296890259,
      "visibility": 0.999895453453064
    },
    {
      "x": 0.4768546521663666,
      "y": 0.09752285480499268,
      "z": -1.4944175481796265,
      "visibility": 0.9999006986618042
    },
    {
      "x": 0.5878697633743286,
      "y": 0.11661359667778015,
      "z": -0.9862093925476074,
      "visibility": 0.9998475313186646
    },
    {
      "x": 0.45121073722839355,
      "y": 0.1064167320728302,
      "z": -1.0730292797088623,
      "visibility": 0.9998668432235718
    },
    {
      "x": 0.5439504981040955,
      "y": 0.13871386647224426,
      "z": -1.3537743091583252,
      "visibility": 0.9999686479568481
    },
    {
      "x": 0.48987457156181335,
      "y": 0.13303932547569275,
      "z": -1.3798514604568481,
      "visibility": 0.9999666213989258
    },
    {
      "x": 0.656671404838562,
      "y": 0.23093962669372559,
      "z": -0.6051609516143799,
      "visibility": 0.9999102354049683
    },
    {
      "x": 0.33985984325408936,
      "y": 0.22074811160564423,
      "z": -0.6897686123847961,
      "visibility": 0.9998413324356079
    },
    {
      "x": 0.6918297410011292,
      "y": 0.383348673582077,
      "z": -0.336847722530365,
      "visibility": 0.9147716760635376
    },
    {
      "x": 0.288860559463501,
      "y": 0.3726678192615509,
      "z": -0.5034138560295105,
      "visibility": 0.9241785407066345
    },
    {
      "x": 0.7256675362586975,
      "y": 0.5142086744308472,
      "z": -0.6536336541175842,
      "visibility": 0.6302527785301208
    },
    {
      "x": 0.271495521068573,
      "y": 0.4905127286911011,
      "z": -0.8230606913566589,
      "visibility": 0.6968287229537964
    },
    {
      "x": 0.7373619079589844,
      "y": 0.5461745262145996,
      "z": -0.7559394836425781,
      "visibility": 0.5112093091011047
    },
    {
      "x": 0.26422059535980225,
      "y": 0.5273114442825317,
      "z": -0.9182291626930237,
      "visibility": 0.5930728316307068
    },
    {
      "x": 0.7300416231155396,
      "y": 0.552812933921814,
      "z": -0.8748888373374939,
      "visibility": 0.5403171181678772
    },
    {
      "x": 0.2870572507381439,
      "y": 0.5259900093078613,
      "z": -1.0594009160995483,
      "visibility": 0.6200399994850159
    },
    {
      "x": 0.7123959064483643,
      "y": 0.5391645431518555,
      "z": -0.7081008553504944,
      "visibility": 0.5430314540863037
    },
    {
      "x": 0.29118937253952026,
      "y": 0.5136762857437134,
      "z": -0.8815466165542603,
      "visibility": 0.6127479076385498
    },
    {
      "x": 0.602779746055603,
      "y": 0.4812503457069397,
      "z": -0.026441523805260658,
      "visibility": 0.9986598491668701
    },
    {
      "x": 0.41205984354019165,
      "y": 0.4889583885669708,
      "z": 0.02633538283407688,
      "visibility": 0.997541069984436
    },
    {
      "x": 0.6064362525939941,
      "y": 0.7163830399513245,
      "z": -0.24587461352348328,
      "visibility": 0.7114874124526978
    },
    {
      "x": 0.4249652028083801,
      "y": 0.716869056224823,
      "z": -0.026295315474271774,
      "visibility": 0.5334723591804504
    },
    {
      "x": 0.6425698399543762,
      "y": 0.9064745903015137,
      "z": 0.4942166209220886,
      "visibility": 0.6024959087371826
    },
    {
      "x": 0.4302838146686554,
      "y": 0.9010853171348572,
      "z": 0.7108228206634521,
      "visibility": 0.5621610879898071
    },
    {
      "x": 0.6396019458770752,
      "y": 0.9287271499633789,
      "z": 0.535166323184967,
      "visibility": 0.1979570835828781
    },
    {
      "x": 0.44402748346328735,
      "y": 0.9238176941871643,
      "z": 0.7592973113059998,
      "visibility": 0.3414650559425354
    },
    {
      "x": 0.6271348595619202,
      "y": 0.9711775183677673,
      "z": 0.015679897740483284,
      "visibility": 0.5210307240486145
    },
    {
      "x": 0.41142526268959045,
      "y": 0.9647595286369324,
      "z": 0.2239363193511963,
      "visibility": 0.5672769546508789
    }
  ]
}