{
  "image": "C:\\Users\\shrad\\TrendWeave\\TrendWeave\\extracted_data\\Catwalks__Women_s_Colour_A_W_25_26_en\\page_17\\img_3.jpeg",
  "items": [
    {
      "yolo_label": "person",
      "bbox": [
        97.41339874267578,
        5.74900484085083,
        364.98419189453125,
        626.8973388671875
      ],
      "confidence": 0.8369008898735046,
      "clip_attributes": {
        "palette": {
          "label": "bold colors",
          "confidence": 0.240922749042511
        },
        "dress_silhouette": {
          "label": "fit and flare",
          "confidence": 0.24221597611904144
        },
        "neckline": {
          "label": "square neckline",
          "confidence": 0.24692539870738983
        },
        "sleeve_type": {
          "label": "puffed sleeves",
          "confidence": 0.26487112045288086
        },
        "top_silhouette": {
          "label": "wrap top",
          "confidence": 0.23487931489944458
        },
        "bottom_style": {
          "label": "wide-leg pants",
          "confidence": 0.26045969128608704
        },
        "outerwear": {
          "label": "long coat",
          "confidence": 0.2583708167076111
        },
        "shoe_type": {
          "label": "ballet flats",
          "confidence": 0.2085985392332077
        },
        "bag_type": {
          "label": "shoulder bag",
          "confidence": 0.24760431051254272
        },
        "accessory": {
          "label": "scarf",
          "confidence": 0.23292461037635803
        },
        "hairstyle": {
          "label": "loose curls",
          "confidence": 0.19854408502578735
        },
        "setting": {
          "label": "office wear",
          "confidence": 0.257542222738266
        },
        "fabric_type": {
          "label": "chiffon",
          "confidence": 0.2525891363620758
        },
        "season": {
          "label": "winter",
          "confidence": 0.22031649947166443
        },
        "style_theme": {
          "label": "elegant chic",
          "confidence": 0.23650182783603668
        }
      },
      "dominant_colors": [
        [
          104,
          191,
          167
        ],
        [
          203,
          128,
          134
        ],
        [
          95,
          128,
          133
        ]
      ],
      "texture_histogram": [
        30.0,
        42.0,
        15.0,
        20.0,
        27.0,
        20.0,
        24.0,
        12.0,
        16.0,
        20.0,
        30.0,
        30.0,
        34.0,
        33.0,
        43.0,
        50.0,
        62.0,
        64.0,
        70.0,
        94.0,
        92.0,
        106.0,
        124.0,
        148.0,
        150.0,
        126.0,
        143.0,
        166.0,
        155.0,
        168.0,
        158.0,
        150.0,
        185.0,
        211.0,
        195.0,
        227.0,
        210.0,
        193.0,
        233.0,
        250.0,
        303.0,
        266.0,
        306.0,
        385.0,
        399.0,
        425.0,
        456.0,
        513.0,
        567.0,
        619.0,
        681.0,
        706.0,
        826.0,
        846.0,
        850.0,
        845.0,
        986.0,
        1075.0,
        1218.0,
        1175.0,
        1220.0,
        1322.0,
        1269.0,
        1394.0,
        1524.0,
        1539.0,
        1601.0,
        1605.0,
        1645.0,
        1784.0,
        1852.0,
        1852.0,
        1902.0,
        1984.0,
        1891.0,
        1933.0,
        2005.0,
        1906.0,
        1877.0,
        1899.0,
        1852.0,
        1750.0,
        1592.0,
        1535.0,
        1367.0,
        1397.0,
        1117.0,
        1090.0,
        1054.0,
        911.0,
        877.0,
        850.0,
        690.0,
        759.0,
        746.0,
        774.0,
        755.0,
        737.0,
        658.0,
        650.0,
        655.0,
        688.0,
        591.0,
        611.0,
        587.0,
        553.0,
        556.0,
        525.0,
        525.0,
        609.0,
        658.0,
        605.0,
        634.0,
        781.0,
        771.0,
        795.0,
        755.0,
        585.0,
        519.0,
        445.0,
        411.0,
        414.0,
        425.0,
        425.0,
        371.0,
        342.0,
        328.0,
        337.0,
        289.0,
        294.0,
        289.0,
        376.0,
        404.0,
        317.0,
        277.0,
        331.0,
        323.0,
        295.0,
        272.0,
        287.0,
        322.0,
        344.0,
        344.0,
        402.0,
        465.0,
        587.0,
        476.0,
        485.0,
        569.0,
        549.0,
        514.0,
        501.0,
        470.0,
        464.0,
        463.0,
        479.0,
        481.0,
        523.0,
        517.0,
        546.0,
        580.0,
        598.0,
        593.0,
        554.0,
        657.0,
        694.0,
        846.0,
        962.0,
        1028.0,
        1113.0,
        1184.0,
        1445.0,
        1666.0,
        1530.0,
        1448.0,
        1481.0,
        1321.0,
        1273.0,
        1241.0,
        1073.0,
        1156.0,
        1177.0,
        1173.0,
        1275.0,
        1346.0,
        1124.0,
        966.0,
        840.0,
        550.0,
        458.0,
        319.0,
        269.0,
        236.0,
        250.0,
        226.0,
        254.0,
        246.0,
        193.0,
        232.0,
        262.0,
        217.0,
        182.0,
        173.0,
        156.0,
        169.0,
        220.0,
        192.0,
        195.0,
        209.0,
        215.0,
        196.0,
        190.0,
        189.0,
        240.0,
        208.0,
        206.0,
        302.0,
        303.0,
        322.0,
        327.0,
        264.0,
        309.0,
        311.0,
        282.0,
        302.0,
        358.0,
        389.0,
        304.0,
        338.0,
        389.0,
        478.0,
        531.0,
        510.0,
        537.0,
        571.0,
        591.0,
        663.0,
        463.0,
        443.0,
        504.0,
        507.0,
        499.0,
        549.0,
        609.0,
        777.0,
        849.0,
        3061.0,
        7526.0,
        2235.0,
        496.0,
        145.0,
        82.0,
        81.0,
        44.0,
        35.0,
        31.0
      ],
      "silhouette_mask_path": "C:\\Users\\shrad\\TrendWeave\\MERGE_OUTPUT_FINAL\\Catwalks__Women_s_Colour_A_W_25_26_en\\page_17\\img_3_mask_0.png"
    }
  ],
  "pose_keypoints": [
    {
      "x": 0.5116385817527771,
      "y": 0.0951196551322937,
      "z": -0.9278115034103394,
      "visibility": 0.9990596175193787
    },
    {
      "x": 0.527546763420105,
      "y": 0.07653474807739258,
      "z": -0.8952154517173767,
      "visibility": 0.9972520470619202
    },
    {
      "x": 0.5377376079559326,
      "y": 0.07673501968383789,
      "z": -0.8952891826629639,
      "visibility": 0.997138261795044
    },
    {
      "x": 0.5451868772506714,
      "y": 0.07695204019546509,
      "z": -0.8954575061798096,
      "visibility": 0.9974228143692017
    },
    {
      "x": 0.493090957403183,
      "y": 0.07778608798980713,
      "z": -0.8961354494094849,
      "visibility": 0.9977049231529236
    },
    {
      "x": 0.4820452332496643,
      "y": 0.07859945297241211,
      "z": -0.8962908983230591,
      "visibility": 0.9976450800895691
    },
    {
      "x": 0.4719441831111908,
      "y": 0.07963645458221436,
      "z": -0.8964747786521912,
      "visibility": 0.9980223178863525
    },
    {
      "x": 0.5629265308380127,
      "y": 0.08691522479057312,
      "z": -0.616737425327301,
      "visibility": 0.9964916110038757
    },
    {
      "x": 0.4618561267852783,
      "y": 0.09222346544265747,
      "z": -0.6215178966522217,
      "visibility": 0.9958919286727905
    },
    {
      "x": 0.5343934893608093,
      "y": 0.11676112562417984,
      "z": -0.8171201348304749,
      "visibility": 0.9991210103034973
    },
    {
      "x": 0.49575740098953247,
      "y": 0.1206153929233551,
      "z": -0.8187059164047241,
      "visibility": 0.9989926218986511
    },
    {
      "x": 0.661465048789978,
      "y": 0.19745928049087524,
      "z": -0.37017354369163513,
      "visibility": 0.9989466071128845
    },
    {
      "x": 0.3922356367111206,
      "y": 0.21128565073013306,
      "z": -0.36723220348358154,
      "visibility": 0.9991315007209778
    },
    {
      "x": 0.7463509440422058,
      "y": 0.3262973427772522,
      "z": -0.09721571952104568,
      "visibility": 0.8946505784988403
    },
    {
      "x": 0.3320246934890747,
      "y": 0.34366175532341003,
      "z": -0.13386672735214233,
      "visibility": 0.811038076877594
    },
    {
      "x": 0.7476716637611389,
      "y": 0.43289247155189514,
      "z": -0.16625577211380005,
      "visibility": 0.4905073642730713
    },
    {
      "x": 0.31913793087005615,
      "y": 0.4548076093196869,
      "z": -0.20534861087799072,
      "visibility": 0.40316537022590637
    },
    {
      "x": 0.745080828666687,
      "y": 0.46560364961624146,
      "z": -0.19060903787612915,
      "visibility": 0.3903723955154419
    },
    {
      "x": 0.31521856784820557,
      "y": 0.49117642641067505,
      "z": -0.23972252011299133,
      "visibility": 0.33393388986587524
    },
    {
      "x": 0.727211058139801,
      "y": 0.4660017788410187,
      "z": -0.27190572023391724,
      "visibility": 0.40159839391708374
    },
    {
      "x": 0.33219271898269653,
      "y": 0.49163171648979187,
      "z": -0.3184621036052704,
      "visibility": 0.34771403670310974
    },
    {
      "x": 0.7235045433044434,
      "y": 0.4551481008529663,
      "z": -0.1960722953081131,
      "visibility": 0.4123913049697876
    },
    {
      "x": 0.3353393077850342,
      "y": 0.4801406264305115,
      "z": -0.23782669007778168,
      "visibility": 0.3495103120803833
    },
    {
      "x": 0.5841914415359497,
      "y": 0.48966464400291443,
      "z": -0.0060226041823625565,
      "visibility": 0.9924458861351013
    },
    {
      "x": 0.4440918266773224,
      "y": 0.4872678816318512,
      "z": 0.0059245615266263485,
      "visibility": 0.9955381751060486
    },
    {
      "x": 0.5725697875022888,
      "y": 0.6931279897689819,
      "z": 0.07613527029752731,
      "visibility": 0.9000079035758972
    },
    {
      "x": 0.4585895538330078,
      "y": 0.6918712854385376,
      "z": -0.0020670148078352213,
      "visibility": 0.9361867904663086
    },
    {
      "x": 0.570611298084259,
      "y": 0.8366125822067261,
      "z": 0.6362279653549194,
      "visibility": 0.8300187587738037
    },
    {
      "x": 0.48975294828414917,
      "y": 0.8756318688392639,
      "z": 0.38126200437545776,
      "visibility": 0.8692950010299683
    },
    {
      "x": 0.5724257230758667,
      "y": 0.8455938696861267,
      "z": 0.673844039440155,
      "visibility": 0.4230196475982666
    },
    {
      "x": 0.49947768449783325,
      "y": 0.8906780481338501,
      "z": 0.40140220522880554,
      "visibility": 0.4938060939311981
    },
    {
      "x": 0.5528637766838074,
      "y": 0.921851634979248,
      "z": 0.36280307173728943,
      "visibility": 0.7695961594581604
    },
    {
      "x": 0.4865533113479614,
      "y": 0.9461711645126343,
      "z": 0.04844554886221886,
      "visibility": 0.8175577521324158
    }
  ]
}