{
  "image": "C:\\Users\\shrad\\TrendWeave\\TrendWeave\\extracted_data\\Catwalks__Women_s_Colour_A_W_25_26_en\\page_17\\img_5.jpeg",
  "items": [
    {
      "yolo_label": "person",
      "bbox": [
        127.29564666748047,
        10.31836223602295,
        290.68389892578125,
        614.7109985351562
      ],
      "confidence": 0.8991501927375793,
      "clip_attributes": {
        "palette": {
          "label": "bold colors",
          "confidence": 0.2488604187965393
        },
        "dress_silhouette": {
          "label": "fit and flare",
          "confidence": 0.2583974003791809
        },
        "neckline": {
          "label": "square neckline",
          "confidence": 0.2595241367816925
        },
        "sleeve_type": {
          "label": "puffed sleeves",
          "confidence": 0.2618543803691864
        },
        "top_silhouette": {
          "label": "peplum",
          "confidence": 0.25457507371902466
        },
        "bottom_style": {
          "label": "culottes",
          "confidence": 0.2734319269657135
        },
        "outerwear": {
          "label": "cardigan",
          "confidence": 0.2540779411792755
        },
        "shoe_type": {
          "label": "ballet flats",
          "confidence": 0.243753582239151
        },
        "bag_type": {
          "label": "shoulder bag",
          "confidence": 0.23867855966091156
        },
        "accessory": {
          "label": "hairband",
          "confidence": 0.2060794085264206
        },
        "hairstyle": {
          "label": "high bun",
          "confidence": 0.20317064225673676
        },
        "setting": {
          "label": "office wear",
          "confidence": 0.258126825094223
        },
        "fabric_type": {
          "label": "linen",
          "confidence": 0.2550773024559021
        },
        "season": {
          "label": "spring",
          "confidence": 0.22440750896930695
        },
        "style_theme": {
          "label": "elegant chic",
          "confidence": 0.23410117626190186
        }
      },
      "dominant_colors": [
        [
          150,
          138,
          138
        ],
        [
          184,
          136,
          135
        ],
        [
          80,
          166,
          150
        ]
      ],
      "texture_histogram": [
        0.0,
        2.0,
        9.0,
        12.0,
        16.0,
        12.0,
        12.0,
        19.0,
        10.0,
        21.0,
        26.0,
        23.0,
        24.0,
        34.0,
        28.0,
        39.0,
        50.0,
        33.0,
        56.0,
        42.0,
        70.0,
        70.0,
        72.0,
        95.0,
        97.0,
        109.0,
        122.0,
        127.0,
        171.0,
        203.0,
        286.0,
        323.0,
        403.0,
        423.0,
        420.0,
        460.0,
        396.0,
        371.0,
        302.0,
        317.0,
        298.0,
        272.0,
        265.0,
        242.0,
        219.0,
        241.0,
        240.0,
        238.0,
        238.0,
        239.0,
        248.0,
        217.0,
        225.0,
        248.0,
        241.0,
        265.0,
        257.0,
        221.0,
        249.0,
        253.0,
        286.0,
        262.0,
        286.0,
        282.0,
        317.0,
        310.0,
        311.0,
        332.0,
        292.0,
        341.0,
        339.0,
        349.0,
        378.0,
        351.0,
        408.0,
        407.0,
        400.0,
        449.0,
        417.0,
        443.0,
        393.0,
        431.0,
        459.0,
        480.0,
        457.0,
        476.0,
        498.0,
        541.0,
        520.0,
        507.0,
        512.0,
        500.0,
        459.0,
        444.0,
        421.0,
        364.0,
        370.0,
        380.0,
        344.0,
        305.0,
        298.0,
        260.0,
        257.0,
        255.0,
        257.0,
        253.0,
        258.0,
        256.0,
        243.0,
        241.0,
        229.0,
        195.0,
        190.0,
        167.0,
        201.0,
        175.0,
        188.0,
        174.0,
        186.0,
        171.0,
        162.0,
        177.0,
        164.0,
        186.0,
        185.0,
        196.0,
        193.0,
        217.0,
        218.0,
        237.0,
        244.0,
        312.0,
        328.0,
        377.0,
        382.0,
        444.0,
        456.0,
        413.0,
        399.0,
        440.0,
        504.0,
        547.0,
        599.0,
        613.0,
        676.0,
        804.0,
        814.0,
        774.0,
        811.0,
        888.0,
        930.0,
        1018.0,
        877.0,
        860.0,
        793.0,
        705.0,
        814.0,
        967.0,
        1000.0,
        1110.0,
        1149.0,
        1240.0,
        1285.0,
        1412.0,
        1696.0,
        1838.0,
        1892.0,
        1943.0,
        1667.0,
        1525.0,
        1179.0,
        1007.0,
        948.0,
        1027.0,
        1136.0,
        1168.0,
        1034.0,
        1037.0,
        886.0,
        711.0,
        657.0,
        670.0,
        710.0,
        694.0,
        764.0,
        799.0,
        897.0,
        961.0,
        923.0,
        980.0,
        984.0,
        858.0,
        885.0,
        864.0,
        789.0,
        884.0,
        816.0,
        713.0,
        678.0,
        957.0,
        954.0,
        783.0,
        490.0,
        351.0,
        263.0,
        239.0,
        203.0,
        117.0,
        116.0,
        94.0,
        74.0,
        61.0,
        28.0,
        18.0,
        8.0,
        9.0,
        3.0,
        2.0,
        4.0,
        4.0,
        6.0,
        3.0,
        2.0,
        2.0,
        1.0,
        1.0,
        2.0,
        0.0,
        1.0,
        2.0,
        2.0,
        1.0,
        0.0,
        0.0,
        1.0,
        0.0,
        0.0,
        0.0,
        1.0,
        0.0,
        1.0,
        0.0,
        0.0,
        0.0,
        0.0,
        1.0,
        0.0,
        1.0,
        2.0,
        0.0,
        2.0,
        2.0,
        3.0,
        1.0,
        0.0,
        0.0
      ],
      "silhouette_mask_path": "C:\\Users\\shrad\\TrendWeave\\MERGE_OUTPUT_FINAL\\Catwalks__Women_s_Colour_A_W_25_26_en\\page_17\\img_5_mask_0.png"
    },
    {
      "yolo_label": "chair",
      "bbox": [
        278.85211181640625,
        319.27923583984375,
        347.0440979003906,
        430.0090637207031
      ],
      "confidence": 0.749886155128479,
      "clip_attributes": {
        "palette": {
          "label": "muted tones",
          "confidence": 0.217035710811615
        },
        "neckline": {
          "label": "buttoned collar",
          "confidence": 0.20742779970169067
        },
        "sleeve_type": {
          "label": "rolled sleeves",
          "confidence": 0.2082052230834961
        },
        "top_silhouette": {
          "label": "fitted t-shirt",
          "confidence": 0.21229188144207
        },
        "bottom_style": {
          "label": "tailored trousers",
          "confidence": 0.22571584582328796
        },
        "outerwear": {
          "label": "blazer",
          "confidence": 0.2150450497865677
        },
        "shoe_type": {
          "label": "boots",
          "confidence": 0.22012652456760406
        },
        "bag_type": {
          "label": "backpack",
          "confidence": 0.24193313717842102
        },
        "accessory": {
          "label": "cap",
          "confidence": 0.22827889025211334
        },
        "hairstyle": {
          "label": "undercut",
          "confidence": 0.20955504477024078
        },
        "setting": {
          "label": "smart casual",
          "confidence": 0.21695302426815033
        },
        "fabric_type": {
          "label": "linen",
          "confidence": 0.2293674349784851
        },
        "season": {
          "label": "summer",
          "confidence": 0.21165624260902405
        },
        "style_theme": {
          "label": "minimalist",
          "confidence": 0.24938467144966125
        }
      },
      "dominant_colors": [
        [
          206,
          129,
          129
        ],
        [
          171,
          129,
          130
        ],
        [
          138,
          136,
          147
        ]
      ],
      "texture_histogram": [
        0.0,
        0.0,
        0.0,
        0.0,
        0.0,
        0.0,
        0.0,
        0.0,
        0.0,
        1.0,
        0.0,
        0.0,
        1.0,
        0.0,
        0.0,
        0.0,
        0.0,
        0.0,
        0.0,
        1.0,
        0.0,
        0.0,
        2.0,
        1.0,
        0.0,
        1.0,
        0.0,
        0.0,
        0.0,
        0.0,
        0.0,
        0.0,
        0.0,
        0.0,
        0.0,
        0.0,
        0.0,
        0.0,
        0.0,
        0.0,
        0.0,
        0.0,
        1.0,
        0.0,
        0.0,
        1.0,
        0.0,
        1.0,
        0.0,
        0.0,
        0.0,
        0.0,
        0.0,
        0.0,
        0.0,
        2.0,
        1.0,
        1.0,
        0.0,
        1.0,
        1.0,
        0.0,
        0.0,
        0.0,
        0.0,
        0.0,
        0.0,
        1.0,
        0.0,
        1.0,
        1.0,
        1.0,
        1.0,
        4.0,
        2.0,
        3.0,
        0.0,
        0.0,
        2.0,
        3.0,
        1.0,
        0.0,
        0.0,
        1.0,
        0.0,
        4.0,
        2.0,
        0.0,
        1.0,
        2.0,
        2.0,
        2.0,
        4.0,
        3.0,
        1.0,
        0.0,
        5.0,
        2.0,
        2.0,
        5.0,
        3.0,
        0.0,
        4.0,
        2.0,
        2.0,
        4.0,
        3.0,
        2.0,
        3.0,
        4.0,
        6.0,
        12.0,
        10.0,
        13.0,
        15.0,
        20.0,
        23.0,
        20.0,
        20.0,
        20.0,
        18.0,
        18.0,
        19.0,
        6.0,
        18.0,
        23.0,
        28.0,
        56.0,
        59.0,
        105.0,
        126.0,
        137.0,
        128.0,
        142.0,
        112.0,
        100.0,
        110.0,
        69.0,
        69.0,
        81.0,
        74.0,
        54.0,
        50.0,
        43.0,
        34.0,
        32.0,
        39.0,
        43.0,
        39.0,
        45.0,
        54.0,
        71.0,
        66.0,
        68.0,
        88.0,
        111.0,
        121.0,
        159.0,
        238.0,
        219.0,
        237.0,
        204.0,
        174.0,
        203.0,
        192.0,
        167.0,
        163.0,
        142.0,
        149.0,
        114.0,
        100.0,
        100.0,
        96.0,
        71.0,
        70.0,
        61.0,
        49.0,
        68.0,
        98.0,
        92.0,
        98.0,
        88.0,
        72.0,
        39.0,
        32.0,
        29.0,
        50.0,
        54.0,
        26.0,
        40.0,
        44.0,
        34.0,
        53.0,
        46.0,
        46.0,
        41.0,
        29.0,
        14.0,
        18.0,
        10.0,
        12.0,
        22.0,
        15.0,
        28.0,
        22.0,
        19.0,
        42.0,
        48.0,
        79.0,
        197.0,
        175.0,
        117.0,
        58.0,
        22.0,
        11.0,
        7.0,
        3.0,
        10.0,
        4.0,
        4.0,
        6.0,
        3.0,
        4.0,
        1.0,
        2.0,
        1.0,
        0.0,
        0.0,
        2.0,
        1.0,
        1.0,
        0.0,
        0.0,
        0.0,
        0.0,
        0.0,
        0.0,
        0.0,
        0.0,
        0.0,
        0.0,
        0.0,
        0.0,
        0.0,
        0.0,
        0.0,
        0.0,
        0.0,
        0.0,
        0.0,
        0.0,
        0.0,
        0.0,
        0.0,
        0.0,
        0.0
      ],
      "silhouette_mask_path": "C:\\Users\\shrad\\TrendWeave\\MERGE_OUTPUT_FINAL\\Catwalks__Women_s_Colour_A_W_25_26_en\\page_17\\img_5_mask_1.png"
    },
    {
      "yolo_label": "chair",
      "bbox": [
        63.70905685424805,
        320.90850830078125,
        139.6477508544922,
        431.2353515625
      ],
      "confidence": 0.6245341897010803,
      "clip_attributes": {
        "palette": {
          "label": "earth tones",
          "confidence": 0.2309691607952118
        },
        "neckline": {
          "label": "v-neck",
          "confidence": 0.2255254089832306
        },
        "sleeve_type": {
          "label": "rolled sleeves",
          "confidence": 0.21770338714122772
        },
        "top_silhouette": {
          "label": "hoodie",
          "confidence": 0.2147088497877121
        },
        "bottom_style": {
          "label": "chinos",
          "confidence": 0.23313550651073456
        },
        "outerwear": {
          "label": "blazer",
          "confidence": 0.23671507835388184
        },
        "shoe_type": {
          "label": "boots",
          "confidence": 0.22091923654079437
        },
        "bag_type": {
          "label": "backpack",
          "confidence": 0.2607748806476593
        },
        "accessory": {
          "label": "cap",
          "confidence": 0.2443181574344635
        },
        "hairstyle": {
          "label": "undercut",
          "confidence": 0.2220742106437683
        },
        "setting": {
          "label": "smart casual",
          "confidence": 0.22851210832595825
        },
        "fabric_type": {
          "label": "linen",
          "confidence": 0.2594906985759735
        },
        "season": {
          "label": "summer",
          "confidence": 0.22037126123905182
        },
        "style_theme": {
          "label": "minimalist",
          "confidence": 0.2468535304069519
        }
      },
      "dominant_colors": [
        [
          203,
          128,
          132
        ],
        [
          122,
          130,
          133
        ],
        [
          167,
          132,
          139
        ]
      ],
      "texture_histogram": [
        0.0,
        0.0,
        0.0,
        0.0,
        0.0,
        0.0,
        0.0,
        0.0,
        0.0,
        0.0,
        0.0,
        0.0,
        0.0,
        0.0,
        0.0,
        0.0,
        0.0,
        0.0,
        0.0,
        0.0,
        0.0,
        0.0,
        0.0,
        0.0,
        0.0,
        0.0,
        0.0,
        0.0,
        0.0,
        0.0,
        0.0,
        0.0,
        0.0,
        0.0,
        0.0,
        0.0,
        0.0,
        0.0,
        0.0,
        0.0,
        0.0,
        0.0,
        1.0,
        2.0,
        1.0,
        0.0,
        1.0,
        0.0,
        2.0,
        0.0,
        0.0,
        0.0,
        0.0,
        1.0,
        2.0,
        2.0,
        1.0,
        4.0,
        3.0,
        4.0,
        5.0,
        1.0,
        1.0,
        4.0,
        1.0,
        1.0,
        2.0,
        2.0,
        1.0,
        0.0,
        0.0,
        0.0,
        0.0,
        1.0,
        3.0,
        1.0,
        2.0,
        0.0,
        4.0,
        1.0,
        1.0,
        1.0,
        1.0,
        2.0,
        2.0,
        3.0,
        1.0,
        5.0,
        3.0,
        4.0,
        2.0,
        3.0,
        7.0,
        1.0,
        5.0,
        1.0,
        3.0,
        3.0,
        9.0,
        7.0,
        13.0,
        15.0,
        14.0,
        28.0,
        20.0,
        25.0,
        34.0,
        28.0,
        52.0,
        35.0,
        40.0,
        53.0,
        42.0,
        52.0,
        36.0,
        25.0,
        31.0,
        44.0,
        38.0,
        52.0,
        45.0,
        38.0,
        47.0,
        41.0,
        33.0,
        23.0,
        18.0,
        27.0,
        23.0,
        22.0,
        39.0,
        26.0,
        31.0,
        19.0,
        20.0,
        14.0,
        28.0,
        24.0,
        25.0,
        33.0,
        39.0,
        53.0,
        40.0,
        52.0,
        55.0,
        54.0,
        61.0,
        57.0,
        59.0,
        86.0,
        59.0,
        103.0,
        85.0,
        87.0,
        87.0,
        115.0,
        97.0,
        129.0,
        104.0,
        140.0,
        160.0,
        190.0,
        224.0,
        235.0,
        229.0,
        256.0,
        297.0,
        240.0,
        188.0,
        117.0,
        87.0,
        62.0,
        34.0,
        27.0,
        20.0,
        23.0,
        21.0,
        21.0,
        9.0,
        19.0,
        21.0,
        19.0,
        25.0,
        34.0,
        36.0,
        21.0,
        31.0,
        31.0,
        31.0,
        27.0,
        42.0,
        37.0,
        61.0,
        57.0,
        100.0,
        129.0,
        222.0,
        247.0,
        348.0,
        642.0,
        464.0,
        212.0,
        58.0,
        39.0,
        24.0,
        12.0,
        5.0,
        2.0,
        7.0,
        3.0,
        1.0,
        3.0,
        4.0,
        3.0,
        6.0,
        6.0,
        3.0,
        5.0,
        3.0,
        5.0,
        5.0,
        1.0,
        3.0,
        0.0,
        2.0,
        2.0,
        0.0,
        2.0,
        0.0,
        2.0,
        1.0,
        0.0,
        0.0,
        0.0,
        0.0,
        0.0,
        0.0,
        0.0,
        0.0,
        0.0,
        0.0,
        0.0,
        0.0,
        0.0,
        0.0,
        0.0,
        0.0,
        0.0,
        0.0,
        0.0,
        0.0,
        0.0,
        0.0,
        0.0,
        0.0,
        0.0
      ],
      "silhouette_mask_path": "C:\\Users\\shrad\\TrendWeave\\MERGE_OUTPUT_FINAL\\Catwalks__Women_s_Colour_A_W_25_26_en\\page_17\\img_5_mask_2.png"
    },
    {
      "yolo_label": "chair",
      "bbox": [
        359.76031494140625,
        319.5364685058594,
        434.63671875,
        436.33099365234375
      ],
      "confidence": 0.5788432359695435,
      "clip_attributes": {
        "palette": {
          "label": "muted tones",
          "confidence": 0.22030681371688843
        },
        "neckline": {
          "label": "buttoned collar",
          "confidence": 0.22320283949375153
        },
        "sleeve_type": {
          "label": "rolled sleeves",
          "confidence": 0.21060864627361298
        },
        "top_silhouette": {
          "label": "fitted t-shirt",
          "confidence": 0.21086789667606354
        },
        "bottom_style": {
          "label": "tailored trousers",
          "confidence": 0.23504583537578583
        },
        "outerwear": {
          "label": "blazer",
          "confidence": 0.22195307910442352
        },
        "shoe_type": {
          "label": "boots",
          "confidence": 0.22599399089813232
        },
        "bag_type": {
          "label": "backpack",
          "confidence": 0.24568183720111847
        },
        "accessory": {
          "label": "cap",
          "confidence": 0.2441716492176056
        },
        "hairstyle": {
          "label": "undercut",
          "confidence": 0.22970834374427795
        },
        "setting": {
          "label": "smart casual",
          "confidence": 0.2198246270418167
        },
        "fabric_type": {
          "label": "linen",
          "confidence": 0.24222569167613983
        },
        "season": {
          "label": "summer",
          "confidence": 0.21459026634693146
        },
        "style_theme": {
          "label": "minimalist",
          "confidence": 0.24971909821033478
        }
      },
      "dominant_colors": [
        [
          201,
          129,
          126
        ],
        [
          149,
          130,
          126
        ],
        [
          133,
          140,
          155
        ]
      ],
      "texture_histogram": [
        0.0,
        0.0,
        0.0,
        0.0,
        0.0,
        0.0,
        0.0,
        0.0,
        0.0,
        0.0,
        0.0,
        0.0,
        0.0,
        0.0,
        0.0,
        0.0,
        0.0,
        0.0,
        0.0,
        0.0,
        0.0,
        0.0,
        1.0,
        1.0,
        0.0,
        0.0,
        0.0,
        1.0,
        0.0,
        0.0,
        0.0,
        0.0,
        0.0,
        0.0,
        0.0,
        0.0,
        0.0,
        0.0,
        0.0,
        1.0,
        1.0,
        0.0,
        0.0,
        0.0,
        0.0,
        0.0,
        1.0,
        1.0,
        0.0,
        0.0,
        0.0,
        0.0,
        2.0,
        1.0,
        0.0,
        1.0,
        0.0,
        1.0,
        1.0,
        3.0,
        4.0,
        1.0,
        2.0,
        1.0,
        3.0,
        3.0,
        5.0,
        4.0,
        2.0,
        3.0,
        1.0,
        3.0,
        1.0,
        2.0,
        1.0,
        0.0,
        2.0,
        0.0,
        1.0,
        2.0,
        0.0,
        2.0,
        1.0,
        2.0,
        2.0,
        4.0,
        2.0,
        1.0,
        1.0,
        2.0,
        3.0,
        0.0,
        2.0,
        2.0,
        0.0,
        2.0,
        2.0,
        1.0,
        2.0,
        6.0,
        1.0,
        0.0,
        3.0,
        5.0,
        8.0,
        10.0,
        6.0,
        1.0,
        7.0,
        3.0,
        4.0,
        6.0,
        5.0,
        9.0,
        6.0,
        13.0,
        9.0,
        12.0,
        22.0,
        21.0,
        26.0,
        37.0,
        57.0,
        108.0,
        114.0,
        143.0,
        175.0,
        118.0,
        127.0,
        111.0,
        103.0,
        84.0,
        80.0,
        88.0,
        65.0,
        84.0,
        56.0,
        66.0,
        55.0,
        46.0,
        44.0,
        34.0,
        22.0,
        15.0,
        31.0,
        25.0,
        42.0,
        29.0,
        37.0,
        23.0,
        23.0,
        22.0,
        18.0,
        29.0,
        25.0,
        31.0,
        23.0,
        32.0,
        30.0,
        29.0,
        18.0,
        22.0,
        28.0,
        29.0,
        21.0,
        29.0,
        30.0,
        22.0,
        41.0,
        42.0,
        45.0,
        45.0,
        44.0,
        74.0,
        80.0,
        70.0,
        83.0,
        106.0,
        81.0,
        110.0,
        108.0,
        147.0,
        244.0,
        344.0,
        319.0,
        381.0,
        238.0,
        193.0,
        102.0,
        64.0,
        12.0,
        18.0,
        16.0,
        12.0,
        15.0,
        14.0,
        20.0,
        20.0,
        19.0,
        15.0,
        25.0,
        28.0,
        36.0,
        30.0,
        51.0,
        61.0,
        46.0,
        90.0,
        169.0,
        628.0,
        999.0,
        299.0,
        201.0,
        106.0,
        55.0,
        41.0,
        11.0,
        3.0,
        10.0,
        5.0,
        1.0,
        2.0,
        1.0,
        0.0,
        1.0,
        1.0,
        1.0,
        0.0,
        0.0,
        0.0,
        1.0,
        0.0,
        0.0,
        0.0,
        0.0,
        0.0,
        0.0,
        0.0,
        0.0,
        0.0,
        0.0,
        0.0,
        0.0,
        0.0,
        0.0,
        0.0,
        0.0,
        0.0,
        0.0,
        0.0,
        0.0,
        0.0,
        0.0,
        0.0,
        0.0,
        0.0
      ],
      "silhouette_mask_path": "C:\\Users\\shrad\\TrendWeave\\MERGE_OUTPUT_FINAL\\Catwalks__Women_s_Colour_A_W_25_26_en\\page_17\\img_5_mask_3.png"
    },
    {
      "yolo_label": "chair",
      "bbox": [
        0.0,
        326.4706115722656,
        46.55752944946289,
        436.32330322265625
      ],
      "confidence": 0.31171944737434387,
      "clip_attributes": {
        "palette": {
          "label": "earth tones",
          "confidence": 0.23013228178024292
        },
        "neckline": {
          "label": "v-neck",
          "confidence": 0.22887063026428223
        },
        "sleeve_type": {
          "label": "rolled sleeves",
          "confidence": 0.2308862805366516
        },
        "top_silhouette": {
          "label": "fitted t-shirt",
          "confidence": 0.2297501116991043
        },
        "bottom_style": {
          "label": "tailored trousers",
          "confidence": 0.2502974271774292
        },
        "outerwear": {
          "label": "blazer",
          "confidence": 0.23170998692512512
        },
        "shoe_type": {
          "label": "sneakers",
          "confidence": 0.2291053682565689
        },
        "bag_type": {
          "label": "backpack",
          "confidence": 0.24707701802253723
        },
        "accessory": {
          "label": "bracelet",
          "confidence": 0.23547270894050598
        },
        "hairstyle": {
          "label": "undercut",
          "confidence": 0.23076103627681732
        },
        "setting": {
          "label": "smart casual",
          "confidence": 0.22744247317314148
        },
        "fabric_type": {
          "label": "wool",
          "confidence": 0.2333095669746399
        },
        "season": {
          "label": "summer",
          "confidence": 0.22649268805980682
        },
        "style_theme": {
          "label": "minimalist",
          "confidence": 0.23654574155807495
        }
      },
      "dominant_colors": [
        [
          196,
          129,
          132
        ],
        [
          117,
          130,
          133
        ],
        [
          163,
          131,
          137
        ]
      ],
      "texture_histogram": [
        0.0,
        0.0,
        0.0,
        0.0,
        0.0,
        0.0,
        0.0,
        0.0,
        0.0,
        0.0,
        0.0,
        0.0,
        0.0,
        0.0,
        0.0,
        0.0,
        0.0,
        0.0,
        0.0,
        0.0,
        0.0,
        0.0,
        0.0,
        0.0,
        0.0,
        0.0,
        0.0,
        0.0,
        0.0,
        0.0,
        0.0,
        0.0,
        0.0,
        0.0,
        0.0,
        0.0,
        0.0,
        0.0,
        0.0,
        0.0,
        0.0,
        0.0,
        0.0,
        0.0,
        0.0,
        1.0,
        1.0,
        1.0,
        0.0,
        0.0,
        1.0,
        0.0,
        1.0,
        0.0,
        1.0,
        0.0,
        1.0,
        1.0,
        0.0,
        0.0,
        1.0,
        0.0,
        0.0,
        3.0,
        2.0,
        1.0,
        0.0,
        1.0,
        1.0,
        1.0,
        0.0,
        0.0,
        0.0,
        1.0,
        1.0,
        3.0,
        4.0,
        3.0,
        5.0,
        1.0,
        6.0,
        0.0,
        1.0,
        5.0,
        2.0,
        2.0,
        5.0,
        5.0,
        5.0,
        3.0,
        2.0,
        6.0,
        9.0,
        6.0,
        6.0,
        9.0,
        9.0,
        14.0,
        20.0,
        14.0,
        15.0,
        20.0,
        22.0,
        24.0,
        16.0,
        21.0,
        21.0,
        26.0,
        21.0,
        19.0,
        22.0,
        29.0,
        34.0,
        32.0,
        25.0,
        19.0,
        25.0,
        22.0,
        31.0,
        28.0,
        20.0,
        17.0,
        8.0,
        13.0,
        7.0,
        15.0,
        13.0,
        27.0,
        23.0,
        23.0,
        11.0,
        18.0,
        15.0,
        19.0,
        26.0,
        18.0,
        29.0,
        26.0,
        24.0,
        19.0,
        14.0,
        24.0,
        32.0,
        31.0,
        35.0,
        48.0,
        34.0,
        40.0,
        29.0,
        51.0,
        28.0,
        64.0,
        63.0,
        76.0,
        91.0,
        90.0,
        93.0,
        115.0,
        153.0,
        162.0,
        186.0,
        165.0,
        175.0,
        136.0,
        79.0,
        46.0,
        31.0,
        25.0,
        24.0,
        23.0,
        40.0,
        17.0,
        17.0,
        20.0,
        19.0,
        25.0,
        20.0,
        24.0,
        24.0,
        21.0,
        21.0,
        19.0,
        27.0,
        18.0,
        21.0,
        25.0,
        26.0,
        41.0,
        65.0,
        90.0,
        196.0,
        228.0,
        279.0,
        304.0,
        128.0,
        79.0,
        38.0,
        18.0,
        3.0,
        2.0,
        5.0,
        1.0,
        1.0,
        1.0,
        1.0,
        2.0,
        3.0,
        4.0,
        0.0,
        2.0,
        3.0,
        3.0,
        0.0,
        2.0,
        2.0,
        2.0,
        0.0,
        1.0,
        0.0,
        0.0,
        1.0,
        0.0,
        0.0,
        0.0,
        0.0,
        0.0,
        0.0,
        0.0,
        0.0,
        0.0,
        0.0,
        0.0,
        0.0,
        0.0,
        0.0,
        0.0,
        0.0,
        0.0,
        0.0,
        0.0,
        0.0,
        0.0,
        0.0,
        0.0,
        0.0,
        0.0,
        0.0,
        0.0,
        0.0,
        0.0,
        0.0,
        0.0,
        0.0,
        0.0,
        0.0,
        0.0
      ],
      "silhouette_mask_path": "C:\\Users\\shrad\\TrendWeave\\MERGE_OUTPUT_FINAL\\Catwalks__Women_s_Colour_A_W_25_26_en\\page_17\\img_5_mask_4.png"
    }
  ],
  "pose_keypoints": [
    {
      "x": 0.4704914093017578,
      "y": 0.11506117135286331,
      "z": -1.0090668201446533,
      "visibility": 0.9999630451202393
    },
    {
      "x": 0.48731088638305664,
      "y": 0.09643259644508362,
      "z": -0.9810102581977844,
      "visibility": 0.9998530149459839
    },
    {
      "x": 0.4972401559352875,
      "y": 0.09663668274879456,
      "z": -0.9810205698013306,
      "visibility": 0.9998430013656616
    },
    {
      "x": 0.5049412250518799,
      "y": 0.09665372967720032,
      "z": -0.98106449842453,
      "visibility": 0.9998378753662109
    },
    {
      "x": 0.453353613615036,
      "y": 0.09601005911827087,
      "z": -0.9796209931373596,
      "visibility": 0.9998792409896851
    },
    {
      "x": 0.44301262497901917,
      "y": 0.0958414077758789,
      "z": -0.9798248410224915,
      "visibility": 0.9998925924301147
    },
    {
      "x": 0.4327442944049835,
      "y": 0.09593698382377625,
      "z": -0.9800161719322205,
      "visibility": 0.9999064207077026
    },
    {
      "x": 0.520600438117981,
      "y": 0.10405310988426208,
      "z": -0.7233690023422241,
      "visibility": 0.9996898174285889
    },
    {
      "x": 0.4230406880378723,
      "y": 0.10526353120803833,
      "z": -0.7197574377059937,
      "visibility": 0.9998527765274048
    },
    {
      "x": 0.49463048577308655,
      "y": 0.1350575089454651,
      "z": -0.9047408103942871,
      "visibility": 0.9999535083770752
    },
    {
      "x": 0.4519692659378052,
      "y": 0.13579344749450684,
      "z": -0.9040772914886475,
      "visibility": 0.9999610185623169
    },
    {
      "x": 0.611327588558197,
      "y": 0.21666336059570312,
      "z": -0.4775022268295288,
      "visibility": 0.9997757077217102
    },
    {
      "x": 0.3508220314979553,
      "y": 0.2174394130706787,
      "z": -0.48115721344947815,
      "visibility": 0.9999279975891113
    },
    {
      "x": 0.6352958679199219,
      "y": 0.3660419285297394,
      "z": -0.2960706651210785,
      "visibility": 0.9531661868095398
    },
    {
      "x": 0.3399336338043213,
      "y": 0.3700558841228485,
      "z": -0.329330176115036,
      "visibility": 0.9718062281608582
    },
    {
      "x": 0.6233320832252502,
      "y": 0.5076190829277039,
      "z": -0.4648658037185669,
      "visibility": 0.8240980505943298
    },
    {
      "x": 0.3403364419937134,
      "y": 0.5063654780387878,
      "z": -0.5071395635604858,
      "visibility": 0.9448800086975098
    },
    {
      "x": 0.6264187097549438,
      "y": 0.542880117893219,
      "z": -0.521487832069397,
      "visibility": 0.741328775882721
    },
    {
      "x": 0.34393471479415894,
      "y": 0.5467319488525391,
      "z": -0.5698907375335693,
      "visibility": 0.9070384502410889
    },
    {
      "x": 0.6063868999481201,
      "y": 0.5448344945907593,
      "z": -0.6039547324180603,
      "visibility": 0.748816192150116
    },
    {
      "x": 0.35647067427635193,
      "y": 0.5492905378341675,
      "z": -0.6597247123718262,
      "visibility": 0.913598358631134
    },
    {
      "x": 0.5994184613227844,
      "y": 0.5333366394042969,
      "z": -0.4987509548664093,
      "visibility": 0.7466540932655334
    },
    {
      "x": 0.35947826504707336,
      "y": 0.5370670557022095,
      "z": -0.5444191694259644,
      "visibility": 0.909267783164978
    },
    {
      "x": 0.560562014579773,
      "y": 0.4757113754749298,
      "z": -0.017915157601237297,
      "visibility": 0.9987939596176147
    },
    {
      "x": 0.41762566566467285,
      "y": 0.4738977551460266,
      "z": 0.017449278384447098,
      "visibility": 0.9989411234855652
    },
    {
      "x": 0.5357196927070618,
      "y": 0.6781727075576782,
      "z": -0.0510772205889225,
      "visibility": 0.9690001606941223
    },
    {
      "x": 0.4504493474960327,
      "y": 0.6794900894165039,
      "z": -1.6467928389829467e-06,
      "visibility": 0.9562119245529175
    },
    {
      "x": 0.5342246294021606,
      "y": 0.8771383762359619,
      "z": 0.21534091234207153,
      "visibility": 0.9685533046722412
    },
    {
      "x": 0.47471699118614197,
      "y": 0.8804241418838501,
      "z": 0.2651301324367523,
      "visibility": 0.9413677453994751
    },
    {
      "x": 0.5335880517959595,
      "y": 0.9062503576278687,
      "z": 0.2175494134426117,
      "visibility": 0.6831666231155396
    },
    {
      "x": 0.48193809390068054,
      "y": 0.9072476029396057,
      "z": 0.2712910771369934,
      "visibility": 0.6513360738754272
    },
    {
      "x": 0.5276456475257874,
      "y": 0.9375177025794983,
      "z": -0.12587958574295044,
      "visibility": 0.9408890008926392
    },
    {
      "x": 0.4572674036026001,
      "y": 0.9359339475631714,
      "z": -0.056693509221076965,
      "visibility": 0.9236335754394531
    }
  ]
}