{
  "image": "C:\\Users\\shrad\\TrendWeave\\TrendWeave\\extracted_data\\Catwalks__Women_s_Key_Items___Bags_A_W_25_26_en\\page_3\\img_2.jpeg",
  "items": [
    {
      "yolo_label": "suitcase",
      "bbox": [
        42.733680725097656,
        2.224486827850342,
        254.25167846679688,
        277.3955993652344
      ],
      "confidence": 0.8182051181793213,
      "clip_attributes": {
        "palette": {
          "label": "earth tones",
          "confidence": 0.22864528000354767
        },
        "dress_silhouette": {
          "label": "fit and flare",
          "confidence": 0.23131097853183746
        },
        "neckline": {
          "label": "square neckline",
          "confidence": 0.2699604630470276
        },
        "sleeve_type": {
          "label": "bell sleeves",
          "confidence": 0.22725804150104523
        },
        "top_silhouette": {
          "label": "peplum",
          "confidence": 0.22920748591423035
        },
        "bottom_style": {
          "label": "culottes",
          "confidence": 0.2256845086812973
        },
        "outerwear": {
          "label": "blazer",
          "confidence": 0.21814289689064026
        },
        "shoe_type": {
          "label": "ankle boots",
          "confidence": 0.2106655091047287
        },
        "bag_type": {
          "label": "crossbody bag",
          "confidence": 0.29176226258277893
        },
        "accessory": {
          "label": "watch",
          "confidence": 0.2074572592973709
        },
        "hairstyle": {
          "label": "high bun",
          "confidence": 0.18998095393180847
        },
        "setting": {
          "label": "office wear",
          "confidence": 0.24075934290885925
        },
        "fabric_type": {
          "label": "chiffon",
          "confidence": 0.23485860228538513
        },
        "season": {
          "label": "fall",
          "confidence": 0.19860653579235077
        },
        "style_theme": {
          "label": "elegant chic",
          "confidence": 0.24089637398719788
        }
      },
      "dominant_colors": [
        [
          117,
          134,
          138
        ],
        [
          53,
          135,
          132
        ],
        [
          218,
          130,
          136
        ]
      ],
      "texture_histogram": [
        2.0,
        10.0,
        36.0,
        46.0,
        80.0,
        68.0,
        67.0,
        64.0,
        83.0,
        79.0,
        91.0,
        98.0,
        115.0,
        99.0,
        108.0,
        132.0,
        111.0,
        119.0,
        110.0,
        147.0,
        106.0,
        117.0,
        124.0,
        155.0,
        180.0,
        184.0,
        190.0,
        217.0,
        228.0,
        194.0,
        235.0,
        244.0,
        373.0,
        515.0,
        466.0,
        685.0,
        859.0,
        912.0,
        1006.0,
        806.0,
        722.0,
        664.0,
        676.0,
        613.0,
        609.0,
        594.0,
        620.0,
        634.0,
        554.0,
        540.0,
        500.0,
        497.0,
        417.0,
        444.0,
        448.0,
        482.0,
        463.0,
        440.0,
        448.0,
        480.0,
        512.0,
        522.0,
        729.0,
        779.0,
        831.0,
        863.0,
        904.0,
        852.0,
        716.0,
        757.0,
        678.0,
        660.0,
        612.0,
        564.0,
        555.0,
        513.0,
        586.0,
        639.0,
        571.0,
        596.0,
        600.0,
        494.0,
        420.0,
        403.0,
        355.0,
        324.0,
        257.0,
        266.0,
        241.0,
        268.0,
        255.0,
        260.0,
        279.0,
        277.0,
        311.0,
        310.0,
        307.0,
        363.0,
        388.0,
        376.0,
        457.0,
        449.0,
        458.0,
        500.0,
        483.0,
        457.0,
        533.0,
        537.0,
        491.0,
        514.0,
        480.0,
        529.0,
        473.0,
        445.0,
        438.0,
        447.0,
        396.0,
        403.0,
        352.0,
        324.0,
        341.0,
        318.0,
        256.0,
        312.0,
        256.0,
        293.0,
        247.0,
        239.0,
        227.0,
        173.0,
        186.0,
        173.0,
        165.0,
        150.0,
        140.0,
        157.0,
        136.0,
        134.0,
        170.0,
        141.0,
        124.0,
        142.0,
        131.0,
        122.0,
        126.0,
        126.0,
        109.0,
        114.0,
        102.0,
        105.0,
        108.0,
        90.0,
        88.0,
        90.0,
        68.0,
        61.0,
        68.0,
        58.0,
        53.0,
        57.0,
        44.0,
        42.0,
        52.0,
        33.0,
        40.0,
        30.0,
        31.0,
        26.0,
        26.0,
        30.0,
        29.0,
        11.0,
        26.0,
        27.0,
        16.0,
        18.0,
        16.0,
        20.0,
        13.0,
        13.0,
        7.0,
        6.0,
        5.0,
        6.0,
        7.0,
        5.0,
        9.0,
        8.0,
        7.0,
        9.0,
        9.0,
        4.0,
        4.0,
        4.0,
        5.0,
        6.0,
        3.0,
        1.0,
        2.0,
        2.0,
        3.0,
        9.0,
        4.0,
        7.0,
        3.0,
        2.0,
        5.0,
        2.0,
        1.0,
        8.0,
        9.0,
        3.0,
        3.0,
        3.0,
        6.0,
        4.0,
        5.0,
        7.0,
        4.0,
        8.0,
        3.0,
        8.0,
        14.0,
        17.0,
        18.0,
        27.0,
        55.0,
        166.0,
        282.0,
        550.0,
        225.0,
        62.0,
        52.0,
        30.0,
        23.0,
        31.0,
        16.0,
        33.0,
        10.0,
        11.0,
        16.0,
        9.0,
        8.0,
        3.0,
        3.0,
        4.0,
        7.0,
        8.0,
        3.0,
        5.0,
        9.0,
        9.0,
        7.0,
        4.0,
        3.0,
        0.0
      ],
      "silhouette_mask_path": "C:\\Users\\shrad\\TrendWeave\\MERGE_OUTPUT_FINAL\\Catwalks__Women_s_Key_Items___Bags_A_W_25_26_en\\page_3\\img_2_mask_0.png"
    }
  ],
  "pose_keypoints": [
    {
      "x": 0.3732117712497711,
      "y": 0.061039604246616364,
      "z": -0.054782938212156296,
      "visibility": 0.9974664449691772
    },
    {
      "x": 0.36292773485183716,
      "y": 0.06483487039804459,
      "z": -0.04585184156894684,
      "visibility": 0.9980261921882629
    },
    {
      "x": 0.36281606554985046,
      "y": 0.06508544087409973,
      "z": -0.04589058831334114,
      "visibility": 0.9971289038658142
    },
    {
      "x": 0.3629005253314972,
      "y": 0.06556670367717743,
      "z": -0.0459405779838562,
      "visibility": 0.9981018900871277
    },
    {
      "x": 0.3635391592979431,
      "y": 0.0664949119091034,
      "z": -0.06516784429550171,
      "visibility": 0.998484194278717
    },
    {
      "x": 0.36394476890563965,
      "y": 0.06792908161878586,
      "z": -0.0652167871594429,
      "visibility": 0.9980610013008118
    },
    {
      "x": 0.364484965801239,
      "y": 0.06959626823663712,
      "z": -0.06525976955890656,
      "visibility": 0.9986600875854492
    },
    {
      "x": 0.3648923635482788,
      "y": 0.07077765464782715,
      "z": 0.0017317391466349363,
      "visibility": 0.9979220032691956
    },
    {
      "x": 0.3674398362636566,
      "y": 0.07649986445903778,
      "z": -0.08686833828687668,
      "visibility": 0.9982717037200928
    },
    {
      "x": 0.3806563913822174,
      "y": 0.06456071138381958,
      "z": -0.035202570259571075,
      "visibility": 0.9971202611923218
    },
    {
      "x": 0.380126029253006,
      "y": 0.06686745584011078,
      "z": -0.06079171970486641,
      "visibility": 0.9979960918426514
    },
    {
      "x": 0.4036373496055603,
      "y": 0.08979009091854095,
      "z": 0.05936626344919205,
      "visibility": 0.9986727237701416
    },
    {
      "x": 0.4037776589393616,
      "y": 0.09359433501958847,
      "z": -0.11461585015058517,
      "visibility": 0.9994590878486633
    },
    {
      "x": 0.4351859390735626,
      "y": 0.08239943534135818,
      "z": 0.09645378589630127,
      "visibility": 0.056722186505794525
    },
    {
      "x": 0.4405443072319031,
      "y": 0.09916648268699646,
      "z": -0.1654665768146515,
      "visibility": 0.40482231974601746
    },
    {
      "x": 0.4274209439754486,
      "y": 0.07081349939107895,
      "z": 0.11636091023683548,
      "visibility": 0.03079802356660366
    },
    {
      "x": 0.4440326988697052,
      "y": 0.08973388373851776,
      "z": -0.1607256829738617,
      "visibility": 0.21752296388149261
    },
    {
      "x": 0.4233343005180359,
      "y": 0.06902036815881729,
      "z": 0.12896838784217834,
      "visibility": 0.041288990527391434
    },
    {
      "x": 0.44517257809638977,
      "y": 0.08870260417461395,
      "z": -0.1633724868297577,
      "visibility": 0.2538002133369446
    },
    {
      "x": 0.42053595185279846,
      "y": 0.06758993864059448,
      "z": 0.1284833550453186,
      "visibility": 0.03963315859436989
    },
    {
      "x": 0.44081950187683105,
      "y": 0.08946014940738678,
      "z": -0.1564844697713852,
      "visibility": 0.25585290789604187
    },
    {
      "x": 0.4227442145347595,
      "y": 0.06818681210279465,
      "z": 0.11647618561983109,
      "visibility": 0.038711853325366974
    },
    {
      "x": 0.44124507904052734,
      "y": 0.09068245440721512,
      "z": -0.15691936016082764,
      "visibility": 0.2386411875486374
    },
    {
      "x": 0.5027958154678345,
      "y": 0.10092861950397491,
      "z": 0.05384230986237526,
      "visibility": 0.9978302121162415
    },
    {
      "x": 0.5089863538742065,
      "y": 0.10153719782829285,
      "z": -0.053984854370355606,
      "visibility": 0.9987667798995972
    },
    {
      "x": 0.5376247763633728,
      "y": 0.09751910716295242,
      "z": 0.11597533524036407,
      "visibility": 0.17078597843647003
    },
    {
      "x": 0.5510308742523193,
      "y": 0.09784989804029465,
      "z": -0.059873588383197784,
      "visibility": 0.6401245594024658
    },
    {
      "x": 0.5360956192016602,
      "y": 0.12287657707929611,
      "z": 0.09025796502828598,
      "visibility": 0.241568461060524
    },
    {
      "x": 0.576170802116394,
      "y": 0.13643161952495575,
      "z": -0.11862247437238693,
      "visibility": 0.8923542499542236
    },
    {
      "x": 0.5325803160667419,
      "y": 0.12851932644844055,
      "z": 0.08660103380680084,
      "visibility": 0.3913925886154175
    },
    {
      "x": 0.5746281743049622,
      "y": 0.14676889777183533,
      "z": -0.12255556136369705,
      "visibility": 0.8968828320503235
    },
    {
      "x": 0.5481795072555542,
      "y": 0.12737920880317688,
      "z": 0.07892072200775146,
      "visibility": 0.45461851358413696
    },
    {
      "x": 0.5964003801345825,
      "y": 0.13958606123924255,
      "z": -0.14789140224456787,
      "visibility": 0.9500605463981628
    }
  ]
}