{
  "image": "C:\\Users\\shrad\\TrendWeave\\TrendWeave\\extracted_data\\Catwalks__Women_s_Key_Items___Bags_A_W_25_26_en\\page_3\\img_1.jpeg",
  "items": [
    {
      "yolo_label": "person",
      "bbox": [
        0.7472984194755554,
        0.8045249581336975,
        286.5040588378906,
        292.0926818847656
      ],
      "confidence": 0.8084373474121094,
      "clip_attributes": {
        "palette": {
          "label": "earth tones",
          "confidence": 0.2397567182779312
        },
        "shoe_type": {
          "label": "boots",
          "confidence": 0.21089290082454681
        },
        "bag_type": {
          "label": "crossbody bag",
          "confidence": 0.28080853819847107
        },
        "accessory": {
          "label": "hat",
          "confidence": 0.23464378714561462
        },
        "setting": {
          "label": "travel outfit",
          "confidence": 0.23673193156719208
        },
        "fabric_type": {
          "label": "linen",
          "confidence": 0.2787705063819885
        },
        "season": {
          "label": "fall",
          "confidence": 0.2146630734205246
        },
        "style_theme": {
          "label": "athleisure",
          "confidence": 0.26198598742485046
        }
      },
      "dominant_colors": [
        [
          78,
          141,
          130
        ],
        [
          195,
          128,
          128
        ],
        [
          40,
          136,
          130
        ]
      ],
      "texture_histogram": [
        0.0,
        1.0,
        2.0,
        2.0,
        1.0,
        0.0,
        6.0,
        5.0,
        16.0,
        14.0,
        21.0,
        20.0,
        36.0,
        62.0,
        101.0,
        167.0,
        546.0,
        676.0,
        434.0,
        402.0,
        322.0,
        277.0,
        322.0,
        398.0,
        418.0,
        355.0,
        345.0,
        377.0,
        483.0,
        541.0,
        598.0,
        541.0,
        530.0,
        595.0,
        656.0,
        693.0,
        803.0,
        783.0,
        844.0,
        894.0,
        1104.0,
        1248.0,
        1367.0,
        1355.0,
        1304.0,
        1317.0,
        1445.0,
        1560.0,
        1501.0,
        1341.0,
        1255.0,
        1309.0,
        1346.0,
        1229.0,
        1032.0,
        1094.0,
        1026.0,
        925.0,
        940.0,
        874.0,
        869.0,
        942.0,
        915.0,
        1088.0,
        1133.0,
        1205.0,
        1407.0,
        1482.0,
        1316.0,
        993.0,
        912.0,
        772.0,
        629.0,
        545.0,
        539.0,
        497.0,
        501.0,
        399.0,
        419.0,
        336.0,
        282.0,
        277.0,
        249.0,
        228.0,
        231.0,
        215.0,
        254.0,
        214.0,
        267.0,
        223.0,
        224.0,
        240.0,
        220.0,
        224.0,
        254.0,
        262.0,
        229.0,
        251.0,
        312.0,
        292.0,
        285.0,
        262.0,
        239.0,
        214.0,
        214.0,
        153.0,
        107.0,
        91.0,
        75.0,
        68.0,
        57.0,
        55.0,
        63.0,
        47.0,
        41.0,
        40.0,
        32.0,
        34.0,
        29.0,
        25.0,
        24.0,
        25.0,
        17.0,
        16.0,
        24.0,
        17.0,
        16.0,
        7.0,
        14.0,
        10.0,
        13.0,
        8.0,
        2.0,
        10.0,
        6.0,
        8.0,
        10.0,
        7.0,
        14.0,
        7.0,
        17.0,
        6.0,
        9.0,
        6.0,
        8.0,
        11.0,
        9.0,
        8.0,
        10.0,
        10.0,
        10.0,
        11.0,
        12.0,
        9.0,
        10.0,
        7.0,
        12.0,
        9.0,
        7.0,
        10.0,
        10.0,
        12.0,
        7.0,
        12.0,
        11.0,
        12.0,
        7.0,
        10.0,
        8.0,
        16.0,
        20.0,
        18.0,
        15.0,
        13.0,
        21.0,
        54.0,
        19.0,
        53.0,
        116.0,
        103.0,
        53.0,
        207.0,
        159.0,
        155.0,
        177.0,
        360.0,
        395.0,
        265.0,
        4036.0,
        6279.0,
        1800.0,
        1468.0,
        1050.0,
        722.0,
        348.0,
        629.0,
        936.0,
        559.0,
        561.0,
        164.0,
        108.0,
        78.0,
        57.0,
        34.0,
        32.0,
        17.0,
        12.0,
        11.0,
        9.0,
        3.0,
        2.0,
        0.0,
        0.0,
        1.0,
        1.0,
        1.0,
        1.0,
        0.0,
        1.0,
        0.0,
        0.0,
        1.0,
        0.0,
        0.0,
        0.0,
        0.0,
        0.0,
        0.0,
        0.0,
        0.0,
        0.0,
        0.0,
        0.0,
        0.0,
        0.0,
        0.0,
        0.0,
        0.0,
        0.0,
        0.0,
        0.0,
        0.0,
        0.0,
        0.0,
        0.0,
        0.0,
        0.0,
        0.0,
        0.0,
        0.0,
        0.0,
        0.0,
        0.0,
        0.0,
        0.0,
        0.0
      ],
      "silhouette_mask_path": "C:\\Users\\shrad\\TrendWeave\\MERGE_OUTPUT_FINAL\\Catwalks__Women_s_Key_Items___Bags_A_W_25_26_en\\page_3\\img_1_mask_0.png"
    }
  ],
  "pose_keypoints": [
    {
      "x": 0.4252467155456543,
      "y": 0.7983458638191223,
      "z": -1.8502317667007446,
      "visibility": 0.9907912015914917
    },
    {
      "x": 0.42726510763168335,
      "y": 0.7045033574104309,
      "z": -1.8723046779632568,
      "visibility": 0.9908314347267151
    },
    {
      "x": 0.453488826751709,
      "y": 0.6943557262420654,
      "z": -1.8722275495529175,
      "visibility": 0.9905824661254883
    },
    {
      "x": 0.46420031785964966,
      "y": 0.6729758381843567,
      "z": -1.872701644897461,
      "visibility": 0.9940229058265686
    },
    {
      "x": 0.34223344922065735,
      "y": 0.7471339702606201,
      "z": -1.8616182804107666,
      "visibility": 0.9877387285232544
    },
    {
      "x": 0.31681889295578003,
      "y": 0.7598329186439514,
      "z": -1.8618720769882202,
      "visibility": 0.9816280007362366
    },
    {
      "x": 0.2990879416465759,
      "y": 0.768545389175415,
      "z": -1.8618803024291992,
      "visibility": 0.9827471971511841
    },
    {
      "x": 0.5722730755805969,
      "y": 0.6411764025688171,
      "z": -1.6567940711975098,
      "visibility": 0.9930827617645264
    },
    {
      "x": 0.2698146104812622,
      "y": 0.7677938938140869,
      "z": -1.586495280265808,
      "visibility": 0.9795897603034973
    },
    {
      "x": 0.5018627643585205,
      "y": 0.8268938064575195,
      "z": -1.7355273962020874,
      "visibility": 0.9608017206192017
    },
    {
      "x": 0.412222295999527,
      "y": 0.8773438334465027,
      "z": -1.7154005765914917,
      "visibility": 0.9062857627868652
    },
    {
      "x": 0.7631943225860596,
      "y": 0.7556357383728027,
      "z": -1.2688788175582886,
      "visibility": 0.9813185334205627
    },
    {
      "x": 0.332161545753479,
      "y": 0.8609465956687927,
      "z": -1.130364179611206,
      "visibility": 0.9396975040435791
    },
    {
      "x": 0.9396826028823853,
      "y": 0.9177960753440857,
      "z": -0.7528759837150574,
      "visibility": 0.6442176103591919
    },
    {
      "x": 0.3539711833000183,
      "y": 1.0616780519485474,
      "z": -0.3221498727798462,
      "visibility": 0.1968107521533966
    },
    {
      "x": 0.999733567237854,
      "y": 1.0558888912200928,
      "z": -0.34896641969680786,
      "visibility": 0.20375223457813263
    },
    {
      "x": 0.2764326333999634,
      "y": 1.2236546277999878,
      "z": 0.34924551844596863,
      "visibility": 0.043851692229509354
    },
    {
      "x": 1.0445895195007324,
      "y": 1.081446886062622,
      "z": -0.2830553650856018,
      "visibility": 0.13985209167003632
    },
    {
      "x": 0.23877638578414917,
      "y": 1.2691997289657593,
      "z": 0.4536837935447693,
      "visibility": 0.04315074905753136
    },
    {
      "x": 1.0180686712265015,
      "y": 1.084052562713623,
      "z": -0.3445253074169159,
      "visibility": 0.17150506377220154
    },
    {
      "x": 0.23429766297340393,
      "y": 1.2756054401397705,
      "z": 0.38392746448516846,
      "visibility": 0.052682064473629
    },
    {
      "x": 0.9888620376586914,
      "y": 1.0793131589889526,
      "z": -0.3604215383529663,
      "visibility": 0.20167924463748932
    },
    {
      "x": 0.2677518427371979,
      "y": 1.2559181451797485,
      "z": 0.33729684352874756,
      "visibility": 0.0636061429977417
    },
    {
      "x": 0.7673581838607788,
      "y": 1.1966017484664917,
      "z": -0.06477785855531693,
      "visibility": 0.37034672498703003
    },
    {
      "x": 0.5282350778579712,
      "y": 1.2116672992706299,
      "z": 0.06660790741443634,
      "visibility": 0.30030715465545654
    },
    {
      "x": 0.7158534526824951,
      "y": 1.431674838066101,
      "z": 0.7521613240242004,
      "visibility": 0.07794047147035599
    },
    {
      "x": 0.5451245903968811,
      "y": 1.4461227655410767,
      "z": 0.8577866554260254,
      "visibility": 0.06638294458389282
    },
    {
      "x": 0.7182157635688782,
      "y": 1.6189987659454346,
      "z": 1.7174863815307617,
      "visibility": 0.008086161687970161
    },
    {
      "x": 0.589033305644989,
      "y": 1.6318931579589844,
      "z": 1.6869946718215942,
      "visibility": 0.018261229619383812
    },
    {
      "x": 0.727888286113739,
      "y": 1.645920753479004,
      "z": 1.810204029083252,
      "visibility": 0.007357017137110233
    },
    {
      "x": 0.6173103451728821,
      "y": 1.6494362354278564,
      "z": 1.7717243432998657,
      "visibility": 0.016068801283836365
    },
    {
      "x": 0.6614506840705872,
      "y": 1.7389216423034668,
      "z": 1.6566129922866821,
      "visibility": 0.013057524338364601
    },
    {
      "x": 0.6006539463996887,
      "y": 1.7595800161361694,
      "z": 1.585902214050293,
      "visibility": 0.02009933814406395
    }
  ]
}