{
  "image": "C:\\Users\\shrad\\TrendWeave\\TrendWeave\\extracted_data\\Catwalks__Women_s_Key_Items___Bags_A_W_25_26_en\\page_3\\img_3.jpeg",
  "items": [
    {
      "yolo_label": "person",
      "bbox": [
        13.774304389953613,
        0.9289815425872803,
        292.25762939453125,
        290.2528991699219
      ],
      "confidence": 0.48366329073905945,
      "clip_attributes": {
        "palette": {
          "label": "pastel",
          "confidence": 0.2190970778465271
        },
        "dress_silhouette": {
          "label": "fit and flare",
          "confidence": 0.22606439888477325
        },
        "neckline": {
          "label": "square neckline",
          "confidence": 0.2408313900232315
        },
        "sleeve_type": {
          "label": "puffed sleeves",
          "confidence": 0.21936270594596863
        },
        "top_silhouette": {
          "label": "peplum",
          "confidence": 0.20745320618152618
        },
        "bottom_style": {
          "label": "culottes",
          "confidence": 0.2323656678199768
        },
        "outerwear": {
          "label": "long coat",
          "confidence": 0.19550193846225739
        },
        "shoe_type": {
          "label": "ankle boots",
          "confidence": 0.21487410366535187
        },
        "bag_type": {
          "label": "shoulder bag",
          "confidence": 0.2631146311759949
        },
        "accessory": {
          "label": "sunglasses",
          "confidence": 0.19235901534557343
        },
        "hairstyle": {
          "label": "loose curls",
          "confidence": 0.18417198956012726
        },
        "setting": {
          "label": "street style",
          "confidence": 0.2427164763212204
        },
        "fabric_type": {
          "label": "organza",
          "confidence": 0.21972988545894623
        },
        "season": {
          "label": "spring",
          "confidence": 0.19959717988967896
        },
        "style_theme": {
          "label": "elegant chic",
          "confidence": 0.24472229182720184
        }
      },
      "dominant_colors": [
        [
          191,
          131,
          126
        ],
        [
          123,
          133,
          131
        ],
        [
          50,
          131,
          131
        ]
      ],
      "texture_histogram": [
        13.0,
        41.0,
        119.0,
        125.0,
        153.0,
        134.0,
        166.0,
        166.0,
        165.0,
        152.0,
        140.0,
        160.0,
        184.0,
        168.0,
        191.0,
        158.0,
        144.0,
        129.0,
        118.0,
        126.0,
        141.0,
        142.0,
        112.0,
        114.0,
        113.0,
        114.0,
        105.0,
        88.0,
        87.0,
        85.0,
        95.0,
        74.0,
        83.0,
        65.0,
        92.0,
        84.0,
        68.0,
        86.0,
        83.0,
        75.0,
        78.0,
        74.0,
        72.0,
        93.0,
        103.0,
        120.0,
        123.0,
        130.0,
        146.0,
        162.0,
        165.0,
        190.0,
        208.0,
        192.0,
        196.0,
        199.0,
        185.0,
        173.0,
        180.0,
        193.0,
        185.0,
        186.0,
        182.0,
        216.0,
        186.0,
        194.0,
        245.0,
        221.0,
        268.0,
        253.0,
        300.0,
        313.0,
        287.0,
        336.0,
        316.0,
        316.0,
        354.0,
        326.0,
        354.0,
        367.0,
        420.0,
        442.0,
        434.0,
        431.0,
        420.0,
        358.0,
        391.0,
        352.0,
        397.0,
        388.0,
        401.0,
        401.0,
        341.0,
        352.0,
        312.0,
        315.0,
        291.0,
        276.0,
        279.0,
        261.0,
        268.0,
        276.0,
        261.0,
        288.0,
        278.0,
        283.0,
        311.0,
        367.0,
        365.0,
        342.0,
        367.0,
        411.0,
        347.0,
        408.0,
        369.0,
        395.0,
        415.0,
        458.0,
        395.0,
        439.0,
        423.0,
        446.0,
        469.0,
        437.0,
        414.0,
        442.0,
        474.0,
        442.0,
        387.0,
        402.0,
        415.0,
        409.0,
        440.0,
        429.0,
        428.0,
        430.0,
        418.0,
        398.0,
        403.0,
        410.0,
        403.0,
        415.0,
        410.0,
        392.0,
        449.0,
        410.0,
        418.0,
        437.0,
        484.0,
        455.0,
        428.0,
        429.0,
        488.0,
        466.0,
        450.0,
        481.0,
        461.0,
        480.0,
        465.0,
        484.0,
        511.0,
        515.0,
        517.0,
        548.0,
        514.0,
        506.0,
        556.0,
        556.0,
        562.0,
        565.0,
        579.0,
        652.0,
        567.0,
        605.0,
        585.0,
        635.0,
        618.0,
        636.0,
        704.0,
        719.0,
        717.0,
        728.0,
        734.0,
        736.0,
        717.0,
        717.0,
        763.0,
        716.0,
        801.0,
        734.0,
        772.0,
        708.0,
        728.0,
        735.0,
        746.0,
        679.0,
        698.0,
        736.0,
        735.0,
        739.0,
        690.0,
        686.0,
        707.0,
        659.0,
        551.0,
        550.0,
        521.0,
        483.0,
        413.0,
        342.0,
        326.0,
        311.0,
        277.0,
        225.0,
        254.0,
        225.0,
        217.0,
        193.0,
        164.0,
        170.0,
        169.0,
        126.0,
        121.0,
        117.0,
        102.0,
        107.0,
        90.0,
        83.0,
        85.0,
        72.0,
        65.0,
        63.0,
        56.0,
        60.0,
        52.0,
        54.0,
        48.0,
        54.0,
        27.0,
        37.0,
        39.0,
        27.0,
        32.0,
        19.0,
        22.0,
        31.0,
        18.0,
        21.0,
        13.0,
        17.0,
        13.0,
        10.0,
        8.0,
        10.0,
        18.0,
        0.0
      ],
      "silhouette_mask_path": "C:\\Users\\shrad\\TrendWeave\\MERGE_OUTPUT_FINAL\\Catwalks__Women_s_Key_Items___Bags_A_W_25_26_en\\page_3\\img_3_mask_0.png"
    }
  ],
  "pose_keypoints": null
}