{
  "image": "C:\\Users\\shrad\\TrendWeave\\TrendWeave\\extracted_data\\Catwalks__Women_s_Key_Items___Bags_A_W_25_26_en\\page_8\\img_3.jpeg",
  "items": [
    {
      "yolo_label": "suitcase",
      "bbox": [
        3.6382484436035156,
        195.7379913330078,
        291.50933837890625,
        581.8125610351562
      ],
      "confidence": 0.6951127648353577,
      "clip_attributes": {
        "palette": {
          "label": "earth tones",
          "confidence": 0.2305235117673874
        },
        "dress_silhouette": {
          "label": "fit and flare",
          "confidence": 0.22090356051921844
        },
        "neckline": {
          "label": "square neckline",
          "confidence": 0.25088346004486084
        },
        "sleeve_type": {
          "label": "bell sleeves",
          "confidence": 0.2438104897737503
        },
        "top_silhouette": {
          "label": "peplum",
          "confidence": 0.23187397420406342
        },
        "bottom_style": {
          "label": "culottes",
          "confidence": 0.22658413648605347
        },
        "outerwear": {
          "label": "long coat",
          "confidence": 0.2222980260848999
        },
        "shoe_type": {
          "label": "ankle boots",
          "confidence": 0.2366860806941986
        },
        "bag_type": {
          "label": "shoulder bag",
          "confidence": 0.27736690640449524
        },
        "accessory": {
          "label": "scarf",
          "confidence": 0.2043999433517456
        },
        "hairstyle": {
          "label": "loose curls",
          "confidence": 0.1910467892885208
        },
        "setting": {
          "label": "office wear",
          "confidence": 0.2256844937801361
        },
        "fabric_type": {
          "label": "satin",
          "confidence": 0.2345961183309555
        },
        "season": {
          "label": "fall",
          "confidence": 0.2010713368654251
        },
        "style_theme": {
          "label": "elegant chic",
          "confidence": 0.24062006175518036
        }
      },
      "dominant_colors": [
        [
          9,
          135,
          130
        ],
        [
          135,
          139,
          145
        ],
        [
          51,
          143,
          132
        ]
      ],
      "texture_histogram": [
        405.0,
        9541.0,
        5240.0,
        3543.0,
        4124.0,
        3469.0,
        2683.0,
        3156.0,
        2739.0,
        3068.0,
        2286.0,
        1621.0,
        1501.0,
        1364.0,
        1133.0,
        962.0,
        980.0,
        1038.0,
        1087.0,
        1231.0,
        1525.0,
        1688.0,
        2150.0,
        2282.0,
        2466.0,
        2619.0,
        2054.0,
        1843.0,
        1680.0,
        1481.0,
        1348.0,
        1208.0,
        1187.0,
        1160.0,
        1227.0,
        1164.0,
        1012.0,
        1071.0,
        1087.0,
        964.0,
        922.0,
        776.0,
        762.0,
        692.0,
        613.0,
        561.0,
        564.0,
        559.0,
        555.0,
        529.0,
        518.0,
        489.0,
        471.0,
        444.0,
        449.0,
        429.0,
        437.0,
        446.0,
        398.0,
        351.0,
        354.0,
        300.0,
        299.0,
        305.0,
        320.0,
        297.0,
        274.0,
        254.0,
        247.0,
        271.0,
        255.0,
        258.0,
        256.0,
        246.0,
        246.0,
        237.0,
        201.0,
        223.0,
        251.0,
        235.0,
        220.0,
        197.0,
        211.0,
        227.0,
        211.0,
        214.0,
        213.0,
        224.0,
        210.0,
        168.0,
        170.0,
        180.0,
        215.0,
        187.0,
        198.0,
        173.0,
        197.0,
        217.0,
        204.0,
        192.0,
        202.0,
        210.0,
        208.0,
        215.0,
        195.0,
        173.0,
        182.0,
        142.0,
        141.0,
        149.0,
        152.0,
        168.0,
        129.0,
        118.0,
        111.0,
        127.0,
        112.0,
        110.0,
        117.0,
        104.0,
        94.0,
        104.0,
        88.0,
        94.0,
        82.0,
        82.0,
        110.0,
        82.0,
        91.0,
        102.0,
        87.0,
        103.0,
        90.0,
        98.0,
        78.0,
        83.0,
        89.0,
        68.0,
        66.0,
        59.0,
        55.0,
        53.0,
        54.0,
        37.0,
        39.0,
        44.0,
        35.0,
        32.0,
        36.0,
        43.0,
        40.0,
        50.0,
        38.0,
        35.0,
        46.0,
        31.0,
        25.0,
        46.0,
        30.0,
        27.0,
        38.0,
        35.0,
        33.0,
        35.0,
        47.0,
        52.0,
        65.0,
        82.0,
        64.0,
        73.0,
        67.0,
        116.0,
        100.0,
        105.0,
        130.0,
        143.0,
        116.0,
        127.0,
        173.0,
        201.0,
        208.0,
        197.0,
        199.0,
        133.0,
        98.0,
        98.0,
        52.0,
        28.0,
        6.0,
        3.0,
        4.0,
        1.0,
        5.0,
        4.0,
        4.0,
        1.0,
        1.0,
        0.0,
        0.0,
        0.0,
        1.0,
        0.0,
        0.0,
        0.0,
        0.0,
        0.0,
        1.0,
        0.0,
        0.0,
        0.0,
        0.0,
        0.0,
        0.0,
        0.0,
        0.0,
        0.0,
        0.0,
        0.0,
        1.0,
        0.0,
        0.0,
        0.0,
        0.0,
        0.0,
        0.0,
        0.0,
        0.0,
        0.0,
        0.0,
        0.0,
        0.0,
        0.0,
        0.0,
        0.0,
        0.0,
        0.0,
        0.0,
        1.0,
        0.0,
        0.0,
        0.0,
        0.0,
        0.0,
        0.0,
        0.0,
        0.0,
        0.0,
        0.0,
        0.0,
        0.0,
        0.0,
        0.0,
        0.0,
        0.0,
        0.0,
        0.0
      ],
      "silhouette_mask_path": "C:\\Users\\shrad\\TrendWeave\\MERGE_OUTPUT_FINAL\\Catwalks__Women_s_Key_Items___Bags_A_W_25_26_en\\page_8\\img_3_mask_0.png"
    },
    {
      "yolo_label": "handbag",
      "bbox": [
        150.48611450195312,
        49.8384895324707,
        226.4365692138672,
        204.4116973876953
      ],
      "confidence": 0.4810342490673065,
      "clip_attributes": {
        "palette": {
          "label": "earth tones",
          "confidence": 0.24153819680213928
        },
        "shoe_type": {
          "label": "sandals",
          "confidence": 0.23776306211948395
        },
        "bag_type": {
          "label": "belt bag",
          "confidence": 0.2527230679988861
        },
        "accessory": {
          "label": "bracelet",
          "confidence": 0.2521784007549286
        },
        "setting": {
          "label": "streetwear",
          "confidence": 0.22373533248901367
        },
        "fabric_type": {
          "label": "linen",
          "confidence": 0.23264184594154358
        },
        "season": {
          "label": "fall",
          "confidence": 0.211423859000206
        },
        "style_theme": {
          "label": "athleisure",
          "confidence": 0.22201679646968842
        }
      },
      "dominant_colors": [
        [
          120,
          146,
          154
        ],
        [
          7,
          134,
          130
        ],
        [
          54,
          141,
          131
        ]
      ],
      "texture_histogram": [
        3.0,
        34.0,
        78.0,
        219.0,
        413.0,
        347.0,
        172.0,
        132.0,
        64.0,
        37.0,
        45.0,
        37.0,
        41.0,
        40.0,
        46.0,
        37.0,
        66.0,
        58.0,
        54.0,
        52.0,
        32.0,
        39.0,
        31.0,
        32.0,
        40.0,
        37.0,
        37.0,
        36.0,
        39.0,
        35.0,
        19.0,
        23.0,
        20.0,
        19.0,
        21.0,
        19.0,
        31.0,
        34.0,
        27.0,
        37.0,
        46.0,
        41.0,
        52.0,
        50.0,
        80.0,
        103.0,
        134.0,
        267.0,
        330.0,
        516.0,
        382.0,
        266.0,
        229.0,
        179.0,
        151.0,
        112.0,
        106.0,
        94.0,
        66.0,
        40.0,
        43.0,
        27.0,
        24.0,
        22.0,
        26.0,
        15.0,
        38.0,
        25.0,
        32.0,
        37.0,
        43.0,
        30.0,
        35.0,
        34.0,
        32.0,
        39.0,
        38.0,
        47.0,
        43.0,
        57.0,
        49.0,
        66.0,
        60.0,
        81.0,
        55.0,
        71.0,
        67.0,
        77.0,
        88.0,
        97.0,
        105.0,
        109.0,
        106.0,
        118.0,
        110.0,
        103.0,
        97.0,
        109.0,
        129.0,
        111.0,
        91.0,
        103.0,
        107.0,
        104.0,
        106.0,
        110.0,
        98.0,
        115.0,
        87.0,
        78.0,
        77.0,
        71.0,
        58.0,
        57.0,
        61.0,
        56.0,
        59.0,
        60.0,
        54.0,
        60.0,
        71.0,
        54.0,
        38.0,
        49.0,
        32.0,
        45.0,
        31.0,
        30.0,
        44.0,
        50.0,
        53.0,
        65.0,
        76.0,
        82.0,
        79.0,
        78.0,
        54.0,
        60.0,
        56.0,
        51.0,
        44.0,
        55.0,
        47.0,
        61.0,
        62.0,
        57.0,
        72.0,
        49.0,
        55.0,
        47.0,
        54.0,
        47.0,
        31.0,
        24.0,
        22.0,
        13.0,
        3.0,
        1.0,
        2.0,
        0.0,
        0.0,
        0.0,
        0.0,
        0.0,
        0.0,
        0.0,
        0.0,
        0.0,
        0.0,
        0.0,
        0.0,
        0.0,
        0.0,
        1.0,
        0.0,
        0.0,
        0.0,
        0.0,
        0.0,
        0.0,
        0.0,
        0.0,
        0.0,
        0.0,
        1.0,
        0.0,
        0.0,
        0.0,
        0.0,
        0.0,
        0.0,
        0.0,
        0.0,
        0.0,
        0.0,
        0.0,
        0.0,
        0.0,
        0.0,
        0.0,
        0.0,
        0.0,
        0.0,
        0.0,
        0.0,
        0.0,
        0.0,
        0.0,
        0.0,
        0.0,
        0.0,
        0.0,
        0.0,
        0.0,
        0.0,
        0.0,
        0.0,
        0.0,
        0.0,
        0.0,
        0.0,
        0.0,
        0.0,
        0.0,
        0.0,
        0.0,
        0.0,
        0.0,
        0.0,
        0.0,
        0.0,
        0.0,
        0.0,
        0.0,
        0.0,
        0.0,
        0.0,
        0.0,
        0.0,
        0.0,
        0.0,
        0.0,
        0.0,
        0.0,
        0.0,
        0.0,
        0.0,
        0.0,
        0.0,
        0.0,
        0.0,
        0.0,
        0.0,
        0.0,
        0.0,
        0.0
      ],
      "silhouette_mask_path": "C:\\Users\\shrad\\TrendWeave\\MERGE_OUTPUT_FINAL\\Catwalks__Women_s_Key_Items___Bags_A_W_25_26_en\\page_8\\img_3_mask_1.png"
    },
    {
      "yolo_label": "person",
      "bbox": [
        26.639970779418945,
        0.15391197800636292,
        263.84393310546875,
        236.4194793701172
      ],
      "confidence": 0.43144312500953674,
      "clip_attributes": {
        "palette": {
          "label": "earth tones",
          "confidence": 0.23095585405826569
        },
        "shoe_type": {
          "label": "sandals",
          "confidence": 0.19589431583881378
        },
        "bag_type": {
          "label": "backpack",
          "confidence": 0.27712926268577576
        },
        "accessory": {
          "label": "watch",
          "confidence": 0.1977035105228424
        },
        "setting": {
          "label": "travel outfit",
          "confidence": 0.2394109070301056
        },
        "fabric_type": {
          "label": "nylon",
          "confidence": 0.23804330825805664
        },
        "season": {
          "label": "fall",
          "confidence": 0.19908615946769714
        },
        "style_theme": {
          "label": "athleisure",
          "confidence": 0.23423846065998077
        }
      },
      "dominant_colors": [
        [
          138,
          144,
          155
        ],
        [
          72,
          142,
          144
        ],
        [
          10,
          134,
          131
        ]
      ],
      "texture_histogram": [
        159.0,
        473.0,
        573.0,
        799.0,
        1453.0,
        1212.0,
        1244.0,
        1823.0,
        1378.0,
        1508.0,
        1794.0,
        1334.0,
        1222.0,
        1049.0,
        774.0,
        642.0,
        513.0,
        452.0,
        382.0,
        396.0,
        388.0,
        434.0,
        669.0,
        700.0,
        638.0,
        610.0,
        337.0,
        232.0,
        246.0,
        191.0,
        175.0,
        168.0,
        181.0,
        172.0,
        160.0,
        124.0,
        176.0,
        168.0,
        154.0,
        148.0,
        177.0,
        180.0,
        162.0,
        160.0,
        167.0,
        244.0,
        241.0,
        374.0,
        440.0,
        632.0,
        482.0,
        358.0,
        321.0,
        294.0,
        249.0,
        228.0,
        217.0,
        189.0,
        181.0,
        124.0,
        160.0,
        117.0,
        139.0,
        112.0,
        116.0,
        122.0,
        134.0,
        136.0,
        147.0,
        145.0,
        177.0,
        163.0,
        151.0,
        183.0,
        175.0,
        179.0,
        179.0,
        153.0,
        168.0,
        166.0,
        187.0,
        209.0,
        188.0,
        234.0,
        198.0,
        241.0,
        221.0,
        259.0,
        270.0,
        265.0,
        276.0,
        280.0,
        294.0,
        342.0,
        284.0,
        306.0,
        288.0,
        304.0,
        332.0,
        308.0,
        306.0,
        338.0,
        369.0,
        345.0,
        352.0,
        308.0,
        330.0,
        312.0,
        283.0,
        317.0,
        306.0,
        286.0,
        288.0,
        261.0,
        266.0,
        248.0,
        225.0,
        219.0,
        210.0,
        182.0,
        214.0,
        198.0,
        182.0,
        164.0,
        133.0,
        156.0,
        125.0,
        123.0,
        159.0,
        155.0,
        164.0,
        181.0,
        208.0,
        215.0,
        223.0,
        219.0,
        192.0,
        215.0,
        201.0,
        216.0,
        214.0,
        257.0,
        282.0,
        287.0,
        314.0,
        332.0,
        389.0,
        371.0,
        364.0,
        377.0,
        345.0,
        377.0,
        354.0,
        365.0,
        411.0,
        369.0,
        443.0,
        477.0,
        371.0,
        251.0,
        179.0,
        87.0,
        59.0,
        43.0,
        32.0,
        22.0,
        20.0,
        7.0,
        12.0,
        6.0,
        3.0,
        4.0,
        6.0,
        4.0,
        3.0,
        2.0,
        2.0,
        2.0,
        1.0,
        4.0,
        6.0,
        3.0,
        2.0,
        2.0,
        2.0,
        5.0,
        2.0,
        2.0,
        1.0,
        1.0,
        2.0,
        2.0,
        0.0,
        3.0,
        1.0,
        0.0,
        0.0,
        1.0,
        0.0,
        1.0,
        2.0,
        1.0,
        1.0,
        2.0,
        3.0,
        3.0,
        2.0,
        0.0,
        2.0,
        0.0,
        3.0,
        1.0,
        0.0,
        1.0,
        1.0,
        1.0,
        0.0,
        0.0,
        0.0,
        0.0,
        2.0,
        4.0,
        2.0,
        2.0,
        2.0,
        1.0,
        1.0,
        2.0,
        1.0,
        4.0,
        1.0,
        0.0,
        0.0,
        1.0,
        2.0,
        1.0,
        1.0,
        2.0,
        1.0,
        1.0,
        2.0,
        0.0,
        0.0,
        1.0,
        1.0,
        2.0,
        5.0,
        1.0,
        0.0,
        2.0,
        0.0,
        0.0,
        1.0,
        0.0,
        5.0,
        1.0
      ],
      "silhouette_mask_path": "C:\\Users\\shrad\\TrendWeave\\MERGE_OUTPUT_FINAL\\Catwalks__Women_s_Key_Items___Bags_A_W_25_26_en\\page_8\\img_3_mask_2.png"
    },
    {
      "yolo_label": "person",
      "bbox": [
        21.83648109436035,
        1.3471683263778687,
        263.8505554199219,
        342.1460876464844
      ],
      "confidence": 0.32945260405540466,
      "clip_attributes": {
        "palette": {
          "label": "earth tones",
          "confidence": 0.23309333622455597
        },
        "dress_silhouette": {
          "label": "fit and flare",
          "confidence": 0.22457177937030792
        },
        "neckline": {
          "label": "square neckline",
          "confidence": 0.26965659856796265
        },
        "sleeve_type": {
          "label": "bell sleeves",
          "confidence": 0.22472798824310303
        },
        "top_silhouette": {
          "label": "wrap top",
          "confidence": 0.22906892001628876
        },
        "bottom_style": {
          "label": "culottes",
          "confidence": 0.23473402857780457
        },
        "outerwear": {
          "label": "long coat",
          "confidence": 0.20048093795776367
        },
        "shoe_type": {
          "label": "strappy sandals",
          "confidence": 0.21695789694786072
        },
        "bag_type": {
          "label": "crossbody bag",
          "confidence": 0.2942076325416565
        },
        "accessory": {
          "label": "watch",
          "confidence": 0.19950741529464722
        },
        "hairstyle": {
          "label": "ponytail",
          "confidence": 0.2030034214258194
        },
        "setting": {
          "label": "street style",
          "confidence": 0.22596214711666107
        },
        "fabric_type": {
          "label": "satin",
          "confidence": 0.2494356632232666
        },
        "season": {
          "label": "fall",
          "confidence": 0.20093777775764465
        },
        "style_theme": {
          "label": "elegant chic",
          "confidence": 0.24227406084537506
        }
      },
      "dominant_colors": [
        [
          14,
          137,
          131
        ],
        [
          134,
          144,
          155
        ],
        [
          62,
          142,
          137
        ]
      ],
      "texture_histogram": [
        195.0,
        806.0,
        812.0,
        1236.0,
        1911.0,
        1578.0,
        1639.0,
        2179.0,
        1662.0,
        1739.0,
        1916.0,
        1489.0,
        1353.0,
        1197.0,
        979.0,
        799.0,
        711.0,
        623.0,
        563.0,
        741.0,
        1088.0,
        1223.0,
        1673.0,
        1871.0,
        1819.0,
        1852.0,
        1463.0,
        1373.0,
        1197.0,
        1033.0,
        934.0,
        833.0,
        775.0,
        723.0,
        735.0,
        686.0,
        606.0,
        549.0,
        502.0,
        436.0,
        457.0,
        401.0,
        428.0,
        388.0,
        391.0,
        469.0,
        469.0,
        602.0,
        666.0,
        852.0,
        693.0,
        543.0,
        503.0,
        495.0,
        435.0,
        410.0,
        415.0,
        371.0,
        351.0,
        296.0,
        303.0,
        247.0,
        259.0,
        231.0,
        230.0,
        228.0,
        236.0,
        220.0,
        237.0,
        225.0,
        246.0,
        223.0,
        220.0,
        244.0,
        235.0,
        220.0,
        211.0,
        194.0,
        199.0,
        209.0,
        217.0,
        247.0,
        209.0,
        253.0,
        218.0,
        261.0,
        243.0,
        276.0,
        280.0,
        274.0,
        287.0,
        287.0,
        302.0,
        345.0,
        292.0,
        316.0,
        295.0,
        314.0,
        338.0,
        313.0,
        309.0,
        350.0,
        376.0,
        359.0,
        355.0,
        313.0,
        340.0,
        319.0,
        289.0,
        324.0,
        314.0,
        291.0,
        291.0,
        269.0,
        269.0,
        255.0,
        230.0,
        222.0,
        217.0,
        188.0,
        217.0,
        204.0,
        185.0,
        168.0,
        139.0,
        163.0,
        130.0,
        128.0,
        169.0,
        161.0,
        166.0,
        186.0,
        212.0,
        219.0,
        225.0,
        220.0,
        195.0,
        217.0,
        204.0,
        218.0,
        217.0,
        262.0,
        285.0,
        290.0,
        319.0,
        335.0,
        392.0,
        373.0,
        366.0,
        377.0,
        346.0,
        377.0,
        354.0,
        365.0,
        412.0,
        369.0,
        443.0,
        476.0,
        371.0,
        251.0,
        179.0,
        87.0,
        59.0,
        43.0,
        32.0,
        22.0,
        20.0,
        8.0,
        12.0,
        6.0,
        3.0,
        5.0,
        6.0,
        6.0,
        3.0,
        2.0,
        2.0,
        3.0,
        2.0,
        4.0,
        6.0,
        3.0,
        2.0,
        2.0,
        2.0,
        5.0,
        2.0,
        3.0,
        1.0,
        1.0,
        2.0,
        2.0,
        0.0,
        4.0,
        1.0,
        1.0,
        0.0,
        1.0,
        0.0,
        1.0,
        2.0,
        1.0,
        1.0,
        2.0,
        3.0,
        3.0,
        2.0,
        0.0,
        2.0,
        0.0,
        3.0,
        1.0,
        0.0,
        1.0,
        1.0,
        1.0,
        0.0,
        0.0,
        0.0,
        0.0,
        2.0,
        4.0,
        2.0,
        2.0,
        2.0,
        1.0,
        1.0,
        2.0,
        1.0,
        4.0,
        1.0,
        0.0,
        0.0,
        1.0,
        2.0,
        1.0,
        1.0,
        2.0,
        1.0,
        1.0,
        2.0,
        0.0,
        0.0,
        1.0,
        1.0,
        2.0,
        5.0,
        1.0,
        0.0,
        2.0,
        0.0,
        0.0,
        1.0,
        0.0,
        5.0,
        1.0
      ],
      "silhouette_mask_path": "C:\\Users\\shrad\\TrendWeave\\MERGE_OUTPUT_FINAL\\Catwalks__Women_s_Key_Items___Bags_A_W_25_26_en\\page_8\\img_3_mask_3.png"
    },
    {
      "yolo_label": "person",
      "bbox": [
        18.041200637817383,
        1.1199066638946533,
        266.56304931640625,
        518.6029663085938
      ],
      "confidence": 0.31434860825538635,
      "clip_attributes": {
        "palette": {
          "label": "earth tones",
          "confidence": 0.23962363600730896
        },
        "shoe_type": {
          "label": "boots",
          "confidence": 0.2115253508090973
        },
        "bag_type": {
          "label": "crossbody bag",
          "confidence": 0.2907167375087738
        },
        "accessory": {
          "label": "watch",
          "confidence": 0.200835183262825
        },
        "setting": {
          "label": "travel outfit",
          "confidence": 0.2302655726671219
        },
        "fabric_type": {
          "label": "nylon",
          "confidence": 0.23243235051631927
        },
        "season": {
          "label": "fall",
          "confidence": 0.2097816914319992
        },
        "style_theme": {
          "label": "athleisure",
          "confidence": 0.22517208755016327
        }
      },
      "dominant_colors": [
        [
          53,
          143,
          133
        ],
        [
          130,
          144,
          154
        ],
        [
          10,
          135,
          130
        ]
      ],
      "texture_histogram": [
        310.0,
        3657.0,
        3608.0,
        2707.0,
        4409.0,
        3867.0,
        3125.0,
        3783.0,
        3411.0,
        3770.0,
        3346.0,
        2347.0,
        2133.0,
        1745.0,
        1333.0,
        1122.0,
        971.0,
        955.0,
        1037.0,
        1207.0,
        1507.0,
        1663.0,
        2140.0,
        2311.0,
        2484.0,
        2614.0,
        2095.0,
        1868.0,
        1700.0,
        1483.0,
        1330.0,
        1218.0,
        1229.0,
        1228.0,
        1283.0,
        1162.0,
        1083.0,
        1147.0,
        1135.0,
        1019.0,
        993.0,
        861.0,
        831.0,
        736.0,
        723.0,
        709.0,
        726.0,
        854.0,
        911.0,
        1061.0,
        895.0,
        761.0,
        724.0,
        669.0,
        624.0,
        580.0,
        579.0,
        561.0,
        501.0,
        422.0,
        453.0,
        367.0,
        401.0,
        357.0,
        369.0,
        371.0,
        351.0,
        345.0,
        337.0,
        350.0,
        372.0,
        360.0,
        342.0,
        368.0,
        363.0,
        365.0,
        326.0,
        315.0,
        326.0,
        323.0,
        323.0,
        330.0,
        317.0,
        362.0,
        307.0,
        343.0,
        319.0,
        340.0,
        365.0,
        334.0,
        352.0,
        346.0,
        384.0,
        413.0,
        355.0,
        367.0,
        355.0,
        374.0,
        398.0,
        361.0,
        352.0,
        403.0,
        419.0,
        406.0,
        411.0,
        359.0,
        374.0,
        357.0,
        330.0,
        358.0,
        346.0,
        342.0,
        332.0,
        302.0,
        299.0,
        295.0,
        271.0,
        249.0,
        252.0,
        232.0,
        256.0,
        236.0,
        218.0,
        191.0,
        166.0,
        185.0,
        159.0,
        158.0,
        196.0,
        193.0,
        193.0,
        208.0,
        237.0,
        249.0,
        248.0,
        244.0,
        222.0,
        231.0,
        218.0,
        230.0,
        230.0,
        273.0,
        300.0,
        299.0,
        330.0,
        343.0,
        398.0,
        384.0,
        369.0,
        384.0,
        351.0,
        384.0,
        357.0,
        368.0,
        417.0,
        373.0,
        448.0,
        486.0,
        378.0,
        258.0,
        183.0,
        89.0,
        61.0,
        47.0,
        37.0,
        28.0,
        23.0,
        12.0,
        21.0,
        12.0,
        7.0,
        7.0,
        8.0,
        10.0,
        6.0,
        2.0,
        4.0,
        4.0,
        7.0,
        5.0,
        7.0,
        3.0,
        2.0,
        2.0,
        2.0,
        6.0,
        2.0,
        4.0,
        1.0,
        1.0,
        2.0,
        2.0,
        0.0,
        4.0,
        1.0,
        1.0,
        0.0,
        1.0,
        0.0,
        1.0,
        2.0,
        1.0,
        1.0,
        2.0,
        3.0,
        3.0,
        2.0,
        0.0,
        2.0,
        0.0,
        3.0,
        1.0,
        0.0,
        1.0,
        1.0,
        1.0,
        0.0,
        0.0,
        0.0,
        0.0,
        2.0,
        4.0,
        2.0,
        2.0,
        2.0,
        1.0,
        1.0,
        2.0,
        1.0,
        4.0,
        1.0,
        0.0,
        0.0,
        1.0,
        2.0,
        1.0,
        1.0,
        2.0,
        1.0,
        1.0,
        2.0,
        0.0,
        0.0,
        1.0,
        1.0,
        2.0,
        5.0,
        1.0,
        0.0,
        2.0,
        0.0,
        0.0,
        1.0,
        0.0,
        5.0,
        1.0
      ],
      "silhouette_mask_path": "C:\\Users\\shrad\\TrendWeave\\MERGE_OUTPUT_FINAL\\Catwalks__Women_s_Key_Items___Bags_A_W_25_26_en\\page_8\\img_3_mask_4.png"
    }
  ],
  "pose_keypoints": null
}