{
  "image": "C:\\Users\\shrad\\TrendWeave\\TrendWeave\\extracted_data\\Catwalks__Women_s_Key_Items___Bags_A_W_25_26_en\\page_8\\img_5.jpeg",
  "items": [
    {
      "yolo_label": "person",
      "bbox": [
        0.0,
        3.376094102859497,
        289.88824462890625,
        581.4609985351562
      ],
      "confidence": 0.7431526184082031,
      "clip_attributes": {
        "palette": {
          "label": "black & white",
          "confidence": 0.20487253367900848
        },
        "shoe_type": {
          "label": "sandals",
          "confidence": 0.2038400024175644
        },
        "bag_type": {
          "label": "crossbody bag",
          "confidence": 0.27681073546409607
        },
        "accessory": {
          "label": "watch",
          "confidence": 0.19875718653202057
        },
        "setting": {
          "label": "travel outfit",
          "confidence": 0.2260458916425705
        },
        "fabric_type": {
          "label": "nylon",
          "confidence": 0.2107764333486557
        },
        "season": {
          "label": "summer",
          "confidence": 0.1904623955488205
        },
        "style_theme": {
          "label": "athleisure",
          "confidence": 0.22254635393619537
        }
      },
      "dominant_colors": [
        [
          84,
          142,
          142
        ],
        [
          181,
          135,
          146
        ],
        [
          11,
          129,
          128
        ]
      ],
      "texture_histogram": [
        493.0,
        10312.0,
        16894.0,
        3353.0,
        4683.0,
        3663.0,
        4598.0,
        8603.0,
        4617.0,
        3755.0,
        2666.0,
        2452.0,
        2481.0,
        2408.0,
        2335.0,
        2248.0,
        2255.0,
        2199.0,
        2026.0,
        1959.0,
        1932.0,
        1883.0,
        1797.0,
        1685.0,
        1626.0,
        1586.0,
        1587.0,
        1549.0,
        1450.0,
        1342.0,
        1208.0,
        1228.0,
        1230.0,
        1134.0,
        1030.0,
        931.0,
        946.0,
        894.0,
        882.0,
        842.0,
        813.0,
        812.0,
        761.0,
        721.0,
        662.0,
        703.0,
        651.0,
        661.0,
        701.0,
        641.0,
        634.0,
        593.0,
        541.0,
        464.0,
        447.0,
        461.0,
        395.0,
        414.0,
        371.0,
        334.0,
        320.0,
        301.0,
        332.0,
        324.0,
        310.0,
        289.0,
        318.0,
        260.0,
        253.0,
        261.0,
        274.0,
        277.0,
        251.0,
        240.0,
        237.0,
        224.0,
        232.0,
        232.0,
        215.0,
        215.0,
        200.0,
        197.0,
        190.0,
        195.0,
        212.0,
        199.0,
        206.0,
        197.0,
        179.0,
        185.0,
        188.0,
        198.0,
        196.0,
        205.0,
        196.0,
        199.0,
        212.0,
        222.0,
        221.0,
        217.0,
        209.0,
        215.0,
        190.0,
        200.0,
        171.0,
        215.0,
        199.0,
        206.0,
        191.0,
        190.0,
        195.0,
        189.0,
        166.0,
        173.0,
        173.0,
        174.0,
        190.0,
        159.0,
        178.0,
        200.0,
        164.0,
        163.0,
        185.0,
        176.0,
        166.0,
        181.0,
        215.0,
        171.0,
        186.0,
        193.0,
        191.0,
        182.0,
        172.0,
        172.0,
        160.0,
        185.0,
        193.0,
        174.0,
        180.0,
        176.0,
        212.0,
        218.0,
        218.0,
        221.0,
        253.0,
        231.0,
        224.0,
        279.0,
        234.0,
        252.0,
        242.0,
        292.0,
        323.0,
        370.0,
        392.0,
        417.0,
        417.0,
        466.0,
        439.0,
        460.0,
        481.0,
        506.0,
        589.0,
        527.0,
        555.0,
        512.0,
        420.0,
        489.0,
        491.0,
        504.0,
        456.0,
        525.0,
        514.0,
        469.0,
        414.0,
        369.0,
        406.0,
        396.0,
        447.0,
        335.0,
        313.0,
        322.0,
        335.0,
        292.0,
        325.0,
        357.0,
        296.0,
        288.0,
        287.0,
        283.0,
        277.0,
        288.0,
        291.0,
        298.0,
        277.0,
        230.0,
        255.0,
        253.0,
        254.0,
        254.0,
        232.0,
        240.0,
        248.0,
        227.0,
        268.0,
        271.0,
        272.0,
        269.0,
        246.0,
        244.0,
        244.0,
        230.0,
        260.0,
        243.0,
        251.0,
        262.0,
        245.0,
        245.0,
        226.0,
        202.0,
        208.0,
        187.0,
        170.0,
        177.0,
        162.0,
        123.0,
        94.0,
        86.0,
        78.0,
        49.0,
        35.0,
        22.0,
        27.0,
        21.0,
        9.0,
        8.0,
        11.0,
        2.0,
        8.0,
        2.0,
        1.0,
        2.0,
        1.0,
        3.0,
        1.0,
        0.0,
        0.0,
        0.0,
        0.0,
        0.0,
        0.0,
        1.0,
        0.0,
        0.0,
        0.0,
        0.0
      ],
      "silhouette_mask_path": "C:\\Users\\shrad\\TrendWeave\\MERGE_OUTPUT_FINAL\\Catwalks__Women_s_Key_Items___Bags_A_W_25_26_en\\page_8\\img_5_mask_0.png"
    },
    {
      "yolo_label": "zebra",
      "bbox": [
        0.0,
        4.083582401275635,
        293.0,
        584.0
      ],
      "confidence": 0.3776910901069641,
      "clip_attributes": {
        "palette": {
          "label": "monochrome",
          "confidence": 0.20924392342567444
        },
        "dress_silhouette": {
          "label": "fit and flare",
          "confidence": 0.2276785671710968
        },
        "neckline": {
          "label": "square neckline",
          "confidence": 0.26120275259017944
        },
        "sleeve_type": {
          "label": "sleeveless",
          "confidence": 0.208866685628891
        },
        "top_silhouette": {
          "label": "wrap top",
          "confidence": 0.2386149764060974
        },
        "bottom_style": {
          "label": "culottes",
          "confidence": 0.2221403419971466
        },
        "outerwear": {
          "label": "long coat",
          "confidence": 0.20506717264652252
        },
        "shoe_type": {
          "label": "strappy sandals",
          "confidence": 0.2127911001443863
        },
        "bag_type": {
          "label": "shoulder bag",
          "confidence": 0.2818135917186737
        },
        "accessory": {
          "label": "watch",
          "confidence": 0.19833791255950928
        },
        "hairstyle": {
          "label": "loose curls",
          "confidence": 0.1961812525987625
        },
        "setting": {
          "label": "street style",
          "confidence": 0.2200317531824112
        },
        "fabric_type": {
          "label": "organza",
          "confidence": 0.21192622184753418
        },
        "season": {
          "label": "spring",
          "confidence": 0.18968933820724487
        },
        "style_theme": {
          "label": "elegant chic",
          "confidence": 0.22945009171962738
        }
      },
      "dominant_colors": [
        [
          181,
          134,
          146
        ],
        [
          11,
          129,
          128
        ],
        [
          85,
          142,
          142
        ]
      ],
      "texture_histogram": [
        492.0,
        10261.0,
        17771.0,
        3368.0,
        4806.0,
        3701.0,
        4661.0,
        8742.0,
        4689.0,
        3785.0,
        2689.0,
        2487.0,
        2512.0,
        2456.0,
        2375.0,
        2281.0,
        2286.0,
        2236.0,
        2045.0,
        1989.0,
        1959.0,
        1911.0,
        1820.0,
        1702.0,
        1641.0,
        1615.0,
        1603.0,
        1579.0,
        1479.0,
        1362.0,
        1224.0,
        1251.0,
        1263.0,
        1162.0,
        1044.0,
        948.0,
        965.0,
        910.0,
        904.0,
        861.0,
        826.0,
        827.0,
        781.0,
        735.0,
        686.0,
        721.0,
        669.0,
        671.0,
        712.0,
        648.0,
        645.0,
        603.0,
        550.0,
        474.0,
        458.0,
        465.0,
        406.0,
        422.0,
        383.0,
        344.0,
        327.0,
        309.0,
        341.0,
        330.0,
        320.0,
        296.0,
        326.0,
        270.0,
        265.0,
        267.0,
        278.0,
        288.0,
        255.0,
        242.0,
        245.0,
        231.0,
        235.0,
        236.0,
        223.0,
        220.0,
        203.0,
        201.0,
        193.0,
        200.0,
        215.0,
        204.0,
        212.0,
        204.0,
        183.0,
        188.0,
        191.0,
        201.0,
        208.0,
        210.0,
        205.0,
        205.0,
        218.0,
        224.0,
        229.0,
        223.0,
        213.0,
        220.0,
        193.0,
        209.0,
        176.0,
        221.0,
        207.0,
        212.0,
        196.0,
        194.0,
        201.0,
        192.0,
        174.0,
        177.0,
        179.0,
        181.0,
        197.0,
        162.0,
        190.0,
        205.0,
        170.0,
        168.0,
        191.0,
        184.0,
        170.0,
        183.0,
        219.0,
        176.0,
        187.0,
        201.0,
        193.0,
        187.0,
        177.0,
        176.0,
        166.0,
        186.0,
        196.0,
        178.0,
        183.0,
        182.0,
        217.0,
        224.0,
        222.0,
        224.0,
        256.0,
        237.0,
        226.0,
        284.0,
        239.0,
        258.0,
        244.0,
        296.0,
        324.0,
        372.0,
        396.0,
        418.0,
        418.0,
        466.0,
        441.0,
        462.0,
        485.0,
        507.0,
        593.0,
        530.0,
        558.0,
        514.0,
        420.0,
        490.0,
        492.0,
        505.0,
        458.0,
        527.0,
        514.0,
        472.0,
        415.0,
        369.0,
        406.0,
        399.0,
        447.0,
        335.0,
        313.0,
        323.0,
        335.0,
        294.0,
        326.0,
        358.0,
        296.0,
        288.0,
        289.0,
        285.0,
        278.0,
        289.0,
        292.0,
        298.0,
        279.0,
        232.0,
        255.0,
        255.0,
        255.0,
        257.0,
        233.0,
        243.0,
        251.0,
        230.0,
        268.0,
        275.0,
        273.0,
        270.0,
        246.0,
        244.0,
        244.0,
        230.0,
        260.0,
        243.0,
        251.0,
        262.0,
        245.0,
        245.0,
        226.0,
        202.0,
        208.0,
        187.0,
        170.0,
        177.0,
        162.0,
        123.0,
        94.0,
        86.0,
        78.0,
        49.0,
        35.0,
        22.0,
        27.0,
        21.0,
        9.0,
        8.0,
        11.0,
        2.0,
        8.0,
        2.0,
        1.0,
        2.0,
        1.0,
        3.0,
        1.0,
        0.0,
        0.0,
        0.0,
        0.0,
        0.0,
        0.0,
        1.0,
        0.0,
        0.0,
        0.0,
        0.0
      ],
      "silhouette_mask_path": "C:\\Users\\shrad\\TrendWeave\\MERGE_OUTPUT_FINAL\\Catwalks__Women_s_Key_Items___Bags_A_W_25_26_en\\page_8\\img_5_mask_1.png"
    },
    {
      "yolo_label": "zebra",
      "bbox": [
        0.0,
        231.08055114746094,
        292.8746643066406,
        581.1453857421875
      ],
      "confidence": 0.338410347700119,
      "clip_attributes": {
        "palette": {
          "label": "monochrome",
          "confidence": 0.22871722280979156
        },
        "dress_silhouette": {
          "label": "fit and flare",
          "confidence": 0.23855824768543243
        },
        "neckline": {
          "label": "square neckline",
          "confidence": 0.26017487049102783
        },
        "sleeve_type": {
          "label": "cap sleeves",
          "confidence": 0.23285995423793793
        },
        "top_silhouette": {
          "label": "wrap top",
          "confidence": 0.242554172873497
        },
        "bottom_style": {
          "label": "flared pants",
          "confidence": 0.2442745417356491
        },
        "outerwear": {
          "label": "blazer",
          "confidence": 0.23944862186908722
        },
        "shoe_type": {
          "label": "strappy sandals",
          "confidence": 0.2224629819393158
        },
        "bag_type": {
          "label": "shoulder bag",
          "confidence": 0.2780866026878357
        },
        "accessory": {
          "label": "hairband",
          "confidence": 0.2246711254119873
        },
        "hairstyle": {
          "label": "loose curls",
          "confidence": 0.21352356672286987
        },
        "setting": {
          "label": "street style",
          "confidence": 0.23407992720603943
        },
        "fabric_type": {
          "label": "satin",
          "confidence": 0.23517927527427673
        },
        "season": {
          "label": "spring",
          "confidence": 0.20001232624053955
        },
        "style_theme": {
          "label": "y2k",
          "confidence": 0.23487305641174316
        }
      },
      "dominant_colors": [
        [
          193,
          130,
          140
        ],
        [
          13,
          129,
          128
        ],
        [
          93,
          146,
          145
        ]
      ],
      "texture_histogram": [
        280.0,
        912.0,
        2719.0,
        2554.0,
        4214.0,
        3316.0,
        4223.0,
        8259.0,
        4218.0,
        3317.0,
        2221.0,
        1937.0,
        1892.0,
        1780.0,
        1627.0,
        1547.0,
        1542.0,
        1502.0,
        1366.0,
        1345.0,
        1216.0,
        1167.0,
        1136.0,
        1102.0,
        1052.0,
        1041.0,
        1065.0,
        1026.0,
        953.0,
        857.0,
        752.0,
        795.0,
        799.0,
        735.0,
        652.0,
        602.0,
        637.0,
        571.0,
        562.0,
        533.0,
        533.0,
        525.0,
        490.0,
        443.0,
        437.0,
        436.0,
        448.0,
        422.0,
        492.0,
        463.0,
        461.0,
        408.0,
        367.0,
        322.0,
        307.0,
        307.0,
        271.0,
        256.0,
        244.0,
        218.0,
        229.0,
        202.0,
        218.0,
        190.0,
        209.0,
        195.0,
        227.0,
        189.0,
        185.0,
        182.0,
        200.0,
        199.0,
        176.0,
        181.0,
        173.0,
        161.0,
        170.0,
        164.0,
        154.0,
        151.0,
        132.0,
        131.0,
        129.0,
        143.0,
        139.0,
        139.0,
        138.0,
        138.0,
        114.0,
        130.0,
        130.0,
        133.0,
        136.0,
        133.0,
        147.0,
        143.0,
        156.0,
        161.0,
        156.0,
        147.0,
        141.0,
        141.0,
        121.0,
        137.0,
        108.0,
        122.0,
        109.0,
        110.0,
        95.0,
        105.0,
        107.0,
        95.0,
        89.0,
        87.0,
        83.0,
        84.0,
        102.0,
        69.0,
        87.0,
        81.0,
        69.0,
        78.0,
        94.0,
        83.0,
        78.0,
        78.0,
        100.0,
        77.0,
        69.0,
        80.0,
        81.0,
        87.0,
        84.0,
        103.0,
        76.0,
        101.0,
        96.0,
        95.0,
        85.0,
        81.0,
        110.0,
        94.0,
        106.0,
        89.0,
        97.0,
        105.0,
        97.0,
        123.0,
        108.0,
        104.0,
        113.0,
        113.0,
        113.0,
        137.0,
        134.0,
        121.0,
        123.0,
        142.0,
        119.0,
        129.0,
        112.0,
        140.0,
        149.0,
        147.0,
        161.0,
        160.0,
        132.0,
        168.0,
        177.0,
        159.0,
        151.0,
        147.0,
        164.0,
        164.0,
        158.0,
        143.0,
        157.0,
        158.0,
        202.0,
        190.0,
        214.0,
        220.0,
        231.0,
        220.0,
        244.0,
        262.0,
        212.0,
        203.0,
        205.0,
        215.0,
        204.0,
        225.0,
        228.0,
        236.0,
        232.0,
        203.0,
        230.0,
        239.0,
        238.0,
        250.0,
        227.0,
        231.0,
        241.0,
        217.0,
        259.0,
        268.0,
        264.0,
        253.0,
        237.0,
        232.0,
        229.0,
        217.0,
        241.0,
        228.0,
        241.0,
        239.0,
        223.0,
        228.0,
        213.0,
        190.0,
        196.0,
        173.0,
        163.0,
        168.0,
        156.0,
        121.0,
        90.0,
        84.0,
        71.0,
        48.0,
        35.0,
        22.0,
        26.0,
        21.0,
        9.0,
        8.0,
        11.0,
        2.0,
        8.0,
        2.0,
        1.0,
        2.0,
        1.0,
        3.0,
        1.0,
        0.0,
        0.0,
        0.0,
        0.0,
        0.0,
        0.0,
        1.0,
        0.0,
        0.0,
        0.0,
        0.0
      ],
      "silhouette_mask_path": "C:\\Users\\shrad\\TrendWeave\\MERGE_OUTPUT_FINAL\\Catwalks__Women_s_Key_Items___Bags_A_W_25_26_en\\page_8\\img_5_mask_2.png"
    }
  ],
  "pose_keypoints": null
}