{
  "image": "C:\\Users\\shrad\\TrendWeave\\TrendWeave\\extracted_data\\Catwalks__Women_s_APAC_Key_Trends_A_W_25_26_en\\page_18\\img_2.jpeg",
  "items": [
    {
      "yolo_label": "person",
      "bbox": [
        208.10597229003906,
        0.03699607774615288,
        1264.3258056640625,
        672.6778564453125
      ],
      "confidence": 0.6236872673034668,
      "clip_attributes": {
        "palette": {
          "label": "earth tones",
          "confidence": 0.25675058364868164
        },
        "shoe_type": {
          "label": "boots",
          "confidence": 0.18652598559856415
        },
        "bag_type": {
          "label": "backpack",
          "confidence": 0.21734735369682312
        },
        "accessory": {
          "label": "ring",
          "confidence": 0.20323914289474487
        },
        "setting": {
          "label": "travel outfit",
          "confidence": 0.22181816399097443
        },
        "fabric_type": {
          "label": "linen",
          "confidence": 0.22973208129405975
        },
        "season": {
          "label": "winter",
          "confidence": 0.2221512347459793
        },
        "style_theme": {
          "label": "boho",
          "confidence": 0.23527321219444275
        }
      },
      "dominant_colors": [
        [
          148,
          132,
          142
        ],
        [
          80,
          131,
          135
        ],
        [
          24,
          133,
          134
        ]
      ],
      "texture_histogram": [
        86.0,
        786.0,
        1314.0,
        1251.0,
        1760.0,
        1935.0,
        2160.0,
        2815.0,
        2906.0,
        3175.0,
        3771.0,
        3733.0,
        4060.0,
        4408.0,
        4516.0,
        5120.0,
        5286.0,
        5682.0,
        6062.0,
        6204.0,
        6632.0,
        6798.0,
        6900.0,
        6978.0,
        6748.0,
        6723.0,
        6665.0,
        6655.0,
        6275.0,
        6213.0,
        5772.0,
        5802.0,
        5472.0,
        5232.0,
        5153.0,
        4826.0,
        4672.0,
        4473.0,
        4368.0,
        4367.0,
        3961.0,
        3972.0,
        4009.0,
        3828.0,
        3802.0,
        3715.0,
        3506.0,
        3432.0,
        3453.0,
        3296.0,
        3257.0,
        3228.0,
        3194.0,
        3159.0,
        3091.0,
        3143.0,
        2940.0,
        3104.0,
        2983.0,
        2911.0,
        2954.0,
        2993.0,
        3052.0,
        3135.0,
        3430.0,
        4120.0,
        5216.0,
        6904.0,
        9063.0,
        11758.0,
        14866.0,
        17711.0,
        20067.0,
        20981.0,
        21411.0,
        20297.0,
        18659.0,
        16959.0,
        14745.0,
        12043.0,
        9418.0,
        7330.0,
        5492.0,
        4204.0,
        3473.0,
        2909.0,
        2671.0,
        2456.0,
        2335.0,
        2187.0,
        2162.0,
        2155.0,
        2033.0,
        1977.0,
        1896.0,
        1917.0,
        1877.0,
        1812.0,
        1818.0,
        1849.0,
        1784.0,
        1744.0,
        1680.0,
        1689.0,
        1715.0,
        1681.0,
        1690.0,
        1739.0,
        1705.0,
        1701.0,
        1671.0,
        1640.0,
        1718.0,
        1731.0,
        1795.0,
        1785.0,
        1771.0,
        1754.0,
        1811.0,
        1876.0,
        1866.0,
        1892.0,
        2035.0,
        2020.0,
        2140.0,
        2293.0,
        2332.0,
        2468.0,
        2596.0,
        2634.0,
        2662.0,
        2774.0,
        2708.0,
        2791.0,
        2750.0,
        2741.0,
        2788.0,
        2936.0,
        3056.0,
        3163.0,
        3197.0,
        3058.0,
        2944.0,
        2912.0,
        3061.0,
        3021.0,
        2970.0,
        2973.0,
        3000.0,
        3138.0,
        3247.0,
        3287.0,
        3276.0,
        3303.0,
        3172.0,
        3160.0,
        2909.0,
        2837.0,
        2537.0,
        2389.0,
        2298.0,
        2216.0,
        2034.0,
        1782.0,
        1423.0,
        1141.0,
        1016.0,
        944.0,
        719.0,
        590.0,
        514.0,
        507.0,
        399.0,
        351.0,
        353.0,
        372.0,
        252.0,
        217.0,
        163.0,
        142.0,
        116.0,
        156.0,
        133.0,
        93.0,
        122.0,
        110.0,
        106.0,
        91.0,
        90.0,
        98.0,
        67.0,
        84.0,
        81.0,
        75.0,
        49.0,
        46.0,
        37.0,
        39.0,
        36.0,
        39.0,
        26.0,
        25.0,
        23.0,
        21.0,
        26.0,
        28.0,
        24.0,
        22.0,
        26.0,
        29.0,
        19.0,
        22.0,
        15.0,
        16.0,
        21.0,
        18.0,
        25.0,
        16.0,
        17.0,
        14.0,
        13.0,
        13.0,
        17.0,
        12.0,
        14.0,
        9.0,
        7.0,
        8.0,
        7.0,
        14.0,
        8.0,
        11.0,
        10.0,
        8.0,
        8.0,
        9.0,
        5.0,
        7.0,
        9.0,
        5.0,
        10.0,
        7.0,
        9.0,
        7.0,
        10.0,
        9.0,
        8.0,
        6.0,
        7.0,
        2.0,
        3.0,
        8.0,
        12.0,
        9.0,
        7.0,
        1.0
      ],
      "silhouette_mask_path": "C:\\Users\\shrad\\TrendWeave\\MERGE_OUTPUT_FINAL\\Catwalks__Women_s_APAC_Key_Trends_A_W_25_26_en\\page_18\\img_2_mask_0.png"
    },
    {
      "yolo_label": "teddy bear",
      "bbox": [
        977.9124145507812,
        498.21563720703125,
        1232.4903564453125,
        686.146240234375
      ],
      "confidence": 0.31142115592956543,
      "clip_attributes": {
        "palette": {
          "label": "muted tones",
          "confidence": 0.23775900900363922
        },
        "neckline": {
          "label": "mandarin collar",
          "confidence": 0.24567581713199615
        },
        "sleeve_type": {
          "label": "short sleeves",
          "confidence": 0.2148394137620926
        },
        "top_silhouette": {
          "label": "hoodie",
          "confidence": 0.2233452945947647
        },
        "bottom_style": {
          "label": "chinos",
          "confidence": 0.23287558555603027
        },
        "outerwear": {
          "label": "hoodie",
          "confidence": 0.2233452945947647
        },
        "shoe_type": {
          "label": "boots",
          "confidence": 0.22082626819610596
        },
        "bag_type": {
          "label": "backpack",
          "confidence": 0.21918894350528717
        },
        "accessory": {
          "label": "cap",
          "confidence": 0.2600298821926117
        },
        "hairstyle": {
          "label": "undercut",
          "confidence": 0.23827165365219116
        },
        "setting": {
          "label": "street casual",
          "confidence": 0.21781772375106812
        },
        "fabric_type": {
          "label": "linen",
          "confidence": 0.24511680006980896
        },
        "season": {
          "label": "monsoon",
          "confidence": 0.21987923979759216
        },
        "style_theme": {
          "label": "minimalist",
          "confidence": 0.2383100390434265
        }
      },
      "dominant_colors": [
        [
          156,
          130,
          138
        ],
        [
          130,
          130,
          139
        ],
        [
          80,
          129,
          131
        ]
      ],
      "texture_histogram": [
        0.0,
        4.0,
        19.0,
        4.0,
        4.0,
        4.0,
        6.0,
        8.0,
        6.0,
        2.0,
        13.0,
        17.0,
        19.0,
        17.0,
        26.0,
        30.0,
        41.0,
        63.0,
        51.0,
        71.0,
        74.0,
        62.0,
        70.0,
        68.0,
        53.0,
        59.0,
        47.0,
        34.0,
        40.0,
        48.0,
        28.0,
        35.0,
        29.0,
        30.0,
        30.0,
        26.0,
        29.0,
        28.0,
        32.0,
        21.0,
        19.0,
        23.0,
        19.0,
        18.0,
        19.0,
        22.0,
        19.0,
        22.0,
        26.0,
        25.0,
        36.0,
        32.0,
        37.0,
        33.0,
        47.0,
        33.0,
        22.0,
        34.0,
        25.0,
        51.0,
        52.0,
        51.0,
        58.0,
        58.0,
        60.0,
        60.0,
        69.0,
        69.0,
        47.0,
        70.0,
        99.0,
        108.0,
        167.0,
        230.0,
        437.0,
        761.0,
        1158.0,
        1588.0,
        1582.0,
        1385.0,
        1025.0,
        740.0,
        532.0,
        393.0,
        335.0,
        297.0,
        253.0,
        270.0,
        252.0,
        242.0,
        235.0,
        220.0,
        204.0,
        214.0,
        182.0,
        196.0,
        179.0,
        200.0,
        195.0,
        204.0,
        194.0,
        181.0,
        187.0,
        186.0,
        200.0,
        197.0,
        232.0,
        244.0,
        237.0,
        221.0,
        258.0,
        227.0,
        287.0,
        301.0,
        323.0,
        328.0,
        318.0,
        327.0,
        337.0,
        334.0,
        357.0,
        371.0,
        436.0,
        517.0,
        552.0,
        662.0,
        758.0,
        820.0,
        935.0,
        931.0,
        929.0,
        876.0,
        833.0,
        814.0,
        805.0,
        746.0,
        760.0,
        878.0,
        894.0,
        1014.0,
        948.0,
        848.0,
        684.0,
        600.0,
        562.0,
        466.0,
        460.0,
        385.0,
        320.0,
        304.0,
        307.0,
        301.0,
        306.0,
        328.0,
        290.0,
        351.0,
        305.0,
        331.0,
        265.0,
        249.0,
        251.0,
        256.0,
        229.0,
        256.0,
        356.0,
        313.0,
        335.0,
        295.0,
        218.0,
        189.0,
        101.0,
        67.0,
        33.0,
        12.0,
        12.0,
        10.0,
        6.0,
        6.0,
        7.0,
        5.0,
        5.0,
        6.0,
        3.0,
        2.0,
        5.0,
        2.0,
        1.0,
        3.0,
        1.0,
        2.0,
        1.0,
        2.0,
        2.0,
        3.0,
        0.0,
        1.0,
        2.0,
        1.0,
        0.0,
        0.0,
        1.0,
        2.0,
        3.0,
        0.0,
        4.0,
        0.0,
        1.0,
        2.0,
        7.0,
        0.0,
        2.0,
        1.0,
        0.0,
        0.0,
        1.0,
        3.0,
        4.0,
        2.0,
        0.0,
        2.0,
        1.0,
        1.0,
        0.0,
        0.0,
        0.0,
        0.0,
        0.0,
        0.0,
        0.0,
        0.0,
        0.0,
        0.0,
        0.0,
        0.0,
        0.0,
        0.0,
        0.0,
        0.0,
        0.0,
        0.0,
        0.0,
        0.0,
        0.0,
        0.0,
        0.0,
        0.0,
        0.0,
        0.0,
        0.0,
        0.0,
        0.0,
        0.0,
        0.0,
        0.0,
        0.0,
        0.0
      ],
      "silhouette_mask_path": "C:\\Users\\shrad\\TrendWeave\\MERGE_OUTPUT_FINAL\\Catwalks__Women_s_APAC_Key_Trends_A_W_25_26_en\\page_18\\img_2_mask_1.png"
    }
  ],
  "pose_keypoints": [
    {
      "x": 0.5094253420829773,
      "y": -0.0326046347618103,
      "z": -1.017014980316162,
      "visibility": 0.9980642199516296
    },
    {
      "x": 0.5475100874900818,
      "y": -0.10433703660964966,
      "z": -1.007361888885498,
      "visibility": 0.9947715401649475
    },
    {
      "x": 0.5656318664550781,
      "y": -0.10314810276031494,
      "z": -1.007341980934143,
      "visibility": 0.9931672215461731
    },
    {
      "x": 0.5836156606674194,
      "y": -0.10172533243894577,
      "z": -1.0074784755706787,
      "visibility": 0.9924938678741455
    },
    {
      "x": 0.4918310046195984,
      "y": -0.10895693302154541,
      "z": -0.9968883991241455,
      "visibility": 0.995464026927948
    },
    {
      "x": 0.47856032848358154,
      "y": -0.10437184572219849,
      "z": -0.9970496892929077,
      "visibility": 0.9944532513618469
    },
    {
      "x": 0.4667734205722809,
      "y": -0.09947038441896439,
      "z": -0.997225821018219,
      "visibility": 0.9952340722084045
    },
    {
      "x": 0.6138917803764343,
      "y": -0.07138270139694214,
      "z": -0.8697960376739502,
      "visibility": 0.9855555295944214
    },
    {
      "x": 0.4549252986907959,
      "y": -0.09448385238647461,
      "z": -0.8176038861274719,
      "visibility": 0.9937735795974731
    },
    {
      "x": 0.5358126759529114,
      "y": 0.053768157958984375,
      "z": -0.9574722051620483,
      "visibility": 0.9968269467353821
    },
    {
      "x": 0.484639436006546,
      "y": 0.04781001806259155,
      "z": -0.941848635673523,
      "visibility": 0.9976378679275513
    },
    {
      "x": 0.6802182197570801,
      "y": 0.1884174346923828,
      "z": -0.6714856028556824,
      "visibility": 0.9953059554100037
    },
    {
      "x": 0.3850911855697632,
      "y": 0.18019407987594604,
      "z": -0.6911537051200867,
      "visibility": 0.9992156028747559
    },
    {
      "x": 0.7320429086685181,
      "y": 0.5793228149414062,
      "z": -0.6328471302986145,
      "visibility": 0.782547652721405
    },
    {
      "x": 0.31969332695007324,
      "y": 0.5520310997962952,
      "z": -0.689433217048645,
      "visibility": 0.9548222422599792
    },
    {
      "x": 0.7296677827835083,
      "y": 0.9294598698616028,
      "z": -0.7759724855422974,
      "visibility": 0.4820460081100464
    },
    {
      "x": 0.3377452790737152,
      "y": 0.9863082766532898,
      "z": -0.766472578048706,
      "visibility": 0.8638795018196106
    },
    {
      "x": 0.7687476873397827,
      "y": 1.0280382633209229,
      "z": -0.8408076167106628,
      "visibility": 0.44868186116218567
    },
    {
      "x": 0.32265543937683105,
      "y": 1.094981074333191,
      "z": -0.8280594348907471,
      "visibility": 0.78151535987854
    },
    {
      "x": 0.7343352437019348,
      "y": 1.01739501953125,
      "z": -0.8836880326271057,
      "visibility": 0.492850661277771
    },
    {
      "x": 0.36825159192085266,
      "y": 1.0875921249389648,
      "z": -0.8516165018081665,
      "visibility": 0.7827363610267639
    },
    {
      "x": 0.7095121145248413,
      "y": 0.9911277890205383,
      "z": -0.7978655099868774,
      "visibility": 0.5376587510108948
    },
    {
      "x": 0.38757064938545227,
      "y": 1.0568630695343018,
      "z": -0.7777411937713623,
      "visibility": 0.7926796078681946
    },
    {
      "x": 0.5854524374008179,
      "y": 0.6657995581626892,
      "z": -0.011411203071475029,
      "visibility": 0.9930441975593567
    },
    {
      "x": 0.4258263409137726,
      "y": 0.6478502154350281,
      "z": 0.010952312499284744,
      "visibility": 0.9938381314277649
    },
    {
      "x": 0.6766719222068787,
      "y": 0.7566669583320618,
      "z": -0.03366228565573692,
      "visibility": 0.22324568033218384
    },
    {
      "x": 0.31304430961608887,
      "y": 0.7982520461082458,
      "z": 0.20026029646396637,
      "visibility": 0.34191977977752686
    },
    {
      "x": 0.7093353867530823,
      "y": 0.9089498519897461,
      "z": 0.45836323499679565,
      "visibility": 0.15479035675525665
    },
    {
      "x": 0.32363542914390564,
      "y": 0.9848443865776062,
      "z": 0.6152727603912354,
      "visibility": 0.1553235948085785
    },
    {
      "x": 0.6971834897994995,
      "y": 0.929809033870697,
      "z": 0.5032151937484741,
      "visibility": 0.16517561674118042
    },
    {
      "x": 0.3496689796447754,
      "y": 1.0164144039154053,
      "z": 0.6525918841362,
      "visibility": 0.13227471709251404
    },
    {
      "x": 0.7564728260040283,
      "y": 1.0739115476608276,
      "z": 0.39689332246780396,
      "visibility": 0.12202651053667068
    },
    {
      "x": 0.2479211837053299,
      "y": 1.1561594009399414,
      "z": 0.5543688535690308,
      "visibility": 0.11288031935691833
    }
  ]
}