{
  "image": "C:\\Users\\shrad\\TrendWeave\\TrendWeave\\extracted_data\\Catwalks__Women_s_Key_Items___Eyewear_A_W_25_26_en\\page_1\\img_1.jpeg",
  "items": [
    {
      "yolo_label": "person",
      "bbox": [
        387.38525390625,
        41.53411865234375,
        798.9495239257812,
        797.9166870117188
      ],
      "confidence": 0.7793208360671997,
      "clip_attributes": {
        "palette": {
          "label": "earth tones",
          "confidence": 0.2627626061439514
        },
        "dress_silhouette": {
          "label": "fit and flare",
          "confidence": 0.23873372375965118
        },
        "neckline": {
          "label": "square neckline",
          "confidence": 0.236291766166687
        },
        "sleeve_type": {
          "label": "puffed sleeves",
          "confidence": 0.223688006401062
        },
        "top_silhouette": {
          "label": "wrap top",
          "confidence": 0.23049157857894897
        },
        "bottom_style": {
          "label": "wide-leg pants",
          "confidence": 0.20845942199230194
        },
        "outerwear": {
          "label": "long coat",
          "confidence": 0.240367591381073
        },
        "shoe_type": {
          "label": "ankle boots",
          "confidence": 0.19817176461219788
        },
        "bag_type": {
          "label": "crossbody bag",
          "confidence": 0.22827741503715515
        },
        "accessory": {
          "label": "scarf",
          "confidence": 0.25671088695526123
        },
        "hairstyle": {
          "label": "high bun",
          "confidence": 0.23202161490917206
        },
        "setting": {
          "label": "brunch look",
          "confidence": 0.2373189628124237
        },
        "fabric_type": {
          "label": "satin",
          "confidence": 0.22751213610172272
        },
        "season": {
          "label": "fall",
          "confidence": 0.2150261253118515
        },
        "style_theme": {
          "label": "elegant chic",
          "confidence": 0.24740122258663177
        }
      },
      "dominant_colors": [
        [
          110,
          136,
          143
        ],
        [
          193,
          129,
          131
        ],
        [
          52,
          131,
          137
        ]
      ],
      "texture_histogram": [
        16.0,
        41.0,
        36.0,
        50.0,
        104.0,
        221.0,
        224.0,
        262.0,
        292.0,
        250.0,
        291.0,
        306.0,
        346.0,
        372.0,
        416.0,
        480.0,
        498.0,
        549.0,
        614.0,
        689.0,
        709.0,
        745.0,
        736.0,
        770.0,
        803.0,
        825.0,
        849.0,
        874.0,
        895.0,
        959.0,
        934.0,
        983.0,
        999.0,
        993.0,
        978.0,
        1102.0,
        1170.0,
        1220.0,
        1195.0,
        1211.0,
        1259.0,
        1141.0,
        1259.0,
        1224.0,
        1318.0,
        1309.0,
        1283.0,
        1336.0,
        1403.0,
        1516.0,
        1596.0,
        1706.0,
        1816.0,
        1951.0,
        1995.0,
        1992.0,
        2023.0,
        2104.0,
        2328.0,
        2213.0,
        2209.0,
        2241.0,
        2232.0,
        2121.0,
        2056.0,
        2106.0,
        2109.0,
        2110.0,
        2014.0,
        1959.0,
        1906.0,
        1980.0,
        1960.0,
        1931.0,
        1859.0,
        1928.0,
        1958.0,
        1966.0,
        2053.0,
        2087.0,
        2007.0,
        2014.0,
        1989.0,
        1975.0,
        1889.0,
        1894.0,
        1792.0,
        1714.0,
        1681.0,
        1630.0,
        1599.0,
        1645.0,
        1656.0,
        1674.0,
        1614.0,
        1452.0,
        1508.0,
        1503.0,
        1452.0,
        1406.0,
        1329.0,
        1273.0,
        1102.0,
        1084.0,
        1150.0,
        1087.0,
        1034.0,
        1022.0,
        931.0,
        928.0,
        958.0,
        855.0,
        868.0,
        885.0,
        889.0,
        776.0,
        865.0,
        857.0,
        802.0,
        826.0,
        810.0,
        779.0,
        812.0,
        798.0,
        786.0,
        822.0,
        768.0,
        833.0,
        820.0,
        835.0,
        787.0,
        823.0,
        813.0,
        843.0,
        788.0,
        856.0,
        867.0,
        861.0,
        870.0,
        854.0,
        808.0,
        820.0,
        889.0,
        928.0,
        969.0,
        1029.0,
        1106.0,
        1165.0,
        1186.0,
        1174.0,
        1309.0,
        1288.0,
        1334.0,
        1457.0,
        1455.0,
        1527.0,
        1630.0,
        1665.0,
        1829.0,
        1787.0,
        1650.0,
        1647.0,
        1653.0,
        1713.0,
        1836.0,
        2084.0,
        2118.0,
        2077.0,
        1824.0,
        1580.0,
        1461.0,
        1358.0,
        1391.0,
        1346.0,
        1367.0,
        1312.0,
        1364.0,
        1248.0,
        1369.0,
        1389.0,
        1351.0,
        1336.0,
        1470.0,
        1473.0,
        1513.0,
        1708.0,
        1681.0,
        1662.0,
        1587.0,
        1725.0,
        1701.0,
        1787.0,
        1866.0,
        2073.0,
        2183.0,
        2390.0,
        2508.0,
        2707.0,
        2622.0,
        2601.0,
        2690.0,
        2656.0,
        2675.0,
        2476.0,
        1850.0,
        1487.0,
        1354.0,
        1353.0,
        1405.0,
        1365.0,
        1362.0,
        1419.0,
        1403.0,
        1465.0,
        1350.0,
        1332.0,
        1414.0,
        1388.0,
        1358.0,
        1404.0,
        1238.0,
        1260.0,
        1339.0,
        1281.0,
        1208.0,
        1185.0,
        1065.0,
        1015.0,
        858.0,
        688.0,
        571.0,
        475.0,
        397.0,
        287.0,
        227.0,
        170.0,
        145.0,
        83.0,
        42.0,
        34.0,
        25.0,
        21.0,
        20.0,
        23.0,
        18.0,
        19.0,
        13.0,
        15.0,
        13.0,
        15.0,
        9.0,
        14.0,
        14.0,
        13.0,
        17.0,
        3.0
      ],
      "silhouette_mask_path": "C:\\Users\\shrad\\TrendWeave\\MERGE_OUTPUT_FINAL\\Catwalks__Women_s_Key_Items___Eyewear_A_W_25_26_en\\page_1\\img_1_mask_0.png"
    },
    {
      "yolo_label": "person",
      "bbox": [
        1.3945388793945312,
        28.6785888671875,
        575.5811767578125,
        798.3084106445312
      ],
      "confidence": 0.7183144092559814,
      "clip_attributes": {
        "palette": {
          "label": "earth tones",
          "confidence": 0.2517124116420746
        },
        "shoe_type": {
          "label": "boots",
          "confidence": 0.165645033121109
        },
        "bag_type": {
          "label": "crossbody bag",
          "confidence": 0.19422724843025208
        },
        "accessory": {
          "label": "sunglasses",
          "confidence": 0.23118892312049866
        },
        "setting": {
          "label": "travel outfit",
          "confidence": 0.20091824233531952
        },
        "fabric_type": {
          "label": "nylon",
          "confidence": 0.21042315661907196
        },
        "season": {
          "label": "fall",
          "confidence": 0.18993379175662994
        },
        "style_theme": {
          "label": "vintage",
          "confidence": 0.21090295910835266
        }
      },
      "dominant_colors": [
        [
          32,
          128,
          134
        ],
        [
          98,
          131,
          142
        ],
        [
          187,
          129,
          131
        ]
      ],
      "texture_histogram": [
        59.0,
        169.0,
        196.0,
        769.0,
        674.0,
        579.0,
        671.0,
        805.0,
        858.0,
        1024.0,
        1319.0,
        1707.0,
        2073.0,
        2452.0,
        3039.0,
        3385.0,
        3478.0,
        3661.0,
        3787.0,
        3817.0,
        3774.0,
        3520.0,
        3412.0,
        3402.0,
        3277.0,
        3305.0,
        3092.0,
        3002.0,
        2872.0,
        2874.0,
        2533.0,
        2553.0,
        2395.0,
        2229.0,
        2100.0,
        2043.0,
        1937.0,
        1931.0,
        1849.0,
        1883.0,
        1928.0,
        1780.0,
        1804.0,
        1816.0,
        1906.0,
        1862.0,
        1827.0,
        1960.0,
        2041.0,
        2466.0,
        2899.0,
        2926.0,
        3200.0,
        2929.0,
        2789.0,
        2734.0,
        2866.0,
        2915.0,
        3114.0,
        2879.0,
        2809.0,
        2798.0,
        2686.0,
        2777.0,
        2853.0,
        3064.0,
        3115.0,
        3543.0,
        3707.0,
        3991.0,
        4069.0,
        3923.0,
        3788.0,
        3735.0,
        3603.0,
        3626.0,
        3672.0,
        3525.0,
        3586.0,
        3641.0,
        3571.0,
        3694.0,
        3493.0,
        3531.0,
        3450.0,
        3319.0,
        3170.0,
        3159.0,
        3066.0,
        2965.0,
        2930.0,
        2978.0,
        2949.0,
        2904.0,
        2749.0,
        2585.0,
        2615.0,
        2574.0,
        2538.0,
        2373.0,
        2342.0,
        2181.0,
        2166.0,
        2101.0,
        2103.0,
        2086.0,
        2025.0,
        1982.0,
        1948.0,
        1956.0,
        1894.0,
        1821.0,
        1821.0,
        1864.0,
        1807.0,
        1820.0,
        1783.0,
        1841.0,
        1748.0,
        1779.0,
        1724.0,
        1681.0,
        1723.0,
        1599.0,
        1541.0,
        1510.0,
        1463.0,
        1386.0,
        1345.0,
        1300.0,
        1079.0,
        1093.0,
        1098.0,
        1017.0,
        1061.0,
        952.0,
        1033.0,
        879.0,
        911.0,
        835.0,
        875.0,
        884.0,
        803.0,
        830.0,
        867.0,
        814.0,
        840.0,
        846.0,
        801.0,
        806.0,
        831.0,
        768.0,
        771.0,
        754.0,
        770.0,
        770.0,
        728.0,
        734.0,
        701.0,
        738.0,
        702.0,
        703.0,
        690.0,
        757.0,
        715.0,
        766.0,
        828.0,
        936.0,
        1146.0,
        1253.0,
        1350.0,
        1468.0,
        1579.0,
        1431.0,
        1470.0,
        1698.0,
        1972.0,
        1992.0,
        2215.0,
        2310.0,
        2537.0,
        2428.0,
        2454.0,
        2498.0,
        2430.0,
        2480.0,
        2433.0,
        2409.0,
        2381.0,
        2402.0,
        2317.0,
        2262.0,
        2388.0,
        2629.0,
        2664.0,
        3013.0,
        3168.0,
        3377.0,
        3158.0,
        3205.0,
        3096.0,
        2950.0,
        2727.0,
        2071.0,
        1187.0,
        652.0,
        394.0,
        321.0,
        253.0,
        250.0,
        262.0,
        234.0,
        213.0,
        199.0,
        187.0,
        163.0,
        152.0,
        135.0,
        112.0,
        122.0,
        96.0,
        79.0,
        85.0,
        67.0,
        65.0,
        66.0,
        69.0,
        69.0,
        56.0,
        48.0,
        47.0,
        44.0,
        44.0,
        34.0,
        33.0,
        25.0,
        34.0,
        22.0,
        20.0,
        16.0,
        13.0,
        18.0,
        14.0,
        10.0,
        16.0,
        13.0,
        11.0,
        11.0,
        8.0,
        13.0,
        6.0,
        7.0,
        2.0,
        8.0,
        14.0,
        4.0
      ],
      "silhouette_mask_path": "C:\\Users\\shrad\\TrendWeave\\MERGE_OUTPUT_FINAL\\Catwalks__Women_s_Key_Items___Eyewear_A_W_25_26_en\\page_1\\img_1_mask_1.png"
    }
  ],
  "pose_keypoints": [
    {
      "x": 0.3642303943634033,
      "y": 0.3308675289154053,
      "z": -0.7951846122741699,
      "visibility": 0.9995062351226807
    },
    {
      "x": 0.24394088983535767,
      "y": 0.28339940309524536,
      "z": -0.7751251459121704,
      "visibility": 0.9992110729217529
    },
    {
      "x": 0.2707906663417816,
      "y": 0.28415828943252563,
      "z": -0.7759743332862854,
      "visibility": 0.99907386302948
    },
    {
      "x": 0.28250622749328613,
      "y": 0.28402942419052124,
      "z": -0.7762447595596313,
      "visibility": 0.9993667006492615
    },
    {
      "x": 0.3457704782485962,
      "y": 0.275246262550354,
      "z": -0.732756495475769,
      "visibility": 0.9991574287414551
    },
    {
      "x": 0.3244541883468628,
      "y": 0.27401840686798096,
      "z": -0.7323040962219238,
      "visibility": 0.9986497759819031
    },
    {
      "x": 0.13423016667366028,
      "y": 0.2823960781097412,
      "z": -0.7329046726226807,
      "visibility": 0.9987812638282776
    },
    {
      "x": 0.3232867419719696,
      "y": 0.30070269107818604,
      "z": -0.504330575466156,
      "visibility": 0.9995922446250916
    },
    {
      "x": 0.15883511304855347,
      "y": 0.29933786392211914,
      "z": -0.2933531701564789,
      "visibility": 0.9981217980384827
    },
    {
      "x": 0.24871878325939178,
      "y": 0.3991914987564087,
      "z": -0.6790017485618591,
      "visibility": 0.9994250535964966
    },
    {
      "x": 0.18173053860664368,
      "y": 0.39739543199539185,
      "z": -0.621848464012146,
      "visibility": 0.9990552067756653
    },
    {
      "x": 0.5755744576454163,
      "y": 0.5658591389656067,
      "z": -0.5245243310928345,
      "visibility": 0.9986276626586914
    },
    {
      "x": 0.17276126146316528,
      "y": 0.5647109746932983,
      "z": 0.12388007342815399,
      "visibility": 0.987026035785675
    },
    {
      "x": 0.6324607729911804,
      "y": 0.9925811886787415,
      "z": -0.5854179859161377,
      "visibility": 0.31512799859046936
    },
    {
      "x": 0.1121697723865509,
      "y": 0.9704811573028564,
      "z": 0.2261841893196106,
      "visibility": 0.03226841986179352
    },
    {
      "x": 0.5677825212478638,
      "y": 1.1168925762176514,
      "z": -0.6716428995132446,
      "visibility": 0.13721269369125366
    },
    {
      "x": 0.1071530282497406,
      "y": 1.1614725589752197,
      "z": -0.17627543210983276,
      "visibility": 0.023065194487571716
    },
    {
      "x": 0.5621602535247803,
      "y": 1.1630167961120605,
      "z": -0.7747452259063721,
      "visibility": 0.20472930371761322
    },
    {
      "x": 0.089496910572052,
      "y": 1.2377899885177612,
      "z": -0.24420851469039917,
      "visibility": 0.05047816410660744
    },
    {
      "x": 0.5459082722663879,
      "y": 1.1214207410812378,
      "z": -0.7825688719749451,
      "visibility": 0.29201415181159973
    },
    {
      "x": 0.11444792151451111,
      "y": 1.1998456716537476,
      "z": -0.3408266007900238,
      "visibility": 0.07875986397266388
    },
    {
      "x": 0.5385814905166626,
      "y": 1.107658863067627,
      "z": -0.6798669695854187,
      "visibility": 0.27403169870376587
    },
    {
      "x": 0.13115760684013367,
      "y": 1.173082947731018,
      "z": -0.23859526216983795,
      "visibility": 0.0763426274061203
    },
    {
      "x": 0.41147685050964355,
      "y": 1.2455183267593384,
      "z": -0.29941776394844055,
      "visibility": 0.0007620985270477831
    },
    {
      "x": 0.15259674191474915,
      "y": 1.231871247291565,
      "z": 0.3046509325504303,
      "visibility": 0.0009486483759246767
    },
    {
      "x": 0.39691075682640076,
      "y": 1.7840962409973145,
      "z": -0.2477431744337082,
      "visibility": 0.0032932988833636045
    },
    {
      "x": 0.16180367767810822,
      "y": 1.7820007801055908,
      "z": 0.4080160856246948,
      "visibility": 0.0013261870481073856
    },
    {
      "x": 0.3860882818698883,
      "y": 2.2500438690185547,
      "z": 0.43765684962272644,
      "visibility": 0.00016609499289188534
    },
    {
      "x": 0.1822078377008438,
      "y": 2.2487611770629883,
      "z": 0.8081339001655579,
      "visibility": 0.00020925645367242396
    },
    {
      "x": 0.40669384598731995,
      "y": 2.323936939239502,
      "z": 0.4735269248485565,
      "visibility": 0.00011648300278466195
    },
    {
      "x": 0.18992210924625397,
      "y": 2.3257217407226562,
      "z": 0.835360586643219,
      "visibility": 0.0003475099219940603
    },
    {
      "x": 0.29297804832458496,
      "y": 2.3869667053222656,
      "z": -0.0469069629907608,
      "visibility": 0.0005346034304238856
    },
    {
      "x": 0.12932690978050232,
      "y": 2.3791747093200684,
      "z": 0.33617645502090454,
      "visibility": 0.0010603934060782194
    }
  ]
}