{
  "image": "C:\\Users\\shrad\\TrendWeave\\TrendWeave\\extracted_data\\Catwalks__Women_s_APAC_Key_Trends_A_W_25_26_en\\page_21\\img_3.jpeg",
  "items": [
    {
      "yolo_label": "person",
      "bbox": [
        91.1588363647461,
        10.831635475158691,
        471.8938903808594,
        585.1746826171875
      ],
      "confidence": 0.7908611297607422,
      "clip_attributes": {
        "palette": {
          "label": "earth tones",
          "confidence": 0.25079113245010376
        },
        "dress_silhouette": {
          "label": "maxi dress",
          "confidence": 0.24190650880336761
        },
        "neckline": {
          "label": "square neckline",
          "confidence": 0.2571863532066345
        },
        "sleeve_type": {
          "label": "puffed sleeves",
          "confidence": 0.25970375537872314
        },
        "top_silhouette": {
          "label": "wrap top",
          "confidence": 0.22670955955982208
        },
        "bottom_style": {
          "label": "wide-leg pants",
          "confidence": 0.25859540700912476
        },
        "outerwear": {
          "label": "cardigan",
          "confidence": 0.2312597781419754
        },
        "shoe_type": {
          "label": "ankle boots",
          "confidence": 0.22651360929012299
        },
        "bag_type": {
          "label": "crossbody bag",
          "confidence": 0.2135067880153656
        },
        "accessory": {
          "label": "scarf",
          "confidence": 0.24210411310195923
        },
        "hairstyle": {
          "label": "high bun",
          "confidence": 0.23121415078639984
        },
        "setting": {
          "label": "brunch look",
          "confidence": 0.23316815495491028
        },
        "fabric_type": {
          "label": "linen",
          "confidence": 0.23472604155540466
        },
        "season": {
          "label": "fall",
          "confidence": 0.23031727969646454
        },
        "style_theme": {
          "label": "boho",
          "confidence": 0.25252801179885864
        }
      },
      "dominant_colors": [
        [
          78,
          130,
          134
        ],
        [
          143,
          139,
          162
        ],
        [
          194,
          130,
          153
        ]
      ],
      "texture_histogram": [
        0.0,
        0.0,
        0.0,
        0.0,
        0.0,
        0.0,
        0.0,
        0.0,
        0.0,
        0.0,
        0.0,
        0.0,
        0.0,
        0.0,
        0.0,
        0.0,
        0.0,
        0.0,
        0.0,
        0.0,
        0.0,
        0.0,
        0.0,
        0.0,
        0.0,
        0.0,
        0.0,
        0.0,
        0.0,
        0.0,
        0.0,
        0.0,
        1.0,
        0.0,
        1.0,
        1.0,
        1.0,
        2.0,
        1.0,
        3.0,
        1.0,
        8.0,
        9.0,
        9.0,
        14.0,
        14.0,
        26.0,
        30.0,
        51.0,
        78.0,
        127.0,
        195.0,
        281.0,
        450.0,
        695.0,
        1044.0,
        1418.0,
        1793.0,
        2378.0,
        2854.0,
        3399.0,
        4040.0,
        4263.0,
        4568.0,
        4895.0,
        5000.0,
        5160.0,
        5841.0,
        6174.0,
        6056.0,
        5629.0,
        4872.0,
        4143.0,
        3918.0,
        3550.0,
        3289.0,
        3144.0,
        2943.0,
        2817.0,
        2631.0,
        2349.0,
        2296.0,
        2167.0,
        1927.0,
        1766.0,
        1665.0,
        1419.0,
        1395.0,
        1256.0,
        1238.0,
        1132.0,
        1046.0,
        1004.0,
        1016.0,
        908.0,
        911.0,
        889.0,
        884.0,
        888.0,
        793.0,
        820.0,
        848.0,
        863.0,
        927.0,
        959.0,
        966.0,
        1108.0,
        1244.0,
        1082.0,
        960.0,
        919.0,
        903.0,
        887.0,
        887.0,
        977.0,
        984.0,
        1025.0,
        990.0,
        1030.0,
        983.0,
        1000.0,
        1040.0,
        1047.0,
        1164.0,
        1265.0,
        1326.0,
        1346.0,
        1384.0,
        1467.0,
        1356.0,
        1457.0,
        1480.0,
        1524.0,
        1627.0,
        1637.0,
        1708.0,
        1949.0,
        1928.0,
        2053.0,
        2048.0,
        2114.0,
        2039.0,
        2075.0,
        2131.0,
        2154.0,
        2137.0,
        2153.0,
        2044.0,
        1912.0,
        1910.0,
        1807.0,
        1786.0,
        1694.0,
        1587.0,
        1487.0,
        1351.0,
        1274.0,
        1042.0,
        929.0,
        770.0,
        647.0,
        536.0,
        492.0,
        396.0,
        331.0,
        277.0,
        241.0,
        217.0,
        232.0,
        183.0,
        172.0,
        145.0,
        168.0,
        170.0,
        131.0,
        141.0,
        115.0,
        125.0,
        135.0,
        120.0,
        125.0,
        129.0,
        119.0,
        154.0,
        94.0,
        98.0,
        103.0,
        106.0,
        93.0,
        81.0,
        90.0,
        100.0,
        73.0,
        88.0,
        82.0,
        89.0,
        76.0,
        76.0,
        66.0,
        73.0,
        75.0,
        92.0,
        134.0,
        199.0,
        349.0,
        436.0,
        592.0,
        626.0,
        409.0,
        184.0,
        97.0,
        51.0,
        22.0,
        10.0,
        4.0,
        1.0,
        0.0,
        0.0,
        0.0,
        0.0,
        0.0,
        0.0,
        0.0,
        0.0,
        0.0,
        0.0,
        0.0,
        0.0,
        0.0,
        0.0,
        0.0,
        0.0,
        0.0,
        0.0,
        0.0,
        0.0,
        0.0,
        0.0,
        0.0,
        0.0,
        0.0,
        0.0,
        0.0,
        0.0,
        0.0,
        0.0,
        0.0,
        0.0,
        0.0,
        0.0,
        0.0,
        0.0,
        0.0,
        0.0,
        0.0,
        0.0
      ],
      "silhouette_mask_path": "C:\\Users\\shrad\\TrendWeave\\MERGE_OUTPUT_FINAL\\Catwalks__Women_s_APAC_Key_Trends_A_W_25_26_en\\page_21\\img_3_mask_0.png"
    },
    {
      "yolo_label": "person",
      "bbox": [
        201.22389221191406,
        9.514921188354492,
        533.915283203125,
        584.7793579101562
      ],
      "confidence": 0.26926305890083313,
      "clip_attributes": {
        "palette": {
          "label": "earth tones",
          "confidence": 0.2654280364513397
        },
        "dress_silhouette": {
          "label": "wrap dress",
          "confidence": 0.2502300441265106
        },
        "neckline": {
          "label": "square neckline",
          "confidence": 0.25498366355895996
        },
        "sleeve_type": {
          "label": "bell sleeves",
          "confidence": 0.26583394408226013
        },
        "top_silhouette": {
          "label": "wrap top",
          "confidence": 0.22574210166931152
        },
        "bottom_style": {
          "label": "culottes",
          "confidence": 0.2326958179473877
        },
        "outerwear": {
          "label": "cardigan",
          "confidence": 0.25563687086105347
        },
        "shoe_type": {
          "label": "ballet flats",
          "confidence": 0.2328350841999054
        },
        "bag_type": {
          "label": "shoulder bag",
          "confidence": 0.2109822779893875
        },
        "accessory": {
          "label": "scarf",
          "confidence": 0.24536441266536713
        },
        "hairstyle": {
          "label": "high bun",
          "confidence": 0.2356540560722351
        },
        "setting": {
          "label": "brunch look",
          "confidence": 0.24515007436275482
        },
        "fabric_type": {
          "label": "linen",
          "confidence": 0.2505282461643219
        },
        "season": {
          "label": "fall",
          "confidence": 0.2531359791755676
        },
        "style_theme": {
          "label": "vintage",
          "confidence": 0.26310721039772034
        }
      },
      "dominant_colors": [
        [
          79,
          130,
          136
        ],
        [
          146,
          138,
          164
        ],
        [
          205,
          127,
          148
        ]
      ],
      "texture_histogram": [
        0.0,
        0.0,
        0.0,
        0.0,
        0.0,
        0.0,
        0.0,
        0.0,
        0.0,
        0.0,
        0.0,
        0.0,
        0.0,
        0.0,
        0.0,
        0.0,
        0.0,
        0.0,
        0.0,
        0.0,
        0.0,
        0.0,
        0.0,
        0.0,
        0.0,
        0.0,
        0.0,
        0.0,
        0.0,
        1.0,
        0.0,
        0.0,
        1.0,
        0.0,
        1.0,
        1.0,
        2.0,
        4.0,
        4.0,
        5.0,
        4.0,
        17.0,
        14.0,
        18.0,
        20.0,
        25.0,
        44.0,
        46.0,
        90.0,
        100.0,
        188.0,
        234.0,
        352.0,
        531.0,
        793.0,
        1119.0,
        1484.0,
        1771.0,
        2248.0,
        2566.0,
        2892.0,
        3224.0,
        3209.0,
        3267.0,
        3411.0,
        3395.0,
        3340.0,
        3719.0,
        3824.0,
        3644.0,
        3282.0,
        2742.0,
        2454.0,
        2261.0,
        2176.0,
        1978.0,
        1949.0,
        1908.0,
        1774.0,
        1679.0,
        1541.0,
        1589.0,
        1460.0,
        1328.0,
        1240.0,
        1201.0,
        1099.0,
        1087.0,
        1024.0,
        1077.0,
        1027.0,
        1016.0,
        984.0,
        1076.0,
        973.0,
        941.0,
        926.0,
        949.0,
        966.0,
        883.0,
        899.0,
        943.0,
        935.0,
        979.0,
        1020.0,
        1028.0,
        1154.0,
        1262.0,
        1112.0,
        999.0,
        957.0,
        958.0,
        944.0,
        959.0,
        1037.0,
        1023.0,
        1021.0,
        972.0,
        1010.0,
        1018.0,
        981.0,
        1028.0,
        1018.0,
        1115.0,
        1168.0,
        1200.0,
        1206.0,
        1208.0,
        1279.0,
        1212.0,
        1286.0,
        1302.0,
        1307.0,
        1354.0,
        1373.0,
        1376.0,
        1533.0,
        1463.0,
        1650.0,
        1696.0,
        1831.0,
        1822.0,
        1899.0,
        1950.0,
        2008.0,
        2059.0,
        2078.0,
        2033.0,
        1874.0,
        1926.0,
        1821.0,
        1755.0,
        1613.0,
        1535.0,
        1422.0,
        1294.0,
        1278.0,
        1099.0,
        1004.0,
        898.0,
        811.0,
        690.0,
        667.0,
        638.0,
        555.0,
        510.0,
        437.0,
        447.0,
        431.0,
        390.0,
        371.0,
        330.0,
        337.0,
        331.0,
        287.0,
        271.0,
        272.0,
        269.0,
        276.0,
        252.0,
        229.0,
        246.0,
        223.0,
        279.0,
        183.0,
        199.0,
        204.0,
        190.0,
        194.0,
        156.0,
        168.0,
        175.0,
        128.0,
        149.0,
        124.0,
        145.0,
        124.0,
        113.0,
        100.0,
        98.0,
        101.0,
        115.0,
        171.0,
        269.0,
        422.0,
        544.0,
        747.0,
        924.0,
        933.0,
        900.0,
        926.0,
        1014.0,
        808.0,
        660.0,
        434.0,
        257.0,
        188.0,
        62.0,
        19.0,
        5.0,
        3.0,
        4.0,
        5.0,
        4.0,
        0.0,
        0.0,
        2.0,
        0.0,
        0.0,
        0.0,
        0.0,
        0.0,
        0.0,
        1.0,
        1.0,
        0.0,
        0.0,
        0.0,
        0.0,
        0.0,
        0.0,
        0.0,
        0.0,
        0.0,
        0.0,
        0.0,
        0.0,
        0.0,
        0.0,
        0.0,
        0.0,
        0.0,
        0.0,
        0.0,
        0.0,
        0.0
      ],
      "silhouette_mask_path": "C:\\Users\\shrad\\TrendWeave\\MERGE_OUTPUT_FINAL\\Catwalks__Women_s_APAC_Key_Trends_A_W_25_26_en\\page_21\\img_3_mask_1.png"
    }
  ],
  "pose_keypoints": [
    {
      "x": 0.4545546770095825,
      "y": 0.17180576920509338,
      "z": -0.27216869592666626,
      "visibility": 0.9999535083770752
    },
    {
      "x": 0.46967095136642456,
      "y": 0.1497257649898529,
      "z": -0.2428954690694809,
      "visibility": 0.9999834299087524
    },
    {
      "x": 0.47863197326660156,
      "y": 0.14789018034934998,
      "z": -0.24301397800445557,
      "visibility": 0.9999750852584839
    },
    {
      "x": 0.4863957166671753,
      "y": 0.14631780982017517,
      "z": -0.24317382276058197,
      "visibility": 0.999981164932251
    },
    {
      "x": 0.44082215428352356,
      "y": 0.15639370679855347,
      "z": -0.24339081346988678,
      "visibility": 0.9999668598175049
    },
    {
      "x": 0.4320956766605377,
      "y": 0.15862631797790527,
      "z": -0.24349455535411835,
      "visibility": 0.9999349117279053
    },
    {
      "x": 0.42546242475509644,
      "y": 0.16039711236953735,
      "z": -0.24348627030849457,
      "visibility": 0.9999494552612305
    },
    {
      "x": 0.5064179301261902,
      "y": 0.1479254961013794,
      "z": -0.07887965440750122,
      "visibility": 0.9999727010726929
    },
    {
      "x": 0.4262359142303467,
      "y": 0.16699406504631042,
      "z": -0.0801166296005249,
      "visibility": 0.999906063079834
    },
    {
      "x": 0.47619888186454773,
      "y": 0.19169458746910095,
      "z": -0.2108539491891861,
      "visibility": 0.9999138116836548
    },
    {
      "x": 0.44859814643859863,
      "y": 0.1953435242176056,
      "z": -0.2111774981021881,
      "visibility": 0.9998511075973511
    },
    {
      "x": 0.5584090948104858,
      "y": 0.23048777878284454,
      "z": 0.049798838794231415,
      "visibility": 0.9993060827255249
    },
    {
      "x": 0.4282500147819519,
      "y": 0.25238311290740967,
      "z": -0.05375426262617111,
      "visibility": 0.9991403818130493
    },
    {
      "x": 0.6290844082832336,
      "y": 0.32041826844215393,
      "z": 0.024464016780257225,
      "visibility": 0.2952350080013275
    },
    {
      "x": 0.40062499046325684,
      "y": 0.32485660910606384,
      "z": -0.16516169905662537,
      "visibility": 0.2072066068649292
    },
    {
      "x": 0.6897318959236145,
      "y": 0.3744494318962097,
      "z": -0.1160256564617157,
      "visibility": 0.18807178735733032
    },
    {
      "x": 0.41602304577827454,
      "y": 0.24271367490291595,
      "z": -0.31458428502082825,
      "visibility": 0.22293144464492798
    },
    {
      "x": 0.7296943664550781,
      "y": 0.38973405957221985,
      "z": -0.12250447273254395,
      "visibility": 0.1997726559638977
    },
    {
      "x": 0.4242795705795288,
      "y": 0.23072828352451324,
      "z": -0.3378152549266815,
      "visibility": 0.21632416546344757
    },
    {
      "x": 0.7307577133178711,
      "y": 0.3881211578845978,
      "z": -0.15333934128284454,
      "visibility": 0.20204544067382812
    },
    {
      "x": 0.42617684602737427,
      "y": 0.22457066178321838,
      "z": -0.33059316873550415,
      "visibility": 0.20665419101715088
    },
    {
      "x": 0.7113028764724731,
      "y": 0.3909969627857208,
      "z": -0.1303260326385498,
      "visibility": 0.21461397409439087
    },
    {
      "x": 0.4277224540710449,
      "y": 0.23132146894931793,
      "z": -0.31419461965560913,
      "visibility": 0.21560485661029816
    },
    {
      "x": 0.5696111917495728,
      "y": 0.41916537284851074,
      "z": 0.08208271116018295,
      "visibility": 0.9998082518577576
    },
    {
      "x": 0.5052576661109924,
      "y": 0.4511328637599945,
      "z": -0.082338847219944,
      "visibility": 0.9998536109924316
    },
    {
      "x": 0.6678041219711304,
      "y": 0.34171831607818604,
      "z": 0.08191969990730286,
      "visibility": 0.7469438314437866
    },
    {
      "x": 0.5788570046424866,
      "y": 0.3615474998950958,
      "z": -0.26899468898773193,
      "visibility": 0.876990795135498
    },
    {
      "x": 0.716739296913147,
      "y": 0.43378281593322754,
      "z": 0.08514583110809326,
      "visibility": 0.7667370438575745
    },
    {
      "x": 0.66526859998703,
      "y": 0.42819616198539734,
      "z": -0.1355845034122467,
      "visibility": 0.6785421371459961
    },
    {
      "x": 0.7097046971321106,
      "y": 0.46033474802970886,
      "z": 0.08169504255056381,
      "visibility": 0.774482250213623
    },
    {
      "x": 0.6609369516372681,
      "y": 0.44991955161094666,
      "z": -0.12008722871541977,
      "visibility": 0.6618947386741638
    },
    {
      "x": 0.7731941938400269,
      "y": 0.4245755076408386,
      "z": 0.01918046362698078,
      "visibility": 0.7382038831710815
    },
    {
      "x": 0.7489585280418396,
      "y": 0.42541757225990295,
      "z": -0.16310232877731323,
      "visibility": 0.6632717251777649
    }
  ]
}