{
  "image": "C:\\Users\\shrad\\TrendWeave\\TrendWeave\\extracted_data\\Catwalks__Women_s_APAC_Key_Trends_A_W_25_26_en\\page_21\\img_2.jpeg",
  "items": [
    {
      "yolo_label": "person",
      "bbox": [
        1.038963794708252,
        24.08466911315918,
        566.990234375,
        575.0726318359375
      ],
      "confidence": 0.7029637694358826,
      "clip_attributes": {
        "palette": {
          "label": "earth tones",
          "confidence": 0.2569202482700348
        },
        "shoe_type": {
          "label": "boots",
          "confidence": 0.2561951279640198
        },
        "bag_type": {
          "label": "crossbody bag",
          "confidence": 0.23306141793727875
        },
        "accessory": {
          "label": "ring",
          "confidence": 0.2145385593175888
        },
        "setting": {
          "label": "travel outfit",
          "confidence": 0.24434591829776764
        },
        "fabric_type": {
          "label": "linen",
          "confidence": 0.28466302156448364
        },
        "season": {
          "label": "fall",
          "confidence": 0.20910482108592987
        },
        "style_theme": {
          "label": "athleisure",
          "confidence": 0.24587419629096985
        }
      },
      "dominant_colors": [
        [
          230,
          129,
          128
        ],
        [
          51,
          133,
          132
        ],
        [
          130,
          131,
          131
        ]
      ],
      "texture_histogram": [
        22.0,
        74.0,
        107.0,
        86.0,
        159.0,
        174.0,
        208.0,
        286.0,
        319.0,
        386.0,
        597.0,
        662.0,
        729.0,
        690.0,
        793.0,
        748.0,
        857.0,
        806.0,
        825.0,
        1030.0,
        1081.0,
        1090.0,
        1195.0,
        1123.0,
        1115.0,
        1129.0,
        1134.0,
        1077.0,
        1159.0,
        1299.0,
        1329.0,
        1461.0,
        1560.0,
        1600.0,
        1497.0,
        1458.0,
        1408.0,
        1326.0,
        1338.0,
        1303.0,
        1262.0,
        1303.0,
        1321.0,
        1303.0,
        1291.0,
        1288.0,
        1142.0,
        1213.0,
        1178.0,
        1359.0,
        1357.0,
        1487.0,
        1470.0,
        1542.0,
        1501.0,
        1469.0,
        1566.0,
        1626.0,
        1686.0,
        1635.0,
        1628.0,
        1619.0,
        1638.0,
        1597.0,
        1673.0,
        1586.0,
        1573.0,
        1551.0,
        1490.0,
        1533.0,
        1452.0,
        1451.0,
        1444.0,
        1398.0,
        1325.0,
        1278.0,
        1361.0,
        1338.0,
        1406.0,
        1384.0,
        1452.0,
        1375.0,
        1408.0,
        1402.0,
        1416.0,
        1481.0,
        1449.0,
        1590.0,
        1545.0,
        1538.0,
        1680.0,
        1589.0,
        1624.0,
        1575.0,
        1604.0,
        1567.0,
        1596.0,
        1558.0,
        1589.0,
        1563.0,
        1534.0,
        1503.0,
        1540.0,
        1377.0,
        1372.0,
        1330.0,
        1296.0,
        1224.0,
        1230.0,
        1197.0,
        1133.0,
        1073.0,
        1093.0,
        1096.0,
        1053.0,
        1046.0,
        961.0,
        997.0,
        978.0,
        911.0,
        897.0,
        881.0,
        852.0,
        864.0,
        809.0,
        806.0,
        741.0,
        749.0,
        757.0,
        748.0,
        781.0,
        726.0,
        749.0,
        757.0,
        832.0,
        856.0,
        881.0,
        857.0,
        892.0,
        932.0,
        956.0,
        1008.0,
        1032.0,
        1026.0,
        1070.0,
        1046.0,
        1088.0,
        1058.0,
        1040.0,
        1095.0,
        1010.0,
        1121.0,
        1106.0,
        1078.0,
        1044.0,
        992.0,
        981.0,
        990.0,
        923.0,
        885.0,
        926.0,
        868.0,
        792.0,
        803.0,
        770.0,
        678.0,
        692.0,
        676.0,
        593.0,
        516.0,
        564.0,
        533.0,
        499.0,
        466.0,
        423.0,
        402.0,
        394.0,
        368.0,
        376.0,
        386.0,
        391.0,
        403.0,
        386.0,
        354.0,
        361.0,
        362.0,
        356.0,
        351.0,
        372.0,
        364.0,
        434.0,
        388.0,
        421.0,
        498.0,
        475.0,
        478.0,
        516.0,
        531.0,
        554.0,
        576.0,
        582.0,
        545.0,
        514.0,
        579.0,
        574.0,
        671.0,
        733.0,
        742.0,
        717.0,
        614.0,
        659.0,
        668.0,
        724.0,
        800.0,
        917.0,
        907.0,
        941.0,
        1048.0,
        1218.0,
        1220.0,
        1303.0,
        1492.0,
        1565.0,
        1681.0,
        1812.0,
        1923.0,
        2087.0,
        2344.0,
        2333.0,
        2457.0,
        2581.0,
        2606.0,
        2969.0,
        2915.0,
        3183.0,
        4972.0,
        6070.0,
        6638.0,
        5352.0,
        4509.0,
        4306.0,
        5990.0,
        6876.0,
        8138.0,
        4338.0,
        240.0,
        145.0,
        87.0,
        76.0,
        61.0,
        42.0,
        34.0,
        32.0,
        35.0,
        28.0,
        1.0
      ],
      "silhouette_mask_path": "C:\\Users\\shrad\\TrendWeave\\MERGE_OUTPUT_FINAL\\Catwalks__Women_s_APAC_Key_Trends_A_W_25_26_en\\page_21\\img_2_mask_0.png"
    }
  ],
  "pose_keypoints": [
    {
      "x": 0.5009278655052185,
      "y": 0.13701733946800232,
      "z": -0.15521399676799774,
      "visibility": 0.9999784231185913
    },
    {
      "x": 0.5134111642837524,
      "y": 0.1176595687866211,
      "z": -0.12300556153059006,
      "visibility": 0.9999634027481079
    },
    {
      "x": 0.5221396088600159,
      "y": 0.11630642414093018,
      "z": -0.12300653010606766,
      "visibility": 0.9999649524688721
    },
    {
      "x": 0.529215931892395,
      "y": 0.11538966745138168,
      "z": -0.12334224581718445,
      "visibility": 0.999964714050293
    },
    {
      "x": 0.489262193441391,
      "y": 0.12058362364768982,
      "z": -0.11345995217561722,
      "visibility": 0.999941349029541
    },
    {
      "x": 0.48297643661499023,
      "y": 0.12121620774269104,
      "z": -0.1133563220500946,
      "visibility": 0.9999387264251709
    },
    {
      "x": 0.4777216911315918,
      "y": 0.12163189798593521,
      "z": -0.1129440888762474,
      "visibility": 0.9999502897262573
    },
    {
      "x": 0.540530264377594,
      "y": 0.12049893289804459,
      "z": 0.07621217519044876,
      "visibility": 0.9999724626541138
    },
    {
      "x": 0.47472065687179565,
      "y": 0.124866783618927,
      "z": 0.11879914999008179,
      "visibility": 0.9999439716339111
    },
    {
      "x": 0.5186769962310791,
      "y": 0.15358230471611023,
      "z": -0.08169736713171005,
      "visibility": 0.999943733215332
    },
    {
      "x": 0.4896811544895172,
      "y": 0.15578430891036987,
      "z": -0.0687091052532196,
      "visibility": 0.9998714923858643
    },
    {
      "x": 0.6000316739082336,
      "y": 0.20159775018692017,
      "z": 0.16910889744758606,
      "visibility": 0.9999698400497437
    },
    {
      "x": 0.4389399588108063,
      "y": 0.21710272133350372,
      "z": 0.3529057800769806,
      "visibility": 0.9990639090538025
    },
    {
      "x": 0.7032464742660522,
      "y": 0.2309505194425583,
      "z": 0.3001589775085449,
      "visibility": 0.9944025874137878
    },
    {
      "x": 0.3175444006919861,
      "y": 0.21778686344623566,
      "z": 0.6196000576019287,
      "visibility": 0.8196268081665039
    },
    {
      "x": 0.8207650184631348,
      "y": 0.27672404050827026,
      "z": 0.3743589222431183,
      "visibility": 0.9386365413665771
    },
    {
      "x": 0.21556437015533447,
      "y": 0.2323649823665619,
      "z": 0.7588138580322266,
      "visibility": 0.8620350360870361
    },
    {
      "x": 0.85753333568573,
      "y": 0.3049795925617218,
      "z": 0.3881092667579651,
      "visibility": 0.8088006973266602
    },
    {
      "x": 0.1787879765033722,
      "y": 0.2411239743232727,
      "z": 0.7754412889480591,
      "visibility": 0.7575883269309998
    },
    {
      "x": 0.8516470789909363,
      "y": 0.31320920586586,
      "z": 0.31061822175979614,
      "visibility": 0.8428701758384705
    },
    {
      "x": 0.1761890947818756,
      "y": 0.23979893326759338,
      "z": 0.7295864820480347,
      "visibility": 0.7617064714431763
    },
    {
      "x": 0.8340339660644531,
      "y": 0.30472493171691895,
      "z": 0.34176743030548096,
      "visibility": 0.869330108165741
    },
    {
      "x": 0.19217625260353088,
      "y": 0.2433488816022873,
      "z": 0.7381789684295654,
      "visibility": 0.8036460876464844
    },
    {
      "x": 0.5628148913383484,
      "y": 0.4535812437534332,
      "z": -0.06501500308513641,
      "visibility": 0.9988034963607788
    },
    {
      "x": 0.45583081245422363,
      "y": 0.45861029624938965,
      "z": 0.0652846023440361,
      "visibility": 0.9981849789619446
    },
    {
      "x": 0.659785270690918,
      "y": 0.5359092354774475,
      "z": -0.5795148611068726,
      "visibility": 0.975642204284668
    },
    {
      "x": 0.30941206216812134,
      "y": 0.5041800141334534,
      "z": -0.5345700979232788,
      "visibility": 0.9768446087837219
    },
    {
      "x": 0.6461921334266663,
      "y": 0.8308408260345459,
      "z": -0.49608051776885986,
      "visibility": 0.9188595414161682
    },
    {
      "x": 0.367603063583374,
      "y": 0.7821232080459595,
      "z": -0.4324793219566345,
      "visibility": 0.9268996715545654
    },
    {
      "x": 0.6303910613059998,
      "y": 0.8636701107025146,
      "z": -0.49381309747695923,
      "visibility": 0.7878948450088501
    },
    {
      "x": 0.39674076437950134,
      "y": 0.814254641532898,
      "z": -0.43282002210617065,
      "visibility": 0.8760107755661011
    },
    {
      "x": 0.6271989941596985,
      "y": 0.9344980120658875,
      "z": -0.715824544429779,
      "visibility": 0.8809285759925842
    },
    {
      "x": 0.3124059736728668,
      "y": 0.9076902866363525,
      "z": -0.6253606677055359,
      "visibility": 0.8794663548469543
    }
  ]
}