{
  "image": "C:\\Users\\shrad\\TrendWeave\\TrendWeave\\extracted_data\\Catwalks__Women_s_Key_Items___Jewellery_A_W_25_26_en\\page_6\\img_1.jpeg",
  "items": [
    {
      "yolo_label": "person",
      "bbox": [
        40.24078369140625,
        3.229840040206909,
        292.4266357421875,
        581.4359130859375
      ],
      "confidence": 0.83042311668396,
      "clip_attributes": {
        "palette": {
          "label": "earth tones",
          "confidence": 0.2309119552373886
        },
        "dress_silhouette": {
          "label": "fit and flare",
          "confidence": 0.2282465547323227
        },
        "neckline": {
          "label": "square neckline",
          "confidence": 0.22402901947498322
        },
        "sleeve_type": {
          "label": "bell sleeves",
          "confidence": 0.24608448147773743
        },
        "top_silhouette": {
          "label": "peplum",
          "confidence": 0.21818725764751434
        },
        "bottom_style": {
          "label": "flared pants",
          "confidence": 0.21523913741111755
        },
        "outerwear": {
          "label": "cardigan",
          "confidence": 0.1954536885023117
        },
        "shoe_type": {
          "label": "ballet flats",
          "confidence": 0.23656709492206573
        },
        "bag_type": {
          "label": "clutch",
          "confidence": 0.1945391446352005
        },
        "accessory": {
          "label": "watch",
          "confidence": 0.23808924853801727
        },
        "hairstyle": {
          "label": "loose curls",
          "confidence": 0.195529967546463
        },
        "setting": {
          "label": "office wear",
          "confidence": 0.22719036042690277
        },
        "fabric_type": {
          "label": "satin",
          "confidence": 0.232463076710701
        },
        "season": {
          "label": "spring",
          "confidence": 0.19354669749736786
        },
        "style_theme": {
          "label": "elegant chic",
          "confidence": 0.23870767652988434
        }
      },
      "dominant_colors": [
        [
          150,
          136,
          138
        ],
        [
          12,
          129,
          126
        ],
        [
          199,
          136,
          149
        ]
      ],
      "texture_histogram": [
        46.0,
        94.0,
        170.0,
        390.0,
        1243.0,
        1960.0,
        1837.0,
        2408.0,
        1555.0,
        1050.0,
        847.0,
        762.0,
        636.0,
        589.0,
        587.0,
        530.0,
        554.0,
        630.0,
        661.0,
        894.0,
        1031.0,
        1032.0,
        727.0,
        450.0,
        298.0,
        240.0,
        72.0,
        55.0,
        40.0,
        33.0,
        13.0,
        18.0,
        19.0,
        22.0,
        19.0,
        9.0,
        11.0,
        12.0,
        10.0,
        9.0,
        28.0,
        17.0,
        21.0,
        29.0,
        49.0,
        63.0,
        67.0,
        53.0,
        66.0,
        40.0,
        43.0,
        51.0,
        53.0,
        50.0,
        57.0,
        33.0,
        39.0,
        49.0,
        34.0,
        42.0,
        31.0,
        30.0,
        29.0,
        33.0,
        35.0,
        52.0,
        32.0,
        40.0,
        45.0,
        55.0,
        52.0,
        55.0,
        51.0,
        60.0,
        58.0,
        63.0,
        72.0,
        83.0,
        65.0,
        71.0,
        67.0,
        64.0,
        84.0,
        85.0,
        78.0,
        93.0,
        80.0,
        89.0,
        101.0,
        87.0,
        87.0,
        98.0,
        99.0,
        108.0,
        100.0,
        130.0,
        142.0,
        130.0,
        166.0,
        179.0,
        165.0,
        189.0,
        203.0,
        204.0,
        205.0,
        189.0,
        177.0,
        167.0,
        156.0,
        186.0,
        183.0,
        169.0,
        185.0,
        179.0,
        158.0,
        175.0,
        155.0,
        185.0,
        191.0,
        201.0,
        233.0,
        234.0,
        247.0,
        296.0,
        277.0,
        308.0,
        300.0,
        313.0,
        300.0,
        311.0,
        311.0,
        333.0,
        350.0,
        328.0,
        363.0,
        354.0,
        370.0,
        388.0,
        408.0,
        503.0,
        532.0,
        551.0,
        594.0,
        628.0,
        641.0,
        668.0,
        679.0,
        694.0,
        707.0,
        719.0,
        689.0,
        825.0,
        884.0,
        903.0,
        873.0,
        1038.0,
        1055.0,
        1083.0,
        1081.0,
        1049.0,
        1128.0,
        1077.0,
        1041.0,
        1092.0,
        1033.0,
        1141.0,
        1216.0,
        1238.0,
        1364.0,
        1380.0,
        1451.0,
        1444.0,
        1470.0,
        1679.0,
        1628.0,
        1648.0,
        1718.0,
        1664.0,
        1711.0,
        1762.0,
        1744.0,
        1721.0,
        1762.0,
        1856.0,
        1816.0,
        1748.0,
        1884.0,
        2024.0,
        2290.0,
        2272.0,
        2069.0,
        1888.0,
        1854.0,
        1679.0,
        1678.0,
        1513.0,
        1376.0,
        1211.0,
        1082.0,
        1181.0,
        1165.0,
        1230.0,
        1107.0,
        1174.0,
        1258.0,
        1304.0,
        1313.0,
        1308.0,
        1319.0,
        1354.0,
        1280.0,
        1396.0,
        1397.0,
        1434.0,
        1472.0,
        1471.0,
        1488.0,
        1247.0,
        1149.0,
        1158.0,
        1081.0,
        1034.0,
        1089.0,
        870.0,
        633.0,
        395.0,
        185.0,
        78.0,
        50.0,
        11.0,
        5.0,
        6.0,
        2.0,
        0.0,
        4.0,
        2.0,
        2.0,
        4.0,
        2.0,
        4.0,
        6.0,
        4.0,
        2.0,
        3.0,
        3.0,
        5.0,
        4.0,
        3.0,
        1.0,
        5.0,
        2.0,
        5.0,
        4.0,
        10.0,
        9.0,
        8.0
      ],
      "silhouette_mask_path": "C:\\Users\\shrad\\TrendWeave\\MERGE_OUTPUT_FINAL\\Catwalks__Women_s_Key_Items___Jewellery_A_W_25_26_en\\page_6\\img_1_mask_0.png"
    }
  ],
  "pose_keypoints": null
}