{
  "image": "C:\\Users\\shrad\\TrendWeave\\TrendWeave\\extracted_data\\Catwalks__Women_s_Key_Items___Cut___Sew_A_W_25_26_en\\page_4\\img_4.jpeg",
  "items": [
    {
      "yolo_label": "person",
      "bbox": [
        6.111644744873047,
        48.69488525390625,
        550.6517333984375,
        1166.329345703125
      ],
      "confidence": 0.8846367597579956,
      "clip_attributes": {
        "palette": {
          "label": "earth tones",
          "confidence": 0.2418377846479416
        },
        "shoe_type": {
          "label": "canvas shoes",
          "confidence": 0.21396811306476593
        },
        "bag_type": {
          "label": "tote bag",
          "confidence": 0.222756490111351
        },
        "accessory": {
          "label": "sunglasses",
          "confidence": 0.19830527901649475
        },
        "setting": {
          "label": "travel outfit",
          "confidence": 0.23273909091949463
        },
        "fabric_type": {
          "label": "linen",
          "confidence": 0.25819888710975647
        },
        "season": {
          "label": "fall",
          "confidence": 0.20792467892169952
        },
        "style_theme": {
          "label": "athleisure",
          "confidence": 0.2476021647453308
        }
      },
      "dominant_colors": [
        [
          193,
          129,
          128
        ],
        [
          127,
          135,
          130
        ],
        [
          44,
          134,
          132
        ]
      ],
      "texture_histogram": [
        33.0,
        131.0,
        172.0,
        210.0,
        229.0,
        221.0,
        217.0,
        308.0,
        378.0,
        559.0,
        447.0,
        292.0,
        256.0,
        202.0,
        277.0,
        285.0,
        276.0,
        284.0,
        310.0,
        371.0,
        423.0,
        418.0,
        625.0,
        792.0,
        1109.0,
        1589.0,
        2287.0,
        3256.0,
        4484.0,
        5854.0,
        6838.0,
        7603.0,
        7488.0,
        7290.0,
        6703.0,
        6231.0,
        5682.0,
        4823.0,
        4388.0,
        3989.0,
        3644.0,
        3307.0,
        3165.0,
        3036.0,
        2757.0,
        2530.0,
        2506.0,
        2371.0,
        2354.0,
        2269.0,
        2212.0,
        2128.0,
        2162.0,
        2147.0,
        2160.0,
        1951.0,
        2069.0,
        1915.0,
        1805.0,
        1763.0,
        1757.0,
        1715.0,
        1698.0,
        1671.0,
        1735.0,
        1707.0,
        1699.0,
        1636.0,
        1763.0,
        1658.0,
        1662.0,
        1683.0,
        1658.0,
        1709.0,
        1786.0,
        1807.0,
        1806.0,
        1745.0,
        1854.0,
        1721.0,
        1811.0,
        1731.0,
        1786.0,
        1748.0,
        1821.0,
        1905.0,
        2004.0,
        1952.0,
        1977.0,
        1907.0,
        1997.0,
        2003.0,
        2068.0,
        2097.0,
        2063.0,
        2085.0,
        2027.0,
        2029.0,
        1961.0,
        1973.0,
        1962.0,
        1966.0,
        2041.0,
        1886.0,
        1907.0,
        1900.0,
        1888.0,
        1910.0,
        1945.0,
        2081.0,
        2025.0,
        1983.0,
        2069.0,
        2057.0,
        1931.0,
        2103.0,
        2091.0,
        2070.0,
        2120.0,
        2173.0,
        2357.0,
        2382.0,
        2418.0,
        2501.0,
        2557.0,
        2770.0,
        2829.0,
        3109.0,
        3051.0,
        2932.0,
        3024.0,
        2936.0,
        2895.0,
        2827.0,
        2893.0,
        2805.0,
        2698.0,
        2684.0,
        2800.0,
        2889.0,
        3003.0,
        3222.0,
        3293.0,
        3317.0,
        3147.0,
        3096.0,
        2938.0,
        2893.0,
        2710.0,
        2742.0,
        2827.0,
        3167.0,
        3721.0,
        4188.0,
        4438.0,
        4137.0,
        4228.0,
        4174.0,
        3887.0,
        3722.0,
        3595.0,
        3766.0,
        4167.0,
        4487.0,
        4471.0,
        4611.0,
        4702.0,
        4866.0,
        4813.0,
        4535.0,
        3996.0,
        3769.0,
        3453.0,
        3331.0,
        3419.0,
        3557.0,
        4015.0,
        3867.0,
        3481.0,
        3123.0,
        3061.0,
        3255.0,
        3262.0,
        3342.0,
        3355.0,
        3501.0,
        3532.0,
        3735.0,
        3684.0,
        3678.0,
        3552.0,
        3519.0,
        3496.0,
        3830.0,
        3953.0,
        4255.0,
        4517.0,
        4345.0,
        4390.0,
        4527.0,
        4710.0,
        4882.0,
        4528.0,
        3655.0,
        3099.0,
        2882.0,
        3007.0,
        3378.0,
        3700.0,
        3437.0,
        3328.0,
        3003.0,
        2659.0,
        2010.0,
        1583.0,
        1442.0,
        1248.0,
        1084.0,
        1061.0,
        979.0,
        974.0,
        934.0,
        873.0,
        784.0,
        917.0,
        1142.0,
        898.0,
        776.0,
        768.0,
        706.0,
        676.0,
        846.0,
        807.0,
        739.0,
        899.0,
        807.0,
        786.0,
        742.0,
        764.0,
        850.0,
        1129.0,
        847.0,
        525.0,
        348.0,
        402.0,
        396.0,
        452.0,
        515.0,
        504.0,
        577.0,
        503.0,
        214.0,
        165.0,
        257.0,
        695.0,
        176.0
      ],
      "silhouette_mask_path": "C:\\Users\\shrad\\TrendWeave\\MERGE_OUTPUT_FINAL\\Catwalks__Women_s_Key_Items___Cut___Sew_A_W_25_26_en\\page_4\\img_4_mask_0.png"
    }
  ],
  "pose_keypoints": [
    {
      "x": 0.5469313859939575,
      "y": 0.1627345085144043,
      "z": -1.8974207639694214,
      "visibility": 0.9999185800552368
    },
    {
      "x": 0.566941499710083,
      "y": 0.14322155714035034,
      "z": -1.8293973207473755,
      "visibility": 0.9998043179512024
    },
    {
      "x": 0.5822122693061829,
      "y": 0.14280468225479126,
      "z": -1.8297706842422485,
      "visibility": 0.9997758269309998
    },
    {
      "x": 0.5975215435028076,
      "y": 0.14252644777297974,
      "z": -1.830340027809143,
      "visibility": 0.9997915625572205
    },
    {
      "x": 0.5106177926063538,
      "y": 0.14362317323684692,
      "z": -1.8377922773361206,
      "visibility": 0.9997667670249939
    },
    {
      "x": 0.49028217792510986,
      "y": 0.14377504587173462,
      "z": -1.8383421897888184,
      "visibility": 0.9997459053993225
    },
    {
      "x": 0.4711220860481262,
      "y": 0.14427408576011658,
      "z": -1.8388484716415405,
      "visibility": 0.9997498393058777
    },
    {
      "x": 0.6120514869689941,
      "y": 0.15310031175613403,
      "z": -1.3242679834365845,
      "visibility": 0.9996777772903442
    },
    {
      "x": 0.4338795244693756,
      "y": 0.1553802788257599,
      "z": -1.3706722259521484,
      "visibility": 0.9996435642242432
    },
    {
      "x": 0.5695095658302307,
      "y": 0.1909119188785553,
      "z": -1.70112943649292,
      "visibility": 0.9999605417251587
    },
    {
      "x": 0.5066840052604675,
      "y": 0.18886598944664001,
      "z": -1.714630126953125,
      "visibility": 0.9999523162841797
    },
    {
      "x": 0.7499213218688965,
      "y": 0.3198123574256897,
      "z": -0.9525865912437439,
      "visibility": 0.9998770952224731
    },
    {
      "x": 0.27507922053337097,
      "y": 0.3176014721393585,
      "z": -0.975459098815918,
      "visibility": 0.999756395816803
    },
    {
      "x": 0.7804003953933716,
      "y": 0.5329630970954895,
      "z": -0.6904364228248596,
      "visibility": 0.983020007610321
    },
    {
      "x": 0.22310982644557953,
      "y": 0.5313012599945068,
      "z": -0.7324044704437256,
      "visibility": 0.9706034064292908
    },
    {
      "x": 0.8521226644515991,
      "y": 0.7278525829315186,
      "z": -0.9708262085914612,
      "visibility": 0.9365972280502319
    },
    {
      "x": 0.11894455552101135,
      "y": 0.7152624130249023,
      "z": -1.027599811553955,
      "visibility": 0.9004629850387573
    },
    {
      "x": 0.8932327628135681,
      "y": 0.7763170599937439,
      "z": -1.0806479454040527,
      "visibility": 0.8720383048057556
    },
    {
      "x": 0.06159508228302002,
      "y": 0.7620949149131775,
      "z": -1.1072885990142822,
      "visibility": 0.838514506816864
    },
    {
      "x": 0.8782479763031006,
      "y": 0.7841457724571228,
      "z": -1.2140724658966064,
      "visibility": 0.8876709938049316
    },
    {
      "x": 0.07347449660301208,
      "y": 0.7709269523620605,
      "z": -1.290123701095581,
      "visibility": 0.8601301908493042
    },
    {
      "x": 0.8576920032501221,
      "y": 0.7678850293159485,
      "z": -1.0274430513381958,
      "visibility": 0.89627605676651
    },
    {
      "x": 0.10070407390594482,
      "y": 0.7545297741889954,
      "z": -1.102818489074707,
      "visibility": 0.8688784837722778
    },
    {
      "x": 0.6703433394432068,
      "y": 0.6551218032836914,
      "z": 0.00402382668107748,
      "visibility": 0.9972564578056335
    },
    {
      "x": 0.37711629271507263,
      "y": 0.662432849407196,
      "z": -0.004023435991257429,
      "visibility": 0.9962621331214905
    },
    {
      "x": 0.6340186595916748,
      "y": 0.9054461717605591,
      "z": -0.18727217614650726,
      "visibility": 0.5551750659942627
    },
    {
      "x": 0.37808775901794434,
      "y": 0.91156005859375,
      "z": -0.15694428980350494,
      "visibility": 0.49259480834007263
    },
    {
      "x": 0.600319504737854,
      "y": 1.096070408821106,
      "z": 1.11978280544281,
      "visibility": 0.12885193526744843
    },
    {
      "x": 0.3990587294101715,
      "y": 1.0860977172851562,
      "z": 1.0753344297409058,
      "visibility": 0.10070197284221649
    },
    {
      "x": 0.5863572955131531,
      "y": 1.118263602256775,
      "z": 1.2260650396347046,
      "visibility": 0.12847711145877838
    },
    {
      "x": 0.40378448367118835,
      "y": 1.1009585857391357,
      "z": 1.184228539466858,
      "visibility": 0.07255201786756516
    },
    {
      "x": 0.6262008547782898,
      "y": 1.180243730545044,
      "z": 0.807441771030426,
      "visibility": 0.1018630787730217
    },
    {
      "x": 0.41516581177711487,
      "y": 1.171747088432312,
      "z": 0.7029896974563599,
      "visibility": 0.08998861908912659
    }
  ]
}