{
  "image": "C:\\Users\\shrad\\TrendWeave\\TrendWeave\\extracted_data\\Catwalks__Women_s_Colour_A_W_25_26_en\\page_29\\img_3.jpeg",
  "items": [
    {
      "yolo_label": "person",
      "bbox": [
        243.87820434570312,
        94.52732849121094,
        616.9779052734375,
        1234.777587890625
      ],
      "confidence": 0.8405804634094238,
      "clip_attributes": {
        "palette": {
          "label": "earth tones",
          "confidence": 0.27119454741477966
        },
        "dress_silhouette": {
          "label": "wrap dress",
          "confidence": 0.2702900767326355
        },
        "neckline": {
          "label": "square neckline",
          "confidence": 0.27284669876098633
        },
        "sleeve_type": {
          "label": "bell sleeves",
          "confidence": 0.29300129413604736
        },
        "top_silhouette": {
          "label": "peplum",
          "confidence": 0.24422399699687958
        },
        "bottom_style": {
          "label": "culottes",
          "confidence": 0.2810177206993103
        },
        "outerwear": {
          "label": "long coat",
          "confidence": 0.3128117322921753
        },
        "shoe_type": {
          "label": "ankle boots",
          "confidence": 0.24881340563297272
        },
        "bag_type": {
          "label": "crossbody bag",
          "confidence": 0.24329133331775665
        },
        "accessory": {
          "label": "scarf",
          "confidence": 0.2279694676399231
        },
        "hairstyle": {
          "label": "high bun",
          "confidence": 0.22602270543575287
        },
        "setting": {
          "label": "brunch look",
          "confidence": 0.25493523478507996
        },
        "fabric_type": {
          "label": "satin",
          "confidence": 0.2649964988231659
        },
        "season": {
          "label": "winter",
          "confidence": 0.2296481728553772
        },
        "style_theme": {
          "label": "elegant chic",
          "confidence": 0.2778846025466919
        }
      },
      "dominant_colors": [
        [
          182,
          135,
          139
        ],
        [
          134,
          139,
          149
        ],
        [
          66,
          138,
          146
        ]
      ],
      "texture_histogram": [
        0.0,
        0.0,
        0.0,
        1.0,
        2.0,
        4.0,
        2.0,
        5.0,
        14.0,
        12.0,
        12.0,
        18.0,
        14.0,
        21.0,
        35.0,
        40.0,
        53.0,
        74.0,
        104.0,
        88.0,
        147.0,
        164.0,
        223.0,
        231.0,
        233.0,
        204.0,
        246.0,
        241.0,
        227.0,
        223.0,
        192.0,
        196.0,
        188.0,
        196.0,
        210.0,
        203.0,
        218.0,
        182.0,
        196.0,
        177.0,
        230.0,
        243.0,
        336.0,
        382.0,
        439.0,
        421.0,
        424.0,
        384.0,
        337.0,
        331.0,
        303.0,
        354.0,
        372.0,
        282.0,
        309.0,
        330.0,
        297.0,
        329.0,
        350.0,
        362.0,
        392.0,
        376.0,
        394.0,
        399.0,
        421.0,
        401.0,
        426.0,
        422.0,
        413.0,
        405.0,
        379.0,
        423.0,
        420.0,
        479.0,
        486.0,
        464.0,
        508.0,
        514.0,
        493.0,
        541.0,
        548.0,
        558.0,
        581.0,
        577.0,
        538.0,
        536.0,
        539.0,
        535.0,
        555.0,
        582.0,
        559.0,
        628.0,
        647.0,
        678.0,
        711.0,
        781.0,
        888.0,
        1028.0,
        1094.0,
        1168.0,
        1238.0,
        1338.0,
        1476.0,
        1640.0,
        1779.0,
        1954.0,
        2122.0,
        2305.0,
        2415.0,
        2572.0,
        2734.0,
        2769.0,
        2924.0,
        2948.0,
        2982.0,
        2905.0,
        2997.0,
        2959.0,
        3048.0,
        2951.0,
        3005.0,
        3060.0,
        3068.0,
        3170.0,
        3296.0,
        3247.0,
        3306.0,
        3345.0,
        3249.0,
        3406.0,
        3295.0,
        3382.0,
        3339.0,
        3343.0,
        3442.0,
        3401.0,
        3466.0,
        3399.0,
        3615.0,
        3428.0,
        3482.0,
        3404.0,
        3454.0,
        3299.0,
        3387.0,
        3352.0,
        3405.0,
        3266.0,
        3400.0,
        3380.0,
        3511.0,
        3595.0,
        3735.0,
        3815.0,
        3887.0,
        4047.0,
        4229.0,
        4293.0,
        4436.0,
        4697.0,
        4709.0,
        5005.0,
        5268.0,
        5693.0,
        5788.0,
        6155.0,
        6392.0,
        6484.0,
        6715.0,
        6824.0,
        6965.0,
        7282.0,
        7326.0,
        7124.0,
        7289.0,
        7037.0,
        7108.0,
        6900.0,
        6402.0,
        5962.0,
        5427.0,
        4830.0,
        4623.0,
        3996.0,
        3633.0,
        3169.0,
        2687.0,
        2223.0,
        2062.0,
        1764.0,
        1653.0,
        1362.0,
        1179.0,
        1143.0,
        1099.0,
        1058.0,
        963.0,
        865.0,
        766.0,
        719.0,
        578.0,
        595.0,
        647.0,
        635.0,
        615.0,
        722.0,
        848.0,
        1220.0,
        2415.0,
        2557.0,
        3057.0,
        3904.0,
        2564.0,
        1723.0,
        1437.0,
        1043.0,
        963.0,
        790.0,
        553.0,
        284.0,
        235.0,
        224.0,
        222.0,
        289.0,
        215.0,
        210.0,
        245.0,
        140.0,
        112.0,
        94.0,
        39.0,
        18.0,
        14.0,
        16.0,
        13.0,
        12.0,
        4.0,
        7.0,
        7.0,
        3.0,
        3.0,
        6.0,
        0.0,
        1.0,
        1.0,
        1.0,
        0.0,
        0.0,
        0.0,
        0.0,
        0.0,
        0.0,
        0.0,
        0.0,
        0.0,
        0.0
      ],
      "silhouette_mask_path": "C:\\Users\\shrad\\TrendWeave\\MERGE_OUTPUT_FINAL\\Catwalks__Women_s_Colour_A_W_25_26_en\\page_29\\img_3_mask_0.png"
    }
  ],
  "pose_keypoints": [
    {
      "x": 0.502305269241333,
      "y": 0.14508992433547974,
      "z": -0.38883548974990845,
      "visibility": 0.9999579191207886
    },
    {
      "x": 0.518798828125,
      "y": 0.1292361617088318,
      "z": -0.3395746648311615,
      "visibility": 0.9999580383300781
    },
    {
      "x": 0.5279279351234436,
      "y": 0.12939077615737915,
      "z": -0.339834988117218,
      "visibility": 0.999961256980896
    },
    {
      "x": 0.5341560244560242,
      "y": 0.1297597587108612,
      "z": -0.3401022255420685,
      "visibility": 0.9999673366546631
    },
    {
      "x": 0.4925744831562042,
      "y": 0.1291452944278717,
      "z": -0.3371239900588989,
      "visibility": 0.9999009370803833
    },
    {
      "x": 0.4845520257949829,
      "y": 0.12888523936271667,
      "z": -0.33709004521369934,
      "visibility": 0.9998741149902344
    },
    {
      "x": 0.47707599401474,
      "y": 0.1289377212524414,
      "z": -0.3369118869304657,
      "visibility": 0.999829888343811
    },
    {
      "x": 0.5493804216384888,
      "y": 0.13886597752571106,
      "z": -0.04378881677985191,
      "visibility": 0.9999860525131226
    },
    {
      "x": 0.4700865149497986,
      "y": 0.13734763860702515,
      "z": -0.0357225276529789,
      "visibility": 0.9997472167015076
    },
    {
      "x": 0.5199366211891174,
      "y": 0.1620117425918579,
      "z": -0.27575868368148804,
      "visibility": 0.9999738931655884
    },
    {
      "x": 0.487335205078125,
      "y": 0.16105815768241882,
      "z": -0.27398350834846497,
      "visibility": 0.9998706579208374
    },
    {
      "x": 0.6088004112243652,
      "y": 0.2350197732448578,
      "z": 0.04059214890003204,
      "visibility": 0.9999867677688599
    },
    {
      "x": 0.4236624240875244,
      "y": 0.24521608650684357,
      "z": 0.14797373116016388,
      "visibility": 0.9964357614517212
    },
    {
      "x": 0.6618849039077759,
      "y": 0.34540340304374695,
      "z": 0.0188205037266016,
      "visibility": 0.9822323322296143
    },
    {
      "x": 0.43986108899116516,
      "y": 0.30902981758117676,
      "z": -0.1152530312538147,
      "visibility": 0.5322291254997253
    },
    {
      "x": 0.635942280292511,
      "y": 0.43808066844940186,
      "z": -0.10759992152452469,
      "visibility": 0.9469115734100342
    },
    {
      "x": 0.4904762804508209,
      "y": 0.21360604465007782,
      "z": -0.5729567408561707,
      "visibility": 0.6111035943031311
    },
    {
      "x": 0.6277792453765869,
      "y": 0.4686029255390167,
      "z": -0.1634419560432434,
      "visibility": 0.8891782164573669
    },
    {
      "x": 0.50284743309021,
      "y": 0.18676802515983582,
      "z": -0.6831091642379761,
      "visibility": 0.5517167448997498
    },
    {
      "x": 0.6154307126998901,
      "y": 0.45975741744041443,
      "z": -0.22060897946357727,
      "visibility": 0.893058180809021
    },
    {
      "x": 0.5005987882614136,
      "y": 0.18528050184249878,
      "z": -0.683043360710144,
      "visibility": 0.5479585528373718
    },
    {
      "x": 0.6141687631607056,
      "y": 0.44754090905189514,
      "z": -0.1290656179189682,
      "visibility": 0.8751924633979797
    },
    {
      "x": 0.4982561469078064,
      "y": 0.19425347447395325,
      "z": -0.5909368395805359,
      "visibility": 0.5135438442230225
    },
    {
      "x": 0.5536607503890991,
      "y": 0.4782973527908325,
      "z": -0.05603695288300514,
      "visibility": 0.9998732805252075
    },
    {
      "x": 0.46027421951293945,
      "y": 0.47630995512008667,
      "z": 0.05652529373764992,
      "visibility": 0.9996606111526489
    },
    {
      "x": 0.530904233455658,
      "y": 0.6633707284927368,
      "z": -0.10142600536346436,
      "visibility": 0.9519971013069153
    },
    {
      "x": 0.47339704632759094,
      "y": 0.6570682525634766,
      "z": 0.0027754486072808504,
      "visibility": 0.8867147564888
    },
    {
      "x": 0.5371126532554626,
      "y": 0.8495985865592957,
      "z": 0.22751693427562714,
      "visibility": 0.9617933630943298
    },
    {
      "x": 0.5486562848091125,
      "y": 0.8472606539726257,
      "z": 0.32987651228904724,
      "visibility": 0.9469892382621765
    },
    {
      "x": 0.5376366376876831,
      "y": 0.8718087673187256,
      "z": 0.24221201241016388,
      "visibility": 0.7717137336730957
    },
    {
      "x": 0.5832961201667786,
      "y": 0.8742603063583374,
      "z": 0.3438768684864044,
      "visibility": 0.7969247698783875
    },
    {
      "x": 0.5277038216590881,
      "y": 0.9116249680519104,
      "z": -0.08475378900766373,
      "visibility": 0.9457489848136902
    },
    {
      "x": 0.5275478363037109,
      "y": 0.9081317782402039,
      "z": 0.04058324545621872,
      "visibility": 0.9359573721885681
    }
  ]
}