{
  "image": "C:\\Users\\shrad\\TrendWeave\\TrendWeave\\extracted_data\\Catwalks__Women_s_Colour_A_W_25_26_en\\page_19\\img_1.jpeg",
  "items": [
    {
      "yolo_label": "person",
      "bbox": [
        679.5519409179688,
        61.56818771362305,
        855.4935302734375,
        686.7520141601562
      ],
      "confidence": 0.9100024104118347,
      "clip_attributes": {
        "palette": {
          "label": "navy and grey",
          "confidence": 0.21623936295509338
        },
        "neckline": {
          "label": "mandarin collar",
          "confidence": 0.22507944703102112
        },
        "sleeve_type": {
          "label": "long sleeves",
          "confidence": 0.20224931836128235
        },
        "top_silhouette": {
          "label": "button-up shirt",
          "confidence": 0.20265677571296692
        },
        "bottom_style": {
          "label": "tailored trousers",
          "confidence": 0.22815340757369995
        },
        "outerwear": {
          "label": "blazer",
          "confidence": 0.2298906147480011
        },
        "shoe_type": {
          "label": "derby shoes",
          "confidence": 0.20730842649936676
        },
        "bag_type": {
          "label": "messenger bag",
          "confidence": 0.19878160953521729
        },
        "accessory": {
          "label": "cap",
          "confidence": 0.23299838602542877
        },
        "hairstyle": {
          "label": "slick back",
          "confidence": 0.20123614370822906
        },
        "setting": {
          "label": "smart casual",
          "confidence": 0.22303983569145203
        },
        "fabric_type": {
          "label": "polyester",
          "confidence": 0.2147924304008484
        },
        "season": {
          "label": "winter",
          "confidence": 0.19283270835876465
        },
        "style_theme": {
          "label": "minimalist",
          "confidence": 0.22174769639968872
        }
      },
      "dominant_colors": [
        [
          16,
          128,
          127
        ],
        [
          168,
          125,
          130
        ],
        [
          104,
          127,
          130
        ]
      ],
      "texture_histogram": [
        1.0,
        1.0,
        3.0,
        9.0,
        36.0,
        100.0,
        193.0,
        209.0,
        277.0,
        449.0,
        768.0,
        1247.0,
        1798.0,
        2954.0,
        3580.0,
        3281.0,
        3811.0,
        4595.0,
        6512.0,
        7666.0,
        5640.0,
        4380.0,
        3200.0,
        2414.0,
        1494.0,
        736.0,
        411.0,
        342.0,
        395.0,
        381.0,
        390.0,
        326.0,
        332.0,
        369.0,
        367.0,
        299.0,
        255.0,
        233.0,
        157.0,
        150.0,
        158.0,
        124.0,
        131.0,
        148.0,
        140.0,
        158.0,
        152.0,
        129.0,
        109.0,
        122.0,
        131.0,
        107.0,
        105.0,
        94.0,
        94.0,
        104.0,
        88.0,
        89.0,
        91.0,
        113.0,
        108.0,
        98.0,
        122.0,
        194.0,
        206.0,
        249.0,
        273.0,
        392.0,
        344.0,
        347.0,
        408.0,
        421.0,
        480.0,
        524.0,
        510.0,
        505.0,
        611.0,
        498.0,
        405.0,
        284.0,
        361.0,
        294.0,
        262.0,
        208.0,
        206.0,
        236.0,
        206.0,
        229.0,
        240.0,
        229.0,
        357.0,
        390.0,
        408.0,
        413.0,
        492.0,
        428.0,
        459.0,
        467.0,
        491.0,
        541.0,
        549.0,
        610.0,
        575.0,
        578.0,
        606.0,
        638.0,
        539.0,
        508.0,
        466.0,
        479.0,
        497.0,
        493.0,
        536.0,
        568.0,
        549.0,
        522.0,
        484.0,
        545.0,
        567.0,
        543.0,
        487.0,
        519.0,
        427.0,
        440.0,
        430.0,
        436.0,
        417.0,
        416.0,
        444.0,
        376.0,
        414.0,
        411.0,
        390.0,
        448.0,
        486.0,
        384.0,
        364.0,
        347.0,
        316.0,
        289.0,
        250.0,
        228.0,
        221.0,
        241.0,
        235.0,
        238.0,
        252.0,
        247.0,
        245.0,
        240.0,
        205.0,
        188.0,
        212.0,
        196.0,
        178.0,
        188.0,
        213.0,
        201.0,
        210.0,
        150.0,
        169.0,
        160.0,
        170.0,
        164.0,
        134.0,
        148.0,
        227.0,
        211.0,
        246.0,
        226.0,
        261.0,
        240.0,
        272.0,
        374.0,
        409.0,
        573.0,
        547.0,
        472.0,
        473.0,
        514.0,
        414.0,
        402.0,
        314.0,
        320.0,
        326.0,
        400.0,
        376.0,
        514.0,
        440.0,
        307.0,
        217.0,
        263.0,
        146.0,
        65.0,
        23.0,
        5.0,
        1.0,
        0.0,
        1.0,
        0.0,
        0.0,
        0.0,
        0.0,
        0.0,
        0.0,
        0.0,
        0.0,
        0.0,
        0.0,
        1.0,
        0.0,
        0.0,
        0.0,
        0.0,
        0.0,
        0.0,
        0.0,
        0.0,
        0.0,
        0.0,
        0.0,
        0.0,
        0.0,
        0.0,
        0.0,
        0.0,
        0.0,
        0.0,
        0.0,
        0.0,
        0.0,
        0.0,
        0.0,
        0.0,
        0.0,
        0.0,
        0.0,
        0.0,
        0.0,
        0.0,
        0.0,
        0.0,
        0.0,
        0.0,
        0.0,
        0.0,
        0.0,
        0.0,
        0.0,
        0.0,
        0.0,
        0.0,
        0.0,
        0.0,
        0.0,
        0.0
      ],
      "silhouette_mask_path": "C:\\Users\\shrad\\TrendWeave\\MERGE_OUTPUT_FINAL\\Catwalks__Women_s_Colour_A_W_25_26_en\\page_19\\img_1_mask_0.png"
    },
    {
      "yolo_label": "person",
      "bbox": [
        201.96389770507812,
        36.958683013916016,
        696.6959228515625,
        1235.375732421875
      ],
      "confidence": 0.8768182396888733,
      "clip_attributes": {
        "palette": {
          "label": "earth tones",
          "confidence": 0.2439613789319992
        },
        "dress_silhouette": {
          "label": "wrap dress",
          "confidence": 0.26833251118659973
        },
        "neckline": {
          "label": "square neckline",
          "confidence": 0.2726006805896759
        },
        "sleeve_type": {
          "label": "bell sleeves",
          "confidence": 0.2621714472770691
        },
        "top_silhouette": {
          "label": "wrap top",
          "confidence": 0.2536371052265167
        },
        "bottom_style": {
          "label": "culottes",
          "confidence": 0.26556396484375
        },
        "outerwear": {
          "label": "long coat",
          "confidence": 0.2697009742259979
        },
        "shoe_type": {
          "label": "ankle boots",
          "confidence": 0.24650174379348755
        },
        "bag_type": {
          "label": "crossbody bag",
          "confidence": 0.2466416358947754
        },
        "accessory": {
          "label": "scarf",
          "confidence": 0.26800477504730225
        },
        "hairstyle": {
          "label": "high bun",
          "confidence": 0.23164165019989014
        },
        "setting": {
          "label": "street style",
          "confidence": 0.25304731726646423
        },
        "fabric_type": {
          "label": "satin",
          "confidence": 0.250697523355484
        },
        "season": {
          "label": "winter",
          "confidence": 0.23063045740127563
        },
        "style_theme": {
          "label": "elegant chic",
          "confidence": 0.2556475102901459
        }
      },
      "dominant_colors": [
        [
          199,
          126,
          129
        ],
        [
          39,
          131,
          128
        ],
        [
          111,
          143,
          147
        ]
      ],
      "texture_histogram": [
        22.0,
        34.0,
        47.0,
        103.0,
        145.0,
        224.0,
        279.0,
        394.0,
        427.0,
        521.0,
        644.0,
        749.0,
        841.0,
        904.0,
        950.0,
        986.0,
        1025.0,
        1234.0,
        1497.0,
        1540.0,
        1890.0,
        1811.0,
        1971.0,
        2121.0,
        2978.0,
        3670.0,
        4309.0,
        4488.0,
        3882.0,
        3292.0,
        3183.0,
        3082.0,
        3063.0,
        2892.0,
        2794.0,
        2831.0,
        2808.0,
        2656.0,
        2728.0,
        2686.0,
        2848.0,
        2844.0,
        2849.0,
        2752.0,
        2636.0,
        2513.0,
        2571.0,
        2693.0,
        2583.0,
        2520.0,
        2370.0,
        2264.0,
        2270.0,
        2045.0,
        2146.0,
        2155.0,
        2237.0,
        2378.0,
        2350.0,
        2392.0,
        2641.0,
        2809.0,
        2892.0,
        2952.0,
        2757.0,
        2602.0,
        2426.0,
        2378.0,
        2431.0,
        2303.0,
        2321.0,
        2147.0,
        2058.0,
        1974.0,
        1895.0,
        1899.0,
        1835.0,
        1941.0,
        1859.0,
        1853.0,
        1833.0,
        1874.0,
        1706.0,
        1737.0,
        1880.0,
        1826.0,
        1774.0,
        1716.0,
        1865.0,
        1812.0,
        1881.0,
        1923.0,
        1866.0,
        2022.0,
        1919.0,
        1887.0,
        1927.0,
        1928.0,
        2006.0,
        2033.0,
        2226.0,
        2173.0,
        2425.0,
        2425.0,
        2526.0,
        2429.0,
        2399.0,
        2260.0,
        2436.0,
        2410.0,
        2557.0,
        2518.0,
        2338.0,
        2297.0,
        2291.0,
        2205.0,
        2188.0,
        2138.0,
        2043.0,
        1902.0,
        1862.0,
        1958.0,
        1972.0,
        1924.0,
        1745.0,
        1695.0,
        1581.0,
        1609.0,
        1474.0,
        1427.0,
        1630.0,
        1623.0,
        1429.0,
        1332.0,
        1510.0,
        1628.0,
        1703.0,
        1667.0,
        1691.0,
        1647.0,
        1661.0,
        1804.0,
        1772.0,
        1959.0,
        2137.0,
        2105.0,
        1988.0,
        1921.0,
        2018.0,
        1947.0,
        2079.0,
        2429.0,
        2464.0,
        2461.0,
        2159.0,
        1786.0,
        1672.0,
        1835.0,
        1634.0,
        1505.0,
        1378.0,
        1417.0,
        1261.0,
        1146.0,
        1344.0,
        1270.0,
        1199.0,
        1242.0,
        1465.0,
        1403.0,
        1486.0,
        1587.0,
        1689.0,
        1879.0,
        1916.0,
        2154.0,
        2500.0,
        2802.0,
        2939.0,
        2681.0,
        2707.0,
        3150.0,
        3284.0,
        3715.0,
        3859.0,
        4447.0,
        4334.0,
        4794.0,
        5264.0,
        5334.0,
        5844.0,
        6199.0,
        5990.0,
        6528.0,
        6853.0,
        6440.0,
        6371.0,
        5797.0,
        5665.0,
        5993.0,
        5895.0,
        5913.0,
        6382.0,
        5874.0,
        5550.0,
        5775.0,
        5523.0,
        5141.0,
        5381.0,
        5299.0,
        5301.0,
        5366.0,
        5523.0,
        5589.0,
        6533.0,
        6269.0,
        5816.0,
        5614.0,
        4967.0,
        4039.0,
        3438.0,
        2868.0,
        2444.0,
        2227.0,
        1947.0,
        1631.0,
        1502.0,
        1217.0,
        1040.0,
        728.0,
        558.0,
        401.0,
        314.0,
        216.0,
        162.0,
        174.0,
        118.0,
        92.0,
        67.0,
        47.0,
        42.0,
        16.0,
        11.0,
        7.0,
        5.0,
        6.0,
        7.0,
        2.0,
        2.0,
        0.0,
        0.0,
        1.0,
        2.0,
        0.0,
        3.0,
        0.0
      ],
      "silhouette_mask_path": "C:\\Users\\shrad\\TrendWeave\\MERGE_OUTPUT_FINAL\\Catwalks__Women_s_Colour_A_W_25_26_en\\page_19\\img_1_mask_1.png"
    },
    {
      "yolo_label": "person",
      "bbox": [
        0.0,
        201.10765075683594,
        164.36622619628906,
        606.2135009765625
      ],
      "confidence": 0.3032011091709137,
      "clip_attributes": {
        "palette": {
          "label": "earth tones",
          "confidence": 0.2307145893573761
        },
        "neckline": {
          "label": "mandarin collar",
          "confidence": 0.2320680320262909
        },
        "sleeve_type": {
          "label": "long sleeves",
          "confidence": 0.22242890298366547
        },
        "top_silhouette": {
          "label": "hoodie",
          "confidence": 0.22338980436325073
        },
        "bottom_style": {
          "label": "tailored trousers",
          "confidence": 0.2395172119140625
        },
        "outerwear": {
          "label": "blazer",
          "confidence": 0.22719499468803406
        },
        "shoe_type": {
          "label": "boots",
          "confidence": 0.2367001622915268
        },
        "bag_type": {
          "label": "messenger bag",
          "confidence": 0.21838261187076569
        },
        "accessory": {
          "label": "cap",
          "confidence": 0.24007548391819
        },
        "hairstyle": {
          "label": "undercut",
          "confidence": 0.2236378937959671
        },
        "setting": {
          "label": "smart casual",
          "confidence": 0.2236916720867157
        },
        "fabric_type": {
          "label": "linen",
          "confidence": 0.23253096640110016
        },
        "season": {
          "label": "winter",
          "confidence": 0.21332040429115295
        },
        "style_theme": {
          "label": "grunge",
          "confidence": 0.22616688907146454
        }
      },
      "dominant_colors": [
        [
          133,
          127,
          124
        ],
        [
          15,
          128,
          129
        ],
        [
          88,
          127,
          126
        ]
      ],
      "texture_histogram": [
        1.0,
        5.0,
        43.0,
        392.0,
        677.0,
        924.0,
        2361.0,
        1449.0,
        994.0,
        957.0,
        1253.0,
        1615.0,
        1975.0,
        1636.0,
        992.0,
        783.0,
        864.0,
        801.0,
        708.0,
        621.0,
        516.0,
        470.0,
        482.0,
        468.0,
        512.0,
        550.0,
        540.0,
        587.0,
        527.0,
        521.0,
        452.0,
        444.0,
        334.0,
        321.0,
        259.0,
        244.0,
        268.0,
        263.0,
        225.0,
        254.0,
        233.0,
        228.0,
        213.0,
        181.0,
        217.0,
        190.0,
        197.0,
        193.0,
        228.0,
        200.0,
        200.0,
        217.0,
        175.0,
        160.0,
        167.0,
        137.0,
        135.0,
        126.0,
        131.0,
        117.0,
        111.0,
        121.0,
        135.0,
        131.0,
        116.0,
        96.0,
        117.0,
        111.0,
        108.0,
        104.0,
        110.0,
        129.0,
        120.0,
        121.0,
        156.0,
        203.0,
        200.0,
        216.0,
        196.0,
        243.0,
        268.0,
        317.0,
        284.0,
        269.0,
        317.0,
        255.0,
        224.0,
        246.0,
        335.0,
        300.0,
        284.0,
        291.0,
        361.0,
        357.0,
        347.0,
        385.0,
        413.0,
        422.0,
        402.0,
        445.0,
        442.0,
        501.0,
        469.0,
        436.0,
        452.0,
        395.0,
        374.0,
        412.0,
        463.0,
        501.0,
        501.0,
        489.0,
        467.0,
        503.0,
        619.0,
        632.0,
        637.0,
        624.0,
        771.0,
        734.0,
        688.0,
        785.0,
        694.0,
        694.0,
        729.0,
        616.0,
        708.0,
        676.0,
        682.0,
        694.0,
        569.0,
        534.0,
        512.0,
        544.0,
        493.0,
        594.0,
        537.0,
        513.0,
        522.0,
        472.0,
        466.0,
        367.0,
        372.0,
        385.0,
        359.0,
        359.0,
        358.0,
        311.0,
        256.0,
        127.0,
        52.0,
        16.0,
        8.0,
        3.0,
        4.0,
        0.0,
        0.0,
        0.0,
        0.0,
        0.0,
        0.0,
        0.0,
        0.0,
        0.0,
        0.0,
        0.0,
        0.0,
        0.0,
        0.0,
        0.0,
        0.0,
        0.0,
        0.0,
        0.0,
        0.0,
        0.0,
        0.0,
        0.0,
        0.0,
        0.0,
        0.0,
        0.0,
        0.0,
        0.0,
        0.0,
        0.0,
        0.0,
        0.0,
        0.0,
        0.0,
        0.0,
        0.0,
        0.0,
        0.0,
        0.0,
        0.0,
        0.0,
        0.0,
        0.0,
        0.0,
        0.0,
        0.0,
        0.0,
        0.0,
        0.0,
        0.0,
        0.0,
        0.0,
        0.0,
        0.0,
        0.0,
        0.0,
        0.0,
        0.0,
        0.0,
        0.0,
        0.0,
        0.0,
        0.0,
        0.0,
        0.0,
        0.0,
        0.0,
        0.0,
        0.0,
        0.0,
        0.0,
        0.0,
        0.0,
        0.0,
        0.0,
        0.0,
        0.0,
        0.0,
        0.0,
        0.0,
        0.0,
        0.0,
        0.0,
        0.0,
        0.0,
        0.0,
        0.0,
        0.0,
        0.0,
        0.0,
        0.0,
        0.0,
        0.0,
        0.0,
        0.0,
        0.0,
        0.0,
        0.0,
        0.0,
        0.0
      ],
      "silhouette_mask_path": "C:\\Users\\shrad\\TrendWeave\\MERGE_OUTPUT_FINAL\\Catwalks__Women_s_Colour_A_W_25_26_en\\page_19\\img_1_mask_2.png"
    }
  ],
  "pose_keypoints": [
    {
      "x": 0.5046347379684448,
      "y": 0.1193576380610466,
      "z": -0.19539767503738403,
      "visibility": 0.9998941421508789
    },
    {
      "x": 0.5201945304870605,
      "y": 0.10183539241552353,
      "z": -0.1703663021326065,
      "visibility": 0.9996507167816162
    },
    {
      "x": 0.5291999578475952,
      "y": 0.10158228874206543,
      "z": -0.17038016021251678,
      "visibility": 0.9996511936187744
    },
    {
      "x": 0.5369832515716553,
      "y": 0.10123544931411743,
      "z": -0.17055325210094452,
      "visibility": 0.9996864795684814
    },
    {
      "x": 0.49284395575523376,
      "y": 0.10232174396514893,
      "z": -0.1606210172176361,
      "visibility": 0.9995777010917664
    },
    {
      "x": 0.4834960103034973,
      "y": 0.10193881392478943,
      "z": -0.16058866679668427,
      "visibility": 0.9995235204696655
    },
    {
      "x": 0.47461768984794617,
      "y": 0.10178482532501221,
      "z": -0.1607442945241928,
      "visibility": 0.9995947480201721
    },
    {
      "x": 0.5572764873504639,
      "y": 0.10835635662078857,
      "z": -0.0015301939565688372,
      "visibility": 0.9993990659713745
    },
    {
      "x": 0.46466463804244995,
      "y": 0.10969602316617966,
      "z": 0.03938936069607735,
      "visibility": 0.9994768500328064
    },
    {
      "x": 0.5218029618263245,
      "y": 0.13717183470726013,
      "z": -0.13273130357265472,
      "visibility": 0.9998323917388916
    },
    {
      "x": 0.48696091771125793,
      "y": 0.13576024770736694,
      "z": -0.1213427260518074,
      "visibility": 0.9998472929000854
    },
    {
      "x": 0.6375922560691833,
      "y": 0.21594467759132385,
      "z": 0.05467696487903595,
      "visibility": 0.9997819066047668
    },
    {
      "x": 0.4025987982749939,
      "y": 0.21242360770702362,
      "z": 0.15128464996814728,
      "visibility": 0.9993395209312439
    },
    {
      "x": 0.7075453996658325,
      "y": 0.32027506828308105,
      "z": -0.1437448412179947,
      "visibility": 0.9857771992683411
    },
    {
      "x": 0.29838621616363525,
      "y": 0.3251466751098633,
      "z": -0.049079231917858124,
      "visibility": 0.951093316078186
    },
    {
      "x": 0.6009015440940857,
      "y": 0.24116772413253784,
      "z": -0.3451133370399475,
      "visibility": 0.9727638959884644
    },
    {
      "x": 0.400791198015213,
      "y": 0.2671661674976349,
      "z": -0.34697866439819336,
      "visibility": 0.8662616014480591
    },
    {
      "x": 0.5741116404533386,
      "y": 0.1960175335407257,
      "z": -0.3767224848270416,
      "visibility": 0.9494574069976807
    },
    {
      "x": 0.433427631855011,
      "y": 0.2280730903148651,
      "z": -0.4022018611431122,
      "visibility": 0.768169105052948
    },
    {
      "x": 0.5731796622276306,
      "y": 0.18893814086914062,
      "z": -0.32922300696372986,
      "visibility": 0.9390153288841248
    },
    {
      "x": 0.43683379888534546,
      "y": 0.2059190273284912,
      "z": -0.346707284450531,
      "visibility": 0.7326713800430298
    },
    {
      "x": 0.5668739676475525,
      "y": 0.2028971016407013,
      "z": -0.32532981038093567,
      "visibility": 0.9163212776184082
    },
    {
      "x": 0.43772801756858826,
      "y": 0.22607967257499695,
      "z": -0.33402836322784424,
      "visibility": 0.6997763514518738
    },
    {
      "x": 0.5777517557144165,
      "y": 0.4584551453590393,
      "z": -0.020750492811203003,
      "visibility": 0.9995847344398499
    },
    {
      "x": 0.45697301626205444,
      "y": 0.4609609544277191,
      "z": 0.02009885013103485,
      "visibility": 0.9987013339996338
    },
    {
      "x": 0.5545384287834167,
      "y": 0.6828564405441284,
      "z": -0.1618841290473938,
      "visibility": 0.9833820462226868
    },
    {
      "x": 0.4669700860977173,
      "y": 0.6770527362823486,
      "z": 0.00476826960220933,
      "visibility": 0.9591273069381714
    },
    {
      "x": 0.5268140435218811,
      "y": 0.8711643218994141,
      "z": 0.08068262040615082,
      "visibility": 0.9740574359893799
    },
    {
      "x": 0.49229317903518677,
      "y": 0.8344348669052124,
      "z": 0.3570427894592285,
      "visibility": 0.9227384924888611
    },
    {
      "x": 0.5248225331306458,
      "y": 0.8815785646438599,
      "z": 0.09151491522789001,
      "visibility": 0.6199419498443604
    },
    {
      "x": 0.49524304270744324,
      "y": 0.8408788442611694,
      "z": 0.3840990662574768,
      "visibility": 0.5924128293991089
    },
    {
      "x": 0.5054966807365417,
      "y": 0.9543551802635193,
      "z": -0.16529536247253418,
      "visibility": 0.9540501236915588
    },
    {
      "x": 0.47956404089927673,
      "y": 0.922788679599762,
      "z": 0.20410649478435516,
      "visibility": 0.9156748652458191
    }
  ]
}