{
  "image": "C:\\Users\\shrad\\TrendWeave\\TrendWeave\\extracted_data\\Catwalks__Women_s_Footwear___Bags_Colour_A_W_25_26_en\\page_21\\img_2.jpeg",
  "items": [
    {
      "yolo_label": "cat",
      "bbox": [
        120.43910217285156,
        0.34640464186668396,
        401.99627685546875,
        230.48513793945312
      ],
      "confidence": 0.42553529143333435,
      "clip_attributes": {
        "palette": {
          "label": "bold colors",
          "confidence": 0.21088512241840363
        },
        "dress_silhouette": {
          "label": "bodycon dress",
          "confidence": 0.22268688678741455
        },
        "neckline": {
          "label": "square neckline",
          "confidence": 0.2519124150276184
        },
        "sleeve_type": {
          "label": "bell sleeves",
          "confidence": 0.2613983154296875
        },
        "top_silhouette": {
          "label": "camisole",
          "confidence": 0.23215612769126892
        },
        "bottom_style": {
          "label": "flared pants",
          "confidence": 0.249995619058609
        },
        "outerwear": {
          "label": "blazer",
          "confidence": 0.23091737926006317
        },
        "shoe_type": {
          "label": "ballet flats",
          "confidence": 0.24793879687786102
        },
        "bag_type": {
          "label": "shoulder bag",
          "confidence": 0.24276061356067657
        },
        "accessory": {
          "label": "hoop earrings",
          "confidence": 0.24770040810108185
        },
        "hairstyle": {
          "label": "loose curls",
          "confidence": 0.2255803495645523
        },
        "setting": {
          "label": "office wear",
          "confidence": 0.21290108561515808
        },
        "fabric_type": {
          "label": "satin",
          "confidence": 0.265326589345932
        },
        "season": {
          "label": "fall",
          "confidence": 0.19627296924591064
        },
        "style_theme": {
          "label": "y2k",
          "confidence": 0.222773015499115
        }
      },
      "dominant_colors": [
        [
          84,
          168,
          152
        ],
        [
          145,
          143,
          155
        ],
        [
          22,
          135,
          133
        ]
      ],
      "texture_histogram": [
        3.0,
        18.0,
        33.0,
        38.0,
        64.0,
        54.0,
        65.0,
        98.0,
        81.0,
        93.0,
        100.0,
        79.0,
        141.0,
        131.0,
        148.0,
        210.0,
        316.0,
        392.0,
        491.0,
        683.0,
        805.0,
        925.0,
        932.0,
        841.0,
        773.0,
        621.0,
        555.0,
        366.0,
        294.0,
        223.0,
        217.0,
        155.0,
        166.0,
        173.0,
        219.0,
        339.0,
        481.0,
        539.0,
        596.0,
        679.0,
        688.0,
        653.0,
        642.0,
        579.0,
        525.0,
        445.0,
        394.0,
        381.0,
        402.0,
        400.0,
        407.0,
        420.0,
        400.0,
        473.0,
        483.0,
        508.0,
        533.0,
        525.0,
        569.0,
        628.0,
        609.0,
        662.0,
        653.0,
        730.0,
        749.0,
        737.0,
        706.0,
        692.0,
        574.0,
        586.0,
        590.0,
        653.0,
        672.0,
        628.0,
        666.0,
        731.0,
        690.0,
        750.0,
        758.0,
        723.0,
        721.0,
        681.0,
        670.0,
        681.0,
        613.0,
        669.0,
        586.0,
        602.0,
        604.0,
        497.0,
        489.0,
        473.0,
        415.0,
        427.0,
        442.0,
        372.0,
        359.0,
        317.0,
        328.0,
        343.0,
        300.0,
        306.0,
        309.0,
        350.0,
        351.0,
        323.0,
        297.0,
        310.0,
        363.0,
        334.0,
        320.0,
        309.0,
        305.0,
        300.0,
        303.0,
        266.0,
        279.0,
        261.0,
        271.0,
        243.0,
        259.0,
        259.0,
        254.0,
        274.0,
        243.0,
        256.0,
        267.0,
        233.0,
        250.0,
        237.0,
        219.0,
        212.0,
        194.0,
        210.0,
        171.0,
        179.0,
        184.0,
        162.0,
        187.0,
        180.0,
        167.0,
        171.0,
        186.0,
        169.0,
        181.0,
        163.0,
        156.0,
        166.0,
        199.0,
        171.0,
        202.0,
        189.0,
        182.0,
        181.0,
        173.0,
        206.0,
        190.0,
        175.0,
        190.0,
        180.0,
        164.0,
        174.0,
        166.0,
        163.0,
        140.0,
        134.0,
        131.0,
        139.0,
        119.0,
        112.0,
        105.0,
        91.0,
        64.0,
        75.0,
        71.0,
        61.0,
        58.0,
        72.0,
        68.0,
        60.0,
        52.0,
        61.0,
        59.0,
        72.0,
        57.0,
        70.0,
        75.0,
        69.0,
        71.0,
        68.0,
        67.0,
        48.0,
        46.0,
        30.0,
        27.0,
        19.0,
        22.0,
        29.0,
        19.0,
        15.0,
        19.0,
        22.0,
        25.0,
        21.0,
        14.0,
        8.0,
        10.0,
        18.0,
        17.0,
        11.0,
        8.0,
        9.0,
        3.0,
        10.0,
        7.0,
        1.0,
        1.0,
        5.0,
        4.0,
        5.0,
        3.0,
        5.0,
        4.0,
        7.0,
        3.0,
        3.0,
        0.0,
        0.0,
        2.0,
        1.0,
        1.0,
        5.0,
        1.0,
        3.0,
        0.0,
        2.0,
        1.0,
        2.0,
        0.0,
        0.0,
        1.0,
        2.0,
        3.0,
        4.0,
        3.0,
        5.0,
        4.0,
        2.0,
        5.0,
        2.0,
        6.0,
        5.0,
        6.0,
        3.0,
        6.0,
        2.0
      ],
      "silhouette_mask_path": "C:\\Users\\shrad\\TrendWeave\\MERGE_OUTPUT_FINAL\\Catwalks__Women_s_Footwear___Bags_Colour_A_W_25_26_en\\page_21\\img_2_mask_0.png"
    },
    {
      "yolo_label": "suitcase",
      "bbox": [
        133.579345703125,
        10.919480323791504,
        491.5882263183594,
        630.9581298828125
      ],
      "confidence": 0.33563733100891113,
      "clip_attributes": {
        "palette": {
          "label": "bold colors",
          "confidence": 0.22954097390174866
        },
        "dress_silhouette": {
          "label": "bodycon dress",
          "confidence": 0.25067996978759766
        },
        "neckline": {
          "label": "square neckline",
          "confidence": 0.25292250514030457
        },
        "sleeve_type": {
          "label": "bell sleeves",
          "confidence": 0.2488865703344345
        },
        "top_silhouette": {
          "label": "wrap top",
          "confidence": 0.23652036488056183
        },
        "bottom_style": {
          "label": "flared pants",
          "confidence": 0.24770960211753845
        },
        "outerwear": {
          "label": "long coat",
          "confidence": 0.24810172617435455
        },
        "shoe_type": {
          "label": "ballet flats",
          "confidence": 0.2394646853208542
        },
        "bag_type": {
          "label": "shoulder bag",
          "confidence": 0.29212436079978943
        },
        "accessory": {
          "label": "sunglasses",
          "confidence": 0.2358718365430832
        },
        "hairstyle": {
          "label": "loose curls",
          "confidence": 0.21773630380630493
        },
        "setting": {
          "label": "office wear",
          "confidence": 0.22815720736980438
        },
        "fabric_type": {
          "label": "satin",
          "confidence": 0.2648264765739441
        },
        "season": {
          "label": "spring",
          "confidence": 0.20076097548007965
        },
        "style_theme": {
          "label": "elegant chic",
          "confidence": 0.24058116972446442
        }
      },
      "dominant_colors": [
        [
          142,
          149,
          152
        ],
        [
          72,
          173,
          151
        ],
        [
          16,
          134,
          131
        ]
      ],
      "texture_histogram": [
        139.0,
        402.0,
        326.0,
        351.0,
        626.0,
        733.0,
        838.0,
        993.0,
        1195.0,
        1271.0,
        1413.0,
        1465.0,
        1558.0,
        1732.0,
        1902.0,
        2128.0,
        2497.0,
        3296.0,
        4202.0,
        5025.0,
        5059.0,
        4545.0,
        3946.0,
        3162.0,
        2779.0,
        2836.0,
        2205.0,
        2001.0,
        1540.0,
        1888.0,
        1841.0,
        2185.0,
        2124.0,
        2576.0,
        3770.0,
        4246.0,
        4406.0,
        4377.0,
        4073.0,
        3957.0,
        4043.0,
        3918.0,
        4121.0,
        4287.0,
        4621.0,
        4298.0,
        3947.0,
        3681.0,
        3398.0,
        3105.0,
        2763.0,
        2429.0,
        2171.0,
        2019.0,
        1912.0,
        1748.0,
        1695.0,
        1499.0,
        1531.0,
        1569.0,
        1429.0,
        1448.0,
        1417.0,
        1474.0,
        1524.0,
        1449.0,
        1439.0,
        1398.0,
        1246.0,
        1259.0,
        1242.0,
        1291.0,
        1278.0,
        1270.0,
        1360.0,
        1417.0,
        1384.0,
        1468.0,
        1452.0,
        1412.0,
        1481.0,
        1378.0,
        1379.0,
        1411.0,
        1312.0,
        1337.0,
        1170.0,
        1182.0,
        1117.0,
        984.0,
        958.0,
        939.0,
        801.0,
        740.0,
        790.0,
        655.0,
        624.0,
        555.0,
        547.0,
        547.0,
        483.0,
        494.0,
        468.0,
        449.0,
        431.0,
        392.0,
        351.0,
        346.0,
        394.0,
        374.0,
        351.0,
        343.0,
        328.0,
        334.0,
        326.0,
        270.0,
        297.0,
        261.0,
        281.0,
        256.0,
        256.0,
        267.0,
        274.0,
        287.0,
        251.0,
        273.0,
        264.0,
        237.0,
        247.0,
        220.0,
        208.0,
        211.0,
        201.0,
        224.0,
        189.0,
        193.0,
        200.0,
        179.0,
        198.0,
        190.0,
        184.0,
        195.0,
        216.0,
        177.0,
        180.0,
        170.0,
        159.0,
        169.0,
        192.0,
        186.0,
        213.0,
        190.0,
        176.0,
        186.0,
        166.0,
        192.0,
        184.0,
        172.0,
        185.0,
        190.0,
        172.0,
        171.0,
        182.0,
        180.0,
        143.0,
        145.0,
        132.0,
        137.0,
        119.0,
        117.0,
        116.0,
        103.0,
        81.0,
        94.0,
        87.0,
        83.0,
        80.0,
        91.0,
        78.0,
        76.0,
        80.0,
        75.0,
        76.0,
        93.0,
        71.0,
        91.0,
        93.0,
        93.0,
        89.0,
        84.0,
        87.0,
        64.0,
        62.0,
        39.0,
        41.0,
        41.0,
        43.0,
        52.0,
        44.0,
        32.0,
        38.0,
        40.0,
        53.0,
        48.0,
        34.0,
        28.0,
        29.0,
        32.0,
        34.0,
        29.0,
        35.0,
        26.0,
        20.0,
        35.0,
        23.0,
        17.0,
        16.0,
        20.0,
        16.0,
        10.0,
        14.0,
        17.0,
        10.0,
        11.0,
        8.0,
        10.0,
        5.0,
        4.0,
        5.0,
        6.0,
        3.0,
        6.0,
        4.0,
        4.0,
        1.0,
        3.0,
        4.0,
        5.0,
        3.0,
        2.0,
        5.0,
        4.0,
        7.0,
        5.0,
        5.0,
        6.0,
        8.0,
        4.0,
        7.0,
        3.0,
        11.0,
        11.0,
        11.0,
        8.0,
        11.0,
        2.0
      ],
      "silhouette_mask_path": "C:\\Users\\shrad\\TrendWeave\\MERGE_OUTPUT_FINAL\\Catwalks__Women_s_Footwear___Bags_Colour_A_W_25_26_en\\page_21\\img_2_mask_1.png"
    }
  ],
  "pose_keypoints": null
}