{
  "image": "C:\\Users\\shrad\\TrendWeave\\TrendWeave\\extracted_data\\Catwalks__Women_s_Footwear___Bags_Colour_A_W_25_26_en\\page_21\\img_1.png",
  "items": [
    {
      "yolo_label": "fire hydrant",
      "bbox": [
        165.77163696289062,
        2.4779818058013916,
        452.9520568847656,
        645.9212036132812
      ],
      "confidence": 0.7853735685348511,
      "clip_attributes": {
        "palette": {
          "label": "bold colors",
          "confidence": 0.2347368746995926
        },
        "dress_silhouette": {
          "label": "wrap dress",
          "confidence": 0.23083706200122833
        },
        "neckline": {
          "label": "square neckline",
          "confidence": 0.23535391688346863
        },
        "sleeve_type": {
          "label": "puffed sleeves",
          "confidence": 0.24900496006011963
        },
        "top_silhouette": {
          "label": "wrap top",
          "confidence": 0.20949146151542664
        },
        "bottom_style": {
          "label": "wide-leg pants",
          "confidence": 0.2432585209608078
        },
        "outerwear": {
          "label": "long coat",
          "confidence": 0.22942008078098297
        },
        "shoe_type": {
          "label": "ankle boots",
          "confidence": 0.2647511959075928
        },
        "bag_type": {
          "label": "shoulder bag",
          "confidence": 0.20927880704402924
        },
        "accessory": {
          "label": "scarf",
          "confidence": 0.23014724254608154
        },
        "hairstyle": {
          "label": "loose curls",
          "confidence": 0.21003174781799316
        },
        "setting": {
          "label": "office wear",
          "confidence": 0.2255706787109375
        },
        "fabric_type": {
          "label": "organza",
          "confidence": 0.25724202394485474
        },
        "season": {
          "label": "spring",
          "confidence": 0.2138766497373581
        },
        "style_theme": {
          "label": "boho",
          "confidence": 0.23168215155601501
        }
      },
      "dominant_colors": [
        [
          109,
          188,
          176
        ],
        [
          63,
          132,
          144
        ],
        [
          67,
          169,
          162
        ]
      ],
      "texture_histogram": [
        6.0,
        29.0,
        40.0,
        24.0,
        35.0,
        15.0,
        22.0,
        21.0,
        8.0,
        10.0,
        12.0,
        13.0,
        18.0,
        18.0,
        17.0,
        19.0,
        25.0,
        24.0,
        24.0,
        31.0,
        24.0,
        40.0,
        50.0,
        62.0,
        92.0,
        118.0,
        138.0,
        170.0,
        194.0,
        256.0,
        374.0,
        482.0,
        725.0,
        1124.0,
        1379.0,
        1591.0,
        1861.0,
        2008.0,
        2200.0,
        2385.0,
        2381.0,
        2615.0,
        2822.0,
        3106.0,
        3335.0,
        3508.0,
        3467.0,
        3501.0,
        3479.0,
        3395.0,
        3406.0,
        3350.0,
        3409.0,
        3245.0,
        3264.0,
        3192.0,
        3356.0,
        3423.0,
        3383.0,
        3306.0,
        3282.0,
        3221.0,
        3151.0,
        3228.0,
        3197.0,
        3085.0,
        3160.0,
        3245.0,
        3210.0,
        3162.0,
        3294.0,
        3221.0,
        3246.0,
        3266.0,
        3163.0,
        3293.0,
        3242.0,
        3329.0,
        3293.0,
        3252.0,
        3101.0,
        3118.0,
        3030.0,
        2746.0,
        2557.0,
        2540.0,
        2303.0,
        2020.0,
        1829.0,
        1709.0,
        1456.0,
        1399.0,
        1246.0,
        1176.0,
        1040.0,
        1031.0,
        867.0,
        778.0,
        726.0,
        642.0,
        551.0,
        523.0,
        427.0,
        379.0,
        349.0,
        295.0,
        230.0,
        187.0,
        174.0,
        147.0,
        115.0,
        106.0,
        76.0,
        76.0,
        77.0,
        67.0,
        63.0,
        40.0,
        36.0,
        24.0,
        31.0,
        29.0,
        10.0,
        13.0,
        7.0,
        5.0,
        9.0,
        2.0,
        1.0,
        2.0,
        2.0,
        1.0,
        1.0,
        1.0,
        2.0,
        0.0,
        1.0,
        0.0,
        0.0,
        0.0,
        0.0,
        0.0,
        0.0,
        0.0,
        1.0,
        0.0,
        0.0,
        0.0,
        0.0,
        0.0,
        0.0,
        0.0,
        0.0,
        0.0,
        0.0,
        0.0,
        0.0,
        0.0,
        0.0,
        0.0,
        0.0,
        0.0,
        0.0,
        0.0,
        0.0,
        0.0,
        0.0,
        0.0,
        0.0,
        0.0,
        0.0,
        0.0,
        0.0,
        0.0,
        0.0,
        0.0,
        0.0,
        0.0,
        0.0,
        0.0,
        0.0,
        0.0,
        0.0,
        0.0,
        0.0,
        0.0,
        0.0,
        0.0,
        0.0,
        0.0,
        0.0,
        0.0,
        0.0,
        0.0,
        0.0,
        0.0,
        0.0,
        0.0,
        0.0,
        0.0,
        0.0,
        0.0,
        0.0,
        0.0,
        0.0,
        0.0,
        0.0,
        0.0,
        0.0,
        0.0,
        0.0,
        0.0,
        0.0,
        0.0,
        0.0,
        0.0,
        0.0,
        0.0,
        0.0,
        0.0,
        0.0,
        0.0,
        0.0,
        0.0,
        0.0,
        0.0,
        0.0,
        0.0,
        0.0,
        0.0,
        0.0,
        0.0,
        0.0,
        0.0,
        0.0,
        0.0,
        0.0,
        0.0,
        0.0,
        0.0,
        0.0,
        0.0,
        0.0,
        0.0,
        0.0,
        0.0,
        0.0,
        0.0,
        0.0,
        0.0,
        0.0,
        0.0,
        0.0,
        0.0,
        0.0,
        0.0
      ],
      "silhouette_mask_path": "C:\\Users\\shrad\\TrendWeave\\MERGE_OUTPUT_FINAL\\Catwalks__Women_s_Footwear___Bags_Colour_A_W_25_26_en\\page_21\\img_1_mask_0.png"
    }
  ],
  "pose_keypoints": null
}