{
  "image": "C:\\Users\\shrad\\TrendWeave\\TrendWeave\\extracted_data\\Catwalks__Women_s_Key_Items___Jewellery_A_W_25_26_en\\page_4\\img_4.png",
  "items": [
    {
      "yolo_label": "person",
      "bbox": [
        0.0,
        2.901132822036743,
        291.7845764160156,
        550.0159301757812
      ],
      "confidence": 0.8023867607116699,
      "clip_attributes": {
        "palette": {
          "label": "bold colors",
          "confidence": 0.2344912737607956
        },
        "dress_silhouette": {
          "label": "fit and flare",
          "confidence": 0.24622391164302826
        },
        "neckline": {
          "label": "square neckline",
          "confidence": 0.27456170320510864
        },
        "sleeve_type": {
          "label": "bell sleeves",
          "confidence": 0.268449991941452
        },
        "top_silhouette": {
          "label": "fitted blouse",
          "confidence": 0.2454158216714859
        },
        "bottom_style": {
          "label": "flared pants",
          "confidence": 0.22346290946006775
        },
        "outerwear": {
          "label": "blazer",
          "confidence": 0.2600127160549164
        },
        "shoe_type": {
          "label": "ballet flats",
          "confidence": 0.22356121242046356
        },
        "bag_type": {
          "label": "shoulder bag",
          "confidence": 0.22641026973724365
        },
        "accessory": {
          "label": "scarf",
          "confidence": 0.2396811842918396
        },
        "hairstyle": {
          "label": "loose curls",
          "confidence": 0.22177857160568237
        },
        "setting": {
          "label": "office wear",
          "confidence": 0.2541508376598358
        },
        "fabric_type": {
          "label": "satin",
          "confidence": 0.242763489484787
        },
        "season": {
          "label": "spring",
          "confidence": 0.21414156258106232
        },
        "style_theme": {
          "label": "elegant chic",
          "confidence": 0.25548210740089417
        }
      },
      "dominant_colors": [
        [
          155,
          142,
          159
        ],
        [
          78,
          179,
          127
        ],
        [
          16,
          135,
          130
        ]
      ],
      "texture_histogram": [
        90.0,
        364.0,
        896.0,
        828.0,
        780.0,
        609.0,
        633.0,
        741.0,
        876.0,
        852.0,
        741.0,
        705.0,
        624.0,
        568.0,
        490.0,
        422.0,
        359.0,
        321.0,
        321.0,
        265.0,
        262.0,
        279.0,
        274.0,
        301.0,
        285.0,
        266.0,
        294.0,
        292.0,
        328.0,
        294.0,
        387.0,
        377.0,
        385.0,
        480.0,
        493.0,
        596.0,
        610.0,
        673.0,
        775.0,
        931.0,
        1329.0,
        1545.0,
        1656.0,
        1811.0,
        1877.0,
        2100.0,
        2641.0,
        3401.0,
        4117.0,
        4197.0,
        4227.0,
        4156.0,
        3958.0,
        3736.0,
        3693.0,
        3786.0,
        3858.0,
        3768.0,
        3611.0,
        3508.0,
        3232.0,
        2980.0,
        2523.0,
        2111.0,
        1947.0,
        1693.0,
        1542.0,
        1386.0,
        1331.0,
        1261.0,
        1207.0,
        1139.0,
        1002.0,
        948.0,
        953.0,
        857.0,
        871.0,
        750.0,
        716.0,
        706.0,
        634.0,
        589.0,
        611.0,
        534.0,
        502.0,
        535.0,
        502.0,
        449.0,
        467.0,
        423.0,
        384.0,
        402.0,
        360.0,
        384.0,
        354.0,
        368.0,
        313.0,
        295.0,
        289.0,
        276.0,
        255.0,
        236.0,
        213.0,
        200.0,
        208.0,
        191.0,
        207.0,
        226.0,
        242.0,
        254.0,
        250.0,
        283.0,
        301.0,
        326.0,
        347.0,
        314.0,
        365.0,
        340.0,
        378.0,
        364.0,
        457.0,
        455.0,
        437.0,
        462.0,
        492.0,
        509.0,
        539.0,
        556.0,
        591.0,
        638.0,
        630.0,
        643.0,
        668.0,
        602.0,
        667.0,
        649.0,
        644.0,
        634.0,
        697.0,
        716.0,
        730.0,
        699.0,
        719.0,
        658.0,
        696.0,
        674.0,
        652.0,
        657.0,
        633.0,
        653.0,
        707.0,
        694.0,
        619.0,
        666.0,
        678.0,
        677.0,
        635.0,
        606.0,
        647.0,
        630.0,
        554.0,
        514.0,
        452.0,
        405.0,
        378.0,
        323.0,
        271.0,
        246.0,
        223.0,
        208.0,
        158.0,
        167.0,
        146.0,
        130.0,
        92.0,
        103.0,
        96.0,
        79.0,
        72.0,
        72.0,
        71.0,
        64.0,
        61.0,
        53.0,
        66.0,
        51.0,
        41.0,
        37.0,
        59.0,
        30.0,
        33.0,
        54.0,
        43.0,
        36.0,
        54.0,
        51.0,
        35.0,
        47.0,
        26.0,
        34.0,
        40.0,
        35.0,
        49.0,
        29.0,
        37.0,
        38.0,
        34.0,
        36.0,
        40.0,
        40.0,
        48.0,
        33.0,
        42.0,
        32.0,
        33.0,
        42.0,
        38.0,
        33.0,
        39.0,
        40.0,
        29.0,
        33.0,
        28.0,
        43.0,
        34.0,
        28.0,
        37.0,
        38.0,
        42.0,
        29.0,
        26.0,
        35.0,
        40.0,
        49.0,
        33.0,
        28.0,
        49.0,
        38.0,
        39.0,
        56.0,
        61.0,
        48.0,
        50.0,
        70.0,
        65.0,
        55.0,
        62.0,
        66.0,
        65.0,
        69.0,
        72.0,
        83.0,
        104.0,
        74.0,
        13.0,
        0.0
      ],
      "silhouette_mask_path": "C:\\Users\\shrad\\TrendWeave\\MERGE_OUTPUT_FINAL\\Catwalks__Women_s_Key_Items___Jewellery_A_W_25_26_en\\page_4\\img_4_mask_0.png"
    }
  ],
  "pose_keypoints": null
}