{
  "image": "C:\\Users\\shrad\\TrendWeave\\TrendWeave\\extracted_data\\Catwalks__Women_s_Colour_A_W_25_26_en\\page_22\\img_2.jpeg",
  "items": [
    {
      "yolo_label": "person",
      "bbox": [
        13.491288185119629,
        1.0701807737350464,
        322.6468505859375,
        324.9769592285156
      ],
      "confidence": 0.7558237314224243,
      "clip_attributes": {
        "palette": {
          "label": "pastel",
          "confidence": 0.22848838567733765
        },
        "dress_silhouette": {
          "label": "shirt dress",
          "confidence": 0.25482994318008423
        },
        "neckline": {
          "label": "off-shoulder",
          "confidence": 0.25918880105018616
        },
        "sleeve_type": {
          "label": "puffed sleeves",
          "confidence": 0.26200777292251587
        },
        "top_silhouette": {
          "label": "fitted blouse",
          "confidence": 0.2667692005634308
        },
        "bottom_style": {
          "label": "culottes",
          "confidence": 0.257791131734848
        },
        "outerwear": {
          "label": "cardigan",
          "confidence": 0.25172480940818787
        },
        "shoe_type": {
          "label": "ankle boots",
          "confidence": 0.22438958287239075
        },
        "bag_type": {
          "label": "shoulder bag",
          "confidence": 0.22723188996315002
        },
        "accessory": {
          "label": "hoop earrings",
          "confidence": 0.2285252809524536
        },
        "hairstyle": {
          "label": "ponytail",
          "confidence": 0.22502391040325165
        },
        "setting": {
          "label": "street style",
          "confidence": 0.23925773799419403
        },
        "fabric_type": {
          "label": "linen",
          "confidence": 0.24411489069461823
        },
        "season": {
          "label": "spring",
          "confidence": 0.2201671600341797
        },
        "style_theme": {
          "label": "boho",
          "confidence": 0.2450041025876999
        }
      },
      "dominant_colors": [
        [
          33,
          129,
          126
        ],
        [
          220,
          137,
          133
        ],
        [
          136,
          140,
          139
        ]
      ],
      "texture_histogram": [
        0.0,
        2.0,
        1.0,
        4.0,
        5.0,
        11.0,
        11.0,
        17.0,
        23.0,
        61.0,
        158.0,
        347.0,
        575.0,
        715.0,
        945.0,
        1130.0,
        1605.0,
        1734.0,
        1664.0,
        975.0,
        814.0,
        644.0,
        706.0,
        708.0,
        677.0,
        656.0,
        699.0,
        691.0,
        660.0,
        745.0,
        704.0,
        773.0,
        695.0,
        879.0,
        914.0,
        734.0,
        749.0,
        727.0,
        789.0,
        793.0,
        851.0,
        864.0,
        858.0,
        766.0,
        756.0,
        762.0,
        628.0,
        610.0,
        638.0,
        690.0,
        615.0,
        546.0,
        480.0,
        459.0,
        355.0,
        286.0,
        257.0,
        199.0,
        218.0,
        188.0,
        187.0,
        193.0,
        183.0,
        172.0,
        157.0,
        154.0,
        164.0,
        145.0,
        132.0,
        135.0,
        136.0,
        148.0,
        116.0,
        110.0,
        107.0,
        120.0,
        103.0,
        116.0,
        109.0,
        111.0,
        95.0,
        119.0,
        107.0,
        90.0,
        101.0,
        105.0,
        90.0,
        91.0,
        111.0,
        99.0,
        110.0,
        107.0,
        93.0,
        78.0,
        108.0,
        85.0,
        90.0,
        79.0,
        80.0,
        86.0,
        74.0,
        82.0,
        78.0,
        63.0,
        65.0,
        76.0,
        69.0,
        78.0,
        68.0,
        62.0,
        106.0,
        84.0,
        88.0,
        75.0,
        77.0,
        75.0,
        80.0,
        87.0,
        95.0,
        63.0,
        96.0,
        74.0,
        76.0,
        79.0,
        75.0,
        84.0,
        71.0,
        69.0,
        80.0,
        71.0,
        80.0,
        76.0,
        75.0,
        70.0,
        66.0,
        94.0,
        72.0,
        90.0,
        65.0,
        87.0,
        82.0,
        77.0,
        79.0,
        98.0,
        116.0,
        113.0,
        105.0,
        117.0,
        129.0,
        128.0,
        127.0,
        140.0,
        128.0,
        152.0,
        107.0,
        136.0,
        137.0,
        130.0,
        115.0,
        122.0,
        122.0,
        134.0,
        123.0,
        133.0,
        125.0,
        124.0,
        138.0,
        137.0,
        164.0,
        163.0,
        158.0,
        144.0,
        145.0,
        155.0,
        174.0,
        164.0,
        168.0,
        168.0,
        177.0,
        193.0,
        167.0,
        202.0,
        192.0,
        208.0,
        168.0,
        168.0,
        189.0,
        203.0,
        200.0,
        194.0,
        214.0,
        219.0,
        208.0,
        250.0,
        242.0,
        259.0,
        268.0,
        249.0,
        273.0,
        277.0,
        303.0,
        311.0,
        346.0,
        382.0,
        407.0,
        404.0,
        472.0,
        447.0,
        526.0,
        542.0,
        638.0,
        715.0,
        754.0,
        749.0,
        670.0,
        834.0,
        843.0,
        924.0,
        1145.0,
        1452.0,
        1741.0,
        2222.0,
        2806.0,
        3261.0,
        3346.0,
        3669.0,
        3891.0,
        3417.0,
        3385.0,
        2622.0,
        1289.0,
        661.0,
        426.0,
        302.0,
        173.0,
        105.0,
        75.0,
        64.0,
        41.0,
        38.0,
        28.0,
        15.0,
        14.0,
        15.0,
        11.0,
        14.0,
        11.0,
        11.0,
        1.0,
        6.0,
        2.0,
        0.0,
        0.0,
        0.0,
        1.0,
        0.0
      ],
      "silhouette_mask_path": "C:\\Users\\shrad\\TrendWeave\\MERGE_OUTPUT_FINAL\\Catwalks__Women_s_Colour_A_W_25_26_en\\page_22\\img_2_mask_0.png"
    },
    {
      "yolo_label": "tie",
      "bbox": [
        131.2339324951172,
        90.6096420288086,
        199.72987365722656,
        325.4531555175781
      ],
      "confidence": 0.44107696413993835,
      "clip_attributes": {
        "palette": {
          "label": "earth tones",
          "confidence": 0.25543737411499023
        },
        "shoe_type": {
          "label": "boots",
          "confidence": 0.24494078755378723
        },
        "bag_type": {
          "label": "belt bag",
          "confidence": 0.2524653971195221
        },
        "accessory": {
          "label": "bracelet",
          "confidence": 0.2525188624858856
        },
        "setting": {
          "label": "travel outfit",
          "confidence": 0.23856453597545624
        },
        "fabric_type": {
          "label": "jersey",
          "confidence": 0.24136130511760712
        },
        "season": {
          "label": "winter",
          "confidence": 0.22737520933151245
        },
        "style_theme": {
          "label": "athleisure",
          "confidence": 0.22131825983524323
        }
      },
      "dominant_colors": [
        [
          225,
          137,
          133
        ],
        [
          39,
          132,
          127
        ],
        [
          148,
          139,
          135
        ]
      ],
      "texture_histogram": [
        0.0,
        0.0,
        1.0,
        0.0,
        0.0,
        2.0,
        4.0,
        7.0,
        10.0,
        12.0,
        18.0,
        19.0,
        19.0,
        30.0,
        31.0,
        45.0,
        47.0,
        35.0,
        38.0,
        56.0,
        70.0,
        73.0,
        105.0,
        118.0,
        124.0,
        152.0,
        173.0,
        203.0,
        231.0,
        315.0,
        308.0,
        322.0,
        296.0,
        317.0,
        301.0,
        308.0,
        343.0,
        366.0,
        370.0,
        386.0,
        357.0,
        388.0,
        384.0,
        358.0,
        358.0,
        360.0,
        357.0,
        366.0,
        361.0,
        429.0,
        366.0,
        289.0,
        244.0,
        204.0,
        135.0,
        91.0,
        56.0,
        33.0,
        27.0,
        12.0,
        10.0,
        4.0,
        9.0,
        5.0,
        5.0,
        1.0,
        5.0,
        5.0,
        4.0,
        7.0,
        4.0,
        13.0,
        4.0,
        3.0,
        6.0,
        1.0,
        6.0,
        0.0,
        5.0,
        5.0,
        5.0,
        3.0,
        2.0,
        2.0,
        5.0,
        6.0,
        1.0,
        3.0,
        5.0,
        8.0,
        5.0,
        8.0,
        5.0,
        7.0,
        7.0,
        6.0,
        6.0,
        5.0,
        6.0,
        8.0,
        4.0,
        7.0,
        3.0,
        3.0,
        4.0,
        4.0,
        4.0,
        4.0,
        3.0,
        5.0,
        8.0,
        2.0,
        6.0,
        7.0,
        10.0,
        6.0,
        7.0,
        3.0,
        5.0,
        3.0,
        5.0,
        3.0,
        6.0,
        5.0,
        6.0,
        2.0,
        7.0,
        4.0,
        7.0,
        4.0,
        6.0,
        4.0,
        5.0,
        6.0,
        4.0,
        6.0,
        6.0,
        3.0,
        4.0,
        10.0,
        4.0,
        9.0,
        5.0,
        7.0,
        8.0,
        9.0,
        5.0,
        4.0,
        7.0,
        9.0,
        9.0,
        8.0,
        8.0,
        16.0,
        8.0,
        10.0,
        12.0,
        9.0,
        3.0,
        8.0,
        7.0,
        15.0,
        4.0,
        5.0,
        3.0,
        12.0,
        9.0,
        11.0,
        9.0,
        10.0,
        11.0,
        8.0,
        15.0,
        7.0,
        11.0,
        7.0,
        10.0,
        9.0,
        12.0,
        17.0,
        8.0,
        15.0,
        13.0,
        15.0,
        10.0,
        12.0,
        20.0,
        14.0,
        18.0,
        18.0,
        12.0,
        19.0,
        19.0,
        14.0,
        14.0,
        18.0,
        25.0,
        12.0,
        13.0,
        19.0,
        14.0,
        13.0,
        12.0,
        15.0,
        25.0,
        24.0,
        21.0,
        28.0,
        23.0,
        35.0,
        28.0,
        30.0,
        37.0,
        50.0,
        39.0,
        62.0,
        71.0,
        68.0,
        70.0,
        80.0,
        73.0,
        95.0,
        109.0,
        184.0,
        231.0,
        343.0,
        431.0,
        465.0,
        588.0,
        437.0,
        229.0,
        137.0,
        110.0,
        65.0,
        46.0,
        30.0,
        21.0,
        17.0,
        17.0,
        17.0,
        16.0,
        10.0,
        13.0,
        9.0,
        8.0,
        13.0,
        9.0,
        9.0,
        1.0,
        6.0,
        1.0,
        0.0,
        0.0,
        0.0,
        1.0,
        0.0
      ],
      "silhouette_mask_path": "C:\\Users\\shrad\\TrendWeave\\MERGE_OUTPUT_FINAL\\Catwalks__Women_s_Colour_A_W_25_26_en\\page_22\\img_2_mask_1.png"
    }
  ],
  "pose_keypoints": [
    {
      "x": 0.5163453817367554,
      "y": -0.020897209644317627,
      "z": -1.1762385368347168,
      "visibility": 0.9971362352371216
    },
    {
      "x": 0.5470327734947205,
      "y": -0.07265996932983398,
      "z": -1.1056196689605713,
      "visibility": 0.9940897226333618
    },
    {
      "x": 0.5674376487731934,
      "y": -0.06697642803192139,
      "z": -1.1059969663619995,
      "visibility": 0.9947806000709534
    },
    {
      "x": 0.588325560092926,
      "y": -0.06026458740234375,
      "z": -1.1063531637191772,
      "visibility": 0.993514895439148
    },
    {
      "x": 0.49100154638290405,
      "y": -0.07634758949279785,
      "z": -1.108590841293335,
      "visibility": 0.9952710270881653
    },
    {
      "x": 0.4727707505226135,
      "y": -0.07378637790679932,
      "z": -1.1085525751113892,
      "visibility": 0.9965037107467651
    },
    {
      "x": 0.4544483721256256,
      "y": -0.0706324577331543,
      "z": -1.109734058380127,
      "visibility": 0.9964016675949097
    },
    {
      "x": 0.621094822883606,
      "y": -0.022591114044189453,
      "z": -0.6022052764892578,
      "visibility": 0.9929664134979248
    },
    {
      "x": 0.4263703227043152,
      "y": -0.03319430351257324,
      "z": -0.5974960327148438,
      "visibility": 0.9968235492706299
    },
    {
      "x": 0.5513288378715515,
      "y": 0.038278162479400635,
      "z": -0.9813626408576965,
      "visibility": 0.9987518787384033
    },
    {
      "x": 0.4878005385398865,
      "y": 0.0373154878616333,
      "z": -0.9814969897270203,
      "visibility": 0.9991148114204407
    },
    {
      "x": 0.7781030535697937,
      "y": 0.26530522108078003,
      "z": -0.28631266951560974,
      "visibility": 0.9986252784729004
    },
    {
      "x": 0.27366286516189575,
      "y": 0.24606917798519135,
      "z": -0.34326592087745667,
      "visibility": 0.9994319081306458
    },
    {
      "x": 0.8966411352157593,
      "y": 0.6093606352806091,
      "z": -0.2086206078529358,
      "visibility": 0.9173321723937988
    },
    {
      "x": 0.11177488416433334,
      "y": 0.5806716680526733,
      "z": -0.4222942292690277,
      "visibility": 0.9627094268798828
    },
    {
      "x": 0.8329149484634399,
      "y": 0.7891020774841309,
      "z": -0.7793713212013245,
      "visibility": 0.6223730444908142
    },
    {
      "x": 0.21445828676223755,
      "y": 0.8060722947120667,
      "z": -1.1710115671157837,
      "visibility": 0.7195416688919067
    },
    {
      "x": 0.8064277768135071,
      "y": 0.8754690289497375,
      "z": -0.9284252524375916,
      "visibility": 0.45199039578437805
    },
    {
      "x": 0.21588143706321716,
      "y": 0.8991090059280396,
      "z": -1.361763834953308,
      "visibility": 0.5750197768211365
    },
    {
      "x": 0.7744408845901489,
      "y": 0.8523150086402893,
      "z": -1.0304688215255737,
      "visibility": 0.5072749257087708
    },
    {
      "x": 0.28029370307922363,
      "y": 0.874750554561615,
      "z": -1.439265489578247,
      "visibility": 0.6344353556632996
    },
    {
      "x": 0.7712522745132446,
      "y": 0.8105762600898743,
      "z": -0.8330435752868652,
      "visibility": 0.49101245403289795
    },
    {
      "x": 0.2879180312156677,
      "y": 0.8408966660499573,
      "z": -1.2183058261871338,
      "visibility": 0.6132336258888245
    },
    {
      "x": 0.6495481729507446,
      "y": 0.9496603012084961,
      "z": -0.054908279329538345,
      "visibility": 0.36877208948135376
    },
    {
      "x": 0.3394562900066376,
      "y": 0.9448922276496887,
      "z": 0.057834066450595856,
      "visibility": 0.46049100160598755
    },
    {
      "x": 0.6428877115249634,
      "y": 1.492189884185791,
      "z": 0.2830287516117096,
      "visibility": 0.013865193352103233
    },
    {
      "x": 0.30478227138519287,
      "y": 1.4838765859603882,
      "z": 0.2985026240348816,
      "visibility": 0.008586139418184757
    },
    {
      "x": 0.6406519412994385,
      "y": 1.9588518142700195,
      "z": 1.2454302310943604,
      "visibility": 0.002078802092000842
    },
    {
      "x": 0.3173421621322632,
      "y": 1.9570361375808716,
      "z": 1.084998369216919,
      "visibility": 0.0022427495568990707
    },
    {
      "x": 0.6438460350036621,
      "y": 2.028275966644287,
      "z": 1.311237096786499,
      "visibility": 0.0017108357278630137
    },
    {
      "x": 0.31923532485961914,
      "y": 2.028599262237549,
      "z": 1.1446068286895752,
      "visibility": 0.004322729539126158
    },
    {
      "x": 0.5930395126342773,
      "y": 2.1231908798217773,
      "z": 0.6659637689590454,
      "visibility": 0.0019071964779868722
    },
    {
      "x": 0.3534967303276062,
      "y": 2.1097617149353027,
      "z": 0.43949273228645325,
      "visibility": 0.0032845886889845133
    }
  ]
}