{
  "image": "C:\\Users\\shrad\\TrendWeave\\TrendWeave\\extracted_data\\Catwalks__Women_s_Footwear___Bags_Colour_A_W_25_26_en\\page_7\\img_2.png",
  "items": [
    {
      "yolo_label": "person",
      "bbox": [
        7.400784492492676,
        0.585695743560791,
        428.0496826171875,
        533.796630859375
      ],
      "confidence": 0.29601210355758667,
      "clip_attributes": {
        "palette": {
          "label": "pastel",
          "confidence": 0.2360834777355194
        },
        "dress_silhouette": {
          "label": "fit and flare",
          "confidence": 0.21828168630599976
        },
        "neckline": {
          "label": "square neckline",
          "confidence": 0.24170878529548645
        },
        "sleeve_type": {
          "label": "bell sleeves",
          "confidence": 0.2672458589076996
        },
        "top_silhouette": {
          "label": "fitted blouse",
          "confidence": 0.23770657181739807
        },
        "bottom_style": {
          "label": "culottes",
          "confidence": 0.24410855770111084
        },
        "outerwear": {
          "label": "long coat",
          "confidence": 0.20962870121002197
        },
        "shoe_type": {
          "label": "ballet flats",
          "confidence": 0.22936122119426727
        },
        "bag_type": {
          "label": "shoulder bag",
          "confidence": 0.27655619382858276
        },
        "accessory": {
          "label": "watch",
          "confidence": 0.20773744583129883
        },
        "hairstyle": {
          "label": "loose curls",
          "confidence": 0.19938872754573822
        },
        "setting": {
          "label": "brunch look",
          "confidence": 0.2384246587753296
        },
        "fabric_type": {
          "label": "chiffon",
          "confidence": 0.2402377724647522
        },
        "season": {
          "label": "spring",
          "confidence": 0.21310800313949585
        },
        "style_theme": {
          "label": "elegant chic",
          "confidence": 0.2417924404144287
        }
      },
      "dominant_colors": [
        [
          42,
          135,
          116
        ],
        [
          221,
          133,
          130
        ],
        [
          100,
          141,
          112
        ]
      ],
      "texture_histogram": [
        94.0,
        287.0,
        275.0,
        312.0,
        342.0,
        347.0,
        346.0,
        359.0,
        378.0,
        392.0,
        432.0,
        436.0,
        473.0,
        484.0,
        467.0,
        405.0,
        469.0,
        510.0,
        526.0,
        535.0,
        633.0,
        647.0,
        712.0,
        749.0,
        866.0,
        778.0,
        848.0,
        982.0,
        1011.0,
        1000.0,
        1078.0,
        1014.0,
        1106.0,
        1141.0,
        1103.0,
        1112.0,
        1172.0,
        1132.0,
        1090.0,
        1173.0,
        1124.0,
        1146.0,
        1010.0,
        1034.0,
        979.0,
        1004.0,
        1096.0,
        1073.0,
        1217.0,
        1384.0,
        1643.0,
        1806.0,
        2051.0,
        1774.0,
        1704.0,
        1491.0,
        1389.0,
        1269.0,
        1266.0,
        1237.0,
        1206.0,
        1285.0,
        1296.0,
        1326.0,
        1339.0,
        1423.0,
        1443.0,
        1483.0,
        1494.0,
        1586.0,
        1620.0,
        1651.0,
        1689.0,
        1649.0,
        1706.0,
        1640.0,
        1611.0,
        1545.0,
        1474.0,
        1478.0,
        1376.0,
        1397.0,
        1366.0,
        1265.0,
        1193.0,
        1195.0,
        1152.0,
        1132.0,
        1054.0,
        1102.0,
        1050.0,
        989.0,
        997.0,
        1003.0,
        1004.0,
        953.0,
        1016.0,
        904.0,
        988.0,
        968.0,
        991.0,
        997.0,
        977.0,
        913.0,
        969.0,
        896.0,
        910.0,
        891.0,
        817.0,
        758.0,
        787.0,
        740.0,
        616.0,
        633.0,
        592.0,
        571.0,
        501.0,
        482.0,
        458.0,
        419.0,
        438.0,
        422.0,
        363.0,
        369.0,
        361.0,
        338.0,
        351.0,
        299.0,
        315.0,
        313.0,
        323.0,
        330.0,
        313.0,
        286.0,
        295.0,
        300.0,
        341.0,
        289.0,
        310.0,
        284.0,
        224.0,
        278.0,
        229.0,
        216.0,
        246.0,
        201.0,
        235.0,
        201.0,
        188.0,
        203.0,
        203.0,
        210.0,
        206.0,
        195.0,
        200.0,
        201.0,
        210.0,
        194.0,
        188.0,
        192.0,
        198.0,
        198.0,
        195.0,
        182.0,
        183.0,
        215.0,
        222.0,
        215.0,
        194.0,
        196.0,
        240.0,
        217.0,
        241.0,
        255.0,
        241.0,
        254.0,
        273.0,
        275.0,
        331.0,
        312.0,
        349.0,
        347.0,
        357.0,
        403.0,
        398.0,
        416.0,
        445.0,
        477.0,
        466.0,
        505.0,
        516.0,
        500.0,
        560.0,
        577.0,
        546.0,
        581.0,
        534.0,
        553.0,
        518.0,
        534.0,
        574.0,
        580.0,
        605.0,
        657.0,
        696.0,
        756.0,
        761.0,
        784.0,
        841.0,
        972.0,
        1146.0,
        1492.0,
        2039.0,
        2070.0,
        2146.0,
        2047.0,
        2189.0,
        2291.0,
        2345.0,
        2432.0,
        2482.0,
        2563.0,
        2225.0,
        1986.0,
        1996.0,
        1665.0,
        1675.0,
        1618.0,
        2026.0,
        2238.0,
        2275.0,
        1976.0,
        2055.0,
        1704.0,
        1536.0,
        1443.0,
        1398.0,
        1479.0,
        1577.0,
        1556.0,
        1743.0,
        1898.0,
        1754.0,
        1956.0,
        1307.0,
        780.0,
        803.0,
        573.0,
        439.0,
        358.0,
        366.0,
        415.0,
        383.0,
        481.0,
        271.0,
        12.0
      ],
      "silhouette_mask_path": "C:\\Users\\shrad\\TrendWeave\\MERGE_OUTPUT_FINAL\\Catwalks__Women_s_Footwear___Bags_Colour_A_W_25_26_en\\page_7\\img_2_mask_0.png"
    }
  ],
  "pose_keypoints": null
}