{
  "image": "C:\\Users\\shrad\\TrendWeave\\TrendWeave\\extracted_data\\Catwalks__Women_s_Colour_A_W_25_26_en\\page_21\\img_4.jpeg",
  "items": [
    {
      "yolo_label": "person",
      "bbox": [
        243.11920166015625,
        32.415122985839844,
        612.8941650390625,
        1179.175537109375
      ],
      "confidence": 0.8478623628616333,
      "clip_attributes": {
        "palette": {
          "label": "monochrome",
          "confidence": 0.23770368099212646
        },
        "dress_silhouette": {
          "label": "fit and flare",
          "confidence": 0.26026681065559387
        },
        "neckline": {
          "label": "square neckline",
          "confidence": 0.26286622881889343
        },
        "sleeve_type": {
          "label": "puffed sleeves",
          "confidence": 0.27960193157196045
        },
        "top_silhouette": {
          "label": "peplum",
          "confidence": 0.25883811712265015
        },
        "bottom_style": {
          "label": "culottes",
          "confidence": 0.2727962136268616
        },
        "outerwear": {
          "label": "long coat",
          "confidence": 0.2477501481771469
        },
        "shoe_type": {
          "label": "ballet flats",
          "confidence": 0.24230360984802246
        },
        "bag_type": {
          "label": "shoulder bag",
          "confidence": 0.24672310054302216
        },
        "accessory": {
          "label": "scarf",
          "confidence": 0.22333404421806335
        },
        "hairstyle": {
          "label": "high bun",
          "confidence": 0.22304967045783997
        },
        "setting": {
          "label": "street style",
          "confidence": 0.2500583827495575
        },
        "fabric_type": {
          "label": "organza",
          "confidence": 0.26240676641464233
        },
        "season": {
          "label": "winter",
          "confidence": 0.23074579238891602
        },
        "style_theme": {
          "label": "elegant chic",
          "confidence": 0.2571859061717987
        }
      },
      "dominant_colors": [
        [
          118,
          126,
          127
        ],
        [
          26,
          128,
          124
        ],
        [
          174,
          122,
          133
        ]
      ],
      "texture_histogram": [
        73.0,
        166.0,
        136.0,
        170.0,
        298.0,
        395.0,
        556.0,
        857.0,
        1734.0,
        3625.0,
        5123.0,
        4178.0,
        5025.0,
        5631.0,
        4828.0,
        4706.0,
        4856.0,
        4812.0,
        5062.0,
        5582.0,
        4326.0,
        4017.0,
        4086.0,
        4729.0,
        4908.0,
        5186.0,
        4524.0,
        4454.0,
        4284.0,
        4150.0,
        4695.0,
        5093.0,
        4559.0,
        4460.0,
        4410.0,
        4081.0,
        3979.0,
        3993.0,
        3706.0,
        3381.0,
        2643.0,
        1974.0,
        1542.0,
        1645.0,
        1454.0,
        1517.0,
        1448.0,
        1464.0,
        1257.0,
        1000.0,
        829.0,
        717.0,
        723.0,
        736.0,
        732.0,
        674.0,
        690.0,
        661.0,
        623.0,
        715.0,
        689.0,
        757.0,
        699.0,
        672.0,
        690.0,
        682.0,
        699.0,
        670.0,
        653.0,
        684.0,
        688.0,
        569.0,
        610.0,
        578.0,
        556.0,
        519.0,
        522.0,
        559.0,
        514.0,
        531.0,
        551.0,
        560.0,
        555.0,
        587.0,
        581.0,
        593.0,
        590.0,
        585.0,
        563.0,
        546.0,
        562.0,
        589.0,
        569.0,
        549.0,
        561.0,
        517.0,
        583.0,
        612.0,
        620.0,
        657.0,
        729.0,
        819.0,
        845.0,
        970.0,
        997.0,
        1118.0,
        1178.0,
        1404.0,
        1465.0,
        1532.0,
        1682.0,
        1829.0,
        1953.0,
        2044.0,
        2223.0,
        2214.0,
        2316.0,
        2301.0,
        2388.0,
        2325.0,
        2503.0,
        2354.0,
        2197.0,
        2140.0,
        2032.0,
        1958.0,
        1861.0,
        1698.0,
        1643.0,
        1511.0,
        1405.0,
        1281.0,
        1256.0,
        1182.0,
        1142.0,
        1175.0,
        1139.0,
        1221.0,
        1339.0,
        1420.0,
        1541.0,
        1572.0,
        1793.0,
        1959.0,
        2110.0,
        2255.0,
        2307.0,
        2403.0,
        2669.0,
        2792.0,
        3030.0,
        3346.0,
        3420.0,
        3630.0,
        3781.0,
        4032.0,
        3906.0,
        4065.0,
        4318.0,
        4423.0,
        4468.0,
        4537.0,
        4568.0,
        4600.0,
        4691.0,
        4700.0,
        4869.0,
        4923.0,
        4743.0,
        4871.0,
        4545.0,
        4460.0,
        4368.0,
        4198.0,
        3746.0,
        3634.0,
        3356.0,
        2944.0,
        2759.0,
        2516.0,
        2280.0,
        2059.0,
        1820.0,
        1517.0,
        1329.0,
        1130.0,
        1026.0,
        860.0,
        676.0,
        546.0,
        526.0,
        402.0,
        392.0,
        416.0,
        371.0,
        392.0,
        401.0,
        394.0,
        425.0,
        384.0,
        384.0,
        379.0,
        404.0,
        419.0,
        363.0,
        382.0,
        341.0,
        300.0,
        289.0,
        277.0,
        260.0,
        244.0,
        218.0,
        213.0,
        202.0,
        172.0,
        186.0,
        158.0,
        156.0,
        129.0,
        163.0,
        125.0,
        88.0,
        84.0,
        66.0,
        43.0,
        38.0,
        25.0,
        27.0,
        20.0,
        7.0,
        10.0,
        12.0,
        11.0,
        10.0,
        12.0,
        11.0,
        8.0,
        7.0,
        7.0,
        5.0,
        5.0,
        4.0,
        0.0,
        3.0,
        4.0,
        6.0,
        4.0,
        6.0,
        3.0,
        1.0,
        4.0,
        5.0,
        5.0,
        4.0,
        2.0
      ],
      "silhouette_mask_path": "C:\\Users\\shrad\\TrendWeave\\MERGE_OUTPUT_FINAL\\Catwalks__Women_s_Colour_A_W_25_26_en\\page_21\\img_4_mask_0.png"
    }
  ],
  "pose_keypoints": [
    {
      "x": 0.4997349679470062,
      "y": 0.09947112202644348,
      "z": -0.939906895160675,
      "visibility": 0.9999113082885742
    },
    {
      "x": 0.5187699198722839,
      "y": 0.08358317613601685,
      "z": -0.9054385423660278,
      "visibility": 0.9997912049293518
    },
    {
      "x": 0.5293715596199036,
      "y": 0.08449578285217285,
      "z": -0.9056157469749451,
      "visibility": 0.9997907280921936
    },
    {
      "x": 0.5374936461448669,
      "y": 0.0857815146446228,
      "z": -0.9058588147163391,
      "visibility": 0.9997896552085876
    },
    {
      "x": 0.4858996272087097,
      "y": 0.08424940705299377,
      "z": -0.8995333909988403,
      "visibility": 0.9997230172157288
    },
    {
      "x": 0.47483333945274353,
      "y": 0.08541196584701538,
      "z": -0.8995363712310791,
      "visibility": 0.9996795654296875
    },
    {
      "x": 0.4643687903881073,
      "y": 0.08683386445045471,
      "z": -0.8996819257736206,
      "visibility": 0.9996902942657471
    },
    {
      "x": 0.5569624900817871,
      "y": 0.09843489527702332,
      "z": -0.6162133812904358,
      "visibility": 0.9998149275779724
    },
    {
      "x": 0.4557190537452698,
      "y": 0.09944909811019897,
      "z": -0.5853173136711121,
      "visibility": 0.9995052814483643
    },
    {
      "x": 0.5237316489219666,
      "y": 0.11994051933288574,
      "z": -0.823605477809906,
      "visibility": 0.99991774559021
    },
    {
      "x": 0.4782148003578186,
      "y": 0.11903399229049683,
      "z": -0.8151559233665466,
      "visibility": 0.9998433589935303
    },
    {
      "x": 0.6379283666610718,
      "y": 0.21077686548233032,
      "z": -0.3874615430831909,
      "visibility": 0.999821126461029
    },
    {
      "x": 0.39554309844970703,
      "y": 0.21533674001693726,
      "z": -0.31055739521980286,
      "visibility": 0.9997100234031677
    },
    {
      "x": 0.6540589928627014,
      "y": 0.35109537839889526,
      "z": -0.194031223654747,
      "visibility": 0.8148805499076843
    },
    {
      "x": 0.37257006764411926,
      "y": 0.3539249897003174,
      "z": -0.13624076545238495,
      "visibility": 0.7636892199516296
    },
    {
      "x": 0.673578679561615,
      "y": 0.4665616750717163,
      "z": -0.36558446288108826,
      "visibility": 0.3646763861179352
    },
    {
      "x": 0.35250359773635864,
      "y": 0.4648369550704956,
      "z": -0.34243112802505493,
      "visibility": 0.5385898351669312
    },
    {
      "x": 0.6744227409362793,
      "y": 0.5026597380638123,
      "z": -0.42384567856788635,
      "visibility": 0.32839110493659973
    },
    {
      "x": 0.3490382730960846,
      "y": 0.49954816699028015,
      "z": -0.39865046739578247,
      "visibility": 0.47767046093940735
    },
    {
      "x": 0.6677769422531128,
      "y": 0.502866268157959,
      "z": -0.5082896947860718,
      "visibility": 0.3480548560619354
    },
    {
      "x": 0.3553900122642517,
      "y": 0.5001136064529419,
      "z": -0.5027487874031067,
      "visibility": 0.5066397190093994
    },
    {
      "x": 0.6619929075241089,
      "y": 0.48983368277549744,
      "z": -0.4026844799518585,
      "visibility": 0.36916106939315796
    },
    {
      "x": 0.3609016537666321,
      "y": 0.487785279750824,
      "z": -0.3888739347457886,
      "visibility": 0.5219343900680542
    },
    {
      "x": 0.5668270587921143,
      "y": 0.46525901556015015,
      "z": -0.05994382128119469,
      "visibility": 0.9975684285163879
    },
    {
      "x": 0.43463870882987976,
      "y": 0.46403270959854126,
      "z": 0.06016354635357857,
      "visibility": 0.99641352891922
    },
    {
      "x": 0.5663154721260071,
      "y": 0.6462731957435608,
      "z": -0.24226604402065277,
      "visibility": 0.6028730869293213
    },
    {
      "x": 0.4469236731529236,
      "y": 0.6385898590087891,
      "z": -0.02427450567483902,
      "visibility": 0.5426814556121826
    },
    {
      "x": 0.5574898719787598,
      "y": 0.8513876795768738,
      "z": 0.19791732728481293,
      "visibility": 0.5809745788574219
    },
    {
      "x": 0.48904383182525635,
      "y": 0.8555563688278198,
      "z": 0.36512911319732666,
      "visibility": 0.5332412719726562
    },
    {
      "x": 0.5575777888298035,
      "y": 0.8696327805519104,
      "z": 0.219183087348938,
      "visibility": 0.1939384639263153
    },
    {
      "x": 0.5052863359451294,
      "y": 0.8786457180976868,
      "z": 0.3870128393173218,
      "visibility": 0.3980512320995331
    },
    {
      "x": 0.5149897336959839,
      "y": 0.9183139204978943,
      "z": -0.13029597699642181,
      "visibility": 0.5004377365112305
    },
    {
      "x": 0.4597604274749756,
      "y": 0.9228336215019226,
      "z": 0.05466366559267044,
      "visibility": 0.528858482837677
    }
  ]
}