{
  "image": "C:\\Users\\shrad\\TrendWeave\\TrendWeave\\extracted_data\\Catwalks__Women_s_APAC_Key_Trends_A_W_25_26_en\\page_16\\img_3.png",
  "items": [
    {
      "yolo_label": "person",
      "bbox": [
        119.3793716430664,
        0.0,
        519.0487670898438,
        652.3836059570312
      ],
      "confidence": 0.6255061626434326,
      "clip_attributes": {
        "palette": {
          "label": "bold colors",
          "confidence": 0.2499656081199646
        },
        "dress_silhouette": {
          "label": "fit and flare",
          "confidence": 0.24045854806900024
        },
        "neckline": {
          "label": "square neckline",
          "confidence": 0.254414826631546
        },
        "sleeve_type": {
          "label": "puffed sleeves",
          "confidence": 0.2351151704788208
        },
        "top_silhouette": {
          "label": "wrap top",
          "confidence": 0.24833814799785614
        },
        "bottom_style": {
          "label": "wide-leg pants",
          "confidence": 0.24282661080360413
        },
        "outerwear": {
          "label": "long coat",
          "confidence": 0.24663123488426208
        },
        "shoe_type": {
          "label": "ankle boots",
          "confidence": 0.2061828374862671
        },
        "bag_type": {
          "label": "shoulder bag",
          "confidence": 0.22893695533275604
        },
        "accessory": {
          "label": "scarf",
          "confidence": 0.26672419905662537
        },
        "hairstyle": {
          "label": "ponytail",
          "confidence": 0.19955220818519592
        },
        "setting": {
          "label": "office wear",
          "confidence": 0.22584566473960876
        },
        "fabric_type": {
          "label": "chiffon",
          "confidence": 0.25332337617874146
        },
        "season": {
          "label": "spring",
          "confidence": 0.20462599396705627
        },
        "style_theme": {
          "label": "elegant chic",
          "confidence": 0.24004435539245605
        }
      },
      "dominant_colors": [
        [
          18,
          127,
          125
        ],
        [
          108,
          117,
          126
        ],
        [
          215,
          122,
          132
        ]
      ],
      "texture_histogram": [
        611.0,
        36194.0,
        5833.0,
        1277.0,
        1242.0,
        1176.0,
        1265.0,
        1909.0,
        2852.0,
        3318.0,
        2756.0,
        2659.0,
        2593.0,
        2850.0,
        3041.0,
        3446.0,
        3104.0,
        2839.0,
        2556.0,
        2347.0,
        2433.0,
        2243.0,
        2046.0,
        1996.0,
        1887.0,
        1856.0,
        1875.0,
        1881.0,
        1846.0,
        1837.0,
        1807.0,
        1806.0,
        1629.0,
        1711.0,
        1779.0,
        1731.0,
        1710.0,
        1578.0,
        1592.0,
        1517.0,
        1439.0,
        1500.0,
        1441.0,
        1347.0,
        1301.0,
        1324.0,
        1266.0,
        1363.0,
        1253.0,
        1308.0,
        1219.0,
        1182.0,
        1195.0,
        1098.0,
        1056.0,
        1089.0,
        1015.0,
        1050.0,
        950.0,
        940.0,
        960.0,
        859.0,
        827.0,
        859.0,
        832.0,
        827.0,
        850.0,
        790.0,
        807.0,
        753.0,
        776.0,
        716.0,
        738.0,
        726.0,
        678.0,
        707.0,
        692.0,
        697.0,
        739.0,
        691.0,
        689.0,
        639.0,
        654.0,
        637.0,
        621.0,
        664.0,
        588.0,
        576.0,
        551.0,
        542.0,
        569.0,
        525.0,
        568.0,
        555.0,
        546.0,
        538.0,
        537.0,
        523.0,
        507.0,
        490.0,
        523.0,
        550.0,
        554.0,
        540.0,
        545.0,
        558.0,
        603.0,
        557.0,
        592.0,
        602.0,
        586.0,
        612.0,
        557.0,
        570.0,
        563.0,
        555.0,
        550.0,
        571.0,
        516.0,
        500.0,
        504.0,
        517.0,
        480.0,
        423.0,
        398.0,
        370.0,
        362.0,
        366.0,
        334.0,
        327.0,
        319.0,
        314.0,
        317.0,
        313.0,
        293.0,
        300.0,
        269.0,
        303.0,
        275.0,
        277.0,
        276.0,
        276.0,
        311.0,
        264.0,
        314.0,
        267.0,
        293.0,
        274.0,
        326.0,
        287.0,
        324.0,
        321.0,
        347.0,
        370.0,
        404.0,
        413.0,
        384.0,
        347.0,
        353.0,
        395.0,
        403.0,
        444.0,
        430.0,
        417.0,
        392.0,
        463.0,
        427.0,
        449.0,
        402.0,
        420.0,
        433.0,
        433.0,
        439.0,
        431.0,
        385.0,
        394.0,
        406.0,
        395.0,
        396.0,
        366.0,
        368.0,
        346.0,
        353.0,
        309.0,
        338.0,
        293.0,
        302.0,
        292.0,
        318.0,
        305.0,
        289.0,
        313.0,
        328.0,
        324.0,
        343.0,
        314.0,
        342.0,
        348.0,
        366.0,
        367.0,
        368.0,
        387.0,
        397.0,
        425.0,
        478.0,
        403.0,
        407.0,
        423.0,
        473.0,
        430.0,
        413.0,
        414.0,
        474.0,
        492.0,
        447.0,
        498.0,
        505.0,
        540.0,
        748.0,
        1032.0,
        1312.0,
        1659.0,
        2241.0,
        3113.0,
        4540.0,
        5930.0,
        6050.0,
        5616.0,
        3686.0,
        1997.0,
        873.0,
        448.0,
        381.0,
        320.0,
        208.0,
        191.0,
        169.0,
        134.0,
        105.0,
        82.0,
        73.0,
        68.0,
        49.0,
        43.0,
        19.0,
        9.0,
        11.0,
        2.0,
        4.0,
        4.0,
        2.0,
        2.0,
        2.0,
        2.0,
        0.0,
        0.0
      ],
      "silhouette_mask_path": "C:\\Users\\shrad\\TrendWeave\\MERGE_OUTPUT_FINAL\\Catwalks__Women_s_APAC_Key_Trends_A_W_25_26_en\\page_16\\img_3_mask_0.png"
    },
    {
      "yolo_label": "person",
      "bbox": [
        0.0,
        335.6319885253906,
        62.21284484863281,
        652.049560546875
      ],
      "confidence": 0.47494640946388245,
      "clip_attributes": {
        "palette": {
          "label": "pastel",
          "confidence": 0.23724769055843353
        },
        "dress_silhouette": {
          "label": "bodycon dress",
          "confidence": 0.2447974681854248
        },
        "neckline": {
          "label": "square neckline",
          "confidence": 0.2627905011177063
        },
        "sleeve_type": {
          "label": "cap sleeves",
          "confidence": 0.242860808968544
        },
        "top_silhouette": {
          "label": "camisole",
          "confidence": 0.24542367458343506
        },
        "bottom_style": {
          "label": "culottes",
          "confidence": 0.24537387490272522
        },
        "outerwear": {
          "label": "blazer",
          "confidence": 0.24056009948253632
        },
        "shoe_type": {
          "label": "ballet flats",
          "confidence": 0.2313203066587448
        },
        "bag_type": {
          "label": "shoulder bag",
          "confidence": 0.2384183555841446
        },
        "accessory": {
          "label": "hairband",
          "confidence": 0.2388831526041031
        },
        "hairstyle": {
          "label": "ponytail",
          "confidence": 0.22871923446655273
        },
        "setting": {
          "label": "office wear",
          "confidence": 0.22457996010780334
        },
        "fabric_type": {
          "label": "organza",
          "confidence": 0.25157544016838074
        },
        "season": {
          "label": "winter",
          "confidence": 0.22431223094463348
        },
        "style_theme": {
          "label": "minimalist",
          "confidence": 0.23437292873859406
        }
      },
      "dominant_colors": [
        [
          16,
          127,
          120
        ],
        [
          230,
          120,
          114
        ],
        [
          145,
          120,
          107
        ]
      ],
      "texture_histogram": [
        0.0,
        0.0,
        11.0,
        35.0,
        126.0,
        211.0,
        258.0,
        300.0,
        549.0,
        382.0,
        387.0,
        472.0,
        355.0,
        331.0,
        258.0,
        233.0,
        287.0,
        363.0,
        620.0,
        1171.0,
        1135.0,
        1052.0,
        882.0,
        764.0,
        716.0,
        506.0,
        250.0,
        207.0,
        167.0,
        74.0,
        57.0,
        40.0,
        41.0,
        45.0,
        37.0,
        29.0,
        42.0,
        48.0,
        24.0,
        18.0,
        24.0,
        17.0,
        16.0,
        17.0,
        11.0,
        9.0,
        12.0,
        6.0,
        10.0,
        11.0,
        9.0,
        9.0,
        5.0,
        9.0,
        6.0,
        7.0,
        7.0,
        3.0,
        7.0,
        6.0,
        3.0,
        3.0,
        6.0,
        4.0,
        5.0,
        4.0,
        7.0,
        2.0,
        5.0,
        4.0,
        5.0,
        6.0,
        4.0,
        5.0,
        1.0,
        6.0,
        5.0,
        6.0,
        4.0,
        3.0,
        4.0,
        2.0,
        5.0,
        7.0,
        3.0,
        7.0,
        8.0,
        5.0,
        4.0,
        5.0,
        6.0,
        4.0,
        2.0,
        8.0,
        6.0,
        3.0,
        7.0,
        8.0,
        7.0,
        6.0,
        2.0,
        8.0,
        2.0,
        2.0,
        1.0,
        4.0,
        2.0,
        2.0,
        8.0,
        3.0,
        4.0,
        9.0,
        6.0,
        5.0,
        7.0,
        5.0,
        1.0,
        3.0,
        5.0,
        4.0,
        4.0,
        9.0,
        6.0,
        7.0,
        3.0,
        5.0,
        5.0,
        4.0,
        2.0,
        5.0,
        2.0,
        7.0,
        3.0,
        4.0,
        3.0,
        9.0,
        7.0,
        2.0,
        1.0,
        8.0,
        6.0,
        9.0,
        2.0,
        3.0,
        2.0,
        5.0,
        4.0,
        4.0,
        9.0,
        11.0,
        3.0,
        9.0,
        6.0,
        5.0,
        9.0,
        9.0,
        8.0,
        10.0,
        5.0,
        6.0,
        5.0,
        13.0,
        10.0,
        5.0,
        8.0,
        8.0,
        14.0,
        13.0,
        12.0,
        6.0,
        11.0,
        12.0,
        9.0,
        10.0,
        18.0,
        11.0,
        15.0,
        16.0,
        7.0,
        12.0,
        13.0,
        19.0,
        10.0,
        23.0,
        27.0,
        19.0,
        28.0,
        25.0,
        22.0,
        33.0,
        25.0,
        29.0,
        18.0,
        26.0,
        32.0,
        31.0,
        34.0,
        35.0,
        25.0,
        34.0,
        33.0,
        29.0,
        45.0,
        22.0,
        39.0,
        29.0,
        35.0,
        53.0,
        47.0,
        47.0,
        56.0,
        54.0,
        46.0,
        38.0,
        40.0,
        43.0,
        50.0,
        46.0,
        44.0,
        40.0,
        46.0,
        68.0,
        45.0,
        73.0,
        96.0,
        74.0,
        65.0,
        67.0,
        293.0,
        1085.0,
        1194.0,
        857.0,
        465.0,
        205.0,
        160.0,
        79.0,
        30.0,
        6.0,
        3.0,
        1.0,
        0.0,
        0.0,
        0.0,
        0.0,
        0.0,
        0.0,
        0.0,
        0.0,
        0.0,
        0.0,
        0.0,
        0.0,
        0.0,
        0.0,
        0.0,
        0.0
      ],
      "silhouette_mask_path": "C:\\Users\\shrad\\TrendWeave\\MERGE_OUTPUT_FINAL\\Catwalks__Women_s_APAC_Key_Trends_A_W_25_26_en\\page_16\\img_3_mask_1.png"
    }
  ],
  "pose_keypoints": [
    {
      "x": 0.4818863868713379,
      "y": 0.14818251132965088,
      "z": -0.7528496384620667,
      "visibility": 0.9967525005340576
    },
    {
      "x": 0.5073850154876709,
      "y": 0.12209481000900269,
      "z": -0.7387147545814514,
      "visibility": 0.994187593460083
    },
    {
      "x": 0.5203827619552612,
      "y": 0.12237673997879028,
      "z": -0.7390434145927429,
      "visibility": 0.9936485886573792
    },
    {
      "x": 0.5324080586433411,
      "y": 0.12260973453521729,
      "z": -0.7394497990608215,
      "visibility": 0.9944044351577759
    },
    {
      "x": 0.4681081473827362,
      "y": 0.12115515023469925,
      "z": -0.7143970131874084,
      "visibility": 0.9964460730552673
    },
    {
      "x": 0.4562872052192688,
      "y": 0.12086367607116699,
      "z": -0.7145001888275146,
      "visibility": 0.9960468411445618
    },
    {
      "x": 0.4457589387893677,
      "y": 0.12035703659057617,
      "z": -0.7149537205696106,
      "visibility": 0.9965029954910278
    },
    {
      "x": 0.5516680479049683,
      "y": 0.1315634846687317,
      "z": -0.5469627380371094,
      "visibility": 0.9930121302604675
    },
    {
      "x": 0.44314977526664734,
      "y": 0.1274714469909668,
      "z": -0.4305754005908966,
      "visibility": 0.9963588118553162
    },
    {
      "x": 0.5067331790924072,
      "y": 0.1785818338394165,
      "z": -0.6714490056037903,
      "visibility": 0.9981057643890381
    },
    {
      "x": 0.4617674648761749,
      "y": 0.1757664680480957,
      "z": -0.6386944651603699,
      "visibility": 0.9987239241600037
    },
    {
      "x": 0.641447126865387,
      "y": 0.32663393020629883,
      "z": -0.3887535035610199,
      "visibility": 0.9947898387908936
    },
    {
      "x": 0.3616269528865814,
      "y": 0.28863829374313354,
      "z": -0.1816575825214386,
      "visibility": 0.9987999200820923
    },
    {
      "x": 0.6915788054466248,
      "y": 0.5764353275299072,
      "z": -0.14135238528251648,
      "visibility": 0.8763359189033508
    },
    {
      "x": 0.28479623794555664,
      "y": 0.525762677192688,
      "z": 0.12199974805116653,
      "visibility": 0.8522826433181763
    },
    {
      "x": 0.717285692691803,
      "y": 0.8105100393295288,
      "z": -0.0623144805431366,
      "visibility": 0.36763226985931396
    },
    {
      "x": 0.26512372493743896,
      "y": 0.7250347137451172,
      "z": 0.21330571174621582,
      "visibility": 0.47222214937210083
    },
    {
      "x": 0.7286899089813232,
      "y": 0.8694547414779663,
      "z": -0.07668424397706985,
      "visibility": 0.28038015961647034
    },
    {
      "x": 0.26438507437705994,
      "y": 0.7845264077186584,
      "z": 0.22669623792171478,
      "visibility": 0.34247657656669617
    },
    {
      "x": 0.7008752226829529,
      "y": 0.872962236404419,
      "z": -0.13518685102462769,
      "visibility": 0.30233627557754517
    },
    {
      "x": 0.2814261317253113,
      "y": 0.7753364443778992,
      "z": 0.16836906969547272,
      "visibility": 0.36379173398017883
    },
    {
      "x": 0.6916127800941467,
      "y": 0.8507952690124512,
      "z": -0.07816094905138016,
      "visibility": 0.32757192850112915
    },
    {
      "x": 0.29440486431121826,
      "y": 0.7587881088256836,
      "z": 0.19641415774822235,
      "visibility": 0.3800845146179199
    },
    {
      "x": 0.5620329976081848,
      "y": 0.7668778896331787,
      "z": -0.06940487772226334,
      "visibility": 0.9603230357170105
    },
    {
      "x": 0.38066092133522034,
      "y": 0.7656033039093018,
      "z": 0.06995371729135513,
      "visibility": 0.9745955467224121
    },
    {
      "x": 0.5798361897468567,
      "y": 1.1130094528198242,
      "z": 0.01200406439602375,
      "visibility": 0.5159254670143127
    },
    {
      "x": 0.4170093238353729,
      "y": 1.118750810623169,
      "z": 0.3247499465942383,
      "visibility": 0.4206315577030182
    },
    {
      "x": 0.5837113261222839,
      "y": 1.3774796724319458,
      "z": 0.636568009853363,
      "visibility": 0.11385170370340347
    },
    {
      "x": 0.4126097857952118,
      "y": 1.4021908044815063,
      "z": 0.9182989597320557,
      "visibility": 0.15784554183483124
    },
    {
      "x": 0.5875235199928284,
      "y": 1.412259578704834,
      "z": 0.686596691608429,
      "visibility": 0.07243619859218597
    },
    {
      "x": 0.4172194302082062,
      "y": 1.4445589780807495,
      "z": 0.9732245802879333,
      "visibility": 0.15534578263759613
    },
    {
      "x": 0.553777813911438,
      "y": 1.4893680810928345,
      "z": 0.4029550850391388,
      "visibility": 0.047971583902835846
    },
    {
      "x": 0.3887549042701721,
      "y": 1.4996283054351807,
      "z": 0.6457837820053101,
      "visibility": 0.08814503997564316
    }
  ]
}