{
  "image": "C:\\Users\\shrad\\TrendWeave\\TrendWeave\\extracted_data\\Catwalks__Women_s_APAC_Key_Trends_A_W_25_26_en\\page_16\\img_1.png",
  "items": [
    {
      "yolo_label": "person",
      "bbox": [
        0.0,
        77.03377532958984,
        92.21510314941406,
        428.0472717285156
      ],
      "confidence": 0.3715916872024536,
      "clip_attributes": {
        "palette": {
          "label": "bold colors",
          "confidence": 0.21778202056884766
        },
        "neckline": {
          "label": "v-neck",
          "confidence": 0.22502942383289337
        },
        "sleeve_type": {
          "label": "sleeveless",
          "confidence": 0.23892921209335327
        },
        "top_silhouette": {
          "label": "hoodie",
          "confidence": 0.22909103333950043
        },
        "bottom_style": {
          "label": "chinos",
          "confidence": 0.22890718281269073
        },
        "outerwear": {
          "label": "blazer",
          "confidence": 0.229608416557312
        },
        "shoe_type": {
          "label": "boots",
          "confidence": 0.232414111495018
        },
        "bag_type": {
          "label": "backpack",
          "confidence": 0.23413865268230438
        },
        "accessory": {
          "label": "bracelet",
          "confidence": 0.24599988758563995
        },
        "hairstyle": {
          "label": "buzz cut",
          "confidence": 0.22889664769172668
        },
        "setting": {
          "label": "gym wear",
          "confidence": 0.2099848836660385
        },
        "fabric_type": {
          "label": "denim",
          "confidence": 0.2218206375837326
        },
        "season": {
          "label": "monsoon",
          "confidence": 0.21100516617298126
        },
        "style_theme": {
          "label": "sporty",
          "confidence": 0.22042937576770782
        }
      },
      "dominant_colors": [
        [
          7,
          130,
          125
        ],
        [
          80,
          163,
          104
        ],
        [
          136,
          174,
          91
        ]
      ],
      "texture_histogram": [
        1497.0,
        3440.0,
        3621.0,
        2815.0,
        1723.0,
        1200.0,
        1097.0,
        881.0,
        861.0,
        881.0,
        795.0,
        765.0,
        763.0,
        713.0,
        535.0,
        463.0,
        429.0,
        356.0,
        312.0,
        351.0,
        278.0,
        235.0,
        191.0,
        199.0,
        202.0,
        211.0,
        196.0,
        231.0,
        209.0,
        161.0,
        171.0,
        126.0,
        132.0,
        105.0,
        124.0,
        79.0,
        97.0,
        85.0,
        79.0,
        77.0,
        79.0,
        71.0,
        77.0,
        88.0,
        65.0,
        52.0,
        70.0,
        57.0,
        50.0,
        42.0,
        60.0,
        47.0,
        65.0,
        40.0,
        50.0,
        46.0,
        39.0,
        44.0,
        35.0,
        33.0,
        42.0,
        36.0,
        28.0,
        48.0,
        35.0,
        36.0,
        28.0,
        36.0,
        34.0,
        32.0,
        49.0,
        43.0,
        44.0,
        50.0,
        48.0,
        55.0,
        63.0,
        63.0,
        71.0,
        53.0,
        74.0,
        68.0,
        58.0,
        56.0,
        81.0,
        58.0,
        84.0,
        63.0,
        62.0,
        84.0,
        52.0,
        79.0,
        93.0,
        67.0,
        70.0,
        70.0,
        62.0,
        73.0,
        60.0,
        73.0,
        55.0,
        56.0,
        40.0,
        35.0,
        57.0,
        42.0,
        40.0,
        41.0,
        49.0,
        44.0,
        39.0,
        46.0,
        50.0,
        33.0,
        31.0,
        26.0,
        30.0,
        23.0,
        27.0,
        16.0,
        20.0,
        19.0,
        18.0,
        27.0,
        22.0,
        19.0,
        17.0,
        19.0,
        21.0,
        33.0,
        32.0,
        43.0,
        53.0,
        27.0,
        28.0,
        23.0,
        39.0,
        23.0,
        50.0,
        42.0,
        38.0,
        49.0,
        47.0,
        69.0,
        57.0,
        65.0,
        57.0,
        65.0,
        61.0,
        61.0,
        53.0,
        26.0,
        25.0,
        24.0,
        12.0,
        23.0,
        16.0,
        17.0,
        14.0,
        11.0,
        9.0,
        20.0,
        7.0,
        21.0,
        5.0,
        2.0,
        2.0,
        1.0,
        3.0,
        0.0,
        0.0,
        0.0,
        0.0,
        0.0,
        0.0,
        0.0,
        0.0,
        0.0,
        0.0,
        0.0,
        0.0,
        0.0,
        0.0,
        0.0,
        0.0,
        0.0,
        0.0,
        0.0,
        0.0,
        0.0,
        0.0,
        0.0,
        0.0,
        0.0,
        0.0,
        0.0,
        0.0,
        0.0,
        0.0,
        0.0,
        0.0,
        0.0,
        0.0,
        0.0,
        0.0,
        0.0,
        0.0,
        0.0,
        0.0,
        0.0,
        0.0,
        0.0,
        0.0,
        0.0,
        0.0,
        0.0,
        0.0,
        0.0,
        0.0,
        0.0,
        0.0,
        0.0,
        0.0,
        0.0,
        0.0,
        0.0,
        0.0,
        0.0,
        0.0,
        0.0,
        0.0,
        0.0,
        0.0,
        0.0,
        0.0,
        0.0,
        0.0,
        0.0,
        0.0,
        0.0,
        0.0,
        0.0,
        0.0,
        0.0,
        0.0,
        0.0,
        0.0,
        0.0,
        0.0,
        0.0,
        0.0,
        0.0,
        0.0,
        0.0,
        0.0,
        0.0
      ],
      "silhouette_mask_path": "C:\\Users\\shrad\\TrendWeave\\MERGE_OUTPUT_FINAL\\Catwalks__Women_s_APAC_Key_Trends_A_W_25_26_en\\page_16\\img_1_mask_0.png"
    },
    {
      "yolo_label": "bird",
      "bbox": [
        146.71408081054688,
        12.286075592041016,
        528.0357666015625,
        620.1704711914062
      ],
      "confidence": 0.2961781620979309,
      "clip_attributes": {
        "palette": {
          "label": "earth tones",
          "confidence": 0.2174733579158783
        },
        "dress_silhouette": {
          "label": "fit and flare",
          "confidence": 0.2175423949956894
        },
        "neckline": {
          "label": "square neckline",
          "confidence": 0.21717101335525513
        },
        "sleeve_type": {
          "label": "puffed sleeves",
          "confidence": 0.21496926248073578
        },
        "top_silhouette": {
          "label": "wrap top",
          "confidence": 0.20349393784999847
        },
        "bottom_style": {
          "label": "culottes",
          "confidence": 0.21383628249168396
        },
        "outerwear": {
          "label": "long coat",
          "confidence": 0.24096663296222687
        },
        "shoe_type": {
          "label": "ankle boots",
          "confidence": 0.2001000940799713
        },
        "bag_type": {
          "label": "shoulder bag",
          "confidence": 0.23374803364276886
        },
        "accessory": {
          "label": "scarf",
          "confidence": 0.22090832889080048
        },
        "hairstyle": {
          "label": "high bun",
          "confidence": 0.19596239924430847
        },
        "setting": {
          "label": "street style",
          "confidence": 0.23056690394878387
        },
        "fabric_type": {
          "label": "linen",
          "confidence": 0.21034370362758636
        },
        "season": {
          "label": "winter",
          "confidence": 0.2116437405347824
        },
        "style_theme": {
          "label": "boho",
          "confidence": 0.2398606836795807
        }
      },
      "dominant_colors": [
        [
          115,
          149,
          122
        ],
        [
          38,
          130,
          132
        ],
        [
          181,
          135,
          147
        ]
      ],
      "texture_histogram": [
        919.0,
        1724.0,
        1457.0,
        1209.0,
        1249.0,
        1120.0,
        1248.0,
        1055.0,
        842.0,
        729.0,
        721.0,
        667.0,
        756.0,
        715.0,
        828.0,
        760.0,
        824.0,
        891.0,
        908.0,
        867.0,
        828.0,
        880.0,
        936.0,
        915.0,
        893.0,
        901.0,
        900.0,
        1003.0,
        1057.0,
        1030.0,
        1026.0,
        1191.0,
        1033.0,
        1048.0,
        1097.0,
        1050.0,
        1071.0,
        1120.0,
        1043.0,
        1017.0,
        981.0,
        934.0,
        921.0,
        957.0,
        1220.0,
        1481.0,
        2046.0,
        2480.0,
        2503.0,
        2345.0,
        1929.0,
        2300.0,
        2938.0,
        2833.0,
        2003.0,
        1712.0,
        954.0,
        775.0,
        735.0,
        769.0,
        732.0,
        668.0,
        741.0,
        662.0,
        685.0,
        673.0,
        693.0,
        677.0,
        677.0,
        711.0,
        716.0,
        730.0,
        786.0,
        754.0,
        759.0,
        771.0,
        785.0,
        844.0,
        1061.0,
        1749.0,
        1471.0,
        1404.0,
        1334.0,
        1088.0,
        1160.0,
        1019.0,
        1026.0,
        1053.0,
        1111.0,
        1086.0,
        1162.0,
        1257.0,
        1234.0,
        1291.0,
        1251.0,
        1256.0,
        1290.0,
        1359.0,
        1333.0,
        1348.0,
        1310.0,
        1283.0,
        1384.0,
        1425.0,
        1478.0,
        1494.0,
        1539.0,
        1487.0,
        1504.0,
        1427.0,
        1466.0,
        1459.0,
        1419.0,
        1387.0,
        1438.0,
        1391.0,
        1372.0,
        1412.0,
        1328.0,
        1328.0,
        1411.0,
        1346.0,
        1324.0,
        1393.0,
        1341.0,
        1370.0,
        1326.0,
        1310.0,
        1295.0,
        1272.0,
        1315.0,
        1241.0,
        1218.0,
        1207.0,
        1242.0,
        1212.0,
        1109.0,
        1111.0,
        1133.0,
        1125.0,
        1107.0,
        1085.0,
        1119.0,
        1117.0,
        1033.0,
        1055.0,
        1026.0,
        981.0,
        974.0,
        999.0,
        982.0,
        1034.0,
        969.0,
        927.0,
        883.0,
        831.0,
        858.0,
        881.0,
        866.0,
        889.0,
        833.0,
        886.0,
        982.0,
        926.0,
        949.0,
        988.0,
        911.0,
        952.0,
        947.0,
        947.0,
        891.0,
        916.0,
        852.0,
        819.0,
        775.0,
        824.0,
        795.0,
        800.0,
        787.0,
        750.0,
        776.0,
        825.0,
        734.0,
        784.0,
        817.0,
        787.0,
        783.0,
        729.0,
        772.0,
        872.0,
        737.0,
        673.0,
        637.0,
        618.0,
        625.0,
        580.0,
        614.0,
        658.0,
        619.0,
        578.0,
        575.0,
        551.0,
        615.0,
        562.0,
        623.0,
        655.0,
        603.0,
        582.0,
        626.0,
        717.0,
        642.0,
        617.0,
        543.0,
        522.0,
        575.0,
        484.0,
        421.0,
        311.0,
        315.0,
        249.0,
        275.0,
        275.0,
        248.0,
        271.0,
        262.0,
        276.0,
        251.0,
        296.0,
        242.0,
        228.0,
        144.0,
        126.0,
        98.0,
        111.0,
        86.0,
        79.0,
        71.0,
        54.0,
        43.0,
        39.0,
        41.0,
        34.0,
        24.0,
        21.0,
        19.0,
        14.0,
        15.0,
        16.0,
        13.0,
        6.0,
        9.0,
        10.0,
        5.0,
        11.0,
        8.0,
        0.0
      ],
      "silhouette_mask_path": "C:\\Users\\shrad\\TrendWeave\\MERGE_OUTPUT_FINAL\\Catwalks__Women_s_APAC_Key_Trends_A_W_25_26_en\\page_16\\img_1_mask_1.png"
    },
    {
      "yolo_label": "person",
      "bbox": [
        151.38462829589844,
        0.0,
        528.7930297851562,
        613.9497680664062
      ],
      "confidence": 0.2560376524925232,
      "clip_attributes": {
        "palette": {
          "label": "earth tones",
          "confidence": 0.22732627391815186
        },
        "dress_silhouette": {
          "label": "fit and flare",
          "confidence": 0.21883058547973633
        },
        "neckline": {
          "label": "square neckline",
          "confidence": 0.2233244776725769
        },
        "sleeve_type": {
          "label": "puffed sleeves",
          "confidence": 0.2205783575773239
        },
        "top_silhouette": {
          "label": "wrap top",
          "confidence": 0.2112996131181717
        },
        "bottom_style": {
          "label": "culottes",
          "confidence": 0.21546466648578644
        },
        "outerwear": {
          "label": "long coat",
          "confidence": 0.24769997596740723
        },
        "shoe_type": {
          "label": "ankle boots",
          "confidence": 0.20151783525943756
        },
        "bag_type": {
          "label": "crossbody bag",
          "confidence": 0.2380453646183014
        },
        "accessory": {
          "label": "scarf",
          "confidence": 0.22683994472026825
        },
        "hairstyle": {
          "label": "loose curls",
          "confidence": 0.1918361485004425
        },
        "setting": {
          "label": "street style",
          "confidence": 0.2265479862689972
        },
        "fabric_type": {
          "label": "linen",
          "confidence": 0.21642643213272095
        },
        "season": {
          "label": "winter",
          "confidence": 0.20853003859519958
        },
        "style_theme": {
          "label": "boho",
          "confidence": 0.231526181101799
        }
      },
      "dominant_colors": [
        [
          45,
          130,
          135
        ],
        [
          163,
          132,
          150
        ],
        [
          123,
          168,
          93
        ]
      ],
      "texture_histogram": [
        928.0,
        1738.0,
        1472.0,
        1234.0,
        1282.0,
        1163.0,
        1267.0,
        1076.0,
        864.0,
        735.0,
        729.0,
        669.0,
        758.0,
        705.0,
        774.0,
        731.0,
        805.0,
        862.0,
        904.0,
        859.0,
        822.0,
        865.0,
        920.0,
        895.0,
        885.0,
        896.0,
        891.0,
        966.0,
        991.0,
        986.0,
        1015.0,
        1150.0,
        1004.0,
        998.0,
        1049.0,
        1007.0,
        988.0,
        1023.0,
        1000.0,
        968.0,
        957.0,
        883.0,
        883.0,
        945.0,
        1203.0,
        1420.0,
        1911.0,
        2324.0,
        2386.0,
        2122.0,
        1805.0,
        2112.0,
        2704.0,
        2694.0,
        1791.0,
        1410.0,
        876.0,
        739.0,
        717.0,
        762.0,
        730.0,
        668.0,
        728.0,
        660.0,
        687.0,
        681.0,
        693.0,
        684.0,
        679.0,
        710.0,
        730.0,
        738.0,
        800.0,
        760.0,
        770.0,
        786.0,
        790.0,
        862.0,
        1066.0,
        1763.0,
        1490.0,
        1438.0,
        1403.0,
        1175.0,
        1219.0,
        1054.0,
        1067.0,
        1079.0,
        1138.0,
        1110.0,
        1178.0,
        1278.0,
        1255.0,
        1318.0,
        1266.0,
        1285.0,
        1325.0,
        1414.0,
        1371.0,
        1382.0,
        1342.0,
        1307.0,
        1432.0,
        1479.0,
        1495.0,
        1506.0,
        1559.0,
        1488.0,
        1505.0,
        1445.0,
        1475.0,
        1469.0,
        1446.0,
        1389.0,
        1451.0,
        1400.0,
        1387.0,
        1417.0,
        1338.0,
        1347.0,
        1420.0,
        1362.0,
        1330.0,
        1411.0,
        1345.0,
        1371.0,
        1335.0,
        1317.0,
        1301.0,
        1281.0,
        1329.0,
        1247.0,
        1225.0,
        1211.0,
        1246.0,
        1209.0,
        1135.0,
        1137.0,
        1155.0,
        1155.0,
        1141.0,
        1103.0,
        1122.0,
        1118.0,
        1025.0,
        1068.0,
        1030.0,
        998.0,
        989.0,
        1011.0,
        1005.0,
        1059.0,
        979.0,
        942.0,
        895.0,
        839.0,
        872.0,
        891.0,
        878.0,
        909.0,
        843.0,
        895.0,
        986.0,
        931.0,
        959.0,
        997.0,
        900.0,
        966.0,
        946.0,
        964.0,
        917.0,
        944.0,
        867.0,
        862.0,
        809.0,
        841.0,
        802.0,
        802.0,
        786.0,
        744.0,
        771.0,
        814.0,
        729.0,
        779.0,
        813.0,
        777.0,
        776.0,
        722.0,
        760.0,
        863.0,
        730.0,
        663.0,
        629.0,
        607.0,
        616.0,
        575.0,
        607.0,
        650.0,
        612.0,
        569.0,
        570.0,
        546.0,
        612.0,
        561.0,
        619.0,
        647.0,
        596.0,
        576.0,
        618.0,
        715.0,
        640.0,
        617.0,
        543.0,
        522.0,
        575.0,
        484.0,
        421.0,
        311.0,
        315.0,
        249.0,
        275.0,
        275.0,
        247.0,
        271.0,
        262.0,
        276.0,
        251.0,
        296.0,
        242.0,
        228.0,
        144.0,
        126.0,
        98.0,
        111.0,
        86.0,
        79.0,
        71.0,
        54.0,
        43.0,
        39.0,
        41.0,
        34.0,
        24.0,
        21.0,
        19.0,
        14.0,
        15.0,
        16.0,
        13.0,
        6.0,
        9.0,
        10.0,
        5.0,
        11.0,
        8.0,
        0.0
      ],
      "silhouette_mask_path": "C:\\Users\\shrad\\TrendWeave\\MERGE_OUTPUT_FINAL\\Catwalks__Women_s_APAC_Key_Trends_A_W_25_26_en\\page_16\\img_1_mask_2.png"
    }
  ],
  "pose_keypoints": [
    {
      "x": 0.5308818221092224,
      "y": 0.1078525185585022,
      "z": -0.5360414981842041,
      "visibility": 0.9999834299087524
    },
    {
      "x": 0.5463708639144897,
      "y": 0.08330053091049194,
      "z": -0.5125710368156433,
      "visibility": 0.9999574422836304
    },
    {
      "x": 0.5558315515518188,
      "y": 0.08383047580718994,
      "z": -0.512667715549469,
      "visibility": 0.99996018409729
    },
    {
      "x": 0.5654501914978027,
      "y": 0.08450740575790405,
      "z": -0.5126535296440125,
      "visibility": 0.9999507665634155
    },
    {
      "x": 0.5109936594963074,
      "y": 0.08307802677154541,
      "z": -0.5108852386474609,
      "visibility": 0.9999638795852661
    },
    {
      "x": 0.49642419815063477,
      "y": 0.0836135745048523,
      "z": -0.5107701420783997,
      "visibility": 0.9999669790267944
    },
    {
      "x": 0.4836154580116272,
      "y": 0.08442544937133789,
      "z": -0.5109266638755798,
      "visibility": 0.999961256980896
    },
    {
      "x": 0.575911819934845,
      "y": 0.09837532788515091,
      "z": -0.3266860842704773,
      "visibility": 0.9999480247497559
    },
    {
      "x": 0.4624013900756836,
      "y": 0.0989122986793518,
      "z": -0.32320263981819153,
      "visibility": 0.9999759197235107
    },
    {
      "x": 0.5503585338592529,
      "y": 0.13897687196731567,
      "z": -0.4651343822479248,
      "visibility": 0.9999866485595703
    },
    {
      "x": 0.5069819092750549,
      "y": 0.1408482789993286,
      "z": -0.462909460067749,
      "visibility": 0.9999904632568359
    },
    {
      "x": 0.6703699827194214,
      "y": 0.2576866149902344,
      "z": -0.19686228036880493,
      "visibility": 0.9998292922973633
    },
    {
      "x": 0.37298887968063354,
      "y": 0.2627947926521301,
      "z": -0.2778535485267639,
      "visibility": 0.9999439716339111
    },
    {
      "x": 0.7145038843154907,
      "y": 0.5067635774612427,
      "z": -0.005229055415838957,
      "visibility": 0.9697782397270203
    },
    {
      "x": 0.3285595178604126,
      "y": 0.5167999863624573,
      "z": -0.233056902885437,
      "visibility": 0.9933466911315918
    },
    {
      "x": 0.737257719039917,
      "y": 0.7066811323165894,
      "z": -0.006900720298290253,
      "visibility": 0.9412890672683716
    },
    {
      "x": 0.2971154749393463,
      "y": 0.7208311557769775,
      "z": -0.35013866424560547,
      "visibility": 0.9572925567626953
    },
    {
      "x": 0.7520833015441895,
      "y": 0.7659857273101807,
      "z": -0.04042532294988632,
      "visibility": 0.9051637649536133
    },
    {
      "x": 0.2718549370765686,
      "y": 0.7813165783882141,
      "z": -0.39707276225090027,
      "visibility": 0.9275818467140198
    },
    {
      "x": 0.7410193681716919,
      "y": 0.767651379108429,
      "z": -0.10673005878925323,
      "visibility": 0.9104287028312683
    },
    {
      "x": 0.29475879669189453,
      "y": 0.7857800126075745,
      "z": -0.4800100326538086,
      "visibility": 0.9351913928985596
    },
    {
      "x": 0.726067304611206,
      "y": 0.7506351470947266,
      "z": -0.03491877019405365,
      "visibility": 0.9172722697257996
    },
    {
      "x": 0.3092905580997467,
      "y": 0.770743191242218,
      "z": -0.3892863690853119,
      "visibility": 0.9424784779548645
    },
    {
      "x": 0.6070569753646851,
      "y": 0.7027859687805176,
      "z": 0.02933865413069725,
      "visibility": 0.9984431862831116
    },
    {
      "x": 0.42127376794815063,
      "y": 0.713893711566925,
      "z": -0.028529148548841476,
      "visibility": 0.9991132616996765
    },
    {
      "x": 0.5680152177810669,
      "y": 0.9467971324920654,
      "z": 0.14378240704536438,
      "visibility": 0.9534516930580139
    },
    {
      "x": 0.44316279888153076,
      "y": 0.962368905544281,
      "z": 0.12856322526931763,
      "visibility": 0.9540186524391174
    },
    {
      "x": 0.5639486312866211,
      "y": 1.1986342668533325,
      "z": 0.5729709267616272,
      "visibility": 0.7232480645179749
    },
    {
      "x": 0.44229385256767273,
      "y": 1.2166399955749512,
      "z": 0.44895920157432556,
      "visibility": 0.7162535786628723
    },
    {
      "x": 0.5486671328544617,
      "y": 1.2252318859100342,
      "z": 0.6068634390830994,
      "visibility": 0.6460066437721252
    },
    {
      "x": 0.44819486141204834,
      "y": 1.2413873672485352,
      "z": 0.4751233458518982,
      "visibility": 0.48214027285575867
    },
    {
      "x": 0.5919599533081055,
      "y": 1.3095718622207642,
      "z": 0.4322482943534851,
      "visibility": 0.4685228168964386
    },
    {
      "x": 0.442467600107193,
      "y": 1.3296033143997192,
      "z": 0.2393108457326889,
      "visibility": 0.41812393069267273
    }
  ]
}