{
  "image": "C:\\Users\\shrad\\TrendWeave\\TrendWeave\\extracted_data\\Catwalks__Women_s_APAC_Key_Trends_A_W_25_26_en\\page_8\\img_3.png",
  "items": [
    {
      "yolo_label": "person",
      "bbox": [
        98.18611145019531,
        0.0,
        547.6688232421875,
        593.72705078125
      ],
      "confidence": 0.6843926906585693,
      "clip_attributes": {
        "palette": {
          "label": "bold colors",
          "confidence": 0.239485964179039
        },
        "dress_silhouette": {
          "label": "fit and flare",
          "confidence": 0.24035489559173584
        },
        "neckline": {
          "label": "square neckline",
          "confidence": 0.23582053184509277
        },
        "sleeve_type": {
          "label": "puffed sleeves",
          "confidence": 0.24890592694282532
        },
        "top_silhouette": {
          "label": "fitted blouse",
          "confidence": 0.21869657933712006
        },
        "bottom_style": {
          "label": "wide-leg pants",
          "confidence": 0.2574215531349182
        },
        "outerwear": {
          "label": "long coat",
          "confidence": 0.23554998636245728
        },
        "shoe_type": {
          "label": "ankle boots",
          "confidence": 0.2879188656806946
        },
        "bag_type": {
          "label": "crossbody bag",
          "confidence": 0.22120225429534912
        },
        "accessory": {
          "label": "scarf",
          "confidence": 0.23172789812088013
        },
        "hairstyle": {
          "label": "loose curls",
          "confidence": 0.21156901121139526
        },
        "setting": {
          "label": "street style",
          "confidence": 0.25503426790237427
        },
        "fabric_type": {
          "label": "organza",
          "confidence": 0.24472038447856903
        },
        "season": {
          "label": "fall",
          "confidence": 0.22627916932106018
        },
        "style_theme": {
          "label": "elegant chic",
          "confidence": 0.251992791891098
        }
      },
      "dominant_colors": [
        [
          96,
          146,
          138
        ],
        [
          176,
          130,
          143
        ],
        [
          35,
          146,
          134
        ]
      ],
      "texture_histogram": [
        78.0,
        168.0,
        322.0,
        648.0,
        1188.0,
        1371.0,
        1300.0,
        1063.0,
        753.0,
        545.0,
        458.0,
        462.0,
        483.0,
        476.0,
        503.0,
        505.0,
        614.0,
        722.0,
        910.0,
        1164.0,
        1389.0,
        1530.0,
        1686.0,
        1886.0,
        2125.0,
        2235.0,
        2301.0,
        2376.0,
        2353.0,
        2534.0,
        2550.0,
        2583.0,
        2577.0,
        2450.0,
        2547.0,
        2424.0,
        2365.0,
        2254.0,
        2137.0,
        2136.0,
        2008.0,
        2058.0,
        1962.0,
        1983.0,
        1887.0,
        1845.0,
        1821.0,
        1701.0,
        1709.0,
        1648.0,
        1561.0,
        1490.0,
        1507.0,
        1466.0,
        1403.0,
        1355.0,
        1269.0,
        1239.0,
        1272.0,
        1186.0,
        1167.0,
        1180.0,
        1142.0,
        1071.0,
        958.0,
        1031.0,
        1082.0,
        1017.0,
        961.0,
        944.0,
        913.0,
        905.0,
        894.0,
        926.0,
        944.0,
        909.0,
        1001.0,
        999.0,
        974.0,
        925.0,
        929.0,
        859.0,
        770.0,
        781.0,
        746.0,
        732.0,
        665.0,
        710.0,
        647.0,
        640.0,
        676.0,
        686.0,
        611.0,
        684.0,
        620.0,
        621.0,
        636.0,
        637.0,
        636.0,
        615.0,
        570.0,
        598.0,
        514.0,
        558.0,
        550.0,
        541.0,
        462.0,
        499.0,
        499.0,
        546.0,
        522.0,
        504.0,
        547.0,
        490.0,
        534.0,
        569.0,
        557.0,
        579.0,
        571.0,
        649.0,
        677.0,
        665.0,
        687.0,
        716.0,
        753.0,
        769.0,
        797.0,
        774.0,
        786.0,
        843.0,
        838.0,
        892.0,
        843.0,
        877.0,
        830.0,
        836.0,
        915.0,
        825.0,
        887.0,
        895.0,
        973.0,
        1128.0,
        1064.0,
        1155.0,
        1243.0,
        1191.0,
        1298.0,
        1382.0,
        1478.0,
        1464.0,
        1572.0,
        1609.0,
        1764.0,
        1830.0,
        1954.0,
        2070.0,
        2062.0,
        2039.0,
        2084.0,
        2192.0,
        2115.0,
        2102.0,
        2155.0,
        2217.0,
        2259.0,
        2282.0,
        2187.0,
        2228.0,
        2244.0,
        2184.0,
        2232.0,
        2312.0,
        2379.0,
        2392.0,
        2283.0,
        2238.0,
        2015.0,
        2095.0,
        2032.0,
        1997.0,
        1870.0,
        1793.0,
        1802.0,
        1638.0,
        1701.0,
        1777.0,
        1722.0,
        1712.0,
        1640.0,
        1590.0,
        1533.0,
        1412.0,
        1383.0,
        1460.0,
        1339.0,
        1229.0,
        1325.0,
        1403.0,
        1333.0,
        1146.0,
        1110.0,
        1193.0,
        920.0,
        718.0,
        576.0,
        456.0,
        386.0,
        337.0,
        295.0,
        286.0,
        205.0,
        186.0,
        149.0,
        133.0,
        89.0,
        85.0,
        120.0,
        75.0,
        74.0,
        87.0,
        79.0,
        88.0,
        89.0,
        109.0,
        86.0,
        93.0,
        70.0,
        64.0,
        59.0,
        49.0,
        51.0,
        37.0,
        50.0,
        32.0,
        29.0,
        24.0,
        14.0,
        28.0,
        7.0,
        8.0,
        7.0,
        8.0,
        7.0,
        3.0,
        2.0,
        3.0,
        3.0,
        3.0,
        4.0,
        2.0,
        1.0,
        0.0,
        1.0,
        4.0,
        5.0,
        1.0
      ],
      "silhouette_mask_path": "C:\\Users\\shrad\\TrendWeave\\MERGE_OUTPUT_FINAL\\Catwalks__Women_s_APAC_Key_Trends_A_W_25_26_en\\page_8\\img_3_mask_0.png"
    }
  ],
  "pose_keypoints": null
}