{
  "image": "C:\\Users\\shrad\\TrendWeave\\TrendWeave\\extracted_data\\Catwalks__Women_s_APAC_Key_Trends_A_W_25_26_en\\page_8\\img_5.jpeg",
  "items": [
    {
      "yolo_label": "person",
      "bbox": [
        521.2727661132812,
        0.0,
        1134.0948486328125,
        1349.901611328125
      ],
      "confidence": 0.8449549674987793,
      "clip_attributes": {
        "palette": {
          "label": "monochrome",
          "confidence": 0.22978948056697845
        },
        "dress_silhouette": {
          "label": "wrap dress",
          "confidence": 0.23838528990745544
        },
        "neckline": {
          "label": "square neckline",
          "confidence": 0.27947095036506653
        },
        "sleeve_type": {
          "label": "puffed sleeves",
          "confidence": 0.265946626663208
        },
        "top_silhouette": {
          "label": "camisole",
          "confidence": 0.2545260488986969
        },
        "bottom_style": {
          "label": "wide-leg pants",
          "confidence": 0.22301018238067627
        },
        "outerwear": {
          "label": "long coat",
          "confidence": 0.2504703104496002
        },
        "shoe_type": {
          "label": "ankle boots",
          "confidence": 0.21254697442054749
        },
        "bag_type": {
          "label": "shoulder bag",
          "confidence": 0.2277246117591858
        },
        "accessory": {
          "label": "hairband",
          "confidence": 0.22681623697280884
        },
        "hairstyle": {
          "label": "high bun",
          "confidence": 0.21537812054157257
        },
        "setting": {
          "label": "office wear",
          "confidence": 0.23629891872406006
        },
        "fabric_type": {
          "label": "organza",
          "confidence": 0.2615467309951782
        },
        "season": {
          "label": "winter",
          "confidence": 0.21615396440029144
        },
        "style_theme": {
          "label": "elegant chic",
          "confidence": 0.2574527859687805
        }
      },
      "dominant_colors": [
        [
          71,
          133,
          125
        ],
        [
          11,
          130,
          122
        ],
        [
          178,
          134,
          135
        ]
      ],
      "texture_histogram": [
        4928.0,
        21340.0,
        15121.0,
        18189.0,
        21489.0,
        22828.0,
        30505.0,
        42962.0,
        43822.0,
        33115.0,
        23427.0,
        20965.0,
        20701.0,
        18555.0,
        16094.0,
        15725.0,
        15453.0,
        15453.0,
        15751.0,
        16279.0,
        15138.0,
        14155.0,
        13080.0,
        10956.0,
        9919.0,
        9167.0,
        8611.0,
        8354.0,
        7786.0,
        7284.0,
        7191.0,
        6886.0,
        6544.0,
        6224.0,
        6078.0,
        5838.0,
        5595.0,
        5343.0,
        5086.0,
        4987.0,
        4712.0,
        4442.0,
        4259.0,
        4211.0,
        4023.0,
        3807.0,
        3628.0,
        3490.0,
        3313.0,
        3123.0,
        3109.0,
        2979.0,
        2872.0,
        2710.0,
        2491.0,
        2484.0,
        2402.0,
        2246.0,
        2165.0,
        2015.0,
        1993.0,
        1823.0,
        1821.0,
        1788.0,
        1616.0,
        1632.0,
        1586.0,
        1472.0,
        1537.0,
        1502.0,
        1438.0,
        1410.0,
        1344.0,
        1300.0,
        1358.0,
        1331.0,
        1300.0,
        1289.0,
        1304.0,
        1277.0,
        1279.0,
        1188.0,
        1112.0,
        1096.0,
        1105.0,
        1121.0,
        1058.0,
        1055.0,
        1065.0,
        995.0,
        1050.0,
        957.0,
        961.0,
        1012.0,
        959.0,
        970.0,
        961.0,
        955.0,
        967.0,
        916.0,
        939.0,
        969.0,
        895.0,
        907.0,
        938.0,
        929.0,
        904.0,
        946.0,
        872.0,
        835.0,
        881.0,
        857.0,
        838.0,
        831.0,
        840.0,
        827.0,
        789.0,
        781.0,
        757.0,
        820.0,
        837.0,
        864.0,
        773.0,
        769.0,
        775.0,
        818.0,
        831.0,
        815.0,
        852.0,
        824.0,
        805.0,
        777.0,
        804.0,
        802.0,
        783.0,
        777.0,
        772.0,
        840.0,
        769.0,
        811.0,
        829.0,
        738.0,
        809.0,
        835.0,
        716.0,
        818.0,
        802.0,
        787.0,
        731.0,
        840.0,
        789.0,
        781.0,
        807.0,
        838.0,
        781.0,
        778.0,
        761.0,
        784.0,
        831.0,
        775.0,
        818.0,
        821.0,
        821.0,
        799.0,
        845.0,
        857.0,
        803.0,
        824.0,
        778.0,
        804.0,
        804.0,
        819.0,
        878.0,
        878.0,
        899.0,
        923.0,
        901.0,
        932.0,
        940.0,
        1008.0,
        1025.0,
        977.0,
        1019.0,
        1102.0,
        1043.0,
        1153.0,
        1166.0,
        1159.0,
        1244.0,
        1295.0,
        1366.0,
        1490.0,
        1539.0,
        1599.0,
        1627.0,
        1671.0,
        1594.0,
        1668.0,
        1694.0,
        1650.0,
        1667.0,
        1687.0,
        1727.0,
        1770.0,
        1623.0,
        1550.0,
        1473.0,
        1388.0,
        1239.0,
        1090.0,
        895.0,
        787.0,
        642.0,
        468.0,
        391.0,
        330.0,
        274.0,
        222.0,
        190.0,
        173.0,
        139.0,
        119.0,
        97.0,
        71.0,
        70.0,
        66.0,
        72.0,
        59.0,
        60.0,
        58.0,
        44.0,
        55.0,
        55.0,
        45.0,
        38.0,
        33.0,
        41.0,
        39.0,
        28.0,
        44.0,
        28.0,
        24.0,
        20.0,
        27.0,
        25.0,
        14.0,
        12.0,
        13.0,
        13.0,
        14.0,
        10.0,
        20.0,
        16.0,
        15.0,
        41.0,
        2.0
      ],
      "silhouette_mask_path": "C:\\Users\\shrad\\TrendWeave\\MERGE_OUTPUT_FINAL\\Catwalks__Women_s_APAC_Key_Trends_A_W_25_26_en\\page_8\\img_5_mask_0.png"
    }
  ],
  "pose_keypoints": [
    {
      "x": 0.5023574829101562,
      "y": 0.13258415460586548,
      "z": -0.6099921464920044,
      "visibility": 0.9999648332595825
    },
    {
      "x": 0.5179420709609985,
      "y": 0.10741197317838669,
      "z": -0.5889682769775391,
      "visibility": 0.9999397993087769
    },
    {
      "x": 0.5265132188796997,
      "y": 0.10642063617706299,
      "z": -0.589104413986206,
      "visibility": 0.9999366998672485
    },
    {
      "x": 0.5349052548408508,
      "y": 0.10548073053359985,
      "z": -0.5892815589904785,
      "visibility": 0.999936580657959
    },
    {
      "x": 0.4916065037250519,
      "y": 0.10741972923278809,
      "z": -0.5733800530433655,
      "visibility": 0.9998904466629028
    },
    {
      "x": 0.48366907238960266,
      "y": 0.10663855075836182,
      "z": -0.5733935236930847,
      "visibility": 0.9998677968978882
    },
    {
      "x": 0.4760812819004059,
      "y": 0.10596667975187302,
      "z": -0.5734334588050842,
      "visibility": 0.9998472929000854
    },
    {
      "x": 0.5522319078445435,
      "y": 0.11165079474449158,
      "z": -0.4120210111141205,
      "visibility": 0.9999663829803467
    },
    {
      "x": 0.4710571765899658,
      "y": 0.11011063307523727,
      "z": -0.3457823693752289,
      "visibility": 0.9998352527618408
    },
    {
      "x": 0.518565833568573,
      "y": 0.15882080793380737,
      "z": -0.5402434468269348,
      "visibility": 0.9999887943267822
    },
    {
      "x": 0.48806655406951904,
      "y": 0.1549173891544342,
      "z": -0.5212991237640381,
      "visibility": 0.9999752044677734
    },
    {
      "x": 0.6091363430023193,
      "y": 0.2644006013870239,
      "z": -0.3038738965988159,
      "visibility": 0.9999816417694092
    },
    {
      "x": 0.42448389530181885,
      "y": 0.25023147463798523,
      "z": -0.14102566242218018,
      "visibility": 0.9997947812080383
    },
    {
      "x": 0.6637652516365051,
      "y": 0.45407119393348694,
      "z": -0.22124025225639343,
      "visibility": 0.9963655471801758
    },
    {
      "x": 0.3930862545967102,
      "y": 0.41009771823883057,
      "z": -0.04724372178316116,
      "visibility": 0.8387246131896973
    },
    {
      "x": 0.6317319869995117,
      "y": 0.6161425113677979,
      "z": -0.35661840438842773,
      "visibility": 0.9843665361404419
    },
    {
      "x": 0.3980152904987335,
      "y": 0.42041414976119995,
      "z": -0.3114049732685089,
      "visibility": 0.9342957735061646
    },
    {
      "x": 0.6252996921539307,
      "y": 0.6688985228538513,
      "z": -0.4150586426258087,
      "visibility": 0.9673133492469788
    },
    {
      "x": 0.39781859517097473,
      "y": 0.44561290740966797,
      "z": -0.3598845899105072,
      "visibility": 0.9296277761459351
    },
    {
      "x": 0.607075035572052,
      "y": 0.6572542190551758,
      "z": -0.4531469941139221,
      "visibility": 0.9690754413604736
    },
    {
      "x": 0.40431737899780273,
      "y": 0.42417144775390625,
      "z": -0.40867817401885986,
      "visibility": 0.9330095648765564
    },
    {
      "x": 0.6048019528388977,
      "y": 0.6391093134880066,
      "z": -0.3698180019855499,
      "visibility": 0.9661257266998291
    },
    {
      "x": 0.40731164813041687,
      "y": 0.4233058989048004,
      "z": -0.3352358937263489,
      "visibility": 0.9201744794845581
    },
    {
      "x": 0.5459434390068054,
      "y": 0.5942062139511108,
      "z": -0.047296226024627686,
      "visibility": 0.9998101592063904
    },
    {
      "x": 0.4443950057029724,
      "y": 0.5778977274894714,
      "z": 0.04755975678563118,
      "visibility": 0.9993771910667419
    },
    {
      "x": 0.5311834216117859,
      "y": 0.8251613974571228,
      "z": -0.14786994457244873,
      "visibility": 0.6186133027076721
    },
    {
      "x": 0.43988165259361267,
      "y": 0.8161861300468445,
      "z": 0.009881159290671349,
      "visibility": 0.6412662267684937
    },
    {
      "x": 0.5299131274223328,
      "y": 1.0034658908843994,
      "z": 0.3510695993900299,
      "visibility": 0.4155896008014679
    },
    {
      "x": 0.45430949330329895,
      "y": 0.9647457599639893,
      "z": 0.4829268157482147,
      "visibility": 0.43809911608695984
    },
    {
      "x": 0.5266911387443542,
      "y": 1.0229334831237793,
      "z": 0.3907264173030853,
      "visibility": 0.4181104302406311
    },
    {
      "x": 0.4575760066509247,
      "y": 0.9708685278892517,
      "z": 0.5244487524032593,
      "visibility": 0.41246891021728516
    },
    {
      "x": 0.537611722946167,
      "y": 1.0892767906188965,
      "z": 0.2182886004447937,
      "visibility": 0.3696298897266388
    },
    {
      "x": 0.44171789288520813,
      "y": 1.0644960403442383,
      "z": 0.34634989500045776,
      "visibility": 0.4115718603134155
    }
  ]
}