{
  "image": "C:\\Users\\shrad\\TrendWeave\\TrendWeave\\extracted_data\\Catwalks__Women_s_Key_Items___Cut___Sew_A_W_25_26_en\\page_5\\img_4.jpeg",
  "items": [
    {
      "yolo_label": "person",
      "bbox": [
        158.66448974609375,
        12.7868070602417,
        451.77203369140625,
        1162.5511474609375
      ],
      "confidence": 0.8816435933113098,
      "clip_attributes": {
        "palette": {
          "label": "earth tones",
          "confidence": 0.2578723132610321
        },
        "dress_silhouette": {
          "label": "wrap dress",
          "confidence": 0.28246381878852844
        },
        "neckline": {
          "label": "square neckline",
          "confidence": 0.2786593735218048
        },
        "sleeve_type": {
          "label": "bell sleeves",
          "confidence": 0.26188039779663086
        },
        "top_silhouette": {
          "label": "peplum",
          "confidence": 0.2433643341064453
        },
        "bottom_style": {
          "label": "wide-leg pants",
          "confidence": 0.26988333463668823
        },
        "outerwear": {
          "label": "long coat",
          "confidence": 0.26245731115341187
        },
        "shoe_type": {
          "label": "ballet flats",
          "confidence": 0.22628523409366608
        },
        "bag_type": {
          "label": "crossbody bag",
          "confidence": 0.22462058067321777
        },
        "accessory": {
          "label": "scarf",
          "confidence": 0.2208905667066574
        },
        "hairstyle": {
          "label": "high bun",
          "confidence": 0.21547430753707886
        },
        "setting": {
          "label": "brunch look",
          "confidence": 0.2508215606212616
        },
        "fabric_type": {
          "label": "linen",
          "confidence": 0.2703486680984497
        },
        "season": {
          "label": "winter",
          "confidence": 0.20645762979984283
        },
        "style_theme": {
          "label": "elegant chic",
          "confidence": 0.26337701082229614
        }
      },
      "dominant_colors": [
        [
          44,
          130,
          130
        ],
        [
          147,
          131,
          132
        ],
        [
          93,
          129,
          130
        ]
      ],
      "texture_histogram": [
        2110.0,
        1309.0,
        581.0,
        473.0,
        433.0,
        402.0,
        394.0,
        389.0,
        379.0,
        442.0,
        567.0,
        584.0,
        625.0,
        553.0,
        601.0,
        559.0,
        599.0,
        580.0,
        579.0,
        587.0,
        624.0,
        625.0,
        625.0,
        603.0,
        660.0,
        610.0,
        559.0,
        610.0,
        631.0,
        668.0,
        726.0,
        748.0,
        703.0,
        725.0,
        784.0,
        811.0,
        835.0,
        868.0,
        940.0,
        1080.0,
        1201.0,
        1270.0,
        1395.0,
        1482.0,
        1614.0,
        1774.0,
        1885.0,
        2016.0,
        2249.0,
        2323.0,
        2432.0,
        2479.0,
        2693.0,
        2727.0,
        2643.0,
        2791.0,
        2839.0,
        2947.0,
        3042.0,
        2959.0,
        2964.0,
        2884.0,
        2912.0,
        2902.0,
        2834.0,
        2752.0,
        2696.0,
        2684.0,
        2744.0,
        2677.0,
        2588.0,
        2609.0,
        2458.0,
        2383.0,
        2436.0,
        2420.0,
        2407.0,
        2416.0,
        2676.0,
        2826.0,
        2835.0,
        2846.0,
        2957.0,
        3009.0,
        3092.0,
        3225.0,
        3244.0,
        3250.0,
        3374.0,
        3286.0,
        3218.0,
        3263.0,
        3039.0,
        3047.0,
        2874.0,
        2787.0,
        2598.0,
        2408.0,
        2188.0,
        2232.0,
        1894.0,
        1666.0,
        1501.0,
        1393.0,
        1278.0,
        1245.0,
        1364.0,
        1437.0,
        1540.0,
        1749.0,
        1784.0,
        1950.0,
        2186.0,
        2203.0,
        2453.0,
        2258.0,
        2443.0,
        2598.0,
        2883.0,
        2966.0,
        3059.0,
        3306.0,
        3221.0,
        3309.0,
        3343.0,
        3313.0,
        3384.0,
        3495.0,
        3585.0,
        3747.0,
        3647.0,
        3369.0,
        3288.0,
        2978.0,
        2773.0,
        2482.0,
        2353.0,
        1999.0,
        1940.0,
        1894.0,
        1771.0,
        1696.0,
        1604.0,
        1501.0,
        1489.0,
        1470.0,
        1365.0,
        1273.0,
        1088.0,
        1116.0,
        977.0,
        1006.0,
        1091.0,
        1106.0,
        1258.0,
        1328.0,
        1528.0,
        2125.0,
        2437.0,
        2612.0,
        2086.0,
        1470.0,
        1101.0,
        1019.0,
        1005.0,
        988.0,
        986.0,
        1133.0,
        1222.0,
        1643.0,
        1627.0,
        1073.0,
        618.0,
        440.0,
        369.0,
        361.0,
        320.0,
        268.0,
        286.0,
        361.0,
        359.0,
        338.0,
        226.0,
        225.0,
        151.0,
        166.0,
        140.0,
        115.0,
        73.0,
        68.0,
        77.0,
        75.0,
        117.0,
        117.0,
        92.0,
        132.0,
        214.0,
        224.0,
        258.0,
        325.0,
        314.0,
        318.0,
        223.0,
        217.0,
        245.0,
        226.0,
        174.0,
        129.0,
        55.0,
        31.0,
        9.0,
        5.0,
        1.0,
        1.0,
        1.0,
        3.0,
        1.0,
        1.0,
        0.0,
        1.0,
        1.0,
        3.0,
        1.0,
        0.0,
        2.0,
        0.0,
        0.0,
        1.0,
        0.0,
        2.0,
        2.0,
        0.0,
        2.0,
        2.0,
        0.0,
        2.0,
        0.0,
        1.0,
        2.0,
        0.0,
        3.0,
        0.0,
        1.0,
        0.0,
        1.0,
        0.0,
        1.0,
        1.0,
        0.0,
        0.0,
        0.0,
        0.0,
        0.0,
        0.0,
        0.0,
        0.0
      ],
      "silhouette_mask_path": "C:\\Users\\shrad\\TrendWeave\\MERGE_OUTPUT_FINAL\\Catwalks__Women_s_Key_Items___Cut___Sew_A_W_25_26_en\\page_5\\img_4_mask_0.png"
    }
  ],
  "pose_keypoints": [
    {
      "x": 0.5037002563476562,
      "y": 0.08991137146949768,
      "z": -0.8101574778556824,
      "visibility": 0.9999527931213379
    },
    {
      "x": 0.5236061215400696,
      "y": 0.07287853956222534,
      "z": -0.7787740230560303,
      "visibility": 0.999817430973053
    },
    {
      "x": 0.5361547470092773,
      "y": 0.07259085774421692,
      "z": -0.7788370847702026,
      "visibility": 0.9998247027397156
    },
    {
      "x": 0.5461606979370117,
      "y": 0.07192647457122803,
      "z": -0.7788017988204956,
      "visibility": 0.9998185038566589
    },
    {
      "x": 0.4806402027606964,
      "y": 0.0738883912563324,
      "z": -0.7763996124267578,
      "visibility": 0.9998384714126587
    },
    {
      "x": 0.46628209948539734,
      "y": 0.07413920760154724,
      "z": -0.776430606842041,
      "visibility": 0.9998353719711304
    },
    {
      "x": 0.4543338418006897,
      "y": 0.07404342293739319,
      "z": -0.7765965461730957,
      "visibility": 0.9998369216918945
    },
    {
      "x": 0.5651313066482544,
      "y": 0.07908019423484802,
      "z": -0.522811233997345,
      "visibility": 0.9996077418327332
    },
    {
      "x": 0.43613988161087036,
      "y": 0.08168604969978333,
      "z": -0.5167418122291565,
      "visibility": 0.9995822310447693
    },
    {
      "x": 0.5309444069862366,
      "y": 0.10789379477500916,
      "z": -0.7064880132675171,
      "visibility": 0.9999151229858398
    },
    {
      "x": 0.4796397089958191,
      "y": 0.10854882001876831,
      "z": -0.704755425453186,
      "visibility": 0.9999194145202637
    },
    {
      "x": 0.6909211874008179,
      "y": 0.19372814893722534,
      "z": -0.36704784631729126,
      "visibility": 0.9998373985290527
    },
    {
      "x": 0.3389658033847809,
      "y": 0.20714083313941956,
      "z": -0.3352486789226532,
      "visibility": 0.9998598098754883
    },
    {
      "x": 0.706488311290741,
      "y": 0.35120028257369995,
      "z": -0.24334149062633514,
      "visibility": 0.967616856098175
    },
    {
      "x": 0.33455392718315125,
      "y": 0.35672274231910706,
      "z": -0.19031454622745514,
      "visibility": 0.9626559615135193
    },
    {
      "x": 0.736975908279419,
      "y": 0.47930750250816345,
      "z": -0.3759011924266815,
      "visibility": 0.9520384669303894
    },
    {
      "x": 0.2914591133594513,
      "y": 0.4855652451515198,
      "z": -0.29123589396476746,
      "visibility": 0.9261640906333923
    },
    {
      "x": 0.7547450065612793,
      "y": 0.5205345749855042,
      "z": -0.41969969868659973,
      "visibility": 0.90996915102005
    },
    {
      "x": 0.29690802097320557,
      "y": 0.5275280475616455,
      "z": -0.33634111285209656,
      "visibility": 0.8815892934799194
    },
    {
      "x": 0.7377632856369019,
      "y": 0.5218619108200073,
      "z": -0.496936172246933,
      "visibility": 0.9124502539634705
    },
    {
      "x": 0.3136943280696869,
      "y": 0.5284620523452759,
      "z": -0.4025769829750061,
      "visibility": 0.8904679417610168
    },
    {
      "x": 0.7276221513748169,
      "y": 0.5081273913383484,
      "z": -0.40498971939086914,
      "visibility": 0.9158146977424622
    },
    {
      "x": 0.31875836849212646,
      "y": 0.5146383047103882,
      "z": -0.3193790912628174,
      "visibility": 0.8958101272583008
    },
    {
      "x": 0.6164164543151855,
      "y": 0.4460359811782837,
      "z": -0.019307445734739304,
      "visibility": 0.9978798627853394
    },
    {
      "x": 0.4273001253604889,
      "y": 0.452325701713562,
      "z": 0.018779205158352852,
      "visibility": 0.9992938041687012
    },
    {
      "x": 0.587118923664093,
      "y": 0.6524224877357483,
      "z": -0.024535365402698517,
      "visibility": 0.8500076532363892
    },
    {
      "x": 0.4834350347518921,
      "y": 0.6716010570526123,
      "z": -0.1061156615614891,
      "visibility": 0.8783217072486877
    },
    {
      "x": 0.6005219221115112,
      "y": 0.7646077871322632,
      "z": 0.48156654834747314,
      "visibility": 0.6334723234176636
    },
    {
      "x": 0.541694700717926,
      "y": 0.8908676505088806,
      "z": -0.028202828019857407,
      "visibility": 0.8540389537811279
    },
    {
      "x": 0.5953992009162903,
      "y": 0.7769087553024292,
      "z": 0.521436333656311,
      "visibility": 0.2442896068096161
    },
    {
      "x": 0.5491533875465393,
      "y": 0.9137063026428223,
      "z": -0.03539438173174858,
      "visibility": 0.40998581051826477
    },
    {
      "x": 0.5856093764305115,
      "y": 0.8267268538475037,
      "z": 0.32524532079696655,
      "visibility": 0.6237507462501526
    },
    {
      "x": 0.5520696043968201,
      "y": 0.958321750164032,
      "z": -0.37261074781417847,
      "visibility": 0.7927144169807434
    }
  ]
}