{
  "image": "C:\\Users\\shrad\\TrendWeave\\TrendWeave\\extracted_data\\Catwalks__Women_s_Key_Items___Knitwear_A_W_25_26_en\\page_5\\img_2.jpeg",
  "items": [
    {
      "yolo_label": "person",
      "bbox": [
        31.27256202697754,
        28.384687423706055,
        263.1664123535156,
        579.4996337890625
      ],
      "confidence": 0.8928920030593872,
      "clip_attributes": {
        "palette": {
          "label": "earth tones",
          "confidence": 0.24395214021205902
        },
        "dress_silhouette": {
          "label": "fit and flare",
          "confidence": 0.23841629922389984
        },
        "neckline": {
          "label": "square neckline",
          "confidence": 0.2414490133523941
        },
        "sleeve_type": {
          "label": "puffed sleeves",
          "confidence": 0.24263790249824524
        },
        "top_silhouette": {
          "label": "fitted blouse",
          "confidence": 0.2265390306711197
        },
        "bottom_style": {
          "label": "flared pants",
          "confidence": 0.2290402203798294
        },
        "outerwear": {
          "label": "cardigan",
          "confidence": 0.2853626310825348
        },
        "shoe_type": {
          "label": "platform sneakers",
          "confidence": 0.2222348302602768
        },
        "bag_type": {
          "label": "shoulder bag",
          "confidence": 0.21435101330280304
        },
        "accessory": {
          "label": "scarf",
          "confidence": 0.23700138926506042
        },
        "hairstyle": {
          "label": "high bun",
          "confidence": 0.21743707358837128
        },
        "setting": {
          "label": "street style",
          "confidence": 0.24356818199157715
        },
        "fabric_type": {
          "label": "linen",
          "confidence": 0.25618496537208557
        },
        "season": {
          "label": "winter",
          "confidence": 0.22800235450267792
        },
        "style_theme": {
          "label": "boho",
          "confidence": 0.24283786118030548
        }
      },
      "dominant_colors": [
        [
          181,
          136,
          143
        ],
        [
          31,
          132,
          132
        ],
        [
          104,
          135,
          140
        ]
      ],
      "texture_histogram": [
        36.0,
        88.0,
        391.0,
        1057.0,
        331.0,
        227.0,
        220.0,
        456.0,
        654.0,
        648.0,
        685.0,
        612.0,
        683.0,
        729.0,
        812.0,
        955.0,
        1108.0,
        1166.0,
        1175.0,
        1074.0,
        1077.0,
        1012.0,
        874.0,
        824.0,
        833.0,
        897.0,
        907.0,
        937.0,
        898.0,
        910.0,
        779.0,
        648.0,
        526.0,
        468.0,
        429.0,
        358.0,
        376.0,
        388.0,
        356.0,
        402.0,
        415.0,
        369.0,
        478.0,
        568.0,
        556.0,
        519.0,
        455.0,
        492.0,
        486.0,
        510.0,
        668.0,
        566.0,
        643.0,
        705.0,
        726.0,
        669.0,
        643.0,
        697.0,
        722.0,
        808.0,
        740.0,
        822.0,
        777.0,
        779.0,
        798.0,
        778.0,
        771.0,
        781.0,
        688.0,
        729.0,
        700.0,
        652.0,
        674.0,
        746.0,
        720.0,
        694.0,
        647.0,
        533.0,
        491.0,
        427.0,
        471.0,
        502.0,
        498.0,
        509.0,
        500.0,
        590.0,
        493.0,
        581.0,
        540.0,
        625.0,
        654.0,
        634.0,
        697.0,
        643.0,
        789.0,
        792.0,
        871.0,
        870.0,
        1081.0,
        1055.0,
        1174.0,
        1184.0,
        1230.0,
        1431.0,
        1399.0,
        1292.0,
        1104.0,
        985.0,
        823.0,
        750.0,
        649.0,
        667.0,
        598.0,
        524.0,
        491.0,
        488.0,
        479.0,
        409.0,
        454.0,
        470.0,
        447.0,
        438.0,
        455.0,
        478.0,
        479.0,
        464.0,
        471.0,
        483.0,
        446.0,
        461.0,
        479.0,
        448.0,
        513.0,
        541.0,
        469.0,
        485.0,
        464.0,
        458.0,
        467.0,
        489.0,
        465.0,
        425.0,
        496.0,
        534.0,
        491.0,
        483.0,
        488.0,
        471.0,
        437.0,
        485.0,
        444.0,
        460.0,
        428.0,
        453.0,
        481.0,
        424.0,
        429.0,
        478.0,
        449.0,
        440.0,
        418.0,
        431.0,
        496.0,
        499.0,
        490.0,
        513.0,
        440.0,
        522.0,
        502.0,
        525.0,
        518.0,
        524.0,
        530.0,
        564.0,
        497.0,
        555.0,
        571.0,
        547.0,
        510.0,
        574.0,
        502.0,
        507.0,
        558.0,
        534.0,
        544.0,
        503.0,
        493.0,
        498.0,
        499.0,
        524.0,
        496.0,
        513.0,
        486.0,
        488.0,
        479.0,
        487.0,
        423.0,
        432.0,
        432.0,
        412.0,
        403.0,
        383.0,
        339.0,
        364.0,
        358.0,
        314.0,
        291.0,
        335.0,
        300.0,
        316.0,
        268.0,
        243.0,
        268.0,
        237.0,
        228.0,
        209.0,
        199.0,
        204.0,
        145.0,
        147.0,
        130.0,
        124.0,
        116.0,
        107.0,
        69.0,
        68.0,
        57.0,
        50.0,
        43.0,
        32.0,
        20.0,
        20.0,
        19.0,
        8.0,
        7.0,
        7.0,
        10.0,
        3.0,
        2.0,
        2.0,
        2.0,
        2.0,
        4.0,
        0.0,
        1.0,
        0.0,
        1.0,
        1.0,
        0.0,
        0.0,
        0.0,
        0.0,
        0.0,
        0.0,
        0.0,
        0.0
      ],
      "silhouette_mask_path": "C:\\Users\\shrad\\TrendWeave\\MERGE_OUTPUT_FINAL\\Catwalks__Women_s_Key_Items___Knitwear_A_W_25_26_en\\page_5\\img_2_mask_0.png"
    }
  ],
  "pose_keypoints": [
    {
      "x": 0.49722978472709656,
      "y": 0.15221890807151794,
      "z": -0.8285152316093445,
      "visibility": 0.9991342425346375
    },
    {
      "x": 0.5221563577651978,
      "y": 0.13199424743652344,
      "z": -0.7949744462966919,
      "visibility": 0.999211311340332
    },
    {
      "x": 0.5378619432449341,
      "y": 0.1312892735004425,
      "z": -0.7950370907783508,
      "visibility": 0.9990167617797852
    },
    {
      "x": 0.5502867698669434,
      "y": 0.13077273964881897,
      "z": -0.7955942153930664,
      "visibility": 0.9989787340164185
    },
    {
      "x": 0.473545104265213,
      "y": 0.13369929790496826,
      "z": -0.7853304147720337,
      "visibility": 0.999352753162384
    },
    {
      "x": 0.4584382474422455,
      "y": 0.13436758518218994,
      "z": -0.7852591872215271,
      "visibility": 0.9993222951889038
    },
    {
      "x": 0.4470321536064148,
      "y": 0.1353990137577057,
      "z": -0.7855308055877686,
      "visibility": 0.9994698166847229
    },
    {
      "x": 0.5815104842185974,
      "y": 0.13816511631011963,
      "z": -0.4762318730354309,
      "visibility": 0.9991208910942078
    },
    {
      "x": 0.43221715092658997,
      "y": 0.14472514390945435,
      "z": -0.43590834736824036,
      "visibility": 0.9993601441383362
    },
    {
      "x": 0.527708113193512,
      "y": 0.17366832494735718,
      "z": -0.6946391463279724,
      "visibility": 0.9980719089508057
    },
    {
      "x": 0.47096532583236694,
      "y": 0.17512869834899902,
      "z": -0.6842796206474304,
      "visibility": 0.9975964426994324
    },
    {
      "x": 0.6947098970413208,
      "y": 0.2475809007883072,
      "z": -0.2052871584892273,
      "visibility": 0.9879060983657837
    },
    {
      "x": 0.34556418657302856,
      "y": 0.2509358823299408,
      "z": -0.15175417065620422,
      "visibility": 0.9972207546234131
    },
    {
      "x": 0.7453457117080688,
      "y": 0.3956053853034973,
      "z": 0.23070211708545685,
      "visibility": 0.07423491030931473
    },
    {
      "x": 0.3050681948661804,
      "y": 0.3831488788127899,
      "z": -0.015319795347750187,
      "visibility": 0.1374254673719406
    },
    {
      "x": 0.5971393585205078,
      "y": 0.41933178901672363,
      "z": 0.6789340376853943,
      "visibility": 0.006158222444355488
    },
    {
      "x": 0.31555724143981934,
      "y": 0.3797483444213867,
      "z": -0.014415420591831207,
      "visibility": 0.03720317780971527
    },
    {
      "x": 0.55715411901474,
      "y": 0.42923253774642944,
      "z": 0.7484346032142639,
      "visibility": 0.007220882456749678
    },
    {
      "x": 0.3196004033088684,
      "y": 0.38176900148391724,
      "z": -0.013567381538450718,
      "visibility": 0.04823712259531021
    },
    {
      "x": 0.5562520623207092,
      "y": 0.4160308241844177,
      "z": 0.7603712677955627,
      "visibility": 0.007338188122957945
    },
    {
      "x": 0.3077547550201416,
      "y": 0.3676299750804901,
      "z": -0.037194471806287766,
      "visibility": 0.04453886300325394
    },
    {
      "x": 0.5661081075668335,
      "y": 0.413796603679657,
      "z": 0.7028910517692566,
      "visibility": 0.01001828908920288
    },
    {
      "x": 0.315496027469635,
      "y": 0.3692311942577362,
      "z": -0.02065988816320896,
      "visibility": 0.04675443843007088
    },
    {
      "x": 0.5688053965568542,
      "y": 0.5043656229972839,
      "z": -0.01802384853363037,
      "visibility": 0.9979838132858276
    },
    {
      "x": 0.4092255234718323,
      "y": 0.49555686116218567,
      "z": 0.01732981577515602,
      "visibility": 0.9968677163124084
    },
    {
      "x": 0.4547445774078369,
      "y": 0.6572392582893372,
      "z": -0.11340473592281342,
      "visibility": 0.33246147632598877
    },
    {
      "x": 0.40917766094207764,
      "y": 0.6485987901687622,
      "z": 0.002726377686485648,
      "visibility": 0.508119523525238
    },
    {
      "x": 0.4824700355529785,
      "y": 0.9050771594047546,
      "z": 0.047711461782455444,
      "visibility": 0.5235577821731567
    },
    {
      "x": 0.4377167522907257,
      "y": 0.8704202175140381,
      "z": 0.27839481830596924,
      "visibility": 0.5232458114624023
    },
    {
      "x": 0.4701409339904785,
      "y": 0.9432872533798218,
      "z": 0.053918834775686264,
      "visibility": 0.4764346778392792
    },
    {
      "x": 0.43778523802757263,
      "y": 0.904189944267273,
      "z": 0.2997738718986511,
      "visibility": 0.4490637481212616
    },
    {
      "x": 0.48795726895332336,
      "y": 0.9874771237373352,
      "z": -0.24870815873146057,
      "visibility": 0.5370179414749146
    },
    {
      "x": 0.46020591259002686,
      "y": 0.9422521591186523,
      "z": -8.212500688387081e-05,
      "visibility": 0.4810856580734253
    }
  ]
}