{
  "image": "C:\\Users\\shrad\\TrendWeave\\TrendWeave\\extracted_data\\Catwalks__Women_s_Key_Items___Knitwear_A_W_25_26_en\\page_5\\img_4.jpeg",
  "items": [
    {
      "yolo_label": "person",
      "bbox": [
        53.301307678222656,
        16.039592742919922,
        252.82513427734375,
        584.0
      ],
      "confidence": 0.8842799067497253,
      "clip_attributes": {
        "palette": {
          "label": "monochrome",
          "confidence": 0.2265668362379074
        },
        "dress_silhouette": {
          "label": "fit and flare",
          "confidence": 0.24607184529304504
        },
        "neckline": {
          "label": "square neckline",
          "confidence": 0.27677565813064575
        },
        "sleeve_type": {
          "label": "puffed sleeves",
          "confidence": 0.2886611521244049
        },
        "top_silhouette": {
          "label": "peplum",
          "confidence": 0.27628177404403687
        },
        "bottom_style": {
          "label": "culottes",
          "confidence": 0.25354695320129395
        },
        "outerwear": {
          "label": "cardigan",
          "confidence": 0.2691918611526489
        },
        "shoe_type": {
          "label": "ankle boots",
          "confidence": 0.24969734251499176
        },
        "bag_type": {
          "label": "crossbody bag",
          "confidence": 0.23176687955856323
        },
        "accessory": {
          "label": "hoop earrings",
          "confidence": 0.22010985016822815
        },
        "hairstyle": {
          "label": "loose curls",
          "confidence": 0.22265376150608063
        },
        "setting": {
          "label": "office wear",
          "confidence": 0.25022828578948975
        },
        "fabric_type": {
          "label": "organza",
          "confidence": 0.25616398453712463
        },
        "season": {
          "label": "winter",
          "confidence": 0.2206433266401291
        },
        "style_theme": {
          "label": "elegant chic",
          "confidence": 0.25556203722953796
        }
      },
      "dominant_colors": [
        [
          26,
          130,
          128
        ],
        [
          125,
          138,
          145
        ],
        [
          189,
          131,
          138
        ]
      ],
      "texture_histogram": [
        6.0,
        9.0,
        12.0,
        24.0,
        40.0,
        65.0,
        111.0,
        153.0,
        226.0,
        331.0,
        435.0,
        560.0,
        776.0,
        968.0,
        1135.0,
        1366.0,
        1620.0,
        1723.0,
        1985.0,
        2167.0,
        2356.0,
        2399.0,
        2555.0,
        2667.0,
        2516.0,
        2489.0,
        2388.0,
        2208.0,
        2123.0,
        1869.0,
        1702.0,
        1495.0,
        1353.0,
        1154.0,
        990.0,
        778.0,
        713.0,
        654.0,
        555.0,
        483.0,
        412.0,
        370.0,
        377.0,
        358.0,
        322.0,
        315.0,
        327.0,
        302.0,
        288.0,
        311.0,
        258.0,
        314.0,
        314.0,
        295.0,
        331.0,
        322.0,
        268.0,
        275.0,
        271.0,
        280.0,
        290.0,
        264.0,
        296.0,
        296.0,
        276.0,
        290.0,
        271.0,
        319.0,
        280.0,
        234.0,
        266.0,
        241.0,
        256.0,
        276.0,
        227.0,
        253.0,
        256.0,
        269.0,
        273.0,
        270.0,
        246.0,
        266.0,
        243.0,
        255.0,
        273.0,
        282.0,
        246.0,
        259.0,
        307.0,
        259.0,
        289.0,
        275.0,
        281.0,
        271.0,
        279.0,
        273.0,
        281.0,
        290.0,
        258.0,
        272.0,
        258.0,
        250.0,
        254.0,
        280.0,
        268.0,
        244.0,
        245.0,
        264.0,
        252.0,
        261.0,
        245.0,
        256.0,
        258.0,
        259.0,
        257.0,
        272.0,
        267.0,
        274.0,
        334.0,
        303.0,
        326.0,
        338.0,
        332.0,
        380.0,
        393.0,
        443.0,
        444.0,
        454.0,
        490.0,
        532.0,
        553.0,
        559.0,
        620.0,
        648.0,
        654.0,
        614.0,
        641.0,
        713.0,
        668.0,
        606.0,
        608.0,
        616.0,
        526.0,
        545.0,
        530.0,
        539.0,
        498.0,
        472.0,
        514.0,
        511.0,
        531.0,
        487.0,
        485.0,
        491.0,
        504.0,
        551.0,
        531.0,
        531.0,
        512.0,
        551.0,
        536.0,
        535.0,
        559.0,
        526.0,
        501.0,
        463.0,
        478.0,
        524.0,
        440.0,
        460.0,
        396.0,
        394.0,
        399.0,
        358.0,
        361.0,
        342.0,
        329.0,
        335.0,
        339.0,
        299.0,
        300.0,
        296.0,
        315.0,
        276.0,
        293.0,
        290.0,
        282.0,
        333.0,
        290.0,
        288.0,
        288.0,
        289.0,
        271.0,
        333.0,
        399.0,
        335.0,
        349.0,
        357.0,
        335.0,
        298.0,
        259.0,
        280.0,
        270.0,
        269.0,
        266.0,
        272.0,
        259.0,
        247.0,
        246.0,
        236.0,
        240.0,
        300.0,
        247.0,
        290.0,
        274.0,
        327.0,
        301.0,
        310.0,
        287.0,
        286.0,
        266.0,
        294.0,
        254.0,
        283.0,
        285.0,
        235.0,
        184.0,
        116.0,
        84.0,
        72.0,
        44.0,
        24.0,
        31.0,
        14.0,
        18.0,
        17.0,
        9.0,
        7.0,
        6.0,
        3.0,
        1.0,
        3.0,
        1.0,
        1.0,
        2.0,
        0.0,
        1.0,
        0.0,
        0.0,
        1.0,
        0.0,
        0.0,
        0.0,
        0.0,
        0.0,
        0.0
      ],
      "silhouette_mask_path": "C:\\Users\\shrad\\TrendWeave\\MERGE_OUTPUT_FINAL\\Catwalks__Women_s_Key_Items___Knitwear_A_W_25_26_en\\page_5\\img_4_mask_0.png"
    },
    {
      "yolo_label": "person",
      "bbox": [
        0.14006838202476501,
        17.504249572753906,
        113.64546203613281,
        513.1674194335938
      ],
      "confidence": 0.7336406111717224,
      "clip_attributes": {
        "palette": {
          "label": "pastel",
          "confidence": 0.22977253794670105
        },
        "dress_silhouette": {
          "label": "fit and flare",
          "confidence": 0.22895964980125427
        },
        "neckline": {
          "label": "square neckline",
          "confidence": 0.2542630434036255
        },
        "sleeve_type": {
          "label": "puffed sleeves",
          "confidence": 0.2622283697128296
        },
        "top_silhouette": {
          "label": "peplum",
          "confidence": 0.23775175213813782
        },
        "bottom_style": {
          "label": "flared pants",
          "confidence": 0.24546153843402863
        },
        "outerwear": {
          "label": "long coat",
          "confidence": 0.25428158044815063
        },
        "shoe_type": {
          "label": "ankle boots",
          "confidence": 0.2610960304737091
        },
        "bag_type": {
          "label": "shoulder bag",
          "confidence": 0.23355595767498016
        },
        "accessory": {
          "label": "scarf",
          "confidence": 0.258209764957428
        },
        "hairstyle": {
          "label": "braids",
          "confidence": 0.22768418490886688
        },
        "setting": {
          "label": "street style",
          "confidence": 0.23580504953861237
        },
        "fabric_type": {
          "label": "organza",
          "confidence": 0.23978832364082336
        },
        "season": {
          "label": "winter",
          "confidence": 0.23054517805576324
        },
        "style_theme": {
          "label": "elegant chic",
          "confidence": 0.24646425247192383
        }
      },
      "dominant_colors": [
        [
          30,
          130,
          131
        ],
        [
          204,
          132,
          134
        ],
        [
          127,
          135,
          143
        ]
      ],
      "texture_histogram": [
        3.0,
        3.0,
        2.0,
        14.0,
        19.0,
        28.0,
        60.0,
        68.0,
        114.0,
        173.0,
        185.0,
        234.0,
        320.0,
        359.0,
        390.0,
        472.0,
        564.0,
        560.0,
        661.0,
        729.0,
        764.0,
        766.0,
        810.0,
        803.0,
        692.0,
        665.0,
        560.0,
        548.0,
        497.0,
        439.0,
        325.0,
        313.0,
        300.0,
        257.0,
        196.0,
        226.0,
        215.0,
        245.0,
        194.0,
        203.0,
        199.0,
        192.0,
        170.0,
        200.0,
        160.0,
        159.0,
        168.0,
        177.0,
        137.0,
        155.0,
        153.0,
        166.0,
        175.0,
        195.0,
        156.0,
        196.0,
        178.0,
        149.0,
        167.0,
        139.0,
        146.0,
        164.0,
        169.0,
        169.0,
        155.0,
        197.0,
        165.0,
        175.0,
        169.0,
        158.0,
        162.0,
        192.0,
        179.0,
        213.0,
        194.0,
        193.0,
        189.0,
        181.0,
        182.0,
        214.0,
        191.0,
        216.0,
        189.0,
        165.0,
        157.0,
        188.0,
        187.0,
        183.0,
        189.0,
        171.0,
        189.0,
        164.0,
        176.0,
        167.0,
        169.0,
        154.0,
        167.0,
        170.0,
        159.0,
        150.0,
        142.0,
        146.0,
        139.0,
        138.0,
        153.0,
        174.0,
        145.0,
        164.0,
        152.0,
        144.0,
        149.0,
        138.0,
        136.0,
        167.0,
        149.0,
        199.0,
        177.0,
        184.0,
        206.0,
        230.0,
        227.0,
        183.0,
        205.0,
        211.0,
        224.0,
        213.0,
        254.0,
        222.0,
        244.0,
        232.0,
        229.0,
        283.0,
        282.0,
        317.0,
        339.0,
        319.0,
        365.0,
        361.0,
        332.0,
        288.0,
        347.0,
        301.0,
        270.0,
        284.0,
        244.0,
        274.0,
        247.0,
        246.0,
        238.0,
        239.0,
        243.0,
        236.0,
        258.0,
        223.0,
        204.0,
        242.0,
        222.0,
        273.0,
        219.0,
        247.0,
        221.0,
        234.0,
        241.0,
        263.0,
        253.0,
        289.0,
        236.0,
        234.0,
        215.0,
        219.0,
        206.0,
        185.0,
        172.0,
        159.0,
        186.0,
        168.0,
        146.0,
        196.0,
        162.0,
        148.0,
        155.0,
        168.0,
        179.0,
        132.0,
        147.0,
        176.0,
        144.0,
        178.0,
        179.0,
        144.0,
        136.0,
        142.0,
        142.0,
        153.0,
        167.0,
        147.0,
        154.0,
        162.0,
        206.0,
        167.0,
        184.0,
        173.0,
        197.0,
        182.0,
        183.0,
        254.0,
        231.0,
        214.0,
        249.0,
        237.0,
        292.0,
        338.0,
        340.0,
        419.0,
        428.0,
        508.0,
        595.0,
        566.0,
        646.0,
        614.0,
        650.0,
        625.0,
        511.0,
        492.0,
        433.0,
        348.0,
        263.0,
        187.0,
        111.0,
        64.0,
        42.0,
        21.0,
        25.0,
        13.0,
        13.0,
        12.0,
        7.0,
        3.0,
        6.0,
        2.0,
        1.0,
        2.0,
        1.0,
        1.0,
        0.0,
        0.0,
        1.0,
        0.0,
        0.0,
        0.0,
        0.0,
        0.0,
        0.0,
        0.0,
        0.0,
        0.0
      ],
      "silhouette_mask_path": "C:\\Users\\shrad\\TrendWeave\\MERGE_OUTPUT_FINAL\\Catwalks__Women_s_Key_Items___Knitwear_A_W_25_26_en\\page_5\\img_4_mask_1.png"
    },
    {
      "yolo_label": "person",
      "bbox": [
        129.77903747558594,
        0.0,
        208.3532257080078,
        118.5692367553711
      ],
      "confidence": 0.44968855381011963,
      "clip_attributes": {
        "palette": {
          "label": "earth tones",
          "confidence": 0.21161630749702454
        },
        "dress_silhouette": {
          "label": "fit and flare",
          "confidence": 0.20436669886112213
        },
        "neckline": {
          "label": "square neckline",
          "confidence": 0.24554593861103058
        },
        "sleeve_type": {
          "label": "puffed sleeves",
          "confidence": 0.23882468044757843
        },
        "top_silhouette": {
          "label": "peplum",
          "confidence": 0.23049214482307434
        },
        "bottom_style": {
          "label": "culottes",
          "confidence": 0.22097176313400269
        },
        "outerwear": {
          "label": "long coat",
          "confidence": 0.20532557368278503
        },
        "shoe_type": {
          "label": "ballet flats",
          "confidence": 0.21690183877944946
        },
        "bag_type": {
          "label": "shoulder bag",
          "confidence": 0.20533888041973114
        },
        "accessory": {
          "label": "hairband",
          "confidence": 0.22303301095962524
        },
        "hairstyle": {
          "label": "ponytail",
          "confidence": 0.21510279178619385
        },
        "setting": {
          "label": "street style",
          "confidence": 0.21007037162780762
        },
        "fabric_type": {
          "label": "organza",
          "confidence": 0.23135340213775635
        },
        "season": {
          "label": "spring",
          "confidence": 0.19859839975833893
        },
        "style_theme": {
          "label": "elegant chic",
          "confidence": 0.21125885844230652
        }
      },
      "dominant_colors": [
        [
          124,
          137,
          143
        ],
        [
          193,
          138,
          145
        ],
        [
          50,
          133,
          136
        ]
      ],
      "texture_histogram": [
        0.0,
        0.0,
        0.0,
        0.0,
        2.0,
        0.0,
        3.0,
        4.0,
        0.0,
        4.0,
        4.0,
        4.0,
        2.0,
        8.0,
        7.0,
        6.0,
        12.0,
        8.0,
        13.0,
        14.0,
        18.0,
        35.0,
        46.0,
        46.0,
        36.0,
        44.0,
        28.0,
        30.0,
        42.0,
        53.0,
        51.0,
        69.0,
        63.0,
        93.0,
        92.0,
        78.0,
        74.0,
        100.0,
        112.0,
        103.0,
        100.0,
        88.0,
        92.0,
        83.0,
        75.0,
        59.0,
        80.0,
        80.0,
        76.0,
        63.0,
        56.0,
        65.0,
        73.0,
        56.0,
        71.0,
        61.0,
        51.0,
        69.0,
        44.0,
        70.0,
        61.0,
        67.0,
        57.0,
        67.0,
        71.0,
        70.0,
        55.0,
        61.0,
        76.0,
        49.0,
        69.0,
        41.0,
        43.0,
        51.0,
        35.0,
        39.0,
        40.0,
        43.0,
        41.0,
        37.0,
        33.0,
        36.0,
        25.0,
        21.0,
        31.0,
        25.0,
        21.0,
        30.0,
        23.0,
        15.0,
        25.0,
        21.0,
        23.0,
        21.0,
        24.0,
        28.0,
        20.0,
        22.0,
        19.0,
        16.0,
        29.0,
        15.0,
        29.0,
        18.0,
        25.0,
        22.0,
        17.0,
        20.0,
        18.0,
        25.0,
        24.0,
        11.0,
        23.0,
        18.0,
        19.0,
        27.0,
        19.0,
        22.0,
        30.0,
        15.0,
        22.0,
        21.0,
        24.0,
        14.0,
        17.0,
        15.0,
        20.0,
        18.0,
        18.0,
        19.0,
        16.0,
        32.0,
        21.0,
        27.0,
        24.0,
        23.0,
        23.0,
        30.0,
        24.0,
        31.0,
        29.0,
        19.0,
        20.0,
        23.0,
        31.0,
        28.0,
        29.0,
        32.0,
        33.0,
        26.0,
        27.0,
        30.0,
        26.0,
        41.0,
        39.0,
        38.0,
        45.0,
        31.0,
        34.0,
        35.0,
        41.0,
        33.0,
        48.0,
        42.0,
        43.0,
        49.0,
        68.0,
        66.0,
        75.0,
        73.0,
        55.0,
        69.0,
        78.0,
        69.0,
        83.0,
        75.0,
        82.0,
        58.0,
        66.0,
        68.0,
        54.0,
        56.0,
        58.0,
        56.0,
        46.0,
        45.0,
        68.0,
        51.0,
        53.0,
        51.0,
        40.0,
        43.0,
        42.0,
        52.0,
        57.0,
        50.0,
        46.0,
        47.0,
        45.0,
        52.0,
        51.0,
        61.0,
        56.0,
        48.0,
        61.0,
        54.0,
        52.0,
        63.0,
        74.0,
        68.0,
        61.0,
        73.0,
        58.0,
        78.0,
        60.0,
        64.0,
        42.0,
        71.0,
        40.0,
        36.0,
        33.0,
        25.0,
        15.0,
        19.0,
        9.0,
        10.0,
        5.0,
        5.0,
        5.0,
        7.0,
        5.0,
        4.0,
        0.0,
        3.0,
        2.0,
        1.0,
        1.0,
        0.0,
        0.0,
        0.0,
        0.0,
        0.0,
        0.0,
        0.0,
        0.0,
        0.0,
        0.0,
        0.0,
        0.0,
        0.0,
        0.0,
        0.0,
        0.0,
        0.0,
        0.0,
        0.0
      ],
      "silhouette_mask_path": "C:\\Users\\shrad\\TrendWeave\\MERGE_OUTPUT_FINAL\\Catwalks__Women_s_Key_Items___Knitwear_A_W_25_26_en\\page_5\\img_4_mask_2.png"
    },
    {
      "yolo_label": "person",
      "bbox": [
        131.1031036376953,
        0.07919768989086151,
        208.28225708007812,
        73.151611328125
      ],
      "confidence": 0.3305535316467285,
      "clip_attributes": {
        "palette": {
          "label": "earth tones",
          "confidence": 0.21612548828125
        },
        "dress_silhouette": {
          "label": "wrap dress",
          "confidence": 0.20881928503513336
        },
        "neckline": {
          "label": "square neckline",
          "confidence": 0.2491723895072937
        },
        "sleeve_type": {
          "label": "puffed sleeves",
          "confidence": 0.24716143310070038
        },
        "top_silhouette": {
          "label": "peplum",
          "confidence": 0.21582166850566864
        },
        "bottom_style": {
          "label": "culottes",
          "confidence": 0.22735342383384705
        },
        "outerwear": {
          "label": "long coat",
          "confidence": 0.20937323570251465
        },
        "shoe_type": {
          "label": "ballet flats",
          "confidence": 0.21328242123126984
        },
        "bag_type": {
          "label": "shoulder bag",
          "confidence": 0.18739107251167297
        },
        "accessory": {
          "label": "hairband",
          "confidence": 0.23258566856384277
        },
        "hairstyle": {
          "label": "ponytail",
          "confidence": 0.2257637232542038
        },
        "setting": {
          "label": "office wear",
          "confidence": 0.20849819481372833
        },
        "fabric_type": {
          "label": "organza",
          "confidence": 0.24331063032150269
        },
        "season": {
          "label": "spring",
          "confidence": 0.18744024634361267
        },
        "style_theme": {
          "label": "elegant chic",
          "confidence": 0.21549305319786072
        }
      },
      "dominant_colors": [
        [
          91,
          134,
          139
        ],
        [
          188,
          136,
          148
        ],
        [
          41,
          131,
          134
        ]
      ],
      "texture_histogram": [
        0.0,
        0.0,
        0.0,
        0.0,
        2.0,
        0.0,
        3.0,
        4.0,
        0.0,
        2.0,
        4.0,
        4.0,
        2.0,
        5.0,
        6.0,
        5.0,
        11.0,
        7.0,
        11.0,
        11.0,
        13.0,
        34.0,
        43.0,
        44.0,
        31.0,
        38.0,
        23.0,
        29.0,
        36.0,
        49.0,
        42.0,
        65.0,
        56.0,
        87.0,
        82.0,
        69.0,
        69.0,
        94.0,
        106.0,
        94.0,
        94.0,
        82.0,
        91.0,
        78.0,
        69.0,
        53.0,
        72.0,
        72.0,
        67.0,
        51.0,
        45.0,
        54.0,
        61.0,
        41.0,
        62.0,
        51.0,
        41.0,
        53.0,
        34.0,
        46.0,
        50.0,
        51.0,
        38.0,
        53.0,
        60.0,
        55.0,
        46.0,
        49.0,
        68.0,
        39.0,
        57.0,
        36.0,
        32.0,
        36.0,
        28.0,
        30.0,
        29.0,
        27.0,
        30.0,
        28.0,
        24.0,
        25.0,
        20.0,
        15.0,
        20.0,
        15.0,
        17.0,
        23.0,
        17.0,
        11.0,
        19.0,
        16.0,
        14.0,
        11.0,
        14.0,
        15.0,
        15.0,
        17.0,
        13.0,
        10.0,
        17.0,
        5.0,
        18.0,
        9.0,
        16.0,
        12.0,
        7.0,
        7.0,
        11.0,
        11.0,
        13.0,
        3.0,
        11.0,
        4.0,
        8.0,
        9.0,
        7.0,
        14.0,
        12.0,
        10.0,
        7.0,
        12.0,
        12.0,
        6.0,
        5.0,
        8.0,
        15.0,
        13.0,
        11.0,
        6.0,
        7.0,
        13.0,
        9.0,
        11.0,
        9.0,
        14.0,
        10.0,
        15.0,
        9.0,
        12.0,
        10.0,
        6.0,
        11.0,
        6.0,
        11.0,
        18.0,
        10.0,
        11.0,
        13.0,
        10.0,
        9.0,
        11.0,
        9.0,
        16.0,
        16.0,
        19.0,
        14.0,
        13.0,
        14.0,
        14.0,
        7.0,
        9.0,
        14.0,
        14.0,
        16.0,
        15.0,
        30.0,
        27.0,
        34.0,
        19.0,
        28.0,
        34.0,
        26.0,
        32.0,
        32.0,
        27.0,
        25.0,
        25.0,
        23.0,
        21.0,
        25.0,
        33.0,
        32.0,
        34.0,
        27.0,
        22.0,
        32.0,
        25.0,
        28.0,
        21.0,
        15.0,
        17.0,
        20.0,
        15.0,
        15.0,
        16.0,
        21.0,
        13.0,
        17.0,
        12.0,
        18.0,
        19.0,
        19.0,
        13.0,
        22.0,
        17.0,
        14.0,
        23.0,
        35.0,
        23.0,
        25.0,
        30.0,
        20.0,
        32.0,
        23.0,
        34.0,
        17.0,
        25.0,
        17.0,
        12.0,
        14.0,
        7.0,
        4.0,
        5.0,
        3.0,
        4.0,
        2.0,
        3.0,
        4.0,
        4.0,
        4.0,
        4.0,
        0.0,
        3.0,
        2.0,
        1.0,
        1.0,
        0.0,
        0.0,
        0.0,
        0.0,
        0.0,
        0.0,
        0.0,
        0.0,
        0.0,
        0.0,
        0.0,
        0.0,
        0.0,
        0.0,
        0.0,
        0.0,
        0.0,
        0.0,
        0.0
      ],
      "silhouette_mask_path": "C:\\Users\\shrad\\TrendWeave\\MERGE_OUTPUT_FINAL\\Catwalks__Women_s_Key_Items___Knitwear_A_W_25_26_en\\page_5\\img_4_mask_3.png"
    }
  ],
  "pose_keypoints": [
    {
      "x": 0.49580907821655273,
      "y": 0.13411641120910645,
      "z": -1.3186233043670654,
      "visibility": 0.9996910095214844
    },
    {
      "x": 0.5234079957008362,
      "y": 0.11422199010848999,
      "z": -1.296875238418579,
      "visibility": 0.9991082549095154
    },
    {
      "x": 0.5412988662719727,
      "y": 0.1154758408665657,
      "z": -1.2970657348632812,
      "visibility": 0.9991969466209412
    },
    {
      "x": 0.5588288903236389,
      "y": 0.11672648042440414,
      "z": -1.2974166870117188,
      "visibility": 0.9992427825927734
    },
    {
      "x": 0.4782446622848511,
      "y": 0.1134747788310051,
      "z": -1.264692783355713,
      "visibility": 0.9991266131401062
    },
    {
      "x": 0.46360430121421814,
      "y": 0.11436381191015244,
      "z": -1.2648152112960815,
      "visibility": 0.9990975856781006
    },
    {
      "x": 0.4485803246498108,
      "y": 0.11538031697273254,
      "z": -1.2651201486587524,
      "visibility": 0.9991187453269958
    },
    {
      "x": 0.5998936891555786,
      "y": 0.1319383680820465,
      "z": -0.9941842555999756,
      "visibility": 0.999243974685669
    },
    {
      "x": 0.4307204782962799,
      "y": 0.13074558973312378,
      "z": -0.8422895669937134,
      "visibility": 0.9989161491394043
    },
    {
      "x": 0.5306639671325684,
      "y": 0.1591643989086151,
      "z": -1.1920310258865356,
      "visibility": 0.9998577833175659
    },
    {
      "x": 0.463522732257843,
      "y": 0.15969812870025635,
      "z": -1.1486413478851318,
      "visibility": 0.9998213648796082
    },
    {
      "x": 0.7569963335990906,
      "y": 0.2570396959781647,
      "z": -0.7130223512649536,
      "visibility": 0.9997231364250183
    },
    {
      "x": 0.29503464698791504,
      "y": 0.2520526349544525,
      "z": -0.49566853046417236,
      "visibility": 0.9996871948242188
    },
    {
      "x": 0.7979717254638672,
      "y": 0.43837183713912964,
      "z": -0.42402681708335876,
      "visibility": 0.9577549695968628
    },
    {
      "x": 0.2605223059654236,
      "y": 0.4240143895149231,
      "z": -0.14294879138469696,
      "visibility": 0.8696672916412354
    },
    {
      "x": 0.759112536907196,
      "y": 0.5992765426635742,
      "z": -0.521930456161499,
      "visibility": 0.7384036183357239
    },
    {
      "x": 0.254024863243103,
      "y": 0.5671544671058655,
      "z": -0.25294724106788635,
      "visibility": 0.6359431743621826
    },
    {
      "x": 0.7718287110328674,
      "y": 0.6517661213874817,
      "z": -0.5815553069114685,
      "visibility": 0.6507539749145508
    },
    {
      "x": 0.2448136806488037,
      "y": 0.6131766438484192,
      "z": -0.3018246591091156,
      "visibility": 0.5522655844688416
    },
    {
      "x": 0.7408837676048279,
      "y": 0.6491366028785706,
      "z": -0.6890004277229309,
      "visibility": 0.6583943963050842
    },
    {
      "x": 0.2614923119544983,
      "y": 0.617694616317749,
      "z": -0.4169953763484955,
      "visibility": 0.5661384463310242
    },
    {
      "x": 0.7237530946731567,
      "y": 0.6290708780288696,
      "z": -0.5579323768615723,
      "visibility": 0.6725195646286011
    },
    {
      "x": 0.27020108699798584,
      "y": 0.6002833247184753,
      "z": -0.301250696182251,
      "visibility": 0.5856783390045166
    },
    {
      "x": 0.6279416084289551,
      "y": 0.5703061819076538,
      "z": -0.03449058532714844,
      "visibility": 0.9960781931877136
    },
    {
      "x": 0.3588857054710388,
      "y": 0.5611485838890076,
      "z": 0.03445630893111229,
      "visibility": 0.9962911605834961
    },
    {
      "x": 0.5738873481750488,
      "y": 0.8367679119110107,
      "z": -0.05264625698328018,
      "visibility": 0.9532031416893005
    },
    {
      "x": 0.45103880763053894,
      "y": 0.8261164426803589,
      "z": -0.05336777865886688,
      "visibility": 0.9589201807975769
    },
    {
      "x": 0.5639601349830627,
      "y": 0.9967126846313477,
      "z": 0.7236268520355225,
      "visibility": 0.8719450235366821
    },
    {
      "x": 0.48234838247299194,
      "y": 1.007946252822876,
      "z": 0.677069365978241,
      "visibility": 0.7786295413970947
    },
    {
      "x": 0.5698046684265137,
      "y": 0.9932039976119995,
      "z": 0.7754027247428894,
      "visibility": 0.4731258153915405
    },
    {
      "x": 0.4918956160545349,
      "y": 1.0308773517608643,
      "z": 0.7345763444900513,
      "visibility": 0.40605083107948303
    },
    {
      "x": 0.5438871383666992,
      "y": 1.1059547662734985,
      "z": 0.3298411965370178,
      "visibility": 0.7138965129852295
    },
    {
      "x": 0.47943782806396484,
      "y": 1.1180939674377441,
      "z": 0.29971855878829956,
      "visibility": 0.6522787809371948
    }
  ]
}