{
  "image": "C:\\Users\\shrad\\TrendWeave\\TrendWeave\\extracted_data\\Catwalks__Women_s_Key_Items___Knitwear_A_W_25_26_en\\page_5\\img_3.jpeg",
  "items": [
    {
      "yolo_label": "person",
      "bbox": [
        46.25285339355469,
        31.3302059173584,
        242.398681640625,
        584.0
      ],
      "confidence": 0.8599764704704285,
      "clip_attributes": {
        "palette": {
          "label": "earth tones",
          "confidence": 0.23415014147758484
        },
        "dress_silhouette": {
          "label": "fit and flare",
          "confidence": 0.23896199464797974
        },
        "neckline": {
          "label": "square neckline",
          "confidence": 0.25307244062423706
        },
        "sleeve_type": {
          "label": "bell sleeves",
          "confidence": 0.2677496671676636
        },
        "top_silhouette": {
          "label": "peplum",
          "confidence": 0.2520151138305664
        },
        "bottom_style": {
          "label": "culottes",
          "confidence": 0.29679998755455017
        },
        "outerwear": {
          "label": "long coat",
          "confidence": 0.26883870363235474
        },
        "shoe_type": {
          "label": "ankle boots",
          "confidence": 0.242134690284729
        },
        "bag_type": {
          "label": "crossbody bag",
          "confidence": 0.2559420168399811
        },
        "accessory": {
          "label": "hoop earrings",
          "confidence": 0.22928962111473083
        },
        "hairstyle": {
          "label": "high bun",
          "confidence": 0.21680867671966553
        },
        "setting": {
          "label": "office wear",
          "confidence": 0.23539328575134277
        },
        "fabric_type": {
          "label": "satin",
          "confidence": 0.2541647255420685
        },
        "season": {
          "label": "winter",
          "confidence": 0.228062242269516
        },
        "style_theme": {
          "label": "elegant chic",
          "confidence": 0.23580695688724518
        }
      },
      "dominant_colors": [
        [
          32,
          144,
          132
        ],
        [
          183,
          135,
          132
        ],
        [
          95,
          143,
          139
        ]
      ],
      "texture_histogram": [
        6.0,
        18.0,
        48.0,
        74.0,
        142.0,
        172.0,
        229.0,
        280.0,
        571.0,
        1240.0,
        2138.0,
        1583.0,
        1173.0,
        1374.0,
        1061.0,
        996.0,
        941.0,
        1043.0,
        1411.0,
        1795.0,
        1770.0,
        1641.0,
        1592.0,
        1514.0,
        1383.0,
        1393.0,
        1359.0,
        1504.0,
        1533.0,
        1635.0,
        1702.0,
        1863.0,
        1790.0,
        1767.0,
        1798.0,
        1675.0,
        1777.0,
        1767.0,
        1868.0,
        1877.0,
        1824.0,
        1829.0,
        1850.0,
        1856.0,
        1902.0,
        2000.0,
        2002.0,
        2039.0,
        1986.0,
        1837.0,
        1692.0,
        1657.0,
        1345.0,
        1070.0,
        780.0,
        595.0,
        474.0,
        358.0,
        308.0,
        274.0,
        259.0,
        264.0,
        200.0,
        173.0,
        181.0,
        185.0,
        179.0,
        167.0,
        151.0,
        176.0,
        167.0,
        153.0,
        181.0,
        165.0,
        154.0,
        153.0,
        160.0,
        167.0,
        124.0,
        147.0,
        154.0,
        143.0,
        147.0,
        158.0,
        147.0,
        150.0,
        154.0,
        138.0,
        160.0,
        141.0,
        137.0,
        176.0,
        142.0,
        127.0,
        172.0,
        119.0,
        143.0,
        122.0,
        100.0,
        111.0,
        117.0,
        119.0,
        106.0,
        112.0,
        103.0,
        100.0,
        89.0,
        82.0,
        94.0,
        93.0,
        87.0,
        101.0,
        103.0,
        80.0,
        74.0,
        79.0,
        85.0,
        82.0,
        96.0,
        75.0,
        73.0,
        94.0,
        59.0,
        63.0,
        77.0,
        77.0,
        73.0,
        75.0,
        59.0,
        84.0,
        68.0,
        78.0,
        71.0,
        73.0,
        75.0,
        88.0,
        82.0,
        95.0,
        83.0,
        106.0,
        92.0,
        83.0,
        76.0,
        98.0,
        92.0,
        82.0,
        91.0,
        96.0,
        89.0,
        68.0,
        82.0,
        88.0,
        80.0,
        83.0,
        69.0,
        74.0,
        70.0,
        74.0,
        70.0,
        75.0,
        65.0,
        65.0,
        82.0,
        67.0,
        87.0,
        93.0,
        117.0,
        110.0,
        137.0,
        184.0,
        250.0,
        352.0,
        460.0,
        687.0,
        948.0,
        1287.0,
        1473.0,
        1753.0,
        1693.0,
        1603.0,
        1498.0,
        1193.0,
        950.0,
        695.0,
        520.0,
        403.0,
        326.0,
        193.0,
        167.0,
        148.0,
        116.0,
        94.0,
        73.0,
        84.0,
        51.0,
        58.0,
        62.0,
        50.0,
        62.0,
        41.0,
        54.0,
        49.0,
        43.0,
        41.0,
        39.0,
        44.0,
        34.0,
        44.0,
        45.0,
        43.0,
        43.0,
        36.0,
        52.0,
        54.0,
        57.0,
        61.0,
        56.0,
        52.0,
        47.0,
        59.0,
        44.0,
        50.0,
        43.0,
        40.0,
        33.0,
        48.0,
        44.0,
        44.0,
        41.0,
        42.0,
        35.0,
        16.0,
        18.0,
        4.0,
        15.0,
        13.0,
        9.0,
        5.0,
        2.0,
        0.0,
        1.0,
        0.0,
        0.0,
        0.0,
        0.0,
        0.0,
        0.0,
        0.0,
        0.0,
        0.0,
        0.0,
        0.0,
        1.0,
        0.0,
        0.0,
        0.0
      ],
      "silhouette_mask_path": "C:\\Users\\shrad\\TrendWeave\\MERGE_OUTPUT_FINAL\\Catwalks__Women_s_Key_Items___Knitwear_A_W_25_26_en\\page_5\\img_3_mask_0.png"
    },
    {
      "yolo_label": "person",
      "bbox": [
        245.4589385986328,
        178.7456817626953,
        293.0,
        362.7714538574219
      ],
      "confidence": 0.7108156085014343,
      "clip_attributes": {
        "palette": {
          "label": "earth tones",
          "confidence": 0.23426170647144318
        },
        "dress_silhouette": {
          "label": "maxi dress",
          "confidence": 0.21305236220359802
        },
        "neckline": {
          "label": "square neckline",
          "confidence": 0.2494852989912033
        },
        "sleeve_type": {
          "label": "cap sleeves",
          "confidence": 0.23773010075092316
        },
        "top_silhouette": {
          "label": "crop top",
          "confidence": 0.229854017496109
        },
        "bottom_style": {
          "label": "culottes",
          "confidence": 0.23643557727336884
        },
        "outerwear": {
          "label": "blazer",
          "confidence": 0.2295810878276825
        },
        "shoe_type": {
          "label": "ankle boots",
          "confidence": 0.22598896920681
        },
        "bag_type": {
          "label": "shoulder bag",
          "confidence": 0.22777967154979706
        },
        "accessory": {
          "label": "hairband",
          "confidence": 0.2493695616722107
        },
        "hairstyle": {
          "label": "ponytail",
          "confidence": 0.22996236383914948
        },
        "setting": {
          "label": "brunch look",
          "confidence": 0.21158874034881592
        },
        "fabric_type": {
          "label": "organza",
          "confidence": 0.23825475573539734
        },
        "season": {
          "label": "winter",
          "confidence": 0.21649594604969025
        },
        "style_theme": {
          "label": "minimalist",
          "confidence": 0.22565563023090363
        }
      },
      "dominant_colors": [
        [
          138,
          138,
          138
        ],
        [
          10,
          130,
          129
        ],
        [
          69,
          137,
          137
        ]
      ],
      "texture_histogram": [
        0.0,
        2.0,
        2.0,
        1.0,
        7.0,
        17.0,
        83.0,
        286.0,
        1302.0,
        1041.0,
        380.0,
        67.0,
        39.0,
        26.0,
        28.0,
        30.0,
        40.0,
        30.0,
        43.0,
        54.0,
        28.0,
        36.0,
        50.0,
        40.0,
        31.0,
        38.0,
        30.0,
        24.0,
        34.0,
        38.0,
        34.0,
        26.0,
        44.0,
        43.0,
        32.0,
        27.0,
        37.0,
        36.0,
        50.0,
        41.0,
        39.0,
        37.0,
        39.0,
        47.0,
        41.0,
        56.0,
        66.0,
        53.0,
        50.0,
        50.0,
        49.0,
        55.0,
        52.0,
        53.0,
        65.0,
        78.0,
        75.0,
        77.0,
        84.0,
        60.0,
        65.0,
        69.0,
        64.0,
        59.0,
        58.0,
        59.0,
        55.0,
        39.0,
        46.0,
        53.0,
        58.0,
        61.0,
        55.0,
        59.0,
        62.0,
        61.0,
        61.0,
        59.0,
        43.0,
        42.0,
        35.0,
        32.0,
        40.0,
        26.0,
        36.0,
        40.0,
        38.0,
        47.0,
        33.0,
        41.0,
        32.0,
        32.0,
        20.0,
        28.0,
        35.0,
        24.0,
        18.0,
        23.0,
        25.0,
        23.0,
        22.0,
        21.0,
        23.0,
        25.0,
        19.0,
        30.0,
        18.0,
        25.0,
        21.0,
        31.0,
        23.0,
        23.0,
        21.0,
        27.0,
        30.0,
        22.0,
        28.0,
        52.0,
        57.0,
        68.0,
        41.0,
        37.0,
        37.0,
        46.0,
        38.0,
        27.0,
        35.0,
        52.0,
        43.0,
        41.0,
        34.0,
        39.0,
        47.0,
        42.0,
        46.0,
        43.0,
        29.0,
        37.0,
        23.0,
        24.0,
        22.0,
        9.0,
        13.0,
        13.0,
        10.0,
        16.0,
        9.0,
        12.0,
        13.0,
        20.0,
        12.0,
        12.0,
        9.0,
        3.0,
        7.0,
        16.0,
        11.0,
        6.0,
        2.0,
        6.0,
        3.0,
        5.0,
        4.0,
        3.0,
        6.0,
        2.0,
        6.0,
        4.0,
        4.0,
        1.0,
        5.0,
        3.0,
        4.0,
        4.0,
        0.0,
        1.0,
        1.0,
        2.0,
        1.0,
        3.0,
        1.0,
        0.0,
        0.0,
        3.0,
        1.0,
        3.0,
        0.0,
        2.0,
        1.0,
        5.0,
        2.0,
        4.0,
        1.0,
        0.0,
        2.0,
        3.0,
        2.0,
        0.0,
        3.0,
        0.0,
        6.0,
        1.0,
        3.0,
        4.0,
        2.0,
        5.0,
        1.0,
        3.0,
        3.0,
        0.0,
        2.0,
        2.0,
        1.0,
        6.0,
        2.0,
        1.0,
        3.0,
        2.0,
        1.0,
        0.0,
        3.0,
        4.0,
        2.0,
        3.0,
        1.0,
        1.0,
        1.0,
        3.0,
        1.0,
        2.0,
        1.0,
        1.0,
        3.0,
        2.0,
        1.0,
        1.0,
        3.0,
        1.0,
        1.0,
        2.0,
        1.0,
        1.0,
        1.0,
        1.0,
        1.0,
        0.0,
        0.0,
        0.0,
        0.0,
        0.0,
        0.0,
        0.0,
        0.0,
        0.0,
        0.0,
        0.0
      ],
      "silhouette_mask_path": "C:\\Users\\shrad\\TrendWeave\\MERGE_OUTPUT_FINAL\\Catwalks__Women_s_Key_Items___Knitwear_A_W_25_26_en\\page_5\\img_3_mask_1.png"
    },
    {
      "yolo_label": "person",
      "bbox": [
        8.41549301147461,
        62.8554573059082,
        106.3549575805664,
        354.449951171875
      ],
      "confidence": 0.38726741075515747,
      "clip_attributes": {
        "palette": {
          "label": "bold colors",
          "confidence": 0.21743333339691162
        },
        "dress_silhouette": {
          "label": "wrap dress",
          "confidence": 0.22983895242214203
        },
        "neckline": {
          "label": "square neckline",
          "confidence": 0.24632199108600616
        },
        "sleeve_type": {
          "label": "bell sleeves",
          "confidence": 0.245997816324234
        },
        "top_silhouette": {
          "label": "peplum",
          "confidence": 0.2243047058582306
        },
        "bottom_style": {
          "label": "culottes",
          "confidence": 0.22519762814044952
        },
        "outerwear": {
          "label": "long coat",
          "confidence": 0.2754756808280945
        },
        "shoe_type": {
          "label": "ankle boots",
          "confidence": 0.22491195797920227
        },
        "bag_type": {
          "label": "shoulder bag",
          "confidence": 0.22310595214366913
        },
        "accessory": {
          "label": "scarf",
          "confidence": 0.2416735589504242
        },
        "hairstyle": {
          "label": "loose curls",
          "confidence": 0.22825486958026886
        },
        "setting": {
          "label": "brunch look",
          "confidence": 0.2222733050584793
        },
        "fabric_type": {
          "label": "satin",
          "confidence": 0.23378343880176544
        },
        "season": {
          "label": "winter",
          "confidence": 0.23410752415657043
        },
        "style_theme": {
          "label": "elegant chic",
          "confidence": 0.23283779621124268
        }
      },
      "dominant_colors": [
        [
          42,
          152,
          136
        ],
        [
          168,
          144,
          155
        ],
        [
          19,
          137,
          129
        ]
      ],
      "texture_histogram": [
        0.0,
        2.0,
        3.0,
        10.0,
        30.0,
        48.0,
        68.0,
        83.0,
        140.0,
        248.0,
        253.0,
        217.0,
        223.0,
        249.0,
        283.0,
        243.0,
        254.0,
        250.0,
        295.0,
        378.0,
        520.0,
        849.0,
        1392.0,
        1404.0,
        1489.0,
        1766.0,
        1804.0,
        1332.0,
        969.0,
        747.0,
        707.0,
        653.0,
        538.0,
        485.0,
        506.0,
        441.0,
        523.0,
        505.0,
        492.0,
        564.0,
        506.0,
        441.0,
        361.0,
        357.0,
        334.0,
        345.0,
        317.0,
        313.0,
        291.0,
        289.0,
        310.0,
        322.0,
        261.0,
        211.0,
        175.0,
        123.0,
        101.0,
        81.0,
        73.0,
        58.0,
        53.0,
        70.0,
        52.0,
        61.0,
        54.0,
        44.0,
        39.0,
        33.0,
        38.0,
        43.0,
        34.0,
        23.0,
        27.0,
        28.0,
        26.0,
        26.0,
        29.0,
        25.0,
        27.0,
        26.0,
        19.0,
        23.0,
        15.0,
        20.0,
        19.0,
        16.0,
        23.0,
        16.0,
        23.0,
        22.0,
        15.0,
        11.0,
        15.0,
        16.0,
        14.0,
        18.0,
        15.0,
        13.0,
        18.0,
        10.0,
        7.0,
        6.0,
        8.0,
        9.0,
        7.0,
        9.0,
        13.0,
        9.0,
        11.0,
        10.0,
        9.0,
        10.0,
        10.0,
        7.0,
        7.0,
        7.0,
        7.0,
        7.0,
        6.0,
        2.0,
        8.0,
        13.0,
        5.0,
        9.0,
        6.0,
        15.0,
        10.0,
        8.0,
        11.0,
        12.0,
        6.0,
        12.0,
        7.0,
        10.0,
        9.0,
        8.0,
        8.0,
        11.0,
        4.0,
        14.0,
        5.0,
        10.0,
        11.0,
        14.0,
        14.0,
        16.0,
        12.0,
        10.0,
        11.0,
        10.0,
        16.0,
        19.0,
        13.0,
        12.0,
        9.0,
        12.0,
        9.0,
        12.0,
        11.0,
        14.0,
        9.0,
        10.0,
        18.0,
        12.0,
        19.0,
        8.0,
        16.0,
        10.0,
        13.0,
        14.0,
        12.0,
        9.0,
        7.0,
        11.0,
        11.0,
        15.0,
        9.0,
        12.0,
        10.0,
        12.0,
        17.0,
        12.0,
        7.0,
        12.0,
        10.0,
        16.0,
        13.0,
        5.0,
        7.0,
        21.0,
        20.0,
        13.0,
        9.0,
        11.0,
        14.0,
        13.0,
        15.0,
        13.0,
        22.0,
        12.0,
        17.0,
        17.0,
        10.0,
        11.0,
        6.0,
        4.0,
        7.0,
        4.0,
        9.0,
        10.0,
        6.0,
        6.0,
        10.0,
        14.0,
        16.0,
        18.0,
        12.0,
        7.0,
        8.0,
        3.0,
        3.0,
        1.0,
        0.0,
        0.0,
        0.0,
        0.0,
        0.0,
        0.0,
        0.0,
        0.0,
        0.0,
        0.0,
        0.0,
        0.0,
        0.0,
        0.0,
        0.0,
        0.0,
        0.0,
        0.0,
        0.0,
        0.0,
        0.0,
        0.0,
        0.0,
        0.0,
        0.0,
        0.0,
        0.0,
        0.0,
        0.0,
        0.0,
        0.0,
        0.0,
        0.0,
        0.0
      ],
      "silhouette_mask_path": "C:\\Users\\shrad\\TrendWeave\\MERGE_OUTPUT_FINAL\\Catwalks__Women_s_Key_Items___Knitwear_A_W_25_26_en\\page_5\\img_3_mask_2.png"
    },
    {
      "yolo_label": "person",
      "bbox": [
        24.668243408203125,
        62.81986618041992,
        104.7582778930664,
        196.58811950683594
      ],
      "confidence": 0.26204225420951843,
      "clip_attributes": {
        "palette": {
          "label": "earth tones",
          "confidence": 0.22094501554965973
        },
        "dress_silhouette": {
          "label": "fit and flare",
          "confidence": 0.21834136545658112
        },
        "neckline": {
          "label": "square neckline",
          "confidence": 0.24294941127300262
        },
        "sleeve_type": {
          "label": "long sleeves",
          "confidence": 0.2284206748008728
        },
        "top_silhouette": {
          "label": "wrap top",
          "confidence": 0.22582459449768066
        },
        "bottom_style": {
          "label": "flared pants",
          "confidence": 0.22000859677791595
        },
        "outerwear": {
          "label": "cardigan",
          "confidence": 0.2512035667896271
        },
        "shoe_type": {
          "label": "ankle boots",
          "confidence": 0.2106757014989853
        },
        "bag_type": {
          "label": "clutch",
          "confidence": 0.21241237223148346
        },
        "accessory": {
          "label": "scarf",
          "confidence": 0.22924399375915527
        },
        "hairstyle": {
          "label": "loose curls",
          "confidence": 0.22430600225925446
        },
        "setting": {
          "label": "office wear",
          "confidence": 0.2144908457994461
        },
        "fabric_type": {
          "label": "linen",
          "confidence": 0.22971856594085693
        },
        "season": {
          "label": "fall",
          "confidence": 0.22158706188201904
        },
        "style_theme": {
          "label": "minimalist",
          "confidence": 0.22087253630161285
        }
      },
      "dominant_colors": [
        [
          21,
          136,
          128
        ],
        [
          170,
          144,
          155
        ],
        [
          47,
          154,
          137
        ]
      ],
      "texture_histogram": [
        0.0,
        1.0,
        0.0,
        2.0,
        4.0,
        14.0,
        28.0,
        29.0,
        30.0,
        37.0,
        23.0,
        28.0,
        40.0,
        76.0,
        90.0,
        76.0,
        78.0,
        77.0,
        73.0,
        106.0,
        151.0,
        249.0,
        658.0,
        569.0,
        500.0,
        531.0,
        428.0,
        366.0,
        301.0,
        252.0,
        236.0,
        214.0,
        221.0,
        201.0,
        229.0,
        198.0,
        229.0,
        252.0,
        236.0,
        326.0,
        268.0,
        216.0,
        149.0,
        133.0,
        135.0,
        115.0,
        99.0,
        104.0,
        87.0,
        71.0,
        86.0,
        58.0,
        51.0,
        43.0,
        44.0,
        27.0,
        32.0,
        23.0,
        19.0,
        19.0,
        15.0,
        21.0,
        16.0,
        23.0,
        17.0,
        18.0,
        15.0,
        14.0,
        14.0,
        22.0,
        15.0,
        10.0,
        17.0,
        16.0,
        14.0,
        13.0,
        15.0,
        15.0,
        8.0,
        12.0,
        13.0,
        8.0,
        10.0,
        15.0,
        14.0,
        6.0,
        17.0,
        9.0,
        15.0,
        9.0,
        7.0,
        6.0,
        6.0,
        6.0,
        8.0,
        12.0,
        7.0,
        9.0,
        12.0,
        9.0,
        6.0,
        5.0,
        6.0,
        8.0,
        7.0,
        6.0,
        13.0,
        9.0,
        11.0,
        10.0,
        9.0,
        10.0,
        10.0,
        7.0,
        7.0,
        7.0,
        6.0,
        7.0,
        6.0,
        2.0,
        8.0,
        12.0,
        5.0,
        8.0,
        6.0,
        15.0,
        10.0,
        8.0,
        11.0,
        12.0,
        6.0,
        12.0,
        7.0,
        10.0,
        9.0,
        8.0,
        8.0,
        11.0,
        4.0,
        14.0,
        5.0,
        10.0,
        11.0,
        14.0,
        14.0,
        16.0,
        12.0,
        10.0,
        11.0,
        10.0,
        16.0,
        19.0,
        13.0,
        12.0,
        9.0,
        12.0,
        9.0,
        12.0,
        11.0,
        14.0,
        9.0,
        10.0,
        18.0,
        12.0,
        19.0,
        8.0,
        16.0,
        10.0,
        13.0,
        14.0,
        12.0,
        9.0,
        7.0,
        11.0,
        11.0,
        15.0,
        9.0,
        12.0,
        10.0,
        12.0,
        17.0,
        12.0,
        7.0,
        12.0,
        10.0,
        16.0,
        13.0,
        5.0,
        7.0,
        21.0,
        20.0,
        13.0,
        9.0,
        11.0,
        14.0,
        13.0,
        15.0,
        13.0,
        22.0,
        12.0,
        17.0,
        17.0,
        10.0,
        11.0,
        6.0,
        4.0,
        7.0,
        4.0,
        9.0,
        10.0,
        6.0,
        6.0,
        10.0,
        14.0,
        16.0,
        18.0,
        12.0,
        7.0,
        8.0,
        3.0,
        3.0,
        1.0,
        0.0,
        0.0,
        0.0,
        0.0,
        0.0,
        0.0,
        0.0,
        0.0,
        0.0,
        0.0,
        0.0,
        0.0,
        0.0,
        0.0,
        0.0,
        0.0,
        0.0,
        0.0,
        0.0,
        0.0,
        0.0,
        0.0,
        0.0,
        0.0,
        0.0,
        0.0,
        0.0,
        0.0,
        0.0,
        0.0,
        0.0,
        0.0,
        0.0,
        0.0
      ],
      "silhouette_mask_path": "C:\\Users\\shrad\\TrendWeave\\MERGE_OUTPUT_FINAL\\Catwalks__Women_s_Key_Items___Knitwear_A_W_25_26_en\\page_5\\img_3_mask_3.png"
    }
  ],
  "pose_keypoints": [
    {
      "x": 0.5003393888473511,
      "y": 0.14259463548660278,
      "z": -1.2302522659301758,
      "visibility": 0.9996652603149414
    },
    {
      "x": 0.5219827890396118,
      "y": 0.12462320923805237,
      "z": -1.1731668710708618,
      "visibility": 0.9993079900741577
    },
    {
      "x": 0.53700852394104,
      "y": 0.12505406141281128,
      "z": -1.1731244325637817,
      "visibility": 0.9993315935134888
    },
    {
      "x": 0.5504500865936279,
      "y": 0.1255025863647461,
      "z": -1.1732158660888672,
      "visibility": 0.9993038177490234
    },
    {
      "x": 0.4771789014339447,
      "y": 0.1250254511833191,
      "z": -1.1615811586380005,
      "visibility": 0.9989896416664124
    },
    {
      "x": 0.4609999358654022,
      "y": 0.12567231059074402,
      "z": -1.161922812461853,
      "visibility": 0.9990267753601074
    },
    {
      "x": 0.44632402062416077,
      "y": 0.12635359168052673,
      "z": -1.1621296405792236,
      "visibility": 0.9989854693412781
    },
    {
      "x": 0.5724020004272461,
      "y": 0.13673770427703857,
      "z": -0.7554777264595032,
      "visibility": 0.999350368976593
    },
    {
      "x": 0.4297328591346741,
      "y": 0.13880234956741333,
      "z": -0.7101284861564636,
      "visibility": 0.998085618019104
    },
    {
      "x": 0.5274266004562378,
      "y": 0.16529101133346558,
      "z": -1.0700249671936035,
      "visibility": 0.9996600151062012
    },
    {
      "x": 0.47220009565353394,
      "y": 0.165612131357193,
      "z": -1.0575792789459229,
      "visibility": 0.9993263483047485
    },
    {
      "x": 0.69089275598526,
      "y": 0.2509349286556244,
      "z": -0.4601774215698242,
      "visibility": 0.9996825456619263
    },
    {
      "x": 0.3165949881076813,
      "y": 0.24501384794712067,
      "z": -0.3757535219192505,
      "visibility": 0.998497486114502
    },
    {
      "x": 0.7409124374389648,
      "y": 0.4057779908180237,
      "z": -0.22718577086925507,
      "visibility": 0.9473952651023865
    },
    {
      "x": 0.17728355526924133,
      "y": 0.3417266309261322,
      "z": -0.6973709464073181,
      "visibility": 0.9726088047027588
    },
    {
      "x": 0.6630649566650391,
      "y": 0.4982592463493347,
      "z": -0.39561015367507935,
      "visibility": 0.8383445739746094
    },
    {
      "x": 0.23159988224506378,
      "y": 0.19985350966453552,
      "z": -1.4464995861053467,
      "visibility": 0.9433183073997498
    },
    {
      "x": 0.6413499116897583,
      "y": 0.5538356304168701,
      "z": -0.4470840394496918,
      "visibility": 0.7266358137130737
    },
    {
      "x": 0.24577274918556213,
      "y": 0.16198164224624634,
      "z": -1.5981576442718506,
      "visibility": 0.880881130695343
    },
    {
      "x": 0.6198144555091858,
      "y": 0.5480321049690247,
      "z": -0.5346460938453674,
      "visibility": 0.7295408248901367
    },
    {
      "x": 0.259682834148407,
      "y": 0.15341022610664368,
      "z": -1.5884311199188232,
      "visibility": 0.8726402521133423
    },
    {
      "x": 0.6101542711257935,
      "y": 0.5330750346183777,
      "z": -0.42559731006622314,
      "visibility": 0.7167835235595703
    },
    {
      "x": 0.26635128259658813,
      "y": 0.17179688811302185,
      "z": -1.4669878482818604,
      "visibility": 0.8515339493751526
    },
    {
      "x": 0.578386664390564,
      "y": 0.5200322270393372,
      "z": -0.007822088897228241,
      "visibility": 0.9984146356582642
    },
    {
      "x": 0.3790569603443146,
      "y": 0.5169197916984558,
      "z": 0.0073683117516338825,
      "visibility": 0.9982783794403076
    },
    {
      "x": 0.5403764843940735,
      "y": 0.7454109191894531,
      "z": -0.1377885937690735,
      "visibility": 0.8277438879013062
    },
    {
      "x": 0.3963906466960907,
      "y": 0.7458786964416504,
      "z": -0.08664990216493607,
      "visibility": 0.812098503112793
    },
    {
      "x": 0.4720710515975952,
      "y": 0.9286752939224243,
      "z": 0.686665415763855,
      "visibility": 0.7604894638061523
    },
    {
      "x": 0.3975844979286194,
      "y": 0.9148662090301514,
      "z": 0.6372261047363281,
      "visibility": 0.7037103176116943
    },
    {
      "x": 0.45662468671798706,
      "y": 0.9391507506370544,
      "z": 0.7425903081893921,
      "visibility": 0.44780564308166504
    },
    {
      "x": 0.39174869656562805,
      "y": 0.9321008920669556,
      "z": 0.6921067237854004,
      "visibility": 0.374226450920105
    },
    {
      "x": 0.4398089349269867,
      "y": 1.0140562057495117,
      "z": 0.26080963015556335,
      "visibility": 0.6820370554924011
    },
    {
      "x": 0.3593780994415283,
      "y": 0.9808765649795532,
      "z": 0.19236621260643005,
      "visibility": 0.663683295249939
    }
  ]
}