{
  "image": "C:\\Users\\shrad\\TrendWeave\\TrendWeave\\extracted_data\\Catwalks__Women_s_Key_Items___Eyewear_A_W_25_26_en\\page_10\\img_1.jpeg",
  "items": [
    {
      "yolo_label": "person",
      "bbox": [
        418.0788269042969,
        247.0817108154297,
        551.6694946289062,
        475.1191711425781
      ],
      "confidence": 0.8873447775840759,
      "clip_attributes": {
        "palette": {
          "label": "pastel",
          "confidence": 0.22842290997505188
        },
        "dress_silhouette": {
          "label": "shirt dress",
          "confidence": 0.2711479663848877
        },
        "neckline": {
          "label": "square neckline",
          "confidence": 0.2796100080013275
        },
        "sleeve_type": {
          "label": "puffed sleeves",
          "confidence": 0.27966147661209106
        },
        "top_silhouette": {
          "label": "fitted blouse",
          "confidence": 0.27837368845939636
        },
        "bottom_style": {
          "label": "wide-leg pants",
          "confidence": 0.2850542366504669
        },
        "outerwear": {
          "label": "long coat",
          "confidence": 0.2507708966732025
        },
        "shoe_type": {
          "label": "ballet flats",
          "confidence": 0.2603834867477417
        },
        "bag_type": {
          "label": "shoulder bag",
          "confidence": 0.24187763035297394
        },
        "accessory": {
          "label": "hairband",
          "confidence": 0.2235286831855774
        },
        "hairstyle": {
          "label": "ponytail",
          "confidence": 0.23402461409568787
        },
        "setting": {
          "label": "office wear",
          "confidence": 0.2424374669790268
        },
        "fabric_type": {
          "label": "chiffon",
          "confidence": 0.26796281337738037
        },
        "season": {
          "label": "spring",
          "confidence": 0.21565023064613342
        },
        "style_theme": {
          "label": "elegant chic",
          "confidence": 0.2473059892654419
        }
      },
      "dominant_colors": [
        [
          163,
          136,
          125
        ],
        [
          16,
          129,
          126
        ],
        [
          74,
          131,
          133
        ]
      ],
      "texture_histogram": [
        113.0,
        194.0,
        146.0,
        298.0,
        290.0,
        341.0,
        398.0,
        427.0,
        515.0,
        479.0,
        568.0,
        527.0,
        674.0,
        577.0,
        603.0,
        552.0,
        585.0,
        578.0,
        577.0,
        533.0,
        414.0,
        430.0,
        354.0,
        341.0,
        346.0,
        342.0,
        316.0,
        304.0,
        295.0,
        268.0,
        224.0,
        234.0,
        221.0,
        211.0,
        200.0,
        218.0,
        210.0,
        199.0,
        222.0,
        214.0,
        181.0,
        188.0,
        198.0,
        211.0,
        244.0,
        239.0,
        246.0,
        261.0,
        303.0,
        256.0,
        223.0,
        214.0,
        197.0,
        167.0,
        178.0,
        144.0,
        173.0,
        172.0,
        176.0,
        169.0,
        150.0,
        187.0,
        166.0,
        150.0,
        156.0,
        171.0,
        175.0,
        136.0,
        160.0,
        145.0,
        124.0,
        154.0,
        129.0,
        121.0,
        137.0,
        109.0,
        121.0,
        102.0,
        106.0,
        100.0,
        79.0,
        93.0,
        103.0,
        103.0,
        102.0,
        69.0,
        91.0,
        99.0,
        96.0,
        80.0,
        75.0,
        73.0,
        67.0,
        93.0,
        84.0,
        58.0,
        70.0,
        70.0,
        73.0,
        74.0,
        76.0,
        46.0,
        79.0,
        75.0,
        72.0,
        77.0,
        51.0,
        78.0,
        69.0,
        58.0,
        62.0,
        61.0,
        74.0,
        66.0,
        68.0,
        68.0,
        79.0,
        65.0,
        68.0,
        66.0,
        73.0,
        62.0,
        68.0,
        68.0,
        64.0,
        56.0,
        57.0,
        47.0,
        65.0,
        41.0,
        67.0,
        64.0,
        65.0,
        71.0,
        56.0,
        73.0,
        77.0,
        55.0,
        63.0,
        61.0,
        59.0,
        72.0,
        70.0,
        64.0,
        67.0,
        63.0,
        68.0,
        70.0,
        63.0,
        66.0,
        76.0,
        62.0,
        66.0,
        81.0,
        75.0,
        81.0,
        89.0,
        95.0,
        95.0,
        111.0,
        94.0,
        112.0,
        121.0,
        130.0,
        146.0,
        114.0,
        129.0,
        111.0,
        117.0,
        108.0,
        105.0,
        98.0,
        108.0,
        104.0,
        81.0,
        76.0,
        63.0,
        77.0,
        79.0,
        69.0,
        55.0,
        55.0,
        54.0,
        41.0,
        48.0,
        39.0,
        44.0,
        43.0,
        28.0,
        38.0,
        24.0,
        40.0,
        29.0,
        20.0,
        26.0,
        18.0,
        20.0,
        21.0,
        16.0,
        22.0,
        11.0,
        5.0,
        21.0,
        18.0,
        27.0,
        16.0,
        11.0,
        17.0,
        18.0,
        11.0,
        8.0,
        16.0,
        8.0,
        13.0,
        20.0,
        9.0,
        8.0,
        17.0,
        12.0,
        11.0,
        13.0,
        11.0,
        9.0,
        7.0,
        3.0,
        6.0,
        6.0,
        8.0,
        6.0,
        4.0,
        3.0,
        3.0,
        2.0,
        2.0,
        1.0,
        0.0,
        1.0,
        3.0,
        0.0,
        0.0,
        2.0,
        1.0,
        0.0,
        0.0,
        0.0,
        0.0,
        0.0,
        0.0,
        0.0,
        0.0,
        0.0,
        0.0,
        0.0,
        0.0,
        0.0,
        0.0
      ],
      "silhouette_mask_path": "C:\\Users\\shrad\\TrendWeave\\MERGE_OUTPUT_FINAL\\Catwalks__Women_s_Key_Items___Eyewear_A_W_25_26_en\\page_10\\img_1_mask_0.png"
    },
    {
      "yolo_label": "person",
      "bbox": [
        0.0,
        259.0226745605469,
        60.508697509765625,
        453.85528564453125
      ],
      "confidence": 0.8523236513137817,
      "clip_attributes": {
        "palette": {
          "label": "earth tones",
          "confidence": 0.21164686977863312
        },
        "shoe_type": {
          "label": "boots",
          "confidence": 0.2096375972032547
        },
        "bag_type": {
          "label": "tote bag",
          "confidence": 0.21327383816242218
        },
        "accessory": {
          "label": "watch",
          "confidence": 0.20447230339050293
        },
        "setting": {
          "label": "festival wear",
          "confidence": 0.2254524528980255
        },
        "fabric_type": {
          "label": "cotton",
          "confidence": 0.23093831539154053
        },
        "season": {
          "label": "winter",
          "confidence": 0.2158098667860031
        },
        "style_theme": {
          "label": "vintage",
          "confidence": 0.21414422988891602
        }
      },
      "dominant_colors": [
        [
          91,
          134,
          135
        ],
        [
          150,
          133,
          134
        ],
        [
          34,
          132,
          131
        ]
      ],
      "texture_histogram": [
        4.0,
        10.0,
        14.0,
        17.0,
        12.0,
        22.0,
        18.0,
        36.0,
        28.0,
        48.0,
        33.0,
        41.0,
        42.0,
        36.0,
        39.0,
        35.0,
        48.0,
        40.0,
        50.0,
        49.0,
        58.0,
        52.0,
        53.0,
        47.0,
        34.0,
        46.0,
        64.0,
        44.0,
        54.0,
        36.0,
        62.0,
        45.0,
        52.0,
        52.0,
        46.0,
        68.0,
        70.0,
        59.0,
        60.0,
        65.0,
        69.0,
        62.0,
        54.0,
        69.0,
        51.0,
        63.0,
        66.0,
        66.0,
        66.0,
        78.0,
        93.0,
        61.0,
        73.0,
        85.0,
        81.0,
        71.0,
        83.0,
        71.0,
        75.0,
        112.0,
        86.0,
        92.0,
        88.0,
        99.0,
        96.0,
        85.0,
        86.0,
        101.0,
        82.0,
        81.0,
        83.0,
        95.0,
        103.0,
        82.0,
        95.0,
        109.0,
        107.0,
        89.0,
        114.0,
        117.0,
        98.0,
        107.0,
        101.0,
        100.0,
        109.0,
        103.0,
        81.0,
        88.0,
        91.0,
        92.0,
        111.0,
        98.0,
        105.0,
        91.0,
        94.0,
        87.0,
        78.0,
        83.0,
        82.0,
        85.0,
        78.0,
        75.0,
        95.0,
        90.0,
        68.0,
        99.0,
        85.0,
        84.0,
        80.0,
        75.0,
        95.0,
        89.0,
        77.0,
        68.0,
        72.0,
        71.0,
        92.0,
        88.0,
        81.0,
        75.0,
        61.0,
        85.0,
        87.0,
        81.0,
        67.0,
        74.0,
        85.0,
        82.0,
        78.0,
        69.0,
        81.0,
        74.0,
        82.0,
        66.0,
        70.0,
        55.0,
        55.0,
        57.0,
        60.0,
        72.0,
        51.0,
        64.0,
        45.0,
        45.0,
        50.0,
        45.0,
        41.0,
        40.0,
        43.0,
        37.0,
        40.0,
        37.0,
        28.0,
        34.0,
        31.0,
        28.0,
        29.0,
        29.0,
        33.0,
        25.0,
        31.0,
        14.0,
        35.0,
        19.0,
        20.0,
        29.0,
        31.0,
        28.0,
        29.0,
        32.0,
        34.0,
        23.0,
        28.0,
        37.0,
        32.0,
        25.0,
        16.0,
        33.0,
        27.0,
        35.0,
        28.0,
        27.0,
        22.0,
        29.0,
        28.0,
        21.0,
        19.0,
        18.0,
        14.0,
        12.0,
        8.0,
        8.0,
        8.0,
        11.0,
        9.0,
        7.0,
        7.0,
        9.0,
        7.0,
        3.0,
        3.0,
        3.0,
        4.0,
        2.0,
        2.0,
        2.0,
        0.0,
        1.0,
        2.0,
        1.0,
        1.0,
        0.0,
        0.0,
        0.0,
        0.0,
        0.0,
        1.0,
        0.0,
        0.0,
        0.0,
        0.0,
        0.0,
        0.0,
        0.0,
        0.0,
        0.0,
        0.0,
        0.0,
        0.0,
        0.0,
        0.0,
        0.0,
        0.0,
        0.0,
        0.0,
        0.0,
        0.0,
        0.0,
        0.0,
        0.0,
        0.0,
        0.0,
        0.0,
        0.0,
        0.0,
        0.0,
        0.0,
        0.0,
        0.0,
        0.0,
        0.0,
        0.0,
        0.0,
        0.0,
        0.0,
        0.0
      ],
      "silhouette_mask_path": "C:\\Users\\shrad\\TrendWeave\\MERGE_OUTPUT_FINAL\\Catwalks__Women_s_Key_Items___Eyewear_A_W_25_26_en\\page_10\\img_1_mask_1.png"
    },
    {
      "yolo_label": "person",
      "bbox": [
        88.49311065673828,
        250.21368408203125,
        175.49461364746094,
        464.3261413574219
      ],
      "confidence": 0.8440823554992676,
      "clip_attributes": {
        "palette": {
          "label": "earth tones",
          "confidence": 0.23149074614048004
        },
        "dress_silhouette": {
          "label": "fit and flare",
          "confidence": 0.23605941236019135
        },
        "neckline": {
          "label": "square neckline",
          "confidence": 0.2529129683971405
        },
        "sleeve_type": {
          "label": "bell sleeves",
          "confidence": 0.2414570152759552
        },
        "top_silhouette": {
          "label": "peplum",
          "confidence": 0.2375737726688385
        },
        "bottom_style": {
          "label": "wide-leg pants",
          "confidence": 0.23638880252838135
        },
        "outerwear": {
          "label": "long coat",
          "confidence": 0.24414639174938202
        },
        "shoe_type": {
          "label": "ballet flats",
          "confidence": 0.24101775884628296
        },
        "bag_type": {
          "label": "shoulder bag",
          "confidence": 0.27694424986839294
        },
        "accessory": {
          "label": "watch",
          "confidence": 0.21890664100646973
        },
        "hairstyle": {
          "label": "loose curls",
          "confidence": 0.20119918882846832
        },
        "setting": {
          "label": "street style",
          "confidence": 0.23879624903202057
        },
        "fabric_type": {
          "label": "organza",
          "confidence": 0.22258085012435913
        },
        "season": {
          "label": "spring",
          "confidence": 0.20215828716754913
        },
        "style_theme": {
          "label": "elegant chic",
          "confidence": 0.2388782799243927
        }
      },
      "dominant_colors": [
        [
          156,
          131,
          131
        ],
        [
          23,
          131,
          128
        ],
        [
          89,
          132,
          134
        ]
      ],
      "texture_histogram": [
        15.0,
        58.0,
        68.0,
        76.0,
        107.0,
        111.0,
        141.0,
        165.0,
        153.0,
        170.0,
        171.0,
        168.0,
        143.0,
        152.0,
        146.0,
        138.0,
        146.0,
        136.0,
        154.0,
        149.0,
        167.0,
        146.0,
        144.0,
        158.0,
        148.0,
        148.0,
        150.0,
        143.0,
        161.0,
        137.0,
        157.0,
        139.0,
        136.0,
        140.0,
        140.0,
        126.0,
        119.0,
        101.0,
        131.0,
        122.0,
        112.0,
        106.0,
        115.0,
        120.0,
        98.0,
        108.0,
        99.0,
        90.0,
        98.0,
        76.0,
        83.0,
        86.0,
        76.0,
        89.0,
        111.0,
        93.0,
        103.0,
        93.0,
        99.0,
        117.0,
        108.0,
        120.0,
        93.0,
        82.0,
        72.0,
        89.0,
        74.0,
        77.0,
        60.0,
        48.0,
        62.0,
        52.0,
        62.0,
        62.0,
        51.0,
        60.0,
        52.0,
        61.0,
        52.0,
        57.0,
        65.0,
        66.0,
        75.0,
        65.0,
        70.0,
        64.0,
        51.0,
        56.0,
        58.0,
        74.0,
        59.0,
        66.0,
        63.0,
        64.0,
        52.0,
        63.0,
        62.0,
        83.0,
        58.0,
        67.0,
        58.0,
        69.0,
        71.0,
        87.0,
        64.0,
        72.0,
        75.0,
        78.0,
        68.0,
        67.0,
        96.0,
        84.0,
        97.0,
        94.0,
        88.0,
        85.0,
        99.0,
        87.0,
        91.0,
        90.0,
        100.0,
        101.0,
        83.0,
        117.0,
        97.0,
        86.0,
        88.0,
        114.0,
        91.0,
        98.0,
        90.0,
        117.0,
        103.0,
        113.0,
        138.0,
        135.0,
        119.0,
        136.0,
        153.0,
        172.0,
        179.0,
        177.0,
        168.0,
        133.0,
        158.0,
        188.0,
        179.0,
        178.0,
        131.0,
        154.0,
        138.0,
        124.0,
        131.0,
        118.0,
        124.0,
        85.0,
        89.0,
        82.0,
        72.0,
        82.0,
        86.0,
        87.0,
        86.0,
        64.0,
        73.0,
        78.0,
        61.0,
        64.0,
        56.0,
        62.0,
        38.0,
        57.0,
        52.0,
        64.0,
        56.0,
        56.0,
        58.0,
        55.0,
        43.0,
        61.0,
        45.0,
        48.0,
        28.0,
        42.0,
        27.0,
        43.0,
        34.0,
        40.0,
        33.0,
        31.0,
        33.0,
        26.0,
        29.0,
        25.0,
        24.0,
        32.0,
        24.0,
        21.0,
        21.0,
        17.0,
        22.0,
        23.0,
        14.0,
        4.0,
        8.0,
        6.0,
        7.0,
        2.0,
        4.0,
        4.0,
        5.0,
        2.0,
        0.0,
        3.0,
        5.0,
        1.0,
        2.0,
        4.0,
        4.0,
        0.0,
        2.0,
        2.0,
        1.0,
        2.0,
        3.0,
        1.0,
        0.0,
        2.0,
        0.0,
        1.0,
        1.0,
        1.0,
        0.0,
        0.0,
        0.0,
        1.0,
        0.0,
        0.0,
        2.0,
        2.0,
        1.0,
        1.0,
        0.0,
        0.0,
        1.0,
        1.0,
        1.0,
        0.0,
        1.0,
        0.0,
        0.0,
        0.0,
        0.0,
        0.0,
        3.0,
        0.0
      ],
      "silhouette_mask_path": "C:\\Users\\shrad\\TrendWeave\\MERGE_OUTPUT_FINAL\\Catwalks__Women_s_Key_Items___Eyewear_A_W_25_26_en\\page_10\\img_1_mask_2.png"
    },
    {
      "yolo_label": "person",
      "bbox": [
        200.2893829345703,
        222.90869140625,
        374.4232177734375,
        481.4637145996094
      ],
      "confidence": 0.5445929169654846,
      "clip_attributes": {
        "palette": {
          "label": "earth tones",
          "confidence": 0.2015460580587387
        },
        "dress_silhouette": {
          "label": "maxi dress",
          "confidence": 0.22290289402008057
        },
        "neckline": {
          "label": "square neckline",
          "confidence": 0.22501103579998016
        },
        "sleeve_type": {
          "label": "puffed sleeves",
          "confidence": 0.2556285262107849
        },
        "top_silhouette": {
          "label": "peplum",
          "confidence": 0.20631103217601776
        },
        "bottom_style": {
          "label": "wide-leg pants",
          "confidence": 0.2346656173467636
        },
        "outerwear": {
          "label": "long coat",
          "confidence": 0.20521235466003418
        },
        "shoe_type": {
          "label": "ballet flats",
          "confidence": 0.20802022516727448
        },
        "bag_type": {
          "label": "shoulder bag",
          "confidence": 0.24171265959739685
        },
        "accessory": {
          "label": "watch",
          "confidence": 0.19562190771102905
        },
        "hairstyle": {
          "label": "braids",
          "confidence": 0.1713545173406601
        },
        "setting": {
          "label": "office wear",
          "confidence": 0.20129315555095673
        },
        "fabric_type": {
          "label": "organza",
          "confidence": 0.24967852234840393
        },
        "season": {
          "label": "spring",
          "confidence": 0.18162405490875244
        },
        "style_theme": {
          "label": "elegant chic",
          "confidence": 0.22765851020812988
        }
      },
      "dominant_colors": [
        [
          194,
          129,
          133
        ],
        [
          17,
          130,
          127
        ],
        [
          81,
          131,
          132
        ]
      ],
      "texture_histogram": [
        112.0,
        248.0,
        248.0,
        313.0,
        458.0,
        441.0,
        376.0,
        335.0,
        334.0,
        327.0,
        319.0,
        309.0,
        317.0,
        329.0,
        293.0,
        274.0,
        260.0,
        246.0,
        204.0,
        242.0,
        223.0,
        235.0,
        224.0,
        216.0,
        203.0,
        211.0,
        205.0,
        212.0,
        174.0,
        205.0,
        210.0,
        184.0,
        148.0,
        171.0,
        184.0,
        144.0,
        142.0,
        131.0,
        148.0,
        147.0,
        155.0,
        131.0,
        164.0,
        162.0,
        170.0,
        157.0,
        154.0,
        167.0,
        185.0,
        203.0,
        228.0,
        166.0,
        205.0,
        189.0,
        198.0,
        194.0,
        202.0,
        218.0,
        231.0,
        278.0,
        261.0,
        303.0,
        293.0,
        313.0,
        357.0,
        334.0,
        338.0,
        267.0,
        273.0,
        253.0,
        262.0,
        265.0,
        217.0,
        161.0,
        181.0,
        193.0,
        191.0,
        152.0,
        153.0,
        150.0,
        140.0,
        104.0,
        98.0,
        113.0,
        105.0,
        94.0,
        101.0,
        76.0,
        90.0,
        74.0,
        91.0,
        80.0,
        67.0,
        86.0,
        68.0,
        65.0,
        87.0,
        81.0,
        64.0,
        61.0,
        47.0,
        62.0,
        79.0,
        49.0,
        70.0,
        57.0,
        65.0,
        69.0,
        58.0,
        68.0,
        42.0,
        60.0,
        60.0,
        62.0,
        46.0,
        51.0,
        48.0,
        46.0,
        77.0,
        48.0,
        47.0,
        67.0,
        60.0,
        56.0,
        50.0,
        63.0,
        72.0,
        65.0,
        62.0,
        72.0,
        72.0,
        69.0,
        74.0,
        61.0,
        84.0,
        71.0,
        83.0,
        91.0,
        91.0,
        106.0,
        121.0,
        98.0,
        93.0,
        94.0,
        124.0,
        119.0,
        118.0,
        131.0,
        111.0,
        122.0,
        128.0,
        130.0,
        137.0,
        141.0,
        165.0,
        165.0,
        148.0,
        173.0,
        194.0,
        179.0,
        201.0,
        209.0,
        214.0,
        201.0,
        201.0,
        210.0,
        207.0,
        185.0,
        219.0,
        226.0,
        214.0,
        246.0,
        248.0,
        241.0,
        279.0,
        245.0,
        263.0,
        301.0,
        343.0,
        303.0,
        380.0,
        340.0,
        317.0,
        328.0,
        304.0,
        314.0,
        297.0,
        304.0,
        319.0,
        281.0,
        301.0,
        308.0,
        322.0,
        309.0,
        296.0,
        319.0,
        284.0,
        340.0,
        353.0,
        352.0,
        342.0,
        332.0,
        374.0,
        326.0,
        357.0,
        381.0,
        402.0,
        351.0,
        376.0,
        316.0,
        320.0,
        315.0,
        306.0,
        295.0,
        272.0,
        280.0,
        246.0,
        257.0,
        230.0,
        192.0,
        201.0,
        195.0,
        170.0,
        165.0,
        180.0,
        163.0,
        142.0,
        134.0,
        114.0,
        113.0,
        95.0,
        103.0,
        70.0,
        63.0,
        59.0,
        60.0,
        51.0,
        36.0,
        43.0,
        32.0,
        24.0,
        16.0,
        12.0,
        7.0,
        10.0,
        5.0,
        4.0,
        3.0,
        2.0,
        2.0,
        1.0,
        2.0,
        0.0,
        1.0,
        2.0,
        0.0
      ],
      "silhouette_mask_path": "C:\\Users\\shrad\\TrendWeave\\MERGE_OUTPUT_FINAL\\Catwalks__Women_s_Key_Items___Eyewear_A_W_25_26_en\\page_10\\img_1_mask_3.png"
    },
    {
      "yolo_label": "person",
      "bbox": [
        361.82611083984375,
        342.0496826171875,
        393.6611633300781,
        427.8489074707031
      ],
      "confidence": 0.4120766818523407,
      "clip_attributes": {
        "palette": {
          "label": "bold colors",
          "confidence": 0.21207952499389648
        },
        "dress_silhouette": {
          "label": "wrap dress",
          "confidence": 0.2290259450674057
        },
        "neckline": {
          "label": "square neckline",
          "confidence": 0.23934468626976013
        },
        "sleeve_type": {
          "label": "bell sleeves",
          "confidence": 0.2321241945028305
        },
        "top_silhouette": {
          "label": "peplum",
          "confidence": 0.23869271576404572
        },
        "bottom_style": {
          "label": "flared pants",
          "confidence": 0.23506860435009003
        },
        "outerwear": {
          "label": "shrug",
          "confidence": 0.23571006953716278
        },
        "shoe_type": {
          "label": "ankle boots",
          "confidence": 0.23763209581375122
        },
        "bag_type": {
          "label": "shoulder bag",
          "confidence": 0.228468656539917
        },
        "accessory": {
          "label": "watch",
          "confidence": 0.21862775087356567
        },
        "hairstyle": {
          "label": "ponytail",
          "confidence": 0.21378739178180695
        },
        "setting": {
          "label": "street style",
          "confidence": 0.22539809346199036
        },
        "fabric_type": {
          "label": "organza",
          "confidence": 0.23312801122665405
        },
        "season": {
          "label": "fall",
          "confidence": 0.21417611837387085
        },
        "style_theme": {
          "label": "vintage",
          "confidence": 0.21767598390579224
        }
      },
      "dominant_colors": [
        [
          70,
          131,
          133
        ],
        [
          14,
          133,
          126
        ],
        [
          179,
          129,
          127
        ]
      ],
      "texture_histogram": [
        5.0,
        34.0,
        24.0,
        33.0,
        39.0,
        47.0,
        47.0,
        66.0,
        53.0,
        51.0,
        53.0,
        55.0,
        61.0,
        56.0,
        43.0,
        30.0,
        41.0,
        34.0,
        45.0,
        46.0,
        58.0,
        38.0,
        32.0,
        31.0,
        21.0,
        29.0,
        33.0,
        34.0,
        25.0,
        27.0,
        30.0,
        26.0,
        27.0,
        30.0,
        13.0,
        17.0,
        8.0,
        11.0,
        10.0,
        14.0,
        15.0,
        16.0,
        16.0,
        26.0,
        16.0,
        27.0,
        15.0,
        18.0,
        29.0,
        39.0,
        41.0,
        35.0,
        38.0,
        35.0,
        32.0,
        34.0,
        29.0,
        21.0,
        15.0,
        22.0,
        24.0,
        13.0,
        20.0,
        19.0,
        20.0,
        29.0,
        16.0,
        17.0,
        20.0,
        10.0,
        24.0,
        20.0,
        19.0,
        15.0,
        24.0,
        23.0,
        25.0,
        25.0,
        15.0,
        16.0,
        20.0,
        18.0,
        23.0,
        8.0,
        14.0,
        13.0,
        16.0,
        8.0,
        8.0,
        14.0,
        8.0,
        4.0,
        4.0,
        10.0,
        4.0,
        6.0,
        6.0,
        0.0,
        2.0,
        1.0,
        2.0,
        2.0,
        3.0,
        2.0,
        7.0,
        2.0,
        0.0,
        1.0,
        1.0,
        4.0,
        1.0,
        1.0,
        3.0,
        1.0,
        0.0,
        2.0,
        3.0,
        1.0,
        0.0,
        1.0,
        2.0,
        2.0,
        3.0,
        1.0,
        1.0,
        0.0,
        2.0,
        0.0,
        2.0,
        1.0,
        2.0,
        4.0,
        2.0,
        1.0,
        1.0,
        3.0,
        0.0,
        1.0,
        1.0,
        1.0,
        1.0,
        3.0,
        3.0,
        4.0,
        4.0,
        2.0,
        7.0,
        7.0,
        2.0,
        6.0,
        1.0,
        0.0,
        3.0,
        1.0,
        0.0,
        3.0,
        2.0,
        5.0,
        4.0,
        3.0,
        2.0,
        1.0,
        1.0,
        1.0,
        4.0,
        3.0,
        0.0,
        1.0,
        0.0,
        0.0,
        1.0,
        1.0,
        3.0,
        0.0,
        0.0,
        3.0,
        4.0,
        1.0,
        3.0,
        1.0,
        0.0,
        1.0,
        2.0,
        2.0,
        1.0,
        2.0,
        2.0,
        2.0,
        1.0,
        0.0,
        1.0,
        3.0,
        2.0,
        2.0,
        4.0,
        2.0,
        2.0,
        2.0,
        3.0,
        4.0,
        2.0,
        3.0,
        0.0,
        1.0,
        1.0,
        1.0,
        1.0,
        0.0,
        0.0,
        0.0,
        3.0,
        1.0,
        0.0,
        2.0,
        2.0,
        1.0,
        1.0,
        0.0,
        1.0,
        2.0,
        0.0,
        0.0,
        2.0,
        2.0,
        0.0,
        5.0,
        3.0,
        1.0,
        1.0,
        0.0,
        1.0,
        2.0,
        1.0,
        0.0,
        2.0,
        1.0,
        1.0,
        0.0,
        1.0,
        0.0,
        0.0,
        1.0,
        1.0,
        0.0,
        0.0,
        0.0,
        0.0,
        0.0,
        0.0,
        0.0,
        0.0,
        0.0,
        0.0,
        0.0,
        0.0,
        0.0
      ],
      "silhouette_mask_path": "C:\\Users\\shrad\\TrendWeave\\MERGE_OUTPUT_FINAL\\Catwalks__Women_s_Key_Items___Eyewear_A_W_25_26_en\\page_10\\img_1_mask_4.png"
    },
    {
      "yolo_label": "skateboard",
      "bbox": [
        233.1143035888672,
        105.15352630615234,
        368.89404296875,
        158.2620849609375
      ],
      "confidence": 0.3947873115539551,
      "clip_attributes": {
        "palette": {
          "label": "pastel",
          "confidence": 0.19227395951747894
        },
        "shoe_type": {
          "label": "slip-ons",
          "confidence": 0.19407930970191956
        },
        "bag_type": {
          "label": "belt bag",
          "confidence": 0.2057419717311859
        },
        "accessory": {
          "label": "bracelet",
          "confidence": 0.23339860141277313
        },
        "setting": {
          "label": "lounge",
          "confidence": 0.18228107690811157
        },
        "fabric_type": {
          "label": "nylon",
          "confidence": 0.18129323422908783
        },
        "season": {
          "label": "summer",
          "confidence": 0.17941538989543915
        },
        "style_theme": {
          "label": "minimalist",
          "confidence": 0.18957734107971191
        }
      },
      "dominant_colors": [
        [
          15,
          129,
          123
        ],
        [
          157,
          129,
          124
        ],
        [
          55,
          127,
          127
        ]
      ],
      "texture_histogram": [
        5.0,
        6.0,
        6.0,
        7.0,
        12.0,
        14.0,
        14.0,
        17.0,
        22.0,
        28.0,
        31.0,
        30.0,
        39.0,
        35.0,
        39.0,
        38.0,
        36.0,
        29.0,
        33.0,
        35.0,
        33.0,
        30.0,
        32.0,
        28.0,
        27.0,
        25.0,
        20.0,
        23.0,
        21.0,
        18.0,
        16.0,
        18.0,
        18.0,
        18.0,
        17.0,
        22.0,
        31.0,
        48.0,
        50.0,
        47.0,
        74.0,
        68.0,
        98.0,
        150.0,
        172.0,
        171.0,
        170.0,
        181.0,
        213.0,
        225.0,
        245.0,
        206.0,
        208.0,
        182.0,
        161.0,
        132.0,
        98.0,
        87.0,
        71.0,
        52.0,
        42.0,
        49.0,
        51.0,
        33.0,
        34.0,
        32.0,
        20.0,
        18.0,
        10.0,
        12.0,
        16.0,
        10.0,
        14.0,
        10.0,
        12.0,
        11.0,
        4.0,
        7.0,
        8.0,
        6.0,
        9.0,
        10.0,
        8.0,
        7.0,
        6.0,
        12.0,
        5.0,
        4.0,
        5.0,
        7.0,
        12.0,
        7.0,
        7.0,
        8.0,
        6.0,
        10.0,
        12.0,
        12.0,
        5.0,
        3.0,
        10.0,
        7.0,
        9.0,
        10.0,
        10.0,
        6.0,
        3.0,
        10.0,
        9.0,
        10.0,
        11.0,
        11.0,
        10.0,
        7.0,
        12.0,
        15.0,
        20.0,
        19.0,
        24.0,
        29.0,
        45.0,
        35.0,
        63.0,
        63.0,
        66.0,
        82.0,
        75.0,
        74.0,
        63.0,
        70.0,
        54.0,
        72.0,
        68.0,
        65.0,
        61.0,
        69.0,
        85.0,
        101.0,
        111.0,
        127.0,
        87.0,
        55.0,
        45.0,
        35.0,
        27.0,
        22.0,
        17.0,
        17.0,
        13.0,
        12.0,
        9.0,
        7.0,
        7.0,
        5.0,
        4.0,
        7.0,
        7.0,
        5.0,
        3.0,
        3.0,
        2.0,
        2.0,
        1.0,
        1.0,
        3.0,
        6.0,
        5.0,
        6.0,
        3.0,
        3.0,
        2.0,
        2.0,
        3.0,
        1.0,
        4.0,
        5.0,
        2.0,
        6.0,
        2.0,
        2.0,
        3.0,
        2.0,
        6.0,
        2.0,
        2.0,
        2.0,
        9.0,
        1.0,
        2.0,
        4.0,
        10.0,
        3.0,
        1.0,
        2.0,
        3.0,
        2.0,
        2.0,
        2.0,
        3.0,
        4.0,
        4.0,
        4.0,
        4.0,
        2.0,
        4.0,
        3.0,
        3.0,
        4.0,
        3.0,
        4.0,
        3.0,
        2.0,
        7.0,
        4.0,
        1.0,
        0.0,
        4.0,
        8.0,
        2.0,
        5.0,
        5.0,
        4.0,
        4.0,
        4.0,
        3.0,
        2.0,
        2.0,
        5.0,
        6.0,
        1.0,
        4.0,
        5.0,
        5.0,
        4.0,
        6.0,
        3.0,
        1.0,
        5.0,
        2.0,
        13.0,
        3.0,
        5.0,
        9.0,
        5.0,
        9.0,
        14.0,
        15.0,
        11.0,
        21.0,
        21.0,
        17.0,
        23.0,
        23.0,
        30.0,
        40.0,
        14.0
      ],
      "silhouette_mask_path": "C:\\Users\\shrad\\TrendWeave\\MERGE_OUTPUT_FINAL\\Catwalks__Women_s_Key_Items___Eyewear_A_W_25_26_en\\page_10\\img_1_mask_5.png"
    },
    {
      "yolo_label": "person",
      "bbox": [
        396.80908203125,
        345.946044921875,
        439.0587158203125,
        394.0688171386719
      ],
      "confidence": 0.32772839069366455,
      "clip_attributes": {
        "palette": {
          "label": "pastel",
          "confidence": 0.22857050597667694
        },
        "dress_silhouette": {
          "label": "fit and flare",
          "confidence": 0.19964586198329926
        },
        "neckline": {
          "label": "sweetheart",
          "confidence": 0.2238997370004654
        },
        "sleeve_type": {
          "label": "cap sleeves",
          "confidence": 0.21919338405132294
        },
        "top_silhouette": {
          "label": "wrap top",
          "confidence": 0.22383920848369598
        },
        "bottom_style": {
          "label": "culottes",
          "confidence": 0.22565826773643494
        },
        "outerwear": {
          "label": "shrug",
          "confidence": 0.21319562196731567
        },
        "shoe_type": {
          "label": "ballet flats",
          "confidence": 0.21128959953784943
        },
        "bag_type": {
          "label": "shoulder bag",
          "confidence": 0.2254500687122345
        },
        "accessory": {
          "label": "hairband",
          "confidence": 0.24432630836963654
        },
        "hairstyle": {
          "label": "ponytail",
          "confidence": 0.22148799896240234
        },
        "setting": {
          "label": "party night",
          "confidence": 0.22100980579853058
        },
        "fabric_type": {
          "label": "organza",
          "confidence": 0.224436953663826
        },
        "season": {
          "label": "winter",
          "confidence": 0.2098080813884735
        },
        "style_theme": {
          "label": "vintage",
          "confidence": 0.21378837525844574
        }
      },
      "dominant_colors": [
        [
          69,
          131,
          131
        ],
        [
          117,
          130,
          132
        ],
        [
          19,
          130,
          129
        ]
      ],
      "texture_histogram": [
        2.0,
        26.0,
        14.0,
        13.0,
        9.0,
        15.0,
        10.0,
        16.0,
        13.0,
        13.0,
        11.0,
        9.0,
        12.0,
        10.0,
        9.0,
        12.0,
        12.0,
        11.0,
        12.0,
        11.0,
        5.0,
        6.0,
        12.0,
        12.0,
        9.0,
        11.0,
        7.0,
        5.0,
        9.0,
        6.0,
        7.0,
        8.0,
        11.0,
        8.0,
        11.0,
        9.0,
        12.0,
        13.0,
        16.0,
        10.0,
        17.0,
        15.0,
        25.0,
        23.0,
        23.0,
        26.0,
        15.0,
        28.0,
        25.0,
        25.0,
        23.0,
        23.0,
        31.0,
        28.0,
        22.0,
        25.0,
        16.0,
        25.0,
        30.0,
        26.0,
        34.0,
        45.0,
        30.0,
        18.0,
        30.0,
        25.0,
        28.0,
        19.0,
        26.0,
        21.0,
        24.0,
        23.0,
        26.0,
        25.0,
        18.0,
        24.0,
        23.0,
        24.0,
        23.0,
        24.0,
        28.0,
        34.0,
        33.0,
        21.0,
        14.0,
        22.0,
        18.0,
        30.0,
        20.0,
        21.0,
        25.0,
        15.0,
        13.0,
        15.0,
        17.0,
        18.0,
        18.0,
        13.0,
        13.0,
        10.0,
        9.0,
        7.0,
        13.0,
        15.0,
        11.0,
        10.0,
        15.0,
        8.0,
        13.0,
        14.0,
        7.0,
        6.0,
        10.0,
        7.0,
        13.0,
        7.0,
        12.0,
        4.0,
        6.0,
        5.0,
        4.0,
        2.0,
        3.0,
        4.0,
        5.0,
        3.0,
        5.0,
        2.0,
        0.0,
        2.0,
        0.0,
        1.0,
        1.0,
        2.0,
        0.0,
        1.0,
        1.0,
        0.0,
        0.0,
        2.0,
        1.0,
        1.0,
        3.0,
        1.0,
        0.0,
        0.0,
        1.0,
        1.0,
        0.0,
        2.0,
        0.0,
        4.0,
        1.0,
        0.0,
        4.0,
        2.0,
        5.0,
        4.0,
        3.0,
        5.0,
        6.0,
        2.0,
        4.0,
        2.0,
        0.0,
        2.0,
        1.0,
        0.0,
        2.0,
        0.0,
        1.0,
        1.0,
        1.0,
        1.0,
        0.0,
        0.0,
        0.0,
        1.0,
        0.0,
        1.0,
        0.0,
        0.0,
        0.0,
        0.0,
        0.0,
        0.0,
        0.0,
        0.0,
        0.0,
        1.0,
        0.0,
        0.0,
        0.0,
        0.0,
        1.0,
        0.0,
        0.0,
        0.0,
        0.0,
        1.0,
        0.0,
        0.0,
        0.0,
        0.0,
        1.0,
        1.0,
        0.0,
        0.0,
        0.0,
        0.0,
        0.0,
        1.0,
        0.0,
        0.0,
        1.0,
        0.0,
        0.0,
        0.0,
        0.0,
        0.0,
        0.0,
        0.0,
        0.0,
        0.0,
        0.0,
        0.0,
        0.0,
        0.0,
        0.0,
        0.0,
        0.0,
        0.0,
        0.0,
        0.0,
        0.0,
        0.0,
        0.0,
        1.0,
        0.0,
        0.0,
        0.0,
        0.0,
        0.0,
        0.0,
        0.0,
        0.0,
        0.0,
        0.0,
        0.0,
        0.0,
        0.0,
        0.0,
        0.0,
        0.0,
        0.0,
        0.0
      ],
      "silhouette_mask_path": "C:\\Users\\shrad\\TrendWeave\\MERGE_OUTPUT_FINAL\\Catwalks__Women_s_Key_Items___Eyewear_A_W_25_26_en\\page_10\\img_1_mask_6.png"
    }
  ],
  "pose_keypoints": [
    {
      "x": 0.5222457647323608,
      "y": 0.4162021279335022,
      "z": -0.06011713668704033,
      "visibility": 0.9950485825538635
    },
    {
      "x": 0.5178601741790771,
      "y": 0.40799176692962646,
      "z": -0.04401889070868492,
      "visibility": 0.9921404719352722
    },
    {
      "x": 0.5173831582069397,
      "y": 0.40795326232910156,
      "z": -0.044059645384550095,
      "visibility": 0.9869340658187866
    },
    {
      "x": 0.5166673064231873,
      "y": 0.4078531861305237,
      "z": -0.044111475348472595,
      "visibility": 0.9919357299804688
    },
    {
      "x": 0.5150426626205444,
      "y": 0.4071875810623169,
      "z": -0.07506834715604782,
      "visibility": 0.9947764873504639
    },
    {
      "x": 0.5127907991409302,
      "y": 0.4067232608795166,
      "z": -0.07507220655679703,
      "visibility": 0.993450403213501
    },
    {
      "x": 0.5103117227554321,
      "y": 0.40622594952583313,
      "z": -0.07515478879213333,
      "visibility": 0.9962448477745056
    },
    {
      "x": 0.5050077438354492,
      "y": 0.4100183844566345,
      "z": 0.04243023321032524,
      "visibility": 0.9760071635246277
    },
    {
      "x": 0.49849510192871094,
      "y": 0.4091780483722687,
      "z": -0.09663823992013931,
      "visibility": 0.9936686158180237
    },
    {
      "x": 0.5180780291557312,
      "y": 0.42362838983535767,
      "z": -0.024545613676309586,
      "visibility": 0.990450918674469
    },
    {
      "x": 0.5146870613098145,
      "y": 0.4225319027900696,
      "z": -0.06461422890424728,
      "visibility": 0.994662344455719
    },
    {
      "x": 0.4963054060935974,
      "y": 0.458938330411911,
      "z": 0.15316322445869446,
      "visibility": 0.9950354099273682
    },
    {
      "x": 0.4806901812553406,
      "y": 0.44819480180740356,
      "z": -0.16422082483768463,
      "visibility": 0.9996426105499268
    },
    {
      "x": 0.5072524547576904,
      "y": 0.5177491903305054,
      "z": 0.22116586565971375,
      "visibility": 0.04795350134372711
    },
    {
      "x": 0.45751264691352844,
      "y": 0.5107218623161316,
      "z": -0.24322400987148285,
      "visibility": 0.9820176362991333
    },
    {
      "x": 0.5193081498146057,
      "y": 0.5551542043685913,
      "z": 0.15270671248435974,
      "visibility": 0.04041476547718048
    },
    {
      "x": 0.519333004951477,
      "y": 0.5394933223724365,
      "z": -0.2670177221298218,
      "visibility": 0.9353541731834412
    },
    {
      "x": 0.5285888910293579,
      "y": 0.566990315914154,
      "z": 0.14334848523139954,
      "visibility": 0.04546666517853737
    },
    {
      "x": 0.5324671268463135,
      "y": 0.5483447313308716,
      "z": -0.2965126633644104,
      "visibility": 0.8948546051979065
    },
    {
      "x": 0.5306353569030762,
      "y": 0.5614520907402039,
      "z": 0.11858576536178589,
      "visibility": 0.048735085874795914
    },
    {
      "x": 0.5370607972145081,
      "y": 0.5440260171890259,
      "z": -0.2883855998516083,
      "visibility": 0.886879026889801
    },
    {
      "x": 0.5260247588157654,
      "y": 0.5592414140701294,
      "z": 0.1373601257801056,
      "visibility": 0.054381586611270905
    },
    {
      "x": 0.5332497358322144,
      "y": 0.5413497090339661,
      "z": -0.2620971202850342,
      "visibility": 0.8255087733268738
    },
    {
      "x": 0.49501892924308777,
      "y": 0.5863451957702637,
      "z": 0.08408678323030472,
      "visibility": 0.9901716113090515
    },
    {
      "x": 0.47740432620048523,
      "y": 0.584600567817688,
      "z": -0.08393380045890808,
      "visibility": 0.9889644384384155
    },
    {
      "x": 0.510135293006897,
      "y": 0.673417866230011,
      "z": -0.021164976060390472,
      "visibility": 0.0559004582464695
    },
    {
      "x": 0.49317818880081177,
      "y": 0.6710186004638672,
      "z": -0.1360505223274231,
      "visibility": 0.26724156737327576
    },
    {
      "x": 0.48247307538986206,
      "y": 0.7681697010993958,
      "z": 0.014899393543601036,
      "visibility": 0.05042201280593872
    },
    {
      "x": 0.4803600013256073,
      "y": 0.775053083896637,
      "z": -0.0842786580324173,
      "visibility": 0.2057277262210846
    },
    {
      "x": 0.4698767066001892,
      "y": 0.7800745368003845,
      "z": 0.013601030223071575,
      "visibility": 0.13730306923389435
    },
    {
      "x": 0.47129911184310913,
      "y": 0.7898942232131958,
      "z": -0.08207261562347412,
      "visibility": 0.2621494233608246
    },
    {
      "x": 0.5059503316879272,
      "y": 0.7979553937911987,
      "z": -0.06393018364906311,
      "visibility": 0.10834968835115433
    },
    {
      "x": 0.5051370859146118,
      "y": 0.8078289031982422,
      "z": -0.16647592186927795,
      "visibility": 0.29290610551834106
    }
  ]
}