{
  "image": "C:\\Users\\shrad\\TrendWeave\\TrendWeave\\extracted_data\\Catwalks__Women_s_Key_Items___Cut___Sew_A_W_25_26_en\\page_9\\img_5.jpeg",
  "items": [
    {
      "yolo_label": "person",
      "bbox": [
        88.17003631591797,
        2.4169838428497314,
        459.0910949707031,
        585.6814575195312
      ],
      "confidence": 0.7037082314491272,
      "clip_attributes": {
        "palette": {
          "label": "earth tones",
          "confidence": 0.2555748522281647
        },
        "dress_silhouette": {
          "label": "fit and flare",
          "confidence": 0.25030970573425293
        },
        "neckline": {
          "label": "off-shoulder",
          "confidence": 0.26914018392562866
        },
        "sleeve_type": {
          "label": "bell sleeves",
          "confidence": 0.2688733637332916
        },
        "top_silhouette": {
          "label": "crop top",
          "confidence": 0.24259217083454132
        },
        "bottom_style": {
          "label": "wide-leg pants",
          "confidence": 0.26589977741241455
        },
        "outerwear": {
          "label": "cardigan",
          "confidence": 0.24917849898338318
        },
        "shoe_type": {
          "label": "heels",
          "confidence": 0.23594900965690613
        },
        "bag_type": {
          "label": "crossbody bag",
          "confidence": 0.2272234559059143
        },
        "accessory": {
          "label": "scarf",
          "confidence": 0.25960326194763184
        },
        "hairstyle": {
          "label": "high bun",
          "confidence": 0.24005630612373352
        },
        "setting": {
          "label": "brunch look",
          "confidence": 0.24151621758937836
        },
        "fabric_type": {
          "label": "linen",
          "confidence": 0.24093195796012878
        },
        "season": {
          "label": "fall",
          "confidence": 0.24050699174404144
        },
        "style_theme": {
          "label": "boho",
          "confidence": 0.2634611427783966
        }
      },
      "dominant_colors": [
        [
          76,
          129,
          133
        ],
        [
          157,
          138,
          166
        ],
        [
          119,
          138,
          153
        ]
      ],
      "texture_histogram": [
        0.0,
        0.0,
        0.0,
        0.0,
        0.0,
        0.0,
        0.0,
        0.0,
        0.0,
        0.0,
        0.0,
        0.0,
        0.0,
        0.0,
        0.0,
        0.0,
        0.0,
        0.0,
        0.0,
        0.0,
        0.0,
        0.0,
        0.0,
        0.0,
        0.0,
        0.0,
        0.0,
        0.0,
        0.0,
        0.0,
        0.0,
        0.0,
        0.0,
        0.0,
        0.0,
        2.0,
        0.0,
        1.0,
        2.0,
        0.0,
        6.0,
        2.0,
        1.0,
        4.0,
        6.0,
        7.0,
        21.0,
        21.0,
        28.0,
        55.0,
        78.0,
        123.0,
        200.0,
        373.0,
        545.0,
        842.0,
        1155.0,
        1661.0,
        2204.0,
        2814.0,
        3451.0,
        4038.0,
        4451.0,
        4777.0,
        5062.0,
        5327.0,
        5839.0,
        6125.0,
        6473.0,
        6377.0,
        5831.0,
        5136.0,
        4445.0,
        4178.0,
        3742.0,
        3531.0,
        3388.0,
        3015.0,
        2967.0,
        2784.0,
        2569.0,
        2330.0,
        2232.0,
        1973.0,
        1808.0,
        1721.0,
        1546.0,
        1339.0,
        1286.0,
        1248.0,
        1157.0,
        1076.0,
        968.0,
        962.0,
        929.0,
        928.0,
        890.0,
        896.0,
        832.0,
        880.0,
        818.0,
        826.0,
        789.0,
        785.0,
        838.0,
        872.0,
        886.0,
        925.0,
        900.0,
        838.0,
        840.0,
        785.0,
        856.0,
        894.0,
        917.0,
        926.0,
        955.0,
        963.0,
        966.0,
        970.0,
        982.0,
        1001.0,
        1103.0,
        1077.0,
        1213.0,
        1313.0,
        1401.0,
        1339.0,
        1364.0,
        1376.0,
        1392.0,
        1430.0,
        1478.0,
        1573.0,
        1701.0,
        1859.0,
        1909.0,
        2015.0,
        2025.0,
        1999.0,
        2043.0,
        2057.0,
        2155.0,
        2190.0,
        2130.0,
        1984.0,
        1969.0,
        2043.0,
        1930.0,
        1856.0,
        1810.0,
        1682.0,
        1431.0,
        1374.0,
        1353.0,
        1162.0,
        1065.0,
        939.0,
        911.0,
        842.0,
        662.0,
        510.0,
        425.0,
        363.0,
        289.0,
        281.0,
        201.0,
        190.0,
        183.0,
        158.0,
        182.0,
        124.0,
        145.0,
        139.0,
        130.0,
        133.0,
        109.0,
        112.0,
        113.0,
        121.0,
        137.0,
        128.0,
        101.0,
        132.0,
        106.0,
        107.0,
        93.0,
        90.0,
        88.0,
        88.0,
        68.0,
        74.0,
        82.0,
        85.0,
        78.0,
        75.0,
        76.0,
        80.0,
        56.0,
        60.0,
        52.0,
        51.0,
        56.0,
        84.0,
        125.0,
        161.0,
        169.0,
        202.0,
        148.0,
        96.0,
        62.0,
        16.0,
        8.0,
        4.0,
        1.0,
        1.0,
        0.0,
        0.0,
        0.0,
        0.0,
        0.0,
        0.0,
        0.0,
        0.0,
        0.0,
        0.0,
        0.0,
        0.0,
        0.0,
        0.0,
        0.0,
        0.0,
        0.0,
        0.0,
        0.0,
        0.0,
        0.0,
        0.0,
        0.0,
        0.0,
        0.0,
        0.0,
        0.0,
        0.0,
        0.0,
        0.0,
        0.0,
        0.0,
        0.0,
        0.0,
        0.0,
        0.0,
        0.0,
        0.0,
        0.0,
        0.0
      ],
      "silhouette_mask_path": "C:\\Users\\shrad\\TrendWeave\\MERGE_OUTPUT_FINAL\\Catwalks__Women_s_Key_Items___Cut___Sew_A_W_25_26_en\\page_9\\img_5_mask_0.png"
    }
  ],
  "pose_keypoints": [
    {
      "x": 0.4474867880344391,
      "y": 0.13260987401008606,
      "z": -0.6046483516693115,
      "visibility": 0.9998778104782104
    },
    {
      "x": 0.4629581570625305,
      "y": 0.10986751317977905,
      "z": -0.5845988392829895,
      "visibility": 0.9999284744262695
    },
    {
      "x": 0.4725895822048187,
      "y": 0.10847613215446472,
      "z": -0.5846290588378906,
      "visibility": 0.9998774528503418
    },
    {
      "x": 0.48105180263519287,
      "y": 0.10765844583511353,
      "z": -0.5847445130348206,
      "visibility": 0.9998886585235596
    },
    {
      "x": 0.43580949306488037,
      "y": 0.11398380249738693,
      "z": -0.5750117301940918,
      "visibility": 0.9998887777328491
    },
    {
      "x": 0.42865797877311707,
      "y": 0.11478544026613235,
      "z": -0.575067937374115,
      "visibility": 0.9997703433036804
    },
    {
      "x": 0.4222440719604492,
      "y": 0.1154223382472992,
      "z": -0.574971616268158,
      "visibility": 0.9997865557670593
    },
    {
      "x": 0.504565954208374,
      "y": 0.11133173108100891,
      "z": -0.4147510230541229,
      "visibility": 0.9998099207878113
    },
    {
      "x": 0.42247259616851807,
      "y": 0.12109509110450745,
      "z": -0.3719199001789093,
      "visibility": 0.999277651309967
    },
    {
      "x": 0.4686359465122223,
      "y": 0.15178973972797394,
      "z": -0.5366107821464539,
      "visibility": 0.998630166053772
    },
    {
      "x": 0.4397237300872803,
      "y": 0.15437373518943787,
      "z": -0.5240398049354553,
      "visibility": 0.9977074861526489
    },
    {
      "x": 0.5384249091148376,
      "y": 0.1962021142244339,
      "z": -0.2547051012516022,
      "visibility": 0.9961536526679993
    },
    {
      "x": 0.42112860083580017,
      "y": 0.1940254271030426,
      "z": -0.2629329264163971,
      "visibility": 0.9956226944923401
    },
    {
      "x": 0.5895232558250427,
      "y": 0.2734454572200775,
      "z": -0.22555099427700043,
      "visibility": 0.15061773359775543
    },
    {
      "x": 0.41737690567970276,
      "y": 0.26854488253593445,
      "z": -0.3441092073917389,
      "visibility": 0.05827762931585312
    },
    {
      "x": 0.6226935982704163,
      "y": 0.3101970851421356,
      "z": -0.29380783438682556,
      "visibility": 0.08362740278244019
    },
    {
      "x": 0.42078882455825806,
      "y": 0.21078158915042877,
      "z": -0.5374123454093933,
      "visibility": 0.07311012595891953
    },
    {
      "x": 0.6385266780853271,
      "y": 0.3232976496219635,
      "z": -0.3102111220359802,
      "visibility": 0.08227130025625229
    },
    {
      "x": 0.4484137296676636,
      "y": 0.20702600479125977,
      "z": -0.5836762189865112,
      "visibility": 0.08457384258508682
    },
    {
      "x": 0.6350410580635071,
      "y": 0.31656280159950256,
      "z": -0.3338208496570587,
      "visibility": 0.08410661667585373
    },
    {
      "x": 0.4334549903869629,
      "y": 0.1943497657775879,
      "z": -0.5807257890701294,
      "visibility": 0.0837695300579071
    },
    {
      "x": 0.6258605718612671,
      "y": 0.31381717324256897,
      "z": -0.3051089346408844,
      "visibility": 0.09466399252414703
    },
    {
      "x": 0.4300709366798401,
      "y": 0.19725051522254944,
      "z": -0.5437725186347961,
      "visibility": 0.09160024672746658
    },
    {
      "x": 0.539753794670105,
      "y": 0.37148332595825195,
      "z": 0.02409358322620392,
      "visibility": 0.9980996251106262
    },
    {
      "x": 0.48872485756874084,
      "y": 0.38701704144477844,
      "z": -0.024328282102942467,
      "visibility": 0.9983332753181458
    },
    {
      "x": 0.6032694578170776,
      "y": 0.33978933095932007,
      "z": 0.30221953988075256,
      "visibility": 0.18649297952651978
    },
    {
      "x": 0.5676798820495605,
      "y": 0.38449665904045105,
      "z": 0.18108563125133514,
      "visibility": 0.29311758279800415
    },
    {
      "x": 0.6558758020401001,
      "y": 0.3722304701805115,
      "z": 0.5477495789527893,
      "visibility": 0.20403258502483368
    },
    {
      "x": 0.6301549077033997,
      "y": 0.41495099663734436,
      "z": 0.479499489068985,
      "visibility": 0.22423811256885529
    },
    {
      "x": 0.6601687669754028,
      "y": 0.40769827365875244,
      "z": 0.5702447295188904,
      "visibility": 0.24632275104522705
    },
    {
      "x": 0.6333003640174866,
      "y": 0.42303192615509033,
      "z": 0.5101251602172852,
      "visibility": 0.22776572406291962
    },
    {
      "x": 0.6971352696418762,
      "y": 0.41016191244125366,
      "z": 0.5221105217933655,
      "visibility": 0.23925282061100006
    },
    {
      "x": 0.6753260493278503,
      "y": 0.4292179048061371,
      "z": 0.4630456566810608,
      "visibility": 0.2465156465768814
    }
  ]
}