{
  "image": "C:\\Users\\shrad\\TrendWeave\\TrendWeave\\extracted_data\\Catwalks__Women_s_Key_Items___Jewellery_A_W_25_26_en\\page_7\\img_1.jpeg",
  "items": [
    {
      "yolo_label": "person",
      "bbox": [
        0.0,
        0.0,
        293.0,
        583.45166015625
      ],
      "confidence": 0.758307695388794,
      "clip_attributes": {
        "palette": {
          "label": "bold colors",
          "confidence": 0.21896135807037354
        },
        "dress_silhouette": {
          "label": "fit and flare",
          "confidence": 0.22813399136066437
        },
        "neckline": {
          "label": "square neckline",
          "confidence": 0.2711676061153412
        },
        "sleeve_type": {
          "label": "puffed sleeves",
          "confidence": 0.2398390918970108
        },
        "top_silhouette": {
          "label": "wrap top",
          "confidence": 0.2152898758649826
        },
        "bottom_style": {
          "label": "wide-leg pants",
          "confidence": 0.21833066642284393
        },
        "outerwear": {
          "label": "long coat",
          "confidence": 0.20676042139530182
        },
        "shoe_type": {
          "label": "heels",
          "confidence": 0.2050110101699829
        },
        "bag_type": {
          "label": "shoulder bag",
          "confidence": 0.21750938892364502
        },
        "accessory": {
          "label": "hoop earrings",
          "confidence": 0.2688746750354767
        },
        "hairstyle": {
          "label": "high bun",
          "confidence": 0.2266882210969925
        },
        "setting": {
          "label": "brunch look",
          "confidence": 0.22713838517665863
        },
        "fabric_type": {
          "label": "organza",
          "confidence": 0.2603030502796173
        },
        "season": {
          "label": "spring",
          "confidence": 0.20712260901927948
        },
        "style_theme": {
          "label": "elegant chic",
          "confidence": 0.26023560762405396
        }
      },
      "dominant_colors": [
        [
          101,
          152,
          159
        ],
        [
          174,
          151,
          158
        ],
        [
          13,
          133,
          131
        ]
      ],
      "texture_histogram": [
        53.0,
        362.0,
        1142.0,
        2135.0,
        4084.0,
        5156.0,
        5009.0,
        3496.0,
        2500.0,
        2468.0,
        1780.0,
        1304.0,
        999.0,
        850.0,
        693.0,
        601.0,
        566.0,
        556.0,
        455.0,
        451.0,
        401.0,
        382.0,
        391.0,
        348.0,
        340.0,
        308.0,
        294.0,
        323.0,
        294.0,
        304.0,
        300.0,
        324.0,
        306.0,
        298.0,
        315.0,
        328.0,
        289.0,
        300.0,
        360.0,
        353.0,
        350.0,
        359.0,
        396.0,
        393.0,
        377.0,
        358.0,
        357.0,
        410.0,
        459.0,
        428.0,
        501.0,
        522.0,
        536.0,
        571.0,
        571.0,
        590.0,
        599.0,
        605.0,
        621.0,
        619.0,
        627.0,
        641.0,
        658.0,
        645.0,
        700.0,
        646.0,
        697.0,
        684.0,
        693.0,
        747.0,
        757.0,
        742.0,
        776.0,
        784.0,
        783.0,
        755.0,
        757.0,
        731.0,
        733.0,
        717.0,
        761.0,
        734.0,
        775.0,
        826.0,
        792.0,
        854.0,
        924.0,
        939.0,
        929.0,
        1048.0,
        1045.0,
        1078.0,
        1113.0,
        1127.0,
        1056.0,
        937.0,
        959.0,
        857.0,
        819.0,
        729.0,
        712.0,
        665.0,
        696.0,
        664.0,
        697.0,
        726.0,
        680.0,
        734.0,
        757.0,
        733.0,
        803.0,
        919.0,
        966.0,
        985.0,
        1052.0,
        1028.0,
        995.0,
        939.0,
        928.0,
        915.0,
        890.0,
        916.0,
        886.0,
        863.0,
        830.0,
        838.0,
        895.0,
        798.0,
        815.0,
        784.0,
        748.0,
        782.0,
        716.0,
        742.0,
        760.0,
        738.0,
        677.0,
        711.0,
        672.0,
        755.0,
        704.0,
        699.0,
        706.0,
        827.0,
        821.0,
        802.0,
        797.0,
        868.0,
        888.0,
        884.0,
        932.0,
        978.0,
        916.0,
        892.0,
        976.0,
        988.0,
        958.0,
        977.0,
        968.0,
        936.0,
        905.0,
        911.0,
        811.0,
        755.0,
        792.0,
        730.0,
        728.0,
        764.0,
        891.0,
        855.0,
        800.0,
        849.0,
        838.0,
        851.0,
        856.0,
        827.0,
        894.0,
        819.0,
        794.0,
        864.0,
        871.0,
        868.0,
        907.0,
        967.0,
        937.0,
        893.0,
        1004.0,
        1034.0,
        997.0,
        1057.0,
        948.0,
        1082.0,
        987.0,
        926.0,
        796.0,
        581.0,
        484.0,
        382.0,
        342.0,
        327.0,
        294.0,
        296.0,
        302.0,
        262.0,
        252.0,
        224.0,
        219.0,
        250.0,
        226.0,
        225.0,
        192.0,
        185.0,
        187.0,
        194.0,
        130.0,
        134.0,
        104.0,
        98.0,
        107.0,
        81.0,
        59.0,
        82.0,
        64.0,
        64.0,
        61.0,
        42.0,
        44.0,
        39.0,
        28.0,
        24.0,
        21.0,
        12.0,
        10.0,
        5.0,
        2.0,
        6.0,
        2.0,
        6.0,
        5.0,
        5.0,
        1.0,
        3.0,
        2.0,
        3.0,
        0.0,
        0.0,
        0.0,
        1.0,
        0.0,
        0.0,
        0.0,
        0.0,
        0.0,
        0.0,
        0.0,
        0.0
      ],
      "silhouette_mask_path": "C:\\Users\\shrad\\TrendWeave\\MERGE_OUTPUT_FINAL\\Catwalks__Women_s_Key_Items___Jewellery_A_W_25_26_en\\page_7\\img_1_mask_0.png"
    }
  ],
  "pose_keypoints": null
}