{
  "image": "C:\\Users\\shrad\\TrendWeave\\TrendWeave\\extracted_data\\Catwalks__Women_s_Key_Items___Jewellery_A_W_25_26_en\\page_7\\img_3.jpeg",
  "items": [
    {
      "yolo_label": "person",
      "bbox": [
        0.0,
        22.913808822631836,
        293.0,
        582.1676635742188
      ],
      "confidence": 0.9339649677276611,
      "clip_attributes": {
        "palette": {
          "label": "bold colors",
          "confidence": 0.22274675965309143
        },
        "dress_silhouette": {
          "label": "shirt dress",
          "confidence": 0.22998462617397308
        },
        "neckline": {
          "label": "square neckline",
          "confidence": 0.2466166466474533
        },
        "sleeve_type": {
          "label": "puffed sleeves",
          "confidence": 0.2458541840314865
        },
        "top_silhouette": {
          "label": "fitted blouse",
          "confidence": 0.22659534215927124
        },
        "bottom_style": {
          "label": "culottes",
          "confidence": 0.22002261877059937
        },
        "outerwear": {
          "label": "denim jacket",
          "confidence": 0.2487463504076004
        },
        "shoe_type": {
          "label": "ankle boots",
          "confidence": 0.20730598270893097
        },
        "bag_type": {
          "label": "shoulder bag",
          "confidence": 0.20579375326633453
        },
        "accessory": {
          "label": "hoop earrings",
          "confidence": 0.27502331137657166
        },
        "hairstyle": {
          "label": "high bun",
          "confidence": 0.24311333894729614
        },
        "setting": {
          "label": "brunch look",
          "confidence": 0.23865707218647003
        },
        "fabric_type": {
          "label": "organza",
          "confidence": 0.229872465133667
        },
        "season": {
          "label": "fall",
          "confidence": 0.21711519360542297
        },
        "style_theme": {
          "label": "elegant chic",
          "confidence": 0.2420768141746521
        }
      },
      "dominant_colors": [
        [
          205,
          137,
          132
        ],
        [
          127,
          133,
          102
        ],
        [
          36,
          132,
          127
        ]
      ],
      "texture_histogram": [
        3.0,
        49.0,
        76.0,
        103.0,
        174.0,
        309.0,
        437.0,
        639.0,
        649.0,
        673.0,
        681.0,
        670.0,
        592.0,
        503.0,
        491.0,
        494.0,
        411.0,
        407.0,
        399.0,
        409.0,
        432.0,
        441.0,
        384.0,
        423.0,
        399.0,
        412.0,
        428.0,
        480.0,
        438.0,
        608.0,
        660.0,
        691.0,
        655.0,
        633.0,
        647.0,
        522.0,
        529.0,
        566.0,
        574.0,
        581.0,
        566.0,
        574.0,
        594.0,
        583.0,
        574.0,
        591.0,
        698.0,
        745.0,
        634.0,
        675.0,
        632.0,
        580.0,
        495.0,
        474.0,
        513.0,
        580.0,
        460.0,
        352.0,
        327.0,
        270.0,
        251.0,
        271.0,
        275.0,
        300.0,
        270.0,
        275.0,
        312.0,
        296.0,
        285.0,
        328.0,
        340.0,
        354.0,
        407.0,
        455.0,
        407.0,
        453.0,
        442.0,
        437.0,
        523.0,
        534.0,
        569.0,
        579.0,
        636.0,
        670.0,
        646.0,
        691.0,
        675.0,
        705.0,
        691.0,
        738.0,
        735.0,
        765.0,
        779.0,
        822.0,
        854.0,
        942.0,
        1026.0,
        1022.0,
        1120.0,
        1226.0,
        1188.0,
        1259.0,
        1222.0,
        1304.0,
        1330.0,
        1391.0,
        1476.0,
        1578.0,
        1592.0,
        1601.0,
        1660.0,
        1834.0,
        1755.0,
        1743.0,
        1742.0,
        1764.0,
        1765.0,
        1700.0,
        1598.0,
        1650.0,
        1750.0,
        1641.0,
        1711.0,
        1638.0,
        1564.0,
        1491.0,
        1407.0,
        1391.0,
        1300.0,
        1359.0,
        1289.0,
        1274.0,
        1204.0,
        1209.0,
        1107.0,
        1067.0,
        1062.0,
        932.0,
        910.0,
        845.0,
        793.0,
        741.0,
        739.0,
        684.0,
        665.0,
        589.0,
        600.0,
        555.0,
        498.0,
        506.0,
        506.0,
        419.0,
        499.0,
        441.0,
        442.0,
        429.0,
        439.0,
        382.0,
        410.0,
        397.0,
        398.0,
        360.0,
        419.0,
        383.0,
        371.0,
        346.0,
        379.0,
        373.0,
        370.0,
        357.0,
        394.0,
        369.0,
        370.0,
        394.0,
        366.0,
        393.0,
        369.0,
        414.0,
        397.0,
        407.0,
        428.0,
        428.0,
        421.0,
        375.0,
        390.0,
        415.0,
        447.0,
        427.0,
        432.0,
        492.0,
        551.0,
        529.0,
        535.0,
        546.0,
        532.0,
        552.0,
        518.0,
        536.0,
        553.0,
        564.0,
        586.0,
        656.0,
        624.0,
        586.0,
        626.0,
        594.0,
        626.0,
        633.0,
        639.0,
        660.0,
        633.0,
        740.0,
        719.0,
        744.0,
        826.0,
        829.0,
        862.0,
        977.0,
        1075.0,
        939.0,
        984.0,
        972.0,
        1069.0,
        1129.0,
        1029.0,
        979.0,
        902.0,
        989.0,
        716.0,
        640.0,
        494.0,
        410.0,
        330.0,
        272.0,
        247.0,
        140.0,
        71.0,
        39.0,
        26.0,
        10.0,
        5.0,
        2.0,
        2.0,
        1.0,
        1.0,
        0.0,
        1.0,
        3.0,
        0.0,
        1.0,
        2.0,
        4.0,
        2.0,
        2.0,
        0.0,
        0.0
      ],
      "silhouette_mask_path": "C:\\Users\\shrad\\TrendWeave\\MERGE_OUTPUT_FINAL\\Catwalks__Women_s_Key_Items___Jewellery_A_W_25_26_en\\page_7\\img_3_mask_0.png"
    }
  ],
  "pose_keypoints": [
    {
      "x": 0.7346888184547424,
      "y": 0.40777134895324707,
      "z": -3.50624680519104,
      "visibility": 0.9860233068466187
    },
    {
      "x": 0.7698929905891418,
      "y": 0.3517603874206543,
      "z": -3.248988628387451,
      "visibility": 0.9785874485969543
    },
    {
      "x": 0.8072340488433838,
      "y": 0.3555335998535156,
      "z": -3.250800371170044,
      "visibility": 0.9752357006072998
    },
    {
      "x": 0.8403444290161133,
      "y": 0.35916662216186523,
      "z": -3.2523341178894043,
      "visibility": 0.9715657830238342
    },
    {
      "x": 0.6427290439605713,
      "y": 0.33874309062957764,
      "z": -3.421085834503174,
      "visibility": 0.9852238893508911
    },
    {
      "x": 0.578113317489624,
      "y": 0.3324621915817261,
      "z": -3.4214682579040527,
      "visibility": 0.9872932434082031
    },
    {
      "x": 0.5051611661911011,
      "y": 0.32497739791870117,
      "z": -3.4240310192108154,
      "visibility": 0.9875718355178833
    },
    {
      "x": 0.7978308200836182,
      "y": 0.38841569423675537,
      "z": -1.8342887163162231,
      "visibility": 0.9726170301437378
    },
    {
      "x": 0.32249170541763306,
      "y": 0.3419302701950073,
      "z": -2.5208308696746826,
      "visibility": 0.9939310550689697
    },
    {
      "x": 0.7695044279098511,
      "y": 0.4967917203903198,
      "z": -2.971280097961426,
      "visibility": 0.9920521974563599
    },
    {
      "x": 0.6161165833473206,
      "y": 0.4858975410461426,
      "z": -3.1725735664367676,
      "visibility": 0.9964471459388733
    },
    {
      "x": 0.9860081672668457,
      "y": 0.8047872185707092,
      "z": -0.7550307512283325,
      "visibility": 0.9569865465164185
    },
    {
      "x": -0.044042348861694336,
      "y": 0.723731517791748,
      "z": -2.1345036029815674,
      "visibility": 0.9819211959838867
    },
    {
      "x": 1.494255542755127,
      "y": 1.1617207527160645,
      "z": -0.2305196076631546,
      "visibility": 0.08317965269088745
    },
    {
      "x": -0.6369190216064453,
      "y": 1.2508699893951416,
      "z": -2.268435478210449,
      "visibility": 0.3168834447860718
    },
    {
      "x": 1.6092480421066284,
      "y": 1.433663010597229,
      "z": -1.1841634511947632,
      "visibility": 0.010501813143491745
    },
    {
      "x": -0.43240317702293396,
      "y": 1.5996050834655762,
      "z": -3.568476915359497,
      "visibility": 0.035919658839702606
    },
    {
      "x": 1.6832677125930786,
      "y": 1.5373634099960327,
      "z": -1.4436485767364502,
      "visibility": 0.01288184616714716
    },
    {
      "x": -0.4213792383670807,
      "y": 1.7390789985656738,
      "z": -3.9569954872131348,
      "visibility": 0.037568140774965286
    },
    {
      "x": 1.6131352186203003,
      "y": 1.52865731716156,
      "z": -1.6491899490356445,
      "visibility": 0.01909572072327137
    },
    {
      "x": -0.2871687710285187,
      "y": 1.7192273139953613,
      "z": -4.210165977478027,
      "visibility": 0.05301160365343094
    },
    {
      "x": 1.5584254264831543,
      "y": 1.4927269220352173,
      "z": -1.3293976783752441,
      "visibility": 0.019347265362739563
    },
    {
      "x": -0.2830444276332855,
      "y": 1.6636418104171753,
      "z": -3.7048089504241943,
      "visibility": 0.05198846384882927
    },
    {
      "x": 0.7521491050720215,
      "y": 1.6252961158752441,
      "z": 0.08484217524528503,
      "visibility": 0.0010711021022871137
    },
    {
      "x": -0.07685679197311401,
      "y": 1.6161658763885498,
      "z": -0.07463007420301437,
      "visibility": 0.0010128755820915103
    },
    {
      "x": 0.7547407150268555,
      "y": 2.2993674278259277,
      "z": 0.6479526162147522,
      "visibility": 0.000703861762303859
    },
    {
      "x": 0.016214698553085327,
      "y": 2.2896976470947266,
      "z": 0.8489341139793396,
      "visibility": 0.00034394979593344033
    },
    {
      "x": 0.6648411750793457,
      "y": 2.8980751037597656,
      "z": 3.3095240592956543,
      "visibility": 6.027857307344675e-05
    },
    {
      "x": -0.04334095120429993,
      "y": 2.8660521507263184,
      "z": 3.3072972297668457,
      "visibility": 4.596693906933069e-05
    },
    {
      "x": 0.6299701929092407,
      "y": 3.0000672340393066,
      "z": 3.4612624645233154,
      "visibility": 2.3905424313852564e-05
    },
    {
      "x": -0.1300441026687622,
      "y": 2.9683821201324463,
      "z": 3.5004146099090576,
      "visibility": 0.0001170495233964175
    },
    {
      "x": 0.676670253276825,
      "y": 3.080169677734375,
      "z": 1.728898525238037,
      "visibility": 0.00011803630331996828
    },
    {
      "x": 0.18830785155296326,
      "y": 3.0467867851257324,
      "z": 1.6071528196334839,
      "visibility": 0.00019069913832936436
    }
  ]
}