{
  "image": "C:\\Users\\shrad\\TrendWeave\\TrendWeave\\extracted_data\\Catwalks__Women_s_APAC_Key_Trends_A_W_25_26_en\\page_11\\img_4.png",
  "items": [
    {
      "yolo_label": "person",
      "bbox": [
        143.5676727294922,
        0.0048202513717114925,
        492.4912109375,
        647.9326171875
      ],
      "confidence": 0.8607579469680786,
      "clip_attributes": {
        "palette": {
          "label": "earth tones",
          "confidence": 0.22586959600448608
        },
        "neckline": {
          "label": "buttoned collar",
          "confidence": 0.2651941180229187
        },
        "sleeve_type": {
          "label": "long sleeves",
          "confidence": 0.21657977998256683
        },
        "top_silhouette": {
          "label": "button-up shirt",
          "confidence": 0.22960545122623444
        },
        "bottom_style": {
          "label": "tailored trousers",
          "confidence": 0.2507738471031189
        },
        "outerwear": {
          "label": "blazer",
          "confidence": 0.23340490460395813
        },
        "shoe_type": {
          "label": "derby shoes",
          "confidence": 0.23575618863105774
        },
        "bag_type": {
          "label": "crossbody bag",
          "confidence": 0.20510248839855194
        },
        "accessory": {
          "label": "cap",
          "confidence": 0.21456287801265717
        },
        "hairstyle": {
          "label": "undercut",
          "confidence": 0.22286054491996765
        },
        "setting": {
          "label": "smart casual",
          "confidence": 0.2507660984992981
        },
        "fabric_type": {
          "label": "linen",
          "confidence": 0.24527660012245178
        },
        "season": {
          "label": "spring",
          "confidence": 0.21391411125659943
        },
        "style_theme": {
          "label": "grunge",
          "confidence": 0.22768829762935638
        }
      },
      "dominant_colors": [
        [
          183,
          120,
          138
        ],
        [
          121,
          120,
          140
        ],
        [
          48,
          126,
          129
        ]
      ],
      "texture_histogram": [
        0.0,
        4.0,
        18.0,
        42.0,
        102.0,
        211.0,
        257.0,
        223.0,
        225.0,
        191.0,
        161.0,
        128.0,
        143.0,
        149.0,
        164.0,
        320.0,
        405.0,
        458.0,
        493.0,
        532.0,
        573.0,
        669.0,
        904.0,
        900.0,
        957.0,
        1005.0,
        1107.0,
        1274.0,
        1287.0,
        1197.0,
        1181.0,
        1348.0,
        1479.0,
        1435.0,
        1510.0,
        1497.0,
        1631.0,
        1463.0,
        1607.0,
        1606.0,
        1500.0,
        1380.0,
        1262.0,
        1310.0,
        1334.0,
        1351.0,
        1411.0,
        1449.0,
        1475.0,
        1505.0,
        1606.0,
        1665.0,
        1721.0,
        1816.0,
        2012.0,
        1939.0,
        2024.0,
        1921.0,
        1763.0,
        1579.0,
        1368.0,
        1187.0,
        1103.0,
        1059.0,
        876.0,
        891.0,
        883.0,
        852.0,
        895.0,
        1055.0,
        1189.0,
        1045.0,
        854.0,
        823.0,
        894.0,
        966.0,
        978.0,
        1108.0,
        1188.0,
        1247.0,
        1219.0,
        1123.0,
        1159.0,
        1092.0,
        1090.0,
        1092.0,
        1151.0,
        1139.0,
        1099.0,
        1147.0,
        1274.0,
        1231.0,
        1345.0,
        1372.0,
        1378.0,
        1321.0,
        1311.0,
        1369.0,
        1600.0,
        1372.0,
        1308.0,
        1349.0,
        1319.0,
        1335.0,
        1297.0,
        1239.0,
        1309.0,
        1209.0,
        1214.0,
        1286.0,
        1212.0,
        1157.0,
        1222.0,
        1274.0,
        1286.0,
        1182.0,
        1097.0,
        1096.0,
        1115.0,
        1133.0,
        1207.0,
        1220.0,
        1209.0,
        1183.0,
        1311.0,
        1329.0,
        1379.0,
        1464.0,
        1353.0,
        1500.0,
        1499.0,
        1544.0,
        1589.0,
        1580.0,
        1630.0,
        1625.0,
        1583.0,
        1615.0,
        1672.0,
        1647.0,
        1577.0,
        1662.0,
        1649.0,
        1617.0,
        1500.0,
        1520.0,
        1473.0,
        1505.0,
        1494.0,
        1392.0,
        1438.0,
        1472.0,
        1358.0,
        1374.0,
        1339.0,
        1272.0,
        1265.0,
        1204.0,
        1152.0,
        1073.0,
        1109.0,
        1048.0,
        1073.0,
        1025.0,
        1059.0,
        909.0,
        874.0,
        808.0,
        762.0,
        739.0,
        723.0,
        650.0,
        566.0,
        552.0,
        530.0,
        536.0,
        454.0,
        427.0,
        401.0,
        427.0,
        364.0,
        381.0,
        378.0,
        308.0,
        316.0,
        303.0,
        314.0,
        323.0,
        285.0,
        273.0,
        261.0,
        272.0,
        255.0,
        281.0,
        294.0,
        351.0,
        392.0,
        441.0,
        499.0,
        478.0,
        482.0,
        485.0,
        530.0,
        505.0,
        432.0,
        447.0,
        438.0,
        364.0,
        361.0,
        417.0,
        619.0,
        752.0,
        563.0,
        585.0,
        718.0,
        615.0,
        498.0,
        508.0,
        631.0,
        803.0,
        1067.0,
        1343.0,
        1657.0,
        793.0,
        119.0,
        71.0,
        48.0,
        40.0,
        36.0,
        24.0,
        24.0,
        19.0,
        14.0,
        13.0,
        1.0,
        2.0,
        0.0,
        0.0,
        0.0,
        0.0,
        0.0,
        0.0,
        0.0,
        0.0,
        0.0,
        0.0,
        0.0,
        0.0,
        0.0,
        0.0,
        0.0,
        0.0,
        0.0,
        0.0,
        0.0,
        0.0
      ],
      "silhouette_mask_path": "C:\\Users\\shrad\\TrendWeave\\MERGE_OUTPUT_FINAL\\Catwalks__Women_s_APAC_Key_Trends_A_W_25_26_en\\page_11\\img_4_mask_0.png"
    }
  ],
  "pose_keypoints": [
    {
      "x": 0.5208219885826111,
      "y": 0.1312503218650818,
      "z": -0.16636531054973602,
      "visibility": 0.9990103244781494
    },
    {
      "x": 0.5371546745300293,
      "y": 0.11056548357009888,
      "z": -0.12265024334192276,
      "visibility": 0.9988478422164917
    },
    {
      "x": 0.5467919111251831,
      "y": 0.11258847266435623,
      "z": -0.12293516844511032,
      "visibility": 0.9988447427749634
    },
    {
      "x": 0.5561957359313965,
      "y": 0.11487680673599243,
      "z": -0.12339292466640472,
      "visibility": 0.9990289211273193
    },
    {
      "x": 0.5058056712150574,
      "y": 0.1070203185081482,
      "z": -0.13416911661624908,
      "visibility": 0.9989321827888489
    },
    {
      "x": 0.49439936876296997,
      "y": 0.10700463503599167,
      "z": -0.13409432768821716,
      "visibility": 0.9988009929656982
    },
    {
      "x": 0.48343610763549805,
      "y": 0.10733092576265335,
      "z": -0.13440805673599243,
      "visibility": 0.9989526271820068
    },
    {
      "x": 0.5670543909072876,
      "y": 0.13224732875823975,
      "z": 0.10469326376914978,
      "visibility": 0.9989762306213379
    },
    {
      "x": 0.4644466042518616,
      "y": 0.120974600315094,
      "z": 0.05580529943108559,
      "visibility": 0.9992554783821106
    },
    {
      "x": 0.5367598533630371,
      "y": 0.1666182279586792,
      "z": -0.07820626348257065,
      "visibility": 0.9992081522941589
    },
    {
      "x": 0.4973149597644806,
      "y": 0.16088902950286865,
      "z": -0.09268511086702347,
      "visibility": 0.9993141889572144
    },
    {
      "x": 0.6260718107223511,
      "y": 0.2845241129398346,
      "z": 0.22111046314239502,
      "visibility": 0.9994739890098572
    },
    {
      "x": 0.3783366084098816,
      "y": 0.28035151958465576,
      "z": 0.0707334578037262,
      "visibility": 0.9987177848815918
    },
    {
      "x": 0.6774150133132935,
      "y": 0.46733176708221436,
      "z": 0.2765010595321655,
      "visibility": 0.6907141208648682
    },
    {
      "x": 0.32185089588165283,
      "y": 0.4586605429649353,
      "z": 0.019619407132267952,
      "visibility": 0.6257927417755127
    },
    {
      "x": 0.6245353817939758,
      "y": 0.5772115588188171,
      "z": 0.1524723470211029,
      "visibility": 0.35514748096466064
    },
    {
      "x": 0.40258851647377014,
      "y": 0.5911923050880432,
      "z": -0.12914307415485382,
      "visibility": 0.2024449110031128
    },
    {
      "x": 0.6141311526298523,
      "y": 0.6196049451828003,
      "z": 0.09756090492010117,
      "visibility": 0.32265618443489075
    },
    {
      "x": 0.4158264398574829,
      "y": 0.6408063769340515,
      "z": -0.1830531358718872,
      "visibility": 0.20144318044185638
    },
    {
      "x": 0.6066545844078064,
      "y": 0.5976458191871643,
      "z": 0.0800103098154068,
      "visibility": 0.33552286028862
    },
    {
      "x": 0.4312913715839386,
      "y": 0.6237057447433472,
      "z": -0.22047890722751617,
      "visibility": 0.20876716077327728
    },
    {
      "x": 0.5967543721199036,
      "y": 0.5866000652313232,
      "z": 0.14267109334468842,
      "visibility": 0.3447042405605316
    },
    {
      "x": 0.43476906418800354,
      "y": 0.6066033244132996,
      "z": -0.14645028114318848,
      "visibility": 0.22526651620864868
    },
    {
      "x": 0.566813051700592,
      "y": 0.6616700887680054,
      "z": 0.06517919898033142,
      "visibility": 0.9975398778915405
    },
    {
      "x": 0.40311577916145325,
      "y": 0.6633235216140747,
      "z": -0.06413377076387405,
      "visibility": 0.9965002536773682
    },
    {
      "x": 0.6078265309333801,
      "y": 0.8903113603591919,
      "z": -0.10484904795885086,
      "visibility": 0.8271211981773376
    },
    {
      "x": 0.4151950478553772,
      "y": 0.9517627954483032,
      "z": -0.06522653996944427,
      "visibility": 0.7027813792228699
    },
    {
      "x": 0.5957803726196289,
      "y": 1.1523340940475464,
      "z": 0.3600444495677948,
      "visibility": 0.2757667601108551
    },
    {
      "x": 0.41087865829467773,
      "y": 1.1480246782302856,
      "z": 0.49399781227111816,
      "visibility": 0.17654037475585938
    },
    {
      "x": 0.5766358971595764,
      "y": 1.1795268058776855,
      "z": 0.3982754945755005,
      "visibility": 0.22041115164756775
    },
    {
      "x": 0.40970131754875183,
      "y": 1.1715993881225586,
      "z": 0.5461655855178833,
      "visibility": 0.09927712380886078
    },
    {
      "x": 0.629514217376709,
      "y": 1.2577292919158936,
      "z": 0.18512873351573944,
      "visibility": 0.12432500720024109
    },
    {
      "x": 0.42057061195373535,
      "y": 1.2434511184692383,
      "z": 0.3243146240711212,
      "visibility": 0.08039738982915878
    }
  ]
}