{
  "image": "C:\\Users\\shrad\\TrendWeave\\TrendWeave\\extracted_data\\Catwalks__Women_s_Colour_A_W_25_26_en\\page_4\\img_2.jpeg",
  "items": [
    {
      "yolo_label": "person",
      "bbox": [
        95.44371032714844,
        39.117374420166016,
        212.83914184570312,
        326.41802978515625
      ],
      "confidence": 0.8950548768043518,
      "clip_attributes": {
        "palette": {
          "label": "pastel",
          "confidence": 0.22238771617412567
        },
        "dress_silhouette": {
          "label": "wrap dress",
          "confidence": 0.24101141095161438
        },
        "neckline": {
          "label": "square neckline",
          "confidence": 0.24774569272994995
        },
        "sleeve_type": {
          "label": "puffed sleeves",
          "confidence": 0.26677390933036804
        },
        "top_silhouette": {
          "label": "wrap top",
          "confidence": 0.23993417620658875
        },
        "bottom_style": {
          "label": "culottes",
          "confidence": 0.23198553919792175
        },
        "outerwear": {
          "label": "long coat",
          "confidence": 0.2616878151893616
        },
        "shoe_type": {
          "label": "ballet flats",
          "confidence": 0.18165825307369232
        },
        "bag_type": {
          "label": "shoulder bag",
          "confidence": 0.21040402352809906
        },
        "accessory": {
          "label": "hairband",
          "confidence": 0.20257146656513214
        },
        "hairstyle": {
          "label": "straight hair",
          "confidence": 0.19637732207775116
        },
        "setting": {
          "label": "office wear",
          "confidence": 0.22377794981002808
        },
        "fabric_type": {
          "label": "satin",
          "confidence": 0.2655748128890991
        },
        "season": {
          "label": "winter",
          "confidence": 0.1986379772424698
        },
        "style_theme": {
          "label": "vintage",
          "confidence": 0.22119168937206268
        }
      },
      "dominant_colors": [
        [
          121,
          131,
          111
        ],
        [
          60,
          130,
          119
        ],
        [
          193,
          129,
          111
        ]
      ],
      "texture_histogram": [
        0.0,
        0.0,
        0.0,
        0.0,
        0.0,
        0.0,
        0.0,
        0.0,
        0.0,
        0.0,
        0.0,
        0.0,
        0.0,
        0.0,
        0.0,
        0.0,
        0.0,
        1.0,
        0.0,
        0.0,
        1.0,
        0.0,
        0.0,
        2.0,
        0.0,
        2.0,
        0.0,
        1.0,
        3.0,
        8.0,
        6.0,
        33.0,
        77.0,
        117.0,
        134.0,
        170.0,
        133.0,
        145.0,
        183.0,
        198.0,
        252.0,
        310.0,
        394.0,
        443.0,
        369.0,
        414.0,
        460.0,
        506.0,
        590.0,
        697.0,
        719.0,
        692.0,
        632.0,
        597.0,
        541.0,
        535.0,
        493.0,
        455.0,
        399.0,
        392.0,
        369.0,
        365.0,
        376.0,
        335.0,
        363.0,
        347.0,
        333.0,
        332.0,
        379.0,
        433.0,
        344.0,
        372.0,
        338.0,
        305.0,
        248.0,
        261.0,
        257.0,
        239.0,
        229.0,
        216.0,
        193.0,
        190.0,
        185.0,
        163.0,
        139.0,
        128.0,
        145.0,
        130.0,
        144.0,
        159.0,
        152.0,
        124.0,
        149.0,
        164.0,
        132.0,
        143.0,
        129.0,
        132.0,
        108.0,
        119.0,
        107.0,
        113.0,
        117.0,
        118.0,
        102.0,
        104.0,
        112.0,
        131.0,
        142.0,
        133.0,
        94.0,
        106.0,
        105.0,
        101.0,
        108.0,
        125.0,
        95.0,
        97.0,
        92.0,
        106.0,
        108.0,
        95.0,
        72.0,
        84.0,
        103.0,
        95.0,
        67.0,
        75.0,
        78.0,
        91.0,
        78.0,
        85.0,
        79.0,
        87.0,
        82.0,
        80.0,
        83.0,
        83.0,
        80.0,
        73.0,
        85.0,
        87.0,
        74.0,
        83.0,
        102.0,
        79.0,
        73.0,
        89.0,
        90.0,
        81.0,
        75.0,
        93.0,
        96.0,
        104.0,
        97.0,
        99.0,
        103.0,
        88.0,
        105.0,
        98.0,
        111.0,
        100.0,
        105.0,
        97.0,
        116.0,
        131.0,
        135.0,
        118.0,
        133.0,
        124.0,
        118.0,
        144.0,
        128.0,
        123.0,
        112.0,
        116.0,
        106.0,
        120.0,
        123.0,
        108.0,
        108.0,
        117.0,
        102.0,
        138.0,
        90.0,
        89.0,
        129.0,
        94.0,
        122.0,
        121.0,
        96.0,
        129.0,
        129.0,
        122.0,
        113.0,
        145.0,
        131.0,
        171.0,
        131.0,
        156.0,
        152.0,
        151.0,
        139.0,
        134.0,
        137.0,
        132.0,
        149.0,
        126.0,
        122.0,
        132.0,
        118.0,
        112.0,
        124.0,
        84.0,
        92.0,
        97.0,
        70.0,
        80.0,
        80.0,
        61.0,
        58.0,
        60.0,
        67.0,
        50.0,
        29.0,
        21.0,
        16.0,
        8.0,
        5.0,
        2.0,
        4.0,
        3.0,
        2.0,
        0.0,
        0.0,
        1.0,
        0.0,
        0.0,
        0.0,
        0.0,
        0.0,
        0.0,
        0.0,
        0.0,
        0.0,
        0.0,
        0.0,
        0.0,
        0.0,
        0.0,
        0.0,
        0.0,
        0.0,
        0.0,
        0.0,
        0.0
      ],
      "silhouette_mask_path": "C:\\Users\\shrad\\TrendWeave\\MERGE_OUTPUT_FINAL\\Catwalks__Women_s_Colour_A_W_25_26_en\\page_4\\img_2_mask_0.png"
    }
  ],
  "pose_keypoints": [
    {
      "x": 0.5549134016036987,
      "y": 0.24863313138484955,
      "z": -0.4668736755847931,
      "visibility": 0.9999412298202515
    },
    {
      "x": 0.5643618106842041,
      "y": 0.2312370389699936,
      "z": -0.42576390504837036,
      "visibility": 0.9999233484268188
    },
    {
      "x": 0.5696684122085571,
      "y": 0.23237168788909912,
      "z": -0.42579978704452515,
      "visibility": 0.9998552799224854
    },
    {
      "x": 0.5744636654853821,
      "y": 0.2332015037536621,
      "z": -0.4258873760700226,
      "visibility": 0.9998131394386292
    },
    {
      "x": 0.5431053042411804,
      "y": 0.22302427887916565,
      "z": -0.4569792151451111,
      "visibility": 0.9999570846557617
    },
    {
      "x": 0.5323103070259094,
      "y": 0.21850135922431946,
      "z": -0.45697683095932007,
      "visibility": 0.999954104423523
    },
    {
      "x": 0.5219948887825012,
      "y": 0.2142334282398224,
      "z": -0.45708444714546204,
      "visibility": 0.9999688863754272
    },
    {
      "x": 0.5647481679916382,
      "y": 0.23819343745708466,
      "z": -0.19917677342891693,
      "visibility": 0.9996906518936157
    },
    {
      "x": 0.4940008819103241,
      "y": 0.2188911736011505,
      "z": -0.33897504210472107,
      "visibility": 0.99998939037323
    },
    {
      "x": 0.554310142993927,
      "y": 0.2753866910934448,
      "z": -0.3777958154678345,
      "visibility": 0.9998935461044312
    },
    {
      "x": 0.5298920273780823,
      "y": 0.2671203315258026,
      "z": -0.4173157811164856,
      "visibility": 0.999981164932251
    },
    {
      "x": 0.5378657579421997,
      "y": 0.36700350046157837,
      "z": 0.10177406668663025,
      "visibility": 0.9976339340209961
    },
    {
      "x": 0.4515759348869324,
      "y": 0.358778178691864,
      "z": -0.39232176542282104,
      "visibility": 0.9999493360519409
    },
    {
      "x": 0.5422567129135132,
      "y": 0.5219934582710266,
      "z": 0.30525174736976624,
      "visibility": 0.10149212926626205
    },
    {
      "x": 0.36856207251548767,
      "y": 0.5703436732292175,
      "z": -0.35521313548088074,
      "visibility": 0.9849318861961365
    },
    {
      "x": 0.5980194807052612,
      "y": 0.5953569412231445,
      "z": 0.24790166318416595,
      "visibility": 0.24857580661773682
    },
    {
      "x": 0.5086979866027832,
      "y": 0.6571024656295776,
      "z": -0.2850620746612549,
      "visibility": 0.9413447380065918
    },
    {
      "x": 0.6113713979721069,
      "y": 0.6278479695320129,
      "z": 0.23006679117679596,
      "visibility": 0.27092286944389343
    },
    {
      "x": 0.5359076857566833,
      "y": 0.6841404438018799,
      "z": -0.3242346942424774,
      "visibility": 0.8955448269844055
    },
    {
      "x": 0.6216427087783813,
      "y": 0.6151536703109741,
      "z": 0.1963815987110138,
      "visibility": 0.27664563059806824
    },
    {
      "x": 0.5516762733459473,
      "y": 0.660957396030426,
      "z": -0.3361896872520447,
      "visibility": 0.8983639478683472
    },
    {
      "x": 0.6082026362419128,
      "y": 0.6059772968292236,
      "z": 0.22816142439842224,
      "visibility": 0.2889234721660614
    },
    {
      "x": 0.5424016714096069,
      "y": 0.6510862708091736,
      "z": -0.28215688467025757,
      "visibility": 0.8953942656517029
    },
    {
      "x": 0.464608371257782,
      "y": 0.7139123678207397,
      "z": 0.15876172482967377,
      "visibility": 0.9882425665855408
    },
    {
      "x": 0.4021526277065277,
      "y": 0.7130133509635925,
      "z": -0.15865036845207214,
      "visibility": 0.9930528998374939
    },
    {
      "x": 0.42314156889915466,
      "y": 0.9123398661613464,
      "z": 0.3690146803855896,
      "visibility": 0.39600780606269836
    },
    {
      "x": 0.4013626277446747,
      "y": 0.9355241060256958,
      "z": 0.03638855740427971,
      "visibility": 0.7723311185836792
    },
    {
      "x": 0.4137170612812042,
      "y": 1.1044138669967651,
      "z": 0.6664896607398987,
      "visibility": 0.21289145946502686
    },
    {
      "x": 0.3704218566417694,
      "y": 1.135920524597168,
      "z": 0.3387364447116852,
      "visibility": 0.35648614168167114
    },
    {
      "x": 0.3863869607448578,
      "y": 1.137646198272705,
      "z": 0.6856008172035217,
      "visibility": 0.2784895598888397
    },
    {
      "x": 0.3399597704410553,
      "y": 1.1626824140548706,
      "z": 0.3656092584133148,
      "visibility": 0.369902104139328
    },
    {
      "x": 0.4853574335575104,
      "y": 1.1624085903167725,
      "z": 0.5709733963012695,
      "visibility": 0.22411340475082397
    },
    {
      "x": 0.45220091938972473,
      "y": 1.2048207521438599,
      "z": 0.1977241337299347,
      "visibility": 0.2898711860179901
    }
  ]
}