{
  "image": "C:\\Users\\shrad\\TrendWeave\\TrendWeave\\extracted_data\\Catwalks__Women_s_Footwear___Bags_Colour_A_W_25_26_en\\page_18\\img_4.jpeg",
  "items": [
    {
      "yolo_label": "person",
      "bbox": [
        84.76050567626953,
        1.6966155767440796,
        629.0457153320312,
        679.3594360351562
      ],
      "confidence": 0.5943339467048645,
      "clip_attributes": {
        "palette": {
          "label": "bold colors",
          "confidence": 0.2306472510099411
        },
        "dress_silhouette": {
          "label": "fit and flare",
          "confidence": 0.22191119194030762
        },
        "neckline": {
          "label": "square neckline",
          "confidence": 0.2483677864074707
        },
        "sleeve_type": {
          "label": "bell sleeves",
          "confidence": 0.23240888118743896
        },
        "top_silhouette": {
          "label": "wrap top",
          "confidence": 0.22395803034305573
        },
        "bottom_style": {
          "label": "flared pants",
          "confidence": 0.21522364020347595
        },
        "outerwear": {
          "label": "long coat",
          "confidence": 0.23662464320659637
        },
        "shoe_type": {
          "label": "ankle boots",
          "confidence": 0.2311246544122696
        },
        "bag_type": {
          "label": "shoulder bag",
          "confidence": 0.2789701521396637
        },
        "accessory": {
          "label": "scarf",
          "confidence": 0.2145998626947403
        },
        "hairstyle": {
          "label": "loose curls",
          "confidence": 0.20459939539432526
        },
        "setting": {
          "label": "street style",
          "confidence": 0.22842317819595337
        },
        "fabric_type": {
          "label": "satin",
          "confidence": 0.2510347068309784
        },
        "season": {
          "label": "fall",
          "confidence": 0.21304252743721008
        },
        "style_theme": {
          "label": "elegant chic",
          "confidence": 0.2415345460176468
        }
      },
      "dominant_colors": [
        [
          9,
          132,
          129
        ],
        [
          115,
          140,
          132
        ],
        [
          38,
          148,
          136
        ]
      ],
      "texture_histogram": [
        617.0,
        5754.0,
        12844.0,
        9720.0,
        10854.0,
        6232.0,
        6808.0,
        7920.0,
        8229.0,
        8216.0,
        8236.0,
        7952.0,
        7989.0,
        7984.0,
        8479.0,
        9188.0,
        9604.0,
        9634.0,
        9849.0,
        10265.0,
        9983.0,
        9718.0,
        9196.0,
        8298.0,
        7338.0,
        6603.0,
        5897.0,
        5252.0,
        4569.0,
        4246.0,
        3887.0,
        3521.0,
        3260.0,
        3070.0,
        2842.0,
        2692.0,
        2517.0,
        2471.0,
        2356.0,
        2265.0,
        2269.0,
        2182.0,
        2096.0,
        2024.0,
        1979.0,
        1844.0,
        1778.0,
        1696.0,
        1678.0,
        1549.0,
        1596.0,
        1549.0,
        1482.0,
        1500.0,
        1364.0,
        1484.0,
        1324.0,
        1431.0,
        1308.0,
        1383.0,
        1311.0,
        1265.0,
        1327.0,
        1260.0,
        1189.0,
        1218.0,
        1153.0,
        1180.0,
        1207.0,
        1188.0,
        1168.0,
        1201.0,
        1214.0,
        1193.0,
        1217.0,
        1227.0,
        1273.0,
        1340.0,
        1293.0,
        1236.0,
        1250.0,
        1195.0,
        1292.0,
        1202.0,
        1202.0,
        1150.0,
        1087.0,
        1074.0,
        1055.0,
        980.0,
        798.0,
        804.0,
        775.0,
        762.0,
        832.0,
        835.0,
        827.0,
        773.0,
        721.0,
        772.0,
        819.0,
        716.0,
        645.0,
        576.0,
        541.0,
        503.0,
        632.0,
        725.0,
        742.0,
        689.0,
        522.0,
        444.0,
        386.0,
        329.0,
        345.0,
        315.0,
        278.0,
        289.0,
        280.0,
        310.0,
        296.0,
        282.0,
        296.0,
        280.0,
        303.0,
        289.0,
        261.0,
        265.0,
        231.0,
        253.0,
        234.0,
        252.0,
        235.0,
        251.0,
        283.0,
        226.0,
        223.0,
        226.0,
        221.0,
        241.0,
        231.0,
        222.0,
        234.0,
        241.0,
        226.0,
        210.0,
        205.0,
        222.0,
        181.0,
        206.0,
        185.0,
        183.0,
        204.0,
        162.0,
        203.0,
        185.0,
        158.0,
        140.0,
        126.0,
        137.0,
        145.0,
        144.0,
        145.0,
        157.0,
        148.0,
        142.0,
        143.0,
        138.0,
        134.0,
        149.0,
        149.0,
        124.0,
        129.0,
        156.0,
        136.0,
        137.0,
        113.0,
        127.0,
        126.0,
        121.0,
        106.0,
        99.0,
        109.0,
        81.0,
        99.0,
        103.0,
        65.0,
        65.0,
        69.0,
        57.0,
        68.0,
        60.0,
        56.0,
        53.0,
        48.0,
        42.0,
        50.0,
        45.0,
        36.0,
        59.0,
        50.0,
        43.0,
        31.0,
        50.0,
        39.0,
        31.0,
        42.0,
        49.0,
        34.0,
        36.0,
        44.0,
        43.0,
        35.0,
        27.0,
        38.0,
        50.0,
        42.0,
        46.0,
        43.0,
        45.0,
        36.0,
        41.0,
        44.0,
        46.0,
        48.0,
        38.0,
        37.0,
        54.0,
        46.0,
        50.0,
        51.0,
        48.0,
        52.0,
        51.0,
        51.0,
        48.0,
        64.0,
        53.0,
        56.0,
        56.0,
        55.0,
        67.0,
        53.0,
        61.0,
        54.0,
        57.0,
        40.0,
        41.0,
        41.0,
        29.0,
        30.0,
        35.0,
        5.0,
        9.0,
        0.0,
        0.0
      ],
      "silhouette_mask_path": "C:\\Users\\shrad\\TrendWeave\\MERGE_OUTPUT_FINAL\\Catwalks__Women_s_Footwear___Bags_Colour_A_W_25_26_en\\page_18\\img_4_mask_0.png"
    }
  ],
  "pose_keypoints": null
}