{
  "image": "C:\\Users\\shrad\\TrendWeave\\TrendWeave\\extracted_data\\Catwalks__Women_s_Footwear___Bags_Colour_A_W_25_26_en\\page_18\\img_1.jpeg",
  "items": [
    {
      "yolo_label": "person",
      "bbox": [
        283.93133544921875,
        0.0,
        1028.434326171875,
        668.3614501953125
      ],
      "confidence": 0.9091682434082031,
      "clip_attributes": {
        "palette": {
          "label": "bold colors",
          "confidence": 0.2106793224811554
        },
        "dress_silhouette": {
          "label": "fit and flare",
          "confidence": 0.21839454770088196
        },
        "neckline": {
          "label": "square neckline",
          "confidence": 0.21589455008506775
        },
        "sleeve_type": {
          "label": "bell sleeves",
          "confidence": 0.1997900903224945
        },
        "top_silhouette": {
          "label": "peplum",
          "confidence": 0.17149579524993896
        },
        "bottom_style": {
          "label": "culottes",
          "confidence": 0.22870077192783356
        },
        "outerwear": {
          "label": "blazer",
          "confidence": 0.2020188271999359
        },
        "shoe_type": {
          "label": "heels",
          "confidence": 0.2626495063304901
        },
        "bag_type": {
          "label": "crossbody bag",
          "confidence": 0.19618789851665497
        },
        "accessory": {
          "label": "watch",
          "confidence": 0.20439553260803223
        },
        "hairstyle": {
          "label": "loose curls",
          "confidence": 0.1770273596048355
        },
        "setting": {
          "label": "office wear",
          "confidence": 0.2307121455669403
        },
        "fabric_type": {
          "label": "satin",
          "confidence": 0.23840318620204926
        },
        "season": {
          "label": "fall",
          "confidence": 0.2015562504529953
        },
        "style_theme": {
          "label": "elegant chic",
          "confidence": 0.23008513450622559
        }
      },
      "dominant_colors": [
        [
          94,
          127,
          144
        ],
        [
          144,
          137,
          153
        ],
        [
          28,
          142,
          136
        ]
      ],
      "texture_histogram": [
        0.0,
        12.0,
        63.0,
        82.0,
        70.0,
        90.0,
        111.0,
        203.0,
        287.0,
        472.0,
        577.0,
        805.0,
        1108.0,
        1552.0,
        2353.0,
        3081.0,
        3603.0,
        3585.0,
        3093.0,
        2723.0,
        2410.0,
        2021.0,
        1764.0,
        1676.0,
        1578.0,
        1331.0,
        1427.0,
        1206.0,
        1137.0,
        997.0,
        939.0,
        886.0,
        847.0,
        785.0,
        805.0,
        718.0,
        669.0,
        637.0,
        601.0,
        578.0,
        598.0,
        586.0,
        604.0,
        603.0,
        625.0,
        685.0,
        739.0,
        851.0,
        895.0,
        947.0,
        979.0,
        1000.0,
        1033.0,
        1179.0,
        1204.0,
        1396.0,
        1554.0,
        1635.0,
        1697.0,
        1766.0,
        1745.0,
        1693.0,
        1714.0,
        1814.0,
        1829.0,
        1973.0,
        2141.0,
        2437.0,
        2586.0,
        2740.0,
        3127.0,
        3583.0,
        3996.0,
        4396.0,
        4916.0,
        5792.0,
        6360.0,
        7482.0,
        8093.0,
        9006.0,
        9904.0,
        10454.0,
        11122.0,
        11667.0,
        11973.0,
        12505.0,
        12584.0,
        12209.0,
        11803.0,
        11144.0,
        10561.0,
        9768.0,
        9271.0,
        8549.0,
        7746.0,
        7156.0,
        6515.0,
        6000.0,
        5534.0,
        5347.0,
        5012.0,
        4779.0,
        4488.0,
        4531.0,
        4361.0,
        4249.0,
        4058.0,
        3931.0,
        3779.0,
        3693.0,
        3441.0,
        3382.0,
        3169.0,
        2988.0,
        2862.0,
        2916.0,
        2827.0,
        2780.0,
        2801.0,
        2741.0,
        2653.0,
        2709.0,
        2569.0,
        2557.0,
        2472.0,
        2301.0,
        2294.0,
        2268.0,
        2186.0,
        2235.0,
        2165.0,
        2228.0,
        2089.0,
        2163.0,
        2052.0,
        1977.0,
        1941.0,
        1912.0,
        1946.0,
        1828.0,
        1795.0,
        1719.0,
        1763.0,
        1772.0,
        1857.0,
        1817.0,
        1898.0,
        1908.0,
        1864.0,
        1936.0,
        1858.0,
        1776.0,
        1671.0,
        1651.0,
        1625.0,
        1510.0,
        1422.0,
        1307.0,
        1204.0,
        1091.0,
        963.0,
        833.0,
        760.0,
        698.0,
        621.0,
        519.0,
        408.0,
        401.0,
        348.0,
        313.0,
        283.0,
        267.0,
        262.0,
        214.0,
        245.0,
        231.0,
        205.0,
        184.0,
        196.0,
        176.0,
        148.0,
        190.0,
        145.0,
        172.0,
        113.0,
        117.0,
        119.0,
        113.0,
        94.0,
        104.0,
        98.0,
        81.0,
        69.0,
        56.0,
        53.0,
        63.0,
        49.0,
        40.0,
        40.0,
        26.0,
        38.0,
        25.0,
        23.0,
        18.0,
        10.0,
        10.0,
        5.0,
        5.0,
        6.0,
        4.0,
        6.0,
        5.0,
        2.0,
        0.0,
        1.0,
        2.0,
        0.0,
        0.0,
        2.0,
        1.0,
        1.0,
        3.0,
        0.0,
        0.0,
        0.0,
        1.0,
        0.0,
        1.0,
        0.0,
        1.0,
        2.0,
        0.0,
        0.0,
        0.0,
        0.0,
        0.0,
        0.0,
        0.0,
        0.0,
        0.0,
        0.0,
        0.0,
        0.0,
        0.0,
        0.0,
        0.0,
        0.0,
        0.0,
        0.0,
        0.0,
        0.0,
        0.0,
        1.0,
        0.0,
        0.0,
        0.0
      ],
      "silhouette_mask_path": "C:\\Users\\shrad\\TrendWeave\\MERGE_OUTPUT_FINAL\\Catwalks__Women_s_Footwear___Bags_Colour_A_W_25_26_en\\page_18\\img_1_mask_0.png"
    }
  ],
  "pose_keypoints": null
}