{
  "image": "C:\\Users\\shrad\\TrendWeave\\TrendWeave\\extracted_data\\Catwalks__Women_s_Footwear___Bags_Colour_A_W_25_26_en\\page_18\\img_5.png",
  "items": [
    {
      "yolo_label": "suitcase",
      "bbox": [
        556.8360595703125,
        5.788331031799316,
        937.5008544921875,
        426.4339599609375
      ],
      "confidence": 0.5503427982330322,
      "clip_attributes": {
        "palette": {
          "label": "bold colors",
          "confidence": 0.2409394532442093
        },
        "neckline": {
          "label": "mandarin collar",
          "confidence": 0.24554240703582764
        },
        "sleeve_type": {
          "label": "rolled sleeves",
          "confidence": 0.2300231009721756
        },
        "top_silhouette": {
          "label": "button-up shirt",
          "confidence": 0.21818029880523682
        },
        "bottom_style": {
          "label": "tailored trousers",
          "confidence": 0.239587664604187
        },
        "outerwear": {
          "label": "blazer",
          "confidence": 0.22362403571605682
        },
        "shoe_type": {
          "label": "derby shoes",
          "confidence": 0.2521779537200928
        },
        "bag_type": {
          "label": "crossbody bag",
          "confidence": 0.28235137462615967
        },
        "accessory": {
          "label": "chain",
          "confidence": 0.2225990891456604
        },
        "hairstyle": {
          "label": "slick back",
          "confidence": 0.21544498205184937
        },
        "setting": {
          "label": "smart casual",
          "confidence": 0.24833498895168304
        },
        "fabric_type": {
          "label": "polyester",
          "confidence": 0.2174227237701416
        },
        "season": {
          "label": "spring",
          "confidence": 0.19238533079624176
        },
        "style_theme": {
          "label": "streetwear",
          "confidence": 0.22734729945659637
        }
      },
      "dominant_colors": [
        [
          192,
          135,
          144
        ],
        [
          30,
          149,
          138
        ],
        [
          104,
          146,
          141
        ]
      ],
      "texture_histogram": [
        71.0,
        379.0,
        3064.0,
        3268.0,
        2398.0,
        2133.0,
        1732.0,
        1479.0,
        1270.0,
        1279.0,
        1138.0,
        1071.0,
        1085.0,
        1228.0,
        1298.0,
        1474.0,
        1794.0,
        2000.0,
        2263.0,
        2418.0,
        2765.0,
        2626.0,
        3026.0,
        2992.0,
        3098.0,
        3267.0,
        3173.0,
        3211.0,
        3112.0,
        2997.0,
        2687.0,
        2489.0,
        2324.0,
        2158.0,
        1926.0,
        1765.0,
        1766.0,
        1556.0,
        1593.0,
        1536.0,
        1418.0,
        1277.0,
        1239.0,
        1162.0,
        1104.0,
        1098.0,
        1020.0,
        882.0,
        857.0,
        897.0,
        836.0,
        802.0,
        763.0,
        728.0,
        742.0,
        713.0,
        643.0,
        609.0,
        567.0,
        582.0,
        561.0,
        502.0,
        566.0,
        505.0,
        481.0,
        428.0,
        456.0,
        476.0,
        451.0,
        408.0,
        376.0,
        371.0,
        384.0,
        321.0,
        328.0,
        395.0,
        398.0,
        342.0,
        346.0,
        341.0,
        313.0,
        288.0,
        337.0,
        270.0,
        303.0,
        289.0,
        273.0,
        322.0,
        268.0,
        298.0,
        274.0,
        287.0,
        279.0,
        283.0,
        283.0,
        286.0,
        303.0,
        262.0,
        277.0,
        276.0,
        293.0,
        291.0,
        271.0,
        280.0,
        271.0,
        285.0,
        308.0,
        305.0,
        277.0,
        301.0,
        290.0,
        261.0,
        273.0,
        300.0,
        257.0,
        263.0,
        266.0,
        289.0,
        307.0,
        251.0,
        275.0,
        284.0,
        271.0,
        248.0,
        260.0,
        276.0,
        283.0,
        261.0,
        282.0,
        257.0,
        254.0,
        272.0,
        280.0,
        295.0,
        287.0,
        274.0,
        282.0,
        261.0,
        272.0,
        277.0,
        273.0,
        323.0,
        283.0,
        271.0,
        294.0,
        316.0,
        292.0,
        288.0,
        314.0,
        320.0,
        325.0,
        357.0,
        293.0,
        310.0,
        377.0,
        352.0,
        357.0,
        345.0,
        371.0,
        373.0,
        418.0,
        357.0,
        388.0,
        400.0,
        365.0,
        383.0,
        419.0,
        356.0,
        326.0,
        361.0,
        385.0,
        400.0,
        418.0,
        947.0,
        1154.0,
        937.0,
        778.0,
        538.0,
        477.0,
        332.0,
        275.0,
        327.0,
        278.0,
        313.0,
        336.0,
        306.0,
        298.0,
        318.0,
        301.0,
        336.0,
        426.0,
        367.0,
        339.0,
        309.0,
        287.0,
        323.0,
        272.0,
        296.0,
        278.0,
        275.0,
        291.0,
        309.0,
        281.0,
        307.0,
        287.0,
        308.0,
        286.0,
        312.0,
        262.0,
        306.0,
        299.0,
        272.0,
        287.0,
        277.0,
        282.0,
        273.0,
        281.0,
        289.0,
        312.0,
        256.0,
        284.0,
        256.0,
        270.0,
        256.0,
        305.0,
        307.0,
        296.0,
        321.0,
        305.0,
        339.0,
        332.0,
        301.0,
        299.0,
        261.0,
        253.0,
        210.0,
        183.0,
        170.0,
        128.0,
        94.0,
        96.0,
        59.0,
        47.0,
        50.0,
        35.0,
        30.0,
        37.0,
        21.0,
        24.0,
        23.0,
        20.0,
        16.0,
        7.0,
        7.0,
        4.0,
        0.0
      ],
      "silhouette_mask_path": "C:\\Users\\shrad\\TrendWeave\\MERGE_OUTPUT_FINAL\\Catwalks__Women_s_Footwear___Bags_Colour_A_W_25_26_en\\page_18\\img_5_mask_0.png"
    },
    {
      "yolo_label": "person",
      "bbox": [
        111.15196990966797,
        2.2867908477783203,
        624.8212890625,
        431.66387939453125
      ],
      "confidence": 0.45834633708000183,
      "clip_attributes": {
        "palette": {
          "label": "earth tones",
          "confidence": 0.24239103496074677
        },
        "neckline": {
          "label": "buttoned collar",
          "confidence": 0.2686070203781128
        },
        "sleeve_type": {
          "label": "long sleeves",
          "confidence": 0.23105357587337494
        },
        "top_silhouette": {
          "label": "button-up shirt",
          "confidence": 0.24962088465690613
        },
        "bottom_style": {
          "label": "tailored trousers",
          "confidence": 0.26689648628234863
        },
        "outerwear": {
          "label": "blazer",
          "confidence": 0.2637733817100525
        },
        "shoe_type": {
          "label": "derby shoes",
          "confidence": 0.2329624593257904
        },
        "bag_type": {
          "label": "crossbody bag",
          "confidence": 0.2425161600112915
        },
        "accessory": {
          "label": "chain",
          "confidence": 0.22201137244701385
        },
        "hairstyle": {
          "label": "slick back",
          "confidence": 0.2156972736120224
        },
        "setting": {
          "label": "smart casual",
          "confidence": 0.24956916272640228
        },
        "fabric_type": {
          "label": "linen",
          "confidence": 0.2471655011177063
        },
        "season": {
          "label": "spring",
          "confidence": 0.19407404959201813
        },
        "style_theme": {
          "label": "streetwear",
          "confidence": 0.22952744364738464
        }
      },
      "dominant_colors": [
        [
          151,
          133,
          143
        ],
        [
          52,
          137,
          141
        ],
        [
          210,
          133,
          149
        ]
      ],
      "texture_histogram": [
        46.0,
        177.0,
        309.0,
        265.0,
        317.0,
        274.0,
        310.0,
        346.0,
        325.0,
        362.0,
        330.0,
        305.0,
        395.0,
        394.0,
        418.0,
        448.0,
        454.0,
        458.0,
        551.0,
        516.0,
        582.0,
        528.0,
        592.0,
        602.0,
        620.0,
        614.0,
        656.0,
        646.0,
        645.0,
        689.0,
        618.0,
        652.0,
        623.0,
        623.0,
        685.0,
        566.0,
        668.0,
        623.0,
        629.0,
        633.0,
        635.0,
        618.0,
        598.0,
        610.0,
        603.0,
        631.0,
        532.0,
        596.0,
        614.0,
        638.0,
        554.0,
        545.0,
        478.0,
        597.0,
        541.0,
        496.0,
        570.0,
        520.0,
        503.0,
        534.0,
        522.0,
        551.0,
        473.0,
        502.0,
        470.0,
        483.0,
        539.0,
        512.0,
        518.0,
        502.0,
        493.0,
        523.0,
        505.0,
        537.0,
        496.0,
        531.0,
        487.0,
        483.0,
        540.0,
        538.0,
        500.0,
        497.0,
        531.0,
        536.0,
        526.0,
        560.0,
        560.0,
        584.0,
        582.0,
        619.0,
        620.0,
        641.0,
        573.0,
        675.0,
        635.0,
        649.0,
        708.0,
        706.0,
        687.0,
        691.0,
        709.0,
        712.0,
        708.0,
        720.0,
        752.0,
        714.0,
        743.0,
        720.0,
        795.0,
        707.0,
        739.0,
        749.0,
        781.0,
        753.0,
        739.0,
        778.0,
        768.0,
        826.0,
        845.0,
        789.0,
        842.0,
        844.0,
        789.0,
        837.0,
        825.0,
        893.0,
        895.0,
        889.0,
        878.0,
        847.0,
        919.0,
        888.0,
        867.0,
        936.0,
        916.0,
        949.0,
        954.0,
        969.0,
        978.0,
        977.0,
        995.0,
        1074.0,
        1051.0,
        1135.0,
        1230.0,
        1205.0,
        1317.0,
        1345.0,
        1414.0,
        1667.0,
        1672.0,
        1769.0,
        1779.0,
        1967.0,
        2171.0,
        2301.0,
        2416.0,
        2533.0,
        2572.0,
        2796.0,
        3028.0,
        2759.0,
        3120.0,
        2868.0,
        2568.0,
        2275.0,
        2535.0,
        2138.0,
        2234.0,
        1926.0,
        1682.0,
        1396.0,
        1275.0,
        1236.0,
        1177.0,
        1134.0,
        1142.0,
        1124.0,
        1172.0,
        1093.0,
        1057.0,
        1028.0,
        1078.0,
        1051.0,
        1074.0,
        1086.0,
        1093.0,
        1099.0,
        1040.0,
        1105.0,
        1060.0,
        1106.0,
        1053.0,
        1099.0,
        1028.0,
        1122.0,
        990.0,
        1065.0,
        1041.0,
        1075.0,
        1083.0,
        1095.0,
        1003.0,
        1103.0,
        1075.0,
        1091.0,
        1116.0,
        1100.0,
        1081.0,
        1074.0,
        1051.0,
        1053.0,
        1010.0,
        1000.0,
        1039.0,
        1025.0,
        1022.0,
        1005.0,
        960.0,
        962.0,
        1013.0,
        962.0,
        955.0,
        936.0,
        1026.0,
        1056.0,
        1072.0,
        1047.0,
        1040.0,
        1094.0,
        1130.0,
        1092.0,
        1011.0,
        982.0,
        888.0,
        825.0,
        705.0,
        597.0,
        462.0,
        366.0,
        316.0,
        224.0,
        162.0,
        109.0,
        72.0,
        52.0,
        32.0,
        34.0,
        22.0,
        15.0,
        7.0,
        9.0,
        6.0,
        11.0,
        23.0,
        4.0
      ],
      "silhouette_mask_path": "C:\\Users\\shrad\\TrendWeave\\MERGE_OUTPUT_FINAL\\Catwalks__Women_s_Footwear___Bags_Colour_A_W_25_26_en\\page_18\\img_5_mask_1.png"
    },
    {
      "yolo_label": "person",
      "bbox": [
        0.5615108609199524,
        8.764448165893555,
        111.47772979736328,
        425.39874267578125
      ],
      "confidence": 0.4135279059410095,
      "clip_attributes": {
        "palette": {
          "label": "pastel",
          "confidence": 0.23263521492481232
        },
        "dress_silhouette": {
          "label": "maxi dress",
          "confidence": 0.21954381465911865
        },
        "neckline": {
          "label": "square neckline",
          "confidence": 0.2436060905456543
        },
        "sleeve_type": {
          "label": "cap sleeves",
          "confidence": 0.23746298253536224
        },
        "top_silhouette": {
          "label": "camisole",
          "confidence": 0.22451910376548767
        },
        "bottom_style": {
          "label": "flared pants",
          "confidence": 0.23343107104301453
        },
        "outerwear": {
          "label": "blazer",
          "confidence": 0.23242057859897614
        },
        "shoe_type": {
          "label": "ballet flats",
          "confidence": 0.22999048233032227
        },
        "bag_type": {
          "label": "clutch",
          "confidence": 0.22519539296627045
        },
        "accessory": {
          "label": "watch",
          "confidence": 0.24179738759994507
        },
        "hairstyle": {
          "label": "loose curls",
          "confidence": 0.22637780010700226
        },
        "setting": {
          "label": "party night",
          "confidence": 0.21501678228378296
        },
        "fabric_type": {
          "label": "organza",
          "confidence": 0.24007366597652435
        },
        "season": {
          "label": "summer",
          "confidence": 0.21924376487731934
        },
        "style_theme": {
          "label": "minimalist",
          "confidence": 0.2209509313106537
        }
      },
      "dominant_colors": [
        [
          188,
          136,
          153
        ],
        [
          29,
          131,
          130
        ],
        [
          124,
          133,
          140
        ]
      ],
      "texture_histogram": [
        0.0,
        0.0,
        1.0,
        8.0,
        35.0,
        145.0,
        286.0,
        561.0,
        593.0,
        469.0,
        349.0,
        347.0,
        299.0,
        296.0,
        367.0,
        356.0,
        341.0,
        336.0,
        309.0,
        302.0,
        292.0,
        311.0,
        363.0,
        407.0,
        377.0,
        274.0,
        236.0,
        189.0,
        163.0,
        216.0,
        229.0,
        171.0,
        202.0,
        183.0,
        202.0,
        204.0,
        174.0,
        194.0,
        179.0,
        190.0,
        197.0,
        160.0,
        180.0,
        187.0,
        170.0,
        162.0,
        175.0,
        175.0,
        204.0,
        182.0,
        175.0,
        167.0,
        144.0,
        207.0,
        172.0,
        159.0,
        168.0,
        143.0,
        184.0,
        184.0,
        166.0,
        155.0,
        127.0,
        114.0,
        110.0,
        89.0,
        115.0,
        95.0,
        112.0,
        115.0,
        118.0,
        85.0,
        95.0,
        86.0,
        109.0,
        115.0,
        104.0,
        87.0,
        84.0,
        105.0,
        88.0,
        104.0,
        93.0,
        91.0,
        98.0,
        93.0,
        105.0,
        76.0,
        72.0,
        95.0,
        100.0,
        112.0,
        96.0,
        101.0,
        94.0,
        75.0,
        85.0,
        85.0,
        74.0,
        93.0,
        99.0,
        137.0,
        80.0,
        76.0,
        88.0,
        90.0,
        95.0,
        103.0,
        82.0,
        96.0,
        97.0,
        91.0,
        107.0,
        86.0,
        103.0,
        109.0,
        75.0,
        87.0,
        88.0,
        85.0,
        94.0,
        97.0,
        84.0,
        89.0,
        103.0,
        123.0,
        104.0,
        114.0,
        94.0,
        119.0,
        119.0,
        102.0,
        120.0,
        120.0,
        125.0,
        151.0,
        169.0,
        192.0,
        204.0,
        242.0,
        240.0,
        311.0,
        348.0,
        321.0,
        273.0,
        247.0,
        239.0,
        209.0,
        228.0,
        168.0,
        167.0,
        172.0,
        175.0,
        189.0,
        207.0,
        206.0,
        175.0,
        194.0,
        245.0,
        245.0,
        183.0,
        250.0,
        251.0,
        237.0,
        236.0,
        277.0,
        275.0,
        275.0,
        283.0,
        296.0,
        316.0,
        308.0,
        342.0,
        344.0,
        378.0,
        388.0,
        438.0,
        470.0,
        473.0,
        480.0,
        476.0,
        479.0,
        495.0,
        487.0,
        553.0,
        597.0,
        625.0,
        616.0,
        765.0,
        731.0,
        569.0,
        533.0,
        559.0,
        509.0,
        492.0,
        514.0,
        548.0,
        569.0,
        450.0,
        320.0,
        215.0,
        213.0,
        189.0,
        118.0,
        107.0,
        98.0,
        89.0,
        103.0,
        125.0,
        168.0,
        175.0,
        206.0,
        145.0,
        81.0,
        128.0,
        64.0,
        11.0,
        0.0,
        0.0,
        0.0,
        0.0,
        0.0,
        0.0,
        0.0,
        0.0,
        0.0,
        0.0,
        0.0,
        0.0,
        0.0,
        0.0,
        0.0,
        0.0,
        0.0,
        0.0,
        0.0,
        0.0,
        0.0,
        0.0,
        0.0,
        0.0,
        0.0,
        0.0,
        0.0,
        0.0,
        0.0,
        0.0,
        0.0,
        0.0,
        0.0,
        0.0,
        0.0,
        0.0,
        0.0,
        0.0,
        0.0
      ],
      "silhouette_mask_path": "C:\\Users\\shrad\\TrendWeave\\MERGE_OUTPUT_FINAL\\Catwalks__Women_s_Footwear___Bags_Colour_A_W_25_26_en\\page_18\\img_5_mask_2.png"
    }
  ],
  "pose_keypoints": null
}