{
  "image": "C:\\Users\\shrad\\TrendWeave\\TrendWeave\\extracted_data\\Catwalks__Women_s_Footwear___Bags_Colour_A_W_25_26_en\\page_16\\img_7.png",
  "items": [
    {
      "yolo_label": "person",
      "bbox": [
        82.78091430664062,
        0.21291914582252502,
        872.1473388671875,
        415.4598693847656
      ],
      "confidence": 0.8070983290672302,
      "clip_attributes": {
        "palette": {
          "label": "pastel",
          "confidence": 0.23448628187179565
        },
        "dress_silhouette": {
          "label": "fit and flare",
          "confidence": 0.22906680405139923
        },
        "neckline": {
          "label": "square neckline",
          "confidence": 0.2171226441860199
        },
        "sleeve_type": {
          "label": "puffed sleeves",
          "confidence": 0.21418578922748566
        },
        "top_silhouette": {
          "label": "peplum",
          "confidence": 0.1734066754579544
        },
        "bottom_style": {
          "label": "culottes",
          "confidence": 0.2114519625902176
        },
        "outerwear": {
          "label": "blazer",
          "confidence": 0.18485239148139954
        },
        "shoe_type": {
          "label": "ballet flats",
          "confidence": 0.30194011330604553
        },
        "bag_type": {
          "label": "clutch",
          "confidence": 0.19885267317295074
        },
        "accessory": {
          "label": "watch",
          "confidence": 0.1890687793493271
        },
        "hairstyle": {
          "label": "high bun",
          "confidence": 0.19089633226394653
        },
        "setting": {
          "label": "office wear",
          "confidence": 0.22498275339603424
        },
        "fabric_type": {
          "label": "chiffon",
          "confidence": 0.2442583441734314
        },
        "season": {
          "label": "spring",
          "confidence": 0.19419808685779572
        },
        "style_theme": {
          "label": "elegant chic",
          "confidence": 0.23755905032157898
        }
      },
      "dominant_colors": [
        [
          221,
          130,
          133
        ],
        [
          86,
          138,
          145
        ],
        [
          165,
          142,
          147
        ]
      ],
      "texture_histogram": [
        0.0,
        0.0,
        0.0,
        0.0,
        0.0,
        1.0,
        1.0,
        1.0,
        0.0,
        0.0,
        1.0,
        1.0,
        2.0,
        0.0,
        4.0,
        3.0,
        1.0,
        4.0,
        6.0,
        10.0,
        5.0,
        7.0,
        6.0,
        10.0,
        12.0,
        8.0,
        13.0,
        15.0,
        17.0,
        20.0,
        21.0,
        29.0,
        22.0,
        27.0,
        25.0,
        30.0,
        28.0,
        40.0,
        44.0,
        41.0,
        68.0,
        57.0,
        46.0,
        61.0,
        68.0,
        71.0,
        76.0,
        76.0,
        76.0,
        88.0,
        103.0,
        88.0,
        131.0,
        136.0,
        151.0,
        192.0,
        160.0,
        212.0,
        166.0,
        157.0,
        164.0,
        201.0,
        214.0,
        193.0,
        165.0,
        151.0,
        129.0,
        129.0,
        110.0,
        106.0,
        118.0,
        102.0,
        100.0,
        91.0,
        75.0,
        81.0,
        70.0,
        76.0,
        86.0,
        74.0,
        63.0,
        68.0,
        79.0,
        67.0,
        78.0,
        61.0,
        87.0,
        84.0,
        92.0,
        70.0,
        67.0,
        85.0,
        82.0,
        75.0,
        86.0,
        105.0,
        86.0,
        71.0,
        99.0,
        95.0,
        99.0,
        88.0,
        103.0,
        112.0,
        118.0,
        121.0,
        131.0,
        135.0,
        154.0,
        168.0,
        197.0,
        188.0,
        235.0,
        257.0,
        276.0,
        293.0,
        300.0,
        322.0,
        333.0,
        353.0,
        353.0,
        423.0,
        459.0,
        463.0,
        543.0,
        565.0,
        603.0,
        564.0,
        659.0,
        686.0,
        696.0,
        742.0,
        882.0,
        934.0,
        1002.0,
        1122.0,
        1189.0,
        1286.0,
        1524.0,
        1499.0,
        1590.0,
        1802.0,
        1845.0,
        2034.0,
        2267.0,
        2366.0,
        2493.0,
        2442.0,
        2508.0,
        2459.0,
        2403.0,
        2501.0,
        2453.0,
        2456.0,
        2501.0,
        2386.0,
        2421.0,
        2517.0,
        2555.0,
        2551.0,
        2650.0,
        2760.0,
        2811.0,
        2805.0,
        2807.0,
        2807.0,
        2787.0,
        2675.0,
        2641.0,
        2375.0,
        2345.0,
        2298.0,
        2216.0,
        2194.0,
        2054.0,
        2068.0,
        1944.0,
        1922.0,
        2044.0,
        2215.0,
        2282.0,
        2187.0,
        1803.0,
        1752.0,
        1522.0,
        1537.0,
        1438.0,
        1560.0,
        1562.0,
        1549.0,
        1554.0,
        1482.0,
        1511.0,
        1484.0,
        1419.0,
        1461.0,
        1531.0,
        1621.0,
        1756.0,
        1846.0,
        1952.0,
        1953.0,
        2009.0,
        2172.0,
        2382.0,
        2974.0,
        3311.0,
        3411.0,
        4254.0,
        4328.0,
        4575.0,
        4664.0,
        4355.0,
        4736.0,
        4744.0,
        4290.0,
        4821.0,
        4977.0,
        4079.0,
        4151.0,
        4570.0,
        5262.0,
        5639.0,
        5733.0,
        5809.0,
        5670.0,
        5789.0,
        5801.0,
        6414.0,
        6728.0,
        6922.0,
        7157.0,
        6900.0,
        6097.0,
        4580.0,
        3259.0,
        2297.0,
        1716.0,
        1120.0,
        716.0,
        403.0,
        159.0,
        111.0,
        88.0,
        46.0,
        15.0,
        14.0,
        11.0,
        7.0,
        1.0,
        1.0,
        1.0,
        1.0,
        0.0,
        0.0,
        0.0
      ],
      "silhouette_mask_path": "C:\\Users\\shrad\\TrendWeave\\MERGE_OUTPUT_FINAL\\Catwalks__Women_s_Footwear___Bags_Colour_A_W_25_26_en\\page_16\\img_7_mask_0.png"
    }
  ],
  "pose_keypoints": null
}