{
  "image": "C:\\Users\\shrad\\TrendWeave\\TrendWeave\\extracted_data\\Catwalks__Women_s_Footwear___Bags_Colour_A_W_25_26_en\\page_16\\img_3.jpeg",
  "items": [
    {
      "yolo_label": "person",
      "bbox": [
        41.86634063720703,
        0.8601180911064148,
        633.7164306640625,
        688.0
      ],
      "confidence": 0.8476731181144714,
      "clip_attributes": {
        "palette": {
          "label": "earth tones",
          "confidence": 0.24210995435714722
        },
        "dress_silhouette": {
          "label": "fit and flare",
          "confidence": 0.22523367404937744
        },
        "neckline": {
          "label": "square neckline",
          "confidence": 0.23494373261928558
        },
        "sleeve_type": {
          "label": "bell sleeves",
          "confidence": 0.23744083940982819
        },
        "top_silhouette": {
          "label": "wrap top",
          "confidence": 0.22419708967208862
        },
        "bottom_style": {
          "label": "culottes",
          "confidence": 0.23606815934181213
        },
        "outerwear": {
          "label": "cardigan",
          "confidence": 0.25328850746154785
        },
        "shoe_type": {
          "label": "ballet flats",
          "confidence": 0.22202730178833008
        },
        "bag_type": {
          "label": "shoulder bag",
          "confidence": 0.2857784926891327
        },
        "accessory": {
          "label": "scarf",
          "confidence": 0.253357857465744
        },
        "hairstyle": {
          "label": "ponytail",
          "confidence": 0.22836685180664062
        },
        "setting": {
          "label": "office wear",
          "confidence": 0.23981310427188873
        },
        "fabric_type": {
          "label": "linen",
          "confidence": 0.24951070547103882
        },
        "season": {
          "label": "winter",
          "confidence": 0.2157185971736908
        },
        "style_theme": {
          "label": "elegant chic",
          "confidence": 0.2459130883216858
        }
      },
      "dominant_colors": [
        [
          118,
          134,
          139
        ],
        [
          194,
          133,
          141
        ],
        [
          52,
          132,
          137
        ]
      ],
      "texture_histogram": [
        0.0,
        0.0,
        0.0,
        4.0,
        14.0,
        18.0,
        29.0,
        66.0,
        139.0,
        269.0,
        272.0,
        293.0,
        287.0,
        327.0,
        297.0,
        477.0,
        564.0,
        549.0,
        504.0,
        586.0,
        613.0,
        739.0,
        625.0,
        545.0,
        524.0,
        479.0,
        436.0,
        427.0,
        434.0,
        475.0,
        521.0,
        505.0,
        531.0,
        572.0,
        535.0,
        728.0,
        750.0,
        798.0,
        1047.0,
        1124.0,
        1300.0,
        1479.0,
        1550.0,
        1745.0,
        1885.0,
        1721.0,
        1692.0,
        1512.0,
        1374.0,
        1383.0,
        1519.0,
        1563.0,
        1795.0,
        1981.0,
        2119.0,
        2134.0,
        2238.0,
        1986.0,
        1810.0,
        1572.0,
        1323.0,
        1170.0,
        1101.0,
        930.0,
        852.0,
        803.0,
        859.0,
        1034.0,
        1393.0,
        1471.0,
        1225.0,
        1029.0,
        1078.0,
        988.0,
        1053.0,
        1042.0,
        1044.0,
        1256.0,
        1240.0,
        1323.0,
        1441.0,
        1477.0,
        1720.0,
        1791.0,
        1981.0,
        2052.0,
        2251.0,
        2353.0,
        2545.0,
        2627.0,
        2697.0,
        2757.0,
        2789.0,
        2824.0,
        2688.0,
        2728.0,
        2890.0,
        2817.0,
        2800.0,
        2757.0,
        2729.0,
        2724.0,
        2801.0,
        2724.0,
        2883.0,
        2829.0,
        2934.0,
        2808.0,
        2971.0,
        2987.0,
        3006.0,
        2850.0,
        2827.0,
        2758.0,
        2720.0,
        2598.0,
        2583.0,
        2503.0,
        2440.0,
        2278.0,
        2277.0,
        2126.0,
        2263.0,
        1990.0,
        2003.0,
        2096.0,
        1982.0,
        1965.0,
        1947.0,
        1853.0,
        1843.0,
        1915.0,
        1919.0,
        1921.0,
        1826.0,
        1710.0,
        1689.0,
        1717.0,
        1662.0,
        1636.0,
        1589.0,
        1529.0,
        1371.0,
        1283.0,
        1265.0,
        1196.0,
        1149.0,
        1169.0,
        1218.0,
        1370.0,
        1424.0,
        1477.0,
        1427.0,
        1515.0,
        1703.0,
        1944.0,
        1752.0,
        1847.0,
        1898.0,
        1912.0,
        2309.0,
        1972.0,
        1996.0,
        1856.0,
        1787.0,
        1791.0,
        1774.0,
        1719.0,
        1688.0,
        1544.0,
        1588.0,
        1714.0,
        1811.0,
        1816.0,
        1937.0,
        1972.0,
        2011.0,
        2176.0,
        2212.0,
        2377.0,
        2569.0,
        2756.0,
        2972.0,
        3072.0,
        3431.0,
        3539.0,
        4058.0,
        4254.0,
        4432.0,
        4906.0,
        5074.0,
        5271.0,
        5155.0,
        5128.0,
        4607.0,
        3969.0,
        3393.0,
        3040.0,
        2479.0,
        2128.0,
        1823.0,
        1526.0,
        1292.0,
        1210.0,
        1279.0,
        1200.0,
        1266.0,
        1148.0,
        1180.0,
        1049.0,
        1185.0,
        1099.0,
        1301.0,
        1505.0,
        1434.0,
        1577.0,
        1911.0,
        2773.0,
        3228.0,
        2928.0,
        2562.0,
        2031.0,
        2456.0,
        2768.0,
        2492.0,
        1622.0,
        872.0,
        300.0,
        143.0,
        77.0,
        48.0,
        44.0,
        38.0,
        33.0,
        32.0,
        43.0,
        40.0,
        52.0,
        40.0,
        54.0,
        63.0,
        56.0,
        33.0,
        46.0,
        29.0,
        27.0,
        31.0,
        27.0,
        15.0,
        11.0,
        10.0,
        3.0,
        5.0,
        4.0,
        1.0,
        0.0
      ],
      "silhouette_mask_path": "C:\\Users\\shrad\\TrendWeave\\MERGE_OUTPUT_FINAL\\Catwalks__Women_s_Footwear___Bags_Colour_A_W_25_26_en\\page_16\\img_3_mask_0.png"
    },
    {
      "yolo_label": "tie",
      "bbox": [
        378.536376953125,
        198.85165405273438,
        478.635498046875,
        684.7965087890625
      ],
      "confidence": 0.3744368553161621,
      "clip_attributes": {
        "palette": {
          "label": "earth tones",
          "confidence": 0.25826361775398254
        },
        "shoe_type": {
          "label": "sandals",
          "confidence": 0.22218790650367737
        },
        "bag_type": {
          "label": "belt bag",
          "confidence": 0.24386712908744812
        },
        "accessory": {
          "label": "bracelet",
          "confidence": 0.2613210678100586
        },
        "setting": {
          "label": "streetwear",
          "confidence": 0.22267571091651917
        },
        "fabric_type": {
          "label": "linen",
          "confidence": 0.25637325644493103
        },
        "season": {
          "label": "fall",
          "confidence": 0.2219228446483612
        },
        "style_theme": {
          "label": "vintage",
          "confidence": 0.21761268377304077
        }
      },
      "dominant_colors": [
        [
          192,
          134,
          147
        ],
        [
          50,
          136,
          144
        ],
        [
          115,
          135,
          143
        ]
      ],
      "texture_histogram": [
        0.0,
        0.0,
        0.0,
        3.0,
        13.0,
        10.0,
        18.0,
        39.0,
        39.0,
        53.0,
        45.0,
        66.0,
        55.0,
        55.0,
        54.0,
        59.0,
        46.0,
        60.0,
        55.0,
        58.0,
        94.0,
        94.0,
        99.0,
        100.0,
        76.0,
        95.0,
        125.0,
        114.0,
        136.0,
        126.0,
        137.0,
        152.0,
        152.0,
        171.0,
        155.0,
        180.0,
        191.0,
        164.0,
        170.0,
        164.0,
        179.0,
        170.0,
        183.0,
        181.0,
        149.0,
        195.0,
        181.0,
        198.0,
        191.0,
        176.0,
        201.0,
        153.0,
        205.0,
        197.0,
        174.0,
        180.0,
        179.0,
        169.0,
        185.0,
        190.0,
        176.0,
        174.0,
        190.0,
        176.0,
        183.0,
        193.0,
        186.0,
        182.0,
        195.0,
        193.0,
        161.0,
        199.0,
        207.0,
        185.0,
        190.0,
        166.0,
        164.0,
        198.0,
        192.0,
        197.0,
        197.0,
        183.0,
        238.0,
        238.0,
        255.0,
        235.0,
        234.0,
        224.0,
        253.0,
        254.0,
        295.0,
        310.0,
        291.0,
        323.0,
        293.0,
        313.0,
        327.0,
        319.0,
        318.0,
        313.0,
        371.0,
        332.0,
        340.0,
        323.0,
        395.0,
        366.0,
        414.0,
        384.0,
        410.0,
        410.0,
        440.0,
        396.0,
        390.0,
        406.0,
        385.0,
        382.0,
        392.0,
        351.0,
        343.0,
        316.0,
        338.0,
        312.0,
        301.0,
        281.0,
        254.0,
        266.0,
        241.0,
        223.0,
        208.0,
        192.0,
        185.0,
        181.0,
        169.0,
        149.0,
        142.0,
        141.0,
        148.0,
        119.0,
        132.0,
        111.0,
        119.0,
        110.0,
        115.0,
        124.0,
        120.0,
        119.0,
        102.0,
        106.0,
        109.0,
        100.0,
        107.0,
        117.0,
        115.0,
        126.0,
        129.0,
        140.0,
        135.0,
        148.0,
        124.0,
        128.0,
        152.0,
        149.0,
        146.0,
        143.0,
        151.0,
        178.0,
        186.0,
        166.0,
        161.0,
        169.0,
        190.0,
        189.0,
        181.0,
        188.0,
        213.0,
        196.0,
        209.0,
        207.0,
        252.0,
        239.0,
        287.0,
        287.0,
        298.0,
        308.0,
        371.0,
        392.0,
        493.0,
        518.0,
        626.0,
        835.0,
        887.0,
        1013.0,
        1052.0,
        1015.0,
        936.0,
        874.0,
        712.0,
        531.0,
        393.0,
        303.0,
        258.0,
        198.0,
        152.0,
        146.0,
        159.0,
        155.0,
        136.0,
        112.0,
        103.0,
        99.0,
        98.0,
        96.0,
        106.0,
        82.0,
        61.0,
        64.0,
        59.0,
        65.0,
        47.0,
        51.0,
        63.0,
        48.0,
        29.0,
        36.0,
        29.0,
        27.0,
        18.0,
        14.0,
        16.0,
        17.0,
        11.0,
        12.0,
        4.0,
        6.0,
        4.0,
        3.0,
        3.0,
        3.0,
        0.0,
        0.0,
        1.0,
        1.0,
        0.0,
        0.0,
        0.0,
        1.0,
        0.0,
        0.0,
        0.0,
        0.0,
        0.0,
        0.0,
        0.0,
        0.0,
        0.0,
        0.0
      ],
      "silhouette_mask_path": "C:\\Users\\shrad\\TrendWeave\\MERGE_OUTPUT_FINAL\\Catwalks__Women_s_Footwear___Bags_Colour_A_W_25_26_en\\page_16\\img_3_mask_1.png"
    }
  ],
  "pose_keypoints": [
    {
      "x": 0.524055004119873,
      "y": 0.13307392597198486,
      "z": -0.6549838185310364,
      "visibility": 0.70313960313797
    },
    {
      "x": 0.572955846786499,
      "y": 0.10691052675247192,
      "z": -0.6498194932937622,
      "visibility": 0.7385647296905518
    },
    {
      "x": 0.5834261775016785,
      "y": 0.10724396258592606,
      "z": -0.650220513343811,
      "visibility": 0.7259083986282349
    },
    {
      "x": 0.6042661070823669,
      "y": 0.1083100438117981,
      "z": -0.6510199308395386,
      "visibility": 0.7540762424468994
    },
    {
      "x": 0.536925196647644,
      "y": 0.10275590419769287,
      "z": -0.6122002005577087,
      "visibility": 0.732080340385437
    },
    {
      "x": 0.5331873297691345,
      "y": 0.10171084851026535,
      "z": -0.6121721267700195,
      "visibility": 0.660175085067749
    },
    {
      "x": 0.5161371231079102,
      "y": 0.09498410671949387,
      "z": -0.61279296875,
      "visibility": 0.7021843791007996
    },
    {
      "x": 0.6159095168113708,
      "y": 0.12680411338806152,
      "z": -0.510322630405426,
      "visibility": 0.7797945141792297
    },
    {
      "x": 0.5100480914115906,
      "y": 0.10873162746429443,
      "z": -0.3329029083251953,
      "visibility": 0.8371675610542297
    },
    {
      "x": 0.5494415163993835,
      "y": 0.1736578345298767,
      "z": -0.5889056324958801,
      "visibility": 0.6265878677368164
    },
    {
      "x": 0.5196094512939453,
      "y": 0.17712509632110596,
      "z": -0.5386501550674438,
      "visibility": 0.7620210647583008
    },
    {
      "x": 0.6822100877761841,
      "y": 0.3051959276199341,
      "z": -0.413543701171875,
      "visibility": 0.9009745121002197
    },
    {
      "x": 0.37336769700050354,
      "y": 0.24719643592834473,
      "z": -0.12399831414222717,
      "visibility": 0.955093502998352
    },
    {
      "x": 0.7565966844558716,
      "y": 0.46955278515815735,
      "z": -0.7049641609191895,
      "visibility": 0.6105856895446777
    },
    {
      "x": 0.1901562511920929,
      "y": 0.37702539563179016,
      "z": -0.234211727976799,
      "visibility": 0.8928240537643433
    },
    {
      "x": 0.7578611373901367,
      "y": 0.29299575090408325,
      "z": -0.875982940196991,
      "visibility": 0.7327650785446167
    },
    {
      "x": 0.46674486994743347,
      "y": 0.2134837508201599,
      "z": -0.27538034319877625,
      "visibility": 0.8748592734336853
    },
    {
      "x": 0.7642802000045776,
      "y": 0.24208903312683105,
      "z": -0.935168445110321,
      "visibility": 0.6382213830947876
    },
    {
      "x": 0.5506070256233215,
      "y": 0.17833328247070312,
      "z": -0.29011115431785583,
      "visibility": 0.7252370715141296
    },
    {
      "x": 0.7712187170982361,
      "y": 0.2235114574432373,
      "z": -0.8709163069725037,
      "visibility": 0.6077719330787659
    },
    {
      "x": 0.5518243908882141,
      "y": 0.1504020094871521,
      "z": -0.18020673096179962,
      "visibility": 0.7003220915794373
    },
    {
      "x": 0.75409996509552,
      "y": 0.24847829341888428,
      "z": -0.8537968993186951,
      "visibility": 0.593807578086853
    },
    {
      "x": 0.5392153859138489,
      "y": 0.1761283278465271,
      "z": -0.23242703080177307,
      "visibility": 0.666477620601654
    },
    {
      "x": 0.5096993446350098,
      "y": 0.7828562259674072,
      "z": -0.10080709308385849,
      "visibility": 0.8952551484107971
    },
    {
      "x": 0.3404436707496643,
      "y": 0.7578151822090149,
      "z": 0.10198580473661423,
      "visibility": 0.9423745274543762
    },
    {
      "x": 0.5021416544914246,
      "y": 0.9823647141456604,
      "z": 0.2804994583129883,
      "visibility": 0.2534075975418091
    },
    {
      "x": 0.3419996500015259,
      "y": 0.9661458730697632,
      "z": 0.5232266187667847,
      "visibility": 0.38597750663757324
    },
    {
      "x": 0.499523401260376,
      "y": 1.1592540740966797,
      "z": 1.0505439043045044,
      "visibility": 0.06116611137986183
    },
    {
      "x": 0.3536631464958191,
      "y": 1.1740012168884277,
      "z": 1.1432874202728271,
      "visibility": 0.17110008001327515
    },
    {
      "x": 0.5098051428794861,
      "y": 1.18403160572052,
      "z": 1.1218559741973877,
      "visibility": 0.07801021635532379
    },
    {
      "x": 0.3704164922237396,
      "y": 1.2044585943222046,
      "z": 1.2037619352340698,
      "visibility": 0.23028461635112762
    },
    {
      "x": 0.47382527589797974,
      "y": 1.2434625625610352,
      "z": 0.9510590434074402,
      "visibility": 0.10557445138692856
    },
    {
      "x": 0.28861546516418457,
      "y": 1.266026258468628,
      "z": 1.0329686403274536,
      "visibility": 0.15766049921512604
    }
  ]
}