{
  "image": "C:\\Users\\shrad\\TrendWeave\\TrendWeave\\extracted_data\\Catwalks__Women_s_Footwear___Bags_Colour_A_W_25_26_en\\page_16\\img_1.jpeg",
  "items": [
    {
      "yolo_label": "person",
      "bbox": [
        265.54913330078125,
        0.7304515838623047,
        1260.6414794921875,
        677.44921875
      ],
      "confidence": 0.8973609209060669,
      "clip_attributes": {
        "palette": {
          "label": "earth tones",
          "confidence": 0.20609192550182343
        },
        "dress_silhouette": {
          "label": "fit and flare",
          "confidence": 0.19828499853610992
        },
        "neckline": {
          "label": "square neckline",
          "confidence": 0.2326120138168335
        },
        "sleeve_type": {
          "label": "bell sleeves",
          "confidence": 0.21635548770427704
        },
        "top_silhouette": {
          "label": "peplum",
          "confidence": 0.18907713890075684
        },
        "bottom_style": {
          "label": "culottes",
          "confidence": 0.1986515074968338
        },
        "outerwear": {
          "label": "long coat",
          "confidence": 0.18423549830913544
        },
        "shoe_type": {
          "label": "strappy sandals",
          "confidence": 0.19886229932308197
        },
        "bag_type": {
          "label": "shoulder bag",
          "confidence": 0.2536189556121826
        },
        "accessory": {
          "label": "watch",
          "confidence": 0.19542519748210907
        },
        "hairstyle": {
          "label": "loose curls",
          "confidence": 0.18148840963840485
        },
        "setting": {
          "label": "street style",
          "confidence": 0.2040613442659378
        },
        "fabric_type": {
          "label": "linen",
          "confidence": 0.21005208790302277
        },
        "season": {
          "label": "spring",
          "confidence": 0.184550940990448
        },
        "style_theme": {
          "label": "elegant chic",
          "confidence": 0.22488264739513397
        }
      },
      "dominant_colors": [
        [
          219,
          130,
          141
        ],
        [
          125,
          131,
          135
        ],
        [
          182,
          134,
          142
        ]
      ],
      "texture_histogram": [
        0.0,
        0.0,
        1.0,
        0.0,
        0.0,
        0.0,
        1.0,
        0.0,
        3.0,
        1.0,
        3.0,
        2.0,
        9.0,
        4.0,
        8.0,
        13.0,
        9.0,
        8.0,
        14.0,
        12.0,
        26.0,
        26.0,
        25.0,
        37.0,
        33.0,
        30.0,
        36.0,
        43.0,
        41.0,
        40.0,
        43.0,
        62.0,
        52.0,
        43.0,
        40.0,
        34.0,
        59.0,
        44.0,
        59.0,
        61.0,
        74.0,
        80.0,
        100.0,
        96.0,
        97.0,
        112.0,
        141.0,
        148.0,
        126.0,
        171.0,
        209.0,
        230.0,
        234.0,
        271.0,
        285.0,
        289.0,
        316.0,
        310.0,
        347.0,
        363.0,
        396.0,
        399.0,
        413.0,
        459.0,
        387.0,
        408.0,
        444.0,
        441.0,
        405.0,
        408.0,
        438.0,
        387.0,
        420.0,
        422.0,
        473.0,
        473.0,
        557.0,
        539.0,
        508.0,
        518.0,
        537.0,
        604.0,
        685.0,
        717.0,
        796.0,
        873.0,
        842.0,
        888.0,
        833.0,
        971.0,
        968.0,
        1056.0,
        1092.0,
        1176.0,
        1278.0,
        1449.0,
        1577.0,
        1586.0,
        1495.0,
        1627.0,
        1688.0,
        1640.0,
        1728.0,
        1781.0,
        1951.0,
        2426.0,
        2682.0,
        2741.0,
        2560.0,
        2564.0,
        2649.0,
        2696.0,
        2667.0,
        2546.0,
        2698.0,
        3032.0,
        3206.0,
        3774.0,
        4211.0,
        4144.0,
        3663.0,
        3672.0,
        3711.0,
        3519.0,
        3646.0,
        3884.0,
        4267.0,
        4749.0,
        4793.0,
        4930.0,
        5073.0,
        5363.0,
        4982.0,
        4961.0,
        4403.0,
        4045.0,
        4112.0,
        4041.0,
        3774.0,
        3626.0,
        3442.0,
        3062.0,
        3078.0,
        3009.0,
        2874.0,
        3054.0,
        3168.0,
        3057.0,
        3026.0,
        2955.0,
        2655.0,
        2355.0,
        2341.0,
        2446.0,
        2337.0,
        2189.0,
        2082.0,
        1998.0,
        1840.0,
        1763.0,
        1906.0,
        2054.0,
        2255.0,
        2273.0,
        2532.0,
        2757.0,
        3082.0,
        3275.0,
        3050.0,
        2665.0,
        2452.0,
        2505.0,
        2523.0,
        2593.0,
        2560.0,
        2538.0,
        2511.0,
        2600.0,
        2890.0,
        3205.0,
        3412.0,
        3462.0,
        3528.0,
        3529.0,
        3734.0,
        4358.0,
        5162.0,
        5599.0,
        5124.0,
        5674.0,
        5213.0,
        4762.0,
        5171.0,
        5906.0,
        6084.0,
        6209.0,
        6356.0,
        6499.0,
        6633.0,
        6744.0,
        6793.0,
        7390.0,
        8562.0,
        9305.0,
        10934.0,
        11504.0,
        10308.0,
        9446.0,
        8838.0,
        8399.0,
        8619.0,
        9221.0,
        8258.0,
        7934.0,
        8282.0,
        8036.0,
        8944.0,
        9184.0,
        8837.0,
        8795.0,
        8885.0,
        8731.0,
        8516.0,
        8729.0,
        7254.0,
        6870.0,
        5605.0,
        4938.0,
        5759.0,
        6051.0,
        5773.0,
        5947.0,
        4194.0,
        2631.0,
        2311.0,
        1950.0,
        2422.0,
        3960.0,
        6609.0,
        2675.0,
        1909.0,
        760.0,
        485.0,
        351.0,
        296.0,
        196.0,
        133.0,
        109.0,
        92.0,
        83.0,
        68.0,
        46.0,
        32.0,
        34.0,
        34.0,
        8.0
      ],
      "silhouette_mask_path": "C:\\Users\\shrad\\TrendWeave\\MERGE_OUTPUT_FINAL\\Catwalks__Women_s_Footwear___Bags_Colour_A_W_25_26_en\\page_16\\img_1_mask_0.png"
    }
  ],
  "pose_keypoints": [
    {
      "x": 0.3771824836730957,
      "y": 0.8006299138069153,
      "z": 0.3015868365764618,
      "visibility": 0.05132463201880455
    },
    {
      "x": 0.37825676798820496,
      "y": 0.8044673800468445,
      "z": 0.30323415994644165,
      "visibility": 0.042968373745679855
    },
    {
      "x": 0.37994152307510376,
      "y": 0.8036522269248962,
      "z": 0.303239107131958,
      "visibility": 0.053195592015981674
    },
    {
      "x": 0.3814891576766968,
      "y": 0.8027015328407288,
      "z": 0.30313220620155334,
      "visibility": 0.041770730167627335
    },
    {
      "x": 0.37157726287841797,
      "y": 0.8075419664382935,
      "z": 0.309499591588974,
      "visibility": 0.049068354070186615
    },
    {
      "x": 0.36896204948425293,
      "y": 0.8087372779846191,
      "z": 0.30973416566848755,
      "visibility": 0.0698704719543457
    },
    {
      "x": 0.36629974842071533,
      "y": 0.8100026845932007,
      "z": 0.3095971643924713,
      "visibility": 0.04722218215465546
    },
    {
      "x": 0.38222116231918335,
      "y": 0.827086329460144,
      "z": 0.2547158896923065,
      "visibility": 0.05933002755045891
    },
    {
      "x": 0.3571086525917053,
      "y": 0.8052900433540344,
      "z": 0.28635191917419434,
      "visibility": 0.10375630110502243
    },
    {
      "x": 0.3758273124694824,
      "y": 0.8214353322982788,
      "z": 0.2788524925708771,
      "visibility": 0.07227989286184311
    },
    {
      "x": 0.37180212140083313,
      "y": 0.7950730323791504,
      "z": 0.2883400321006775,
      "visibility": 0.09392488747835159
    },
    {
      "x": 0.39031946659088135,
      "y": 0.7732179164886475,
      "z": 0.16444554924964905,
      "visibility": 0.968079149723053
    },
    {
      "x": 0.30613842606544495,
      "y": 0.7764661312103271,
      "z": 0.22791720926761627,
      "visibility": 0.9838865399360657
    },
    {
      "x": 0.3890462815761566,
      "y": 0.6477717757225037,
      "z": 0.10330421477556229,
      "visibility": 0.01868307963013649
    },
    {
      "x": 0.2800281345844269,
      "y": 0.6349219679832458,
      "z": 0.11201534420251846,
      "visibility": 0.012236346490681171
    },
    {
      "x": 0.405971884727478,
      "y": 0.5839168429374695,
      "z": 0.08290760219097137,
      "visibility": 0.06178581714630127
    },
    {
      "x": 0.2674858868122101,
      "y": 0.5229256749153137,
      "z": -0.008608660660684109,
      "visibility": 0.041608791798353195
    },
    {
      "x": 0.418302059173584,
      "y": 0.5640294551849365,
      "z": 0.07461509853601456,
      "visibility": 0.09592419117689133
    },
    {
      "x": 0.26260906457901,
      "y": 0.4943487048149109,
      "z": -0.026474684476852417,
      "visibility": 0.06594670563936234
    },
    {
      "x": 0.4096614718437195,
      "y": 0.5889078378677368,
      "z": 0.08599474281072617,
      "visibility": 0.10108301043510437
    },
    {
      "x": 0.264678955078125,
      "y": 0.5003421902656555,
      "z": -0.016156377270817757,
      "visibility": 0.06065572425723076
    },
    {
      "x": 0.4010460674762726,
      "y": 0.5971734523773193,
      "z": 0.0880255475640297,
      "visibility": 0.10534404963254929
    },
    {
      "x": 0.2735992968082428,
      "y": 0.5204637050628662,
      "z": -0.008868678472936153,
      "visibility": 0.06837965548038483
    },
    {
      "x": 0.37027183175086975,
      "y": 0.6940982341766357,
      "z": -0.016801435500383377,
      "visibility": 0.9998464584350586
    },
    {
      "x": 0.30009061098098755,
      "y": 0.6843230724334717,
      "z": 0.01616029068827629,
      "visibility": 0.9999175071716309
    },
    {
      "x": 0.43663832545280457,
      "y": 0.627695620059967,
      "z": 0.10177616029977798,
      "visibility": 0.841376781463623
    },
    {
      "x": 0.2757090926170349,
      "y": 0.5446139574050903,
      "z": 0.12762564420700073,
      "visibility": 0.7055317759513855
    },
    {
      "x": 0.4724043309688568,
      "y": 0.4404865503311157,
      "z": 0.04605518653988838,
      "visibility": 0.798678994178772
    },
    {
      "x": 0.2888636589050293,
      "y": 0.34633252024650574,
      "z": 0.03627100959420204,
      "visibility": 0.9244987964630127
    },
    {
      "x": 0.4714526832103729,
      "y": 0.4053584337234497,
      "z": 0.04091707244515419,
      "visibility": 0.8526989221572876
    },
    {
      "x": 0.2880699336528778,
      "y": 0.3088673949241638,
      "z": 0.022946039214730263,
      "visibility": 0.9686385989189148
    },
    {
      "x": 0.4932962656021118,
      "y": 0.4025028944015503,
      "z": 0.0340045727789402,
      "visibility": 0.6058152318000793
    },
    {
      "x": 0.2889692783355713,
      "y": 0.303781658411026,
      "z": -0.008929786272346973,
      "visibility": 0.7291291952133179
    }
  ]
}