{
  "image": "C:\\Users\\shrad\\TrendWeave\\TrendWeave\\extracted_data\\Catwalks__Women_s_Footwear___Bags_Colour_A_W_25_26_en\\page_17\\img_3.png",
  "items": [
    {
      "yolo_label": "person",
      "bbox": [
        1.347367286682129,
        0.0,
        629.8981323242188,
        1350.7655029296875
      ],
      "confidence": 0.8193284869194031,
      "clip_attributes": {
        "palette": {
          "label": "earth tones",
          "confidence": 0.2270318865776062
        },
        "dress_silhouette": {
          "label": "fit and flare",
          "confidence": 0.23900195956230164
        },
        "neckline": {
          "label": "square neckline",
          "confidence": 0.23702698945999146
        },
        "sleeve_type": {
          "label": "bell sleeves",
          "confidence": 0.24816739559173584
        },
        "top_silhouette": {
          "label": "wrap top",
          "confidence": 0.22400857508182526
        },
        "bottom_style": {
          "label": "wide-leg pants",
          "confidence": 0.22823046147823334
        },
        "outerwear": {
          "label": "long coat",
          "confidence": 0.224351167678833
        },
        "shoe_type": {
          "label": "ankle boots",
          "confidence": 0.20293818414211273
        },
        "bag_type": {
          "label": "crossbody bag",
          "confidence": 0.2783358693122864
        },
        "accessory": {
          "label": "scarf",
          "confidence": 0.21473146975040436
        },
        "hairstyle": {
          "label": "high bun",
          "confidence": 0.19946326315402985
        },
        "setting": {
          "label": "street style",
          "confidence": 0.23155535757541656
        },
        "fabric_type": {
          "label": "satin",
          "confidence": 0.2206559181213379
        },
        "season": {
          "label": "winter",
          "confidence": 0.2078922539949417
        },
        "style_theme": {
          "label": "elegant chic",
          "confidence": 0.24038828909397125
        }
      },
      "dominant_colors": [
        [
          39,
          146,
          135
        ],
        [
          200,
          125,
          116
        ],
        [
          82,
          140,
          139
        ]
      ],
      "texture_histogram": [
        220.0,
        1240.0,
        4295.0,
        4630.0,
        4111.0,
        3621.0,
        3960.0,
        4262.0,
        4589.0,
        5004.0,
        5985.0,
        6143.0,
        6370.0,
        6623.0,
        6247.0,
        6322.0,
        6767.0,
        6672.0,
        6484.0,
        6304.0,
        6058.0,
        6289.0,
        5798.0,
        5670.0,
        5438.0,
        5307.0,
        5236.0,
        5177.0,
        4979.0,
        4831.0,
        4917.0,
        5161.0,
        5544.0,
        5998.0,
        6562.0,
        7296.0,
        7957.0,
        8787.0,
        9791.0,
        10671.0,
        11961.0,
        13906.0,
        15193.0,
        16264.0,
        17649.0,
        19492.0,
        20723.0,
        22125.0,
        23881.0,
        25310.0,
        26253.0,
        25824.0,
        24600.0,
        21532.0,
        17816.0,
        14338.0,
        11616.0,
        9716.0,
        8420.0,
        7045.0,
        6244.0,
        5549.0,
        4997.0,
        4503.0,
        4030.0,
        3515.0,
        3445.0,
        3382.0,
        3696.0,
        4262.0,
        4255.0,
        3926.0,
        4072.0,
        4155.0,
        3620.0,
        3627.0,
        3909.0,
        4115.0,
        3929.0,
        2928.0,
        2145.0,
        1922.0,
        1738.0,
        1679.0,
        1839.0,
        1927.0,
        1675.0,
        1488.0,
        1425.0,
        1304.0,
        1326.0,
        1253.0,
        1313.0,
        1355.0,
        1372.0,
        1368.0,
        1426.0,
        1495.0,
        1372.0,
        1260.0,
        964.0,
        781.0,
        684.0,
        639.0,
        527.0,
        516.0,
        483.0,
        425.0,
        449.0,
        362.0,
        441.0,
        356.0,
        414.0,
        347.0,
        319.0,
        343.0,
        267.0,
        288.0,
        290.0,
        284.0,
        272.0,
        263.0,
        287.0,
        283.0,
        228.0,
        195.0,
        233.0,
        236.0,
        224.0,
        229.0,
        220.0,
        249.0,
        238.0,
        214.0,
        175.0,
        217.0,
        282.0,
        302.0,
        306.0,
        318.0,
        388.0,
        580.0,
        601.0,
        686.0,
        664.0,
        675.0,
        668.0,
        746.0,
        737.0,
        959.0,
        1040.0,
        1159.0,
        1082.0,
        1165.0,
        1317.0,
        1355.0,
        1618.0,
        2249.0,
        1526.0,
        1242.0,
        1109.0,
        1203.0,
        1185.0,
        910.0,
        764.0,
        722.0,
        670.0,
        639.0,
        574.0,
        498.0,
        524.0,
        536.0,
        572.0,
        558.0,
        547.0,
        671.0,
        721.0,
        764.0,
        926.0,
        1116.0,
        1220.0,
        1073.0,
        985.0,
        856.0,
        924.0,
        804.0,
        739.0,
        763.0,
        842.0,
        845.0,
        784.0,
        843.0,
        819.0,
        836.0,
        894.0,
        850.0,
        981.0,
        1164.0,
        1331.0,
        1713.0,
        2463.0,
        2711.0,
        4013.0,
        3862.0,
        4326.0,
        5987.0,
        5521.0,
        6349.0,
        5842.0,
        3580.0,
        3310.0,
        3554.0,
        4191.0,
        4478.0,
        5403.0,
        3352.0,
        3657.0,
        4111.0,
        1896.0,
        894.0,
        720.0,
        425.0,
        361.0,
        415.0,
        323.0,
        362.0,
        380.0,
        304.0,
        352.0,
        268.0,
        281.0,
        171.0,
        161.0,
        130.0,
        90.0,
        69.0,
        67.0,
        59.0,
        50.0,
        52.0,
        48.0,
        33.0,
        31.0,
        20.0,
        28.0,
        27.0,
        21.0,
        14.0,
        25.0,
        21.0,
        18.0,
        15.0,
        18.0,
        12.0,
        20.0,
        6.0
      ],
      "silhouette_mask_path": "C:\\Users\\shrad\\TrendWeave\\MERGE_OUTPUT_FINAL\\Catwalks__Women_s_Footwear___Bags_Colour_A_W_25_26_en\\page_17\\img_3_mask_0.png"
    }
  ],
  "pose_keypoints": [
    {
      "x": 0.11761544644832611,
      "y": 0.003946185111999512,
      "z": -1.7017813920974731,
      "visibility": 0.9977055191993713
    },
    {
      "x": 0.17387527227401733,
      "y": -0.04067504405975342,
      "z": -1.700946569442749,
      "visibility": 0.9957142472267151
    },
    {
      "x": 0.20865027606487274,
      "y": -0.03988361358642578,
      "z": -1.7013888359069824,
      "visibility": 0.9963906407356262
    },
    {
      "x": 0.2396567165851593,
      "y": -0.03869736194610596,
      "z": -1.701722502708435,
      "visibility": 0.996618390083313
    },
    {
      "x": 0.08602938055992126,
      "y": -0.03616458177566528,
      "z": -1.6096781492233276,
      "visibility": 0.9943051934242249
    },
    {
      "x": 0.06496742367744446,
      "y": -0.031062960624694824,
      "z": -1.6094962358474731,
      "visibility": 0.9932191967964172
    },
    {
      "x": 0.04558230936527252,
      "y": -0.02469492144882679,
      "z": -1.6099594831466675,
      "visibility": 0.9918853044509888
    },
    {
      "x": 0.2977873384952545,
      "y": -0.020167529582977295,
      "z": -1.4570491313934326,
      "visibility": 0.9975718855857849
    },
    {
      "x": 0.048670053482055664,
      "y": 0.001821756362915039,
      "z": -1.0440925359725952,
      "visibility": 0.9878591895103455
    },
    {
      "x": 0.18042534589767456,
      "y": 0.03995603322982788,
      "z": -1.5985300540924072,
      "visibility": 0.9988412261009216
    },
    {
      "x": 0.07817211747169495,
      "y": 0.04445791244506836,
      "z": -1.4777858257293701,
      "visibility": 0.9979078769683838
    },
    {
      "x": 0.5420364141464233,
      "y": 0.17888718843460083,
      "z": -1.2610009908676147,
      "visibility": 0.9990422129631042
    },
    {
      "x": -0.018619805574417114,
      "y": 0.18495586514472961,
      "z": -0.6726094484329224,
      "visibility": 0.9960483908653259
    },
    {
      "x": 0.7306373119354248,
      "y": 0.36548739671707153,
      "z": -1.1155657768249512,
      "visibility": 0.9417824745178223
    },
    {
      "x": 0.0015652775764465332,
      "y": 0.4162858724594116,
      "z": -0.13617783784866333,
      "visibility": 0.36036163568496704
    },
    {
      "x": 0.5660781860351562,
      "y": 0.5436444878578186,
      "z": -1.2864787578582764,
      "visibility": 0.7413176894187927
    },
    {
      "x": 0.07654434442520142,
      "y": 0.564612090587616,
      "z": -0.3325827121734619,
      "visibility": 0.22889409959316254
    },
    {
      "x": 0.5223268270492554,
      "y": 0.6014551520347595,
      "z": -1.445366382598877,
      "visibility": 0.6748057007789612
    },
    {
      "x": 0.10662363469600677,
      "y": 0.6147103905677795,
      "z": -0.4436819553375244,
      "visibility": 0.23493777215480804
    },
    {
      "x": 0.44510847330093384,
      "y": 0.5714476704597473,
      "z": -1.5219157934188843,
      "visibility": 0.6836458444595337
    },
    {
      "x": 0.10244797170162201,
      "y": 0.5996918082237244,
      "z": -0.573506236076355,
      "visibility": 0.2518773376941681
    },
    {
      "x": 0.4442991614341736,
      "y": 0.5478748083114624,
      "z": -1.3088833093643188,
      "visibility": 0.673019528388977
    },
    {
      "x": 0.16608276963233948,
      "y": 0.5575934052467346,
      "z": -0.3998977839946747,
      "visibility": 0.27193349599838257
    },
    {
      "x": 0.5054000020027161,
      "y": 0.5533900260925293,
      "z": -0.03810887038707733,
      "visibility": 0.9950526356697083
    },
    {
      "x": 0.1844312995672226,
      "y": 0.5762707591056824,
      "z": 0.03946511447429657,
      "visibility": 0.9950002431869507
    },
    {
      "x": 0.6294229626655579,
      "y": 0.7083356380462646,
      "z": 0.6868508458137512,
      "visibility": 0.7995229363441467
    },
    {
      "x": 0.3328936994075775,
      "y": 0.784090518951416,
      "z": 0.7326035499572754,
      "visibility": 0.9437521696090698
    },
    {
      "x": 0.668776273727417,
      "y": 0.8198965787887573,
      "z": 2.388998508453369,
      "visibility": 0.7111715078353882
    },
    {
      "x": 0.4447614252567291,
      "y": 0.9428998231887817,
      "z": 2.147979259490967,
      "visibility": 0.8656806349754333
    },
    {
      "x": 0.6397136449813843,
      "y": 0.8511732220649719,
      "z": 2.5394885540008545,
      "visibility": 0.6301620006561279
    },
    {
      "x": 0.4558457136154175,
      "y": 0.9552035927772522,
      "z": 2.279905080795288,
      "visibility": 0.7118708491325378
    },
    {
      "x": 0.7306374311447144,
      "y": 0.9179744720458984,
      "z": 2.1597721576690674,
      "visibility": 0.6289710402488708
    },
    {
      "x": 0.49403297901153564,
      "y": 1.0585808753967285,
      "z": 1.8288912773132324,
      "visibility": 0.7481521368026733
    }
  ]
}