{
  "image": "C:\\Users\\shrad\\TrendWeave\\TrendWeave\\extracted_data\\Catwalks__Women_s_Key_Items___Knitwear_A_W_25_26_en\\page_6\\img_3.jpeg",
  "items": [
    {
      "yolo_label": "person",
      "bbox": [
        65.7708969116211,
        29.061655044555664,
        232.3236541748047,
        584.0
      ],
      "confidence": 0.8939254283905029,
      "clip_attributes": {
        "palette": {
          "label": "earth tones",
          "confidence": 0.22460009157657623
        },
        "dress_silhouette": {
          "label": "fit and flare",
          "confidence": 0.25416508316993713
        },
        "neckline": {
          "label": "square neckline",
          "confidence": 0.2786915898323059
        },
        "sleeve_type": {
          "label": "puffed sleeves",
          "confidence": 0.26297661662101746
        },
        "top_silhouette": {
          "label": "wrap top",
          "confidence": 0.2483152598142624
        },
        "bottom_style": {
          "label": "wide-leg pants",
          "confidence": 0.2988204061985016
        },
        "outerwear": {
          "label": "cardigan",
          "confidence": 0.23899689316749573
        },
        "shoe_type": {
          "label": "strappy sandals",
          "confidence": 0.2506539821624756
        },
        "bag_type": {
          "label": "crossbody bag",
          "confidence": 0.2576736807823181
        },
        "accessory": {
          "label": "hoop earrings",
          "confidence": 0.23546046018600464
        },
        "hairstyle": {
          "label": "ponytail",
          "confidence": 0.23904380202293396
        },
        "setting": {
          "label": "office wear",
          "confidence": 0.24258790910243988
        },
        "fabric_type": {
          "label": "linen",
          "confidence": 0.25841018557548523
        },
        "season": {
          "label": "spring",
          "confidence": 0.2186444252729416
        },
        "style_theme": {
          "label": "elegant chic",
          "confidence": 0.2419927418231964
        }
      },
      "dominant_colors": [
        [
          209,
          140,
          136
        ],
        [
          35,
          135,
          128
        ],
        [
          152,
          140,
          139
        ]
      ],
      "texture_histogram": [
        5.0,
        8.0,
        37.0,
        67.0,
        109.0,
        177.0,
        365.0,
        594.0,
        616.0,
        595.0,
        611.0,
        498.0,
        368.0,
        279.0,
        264.0,
        229.0,
        262.0,
        273.0,
        262.0,
        338.0,
        403.0,
        566.0,
        612.0,
        754.0,
        925.0,
        953.0,
        1127.0,
        1115.0,
        1172.0,
        1393.0,
        1370.0,
        1407.0,
        1506.0,
        1553.0,
        1501.0,
        1482.0,
        1280.0,
        1079.0,
        1011.0,
        838.0,
        727.0,
        728.0,
        606.0,
        594.0,
        521.0,
        531.0,
        492.0,
        417.0,
        380.0,
        430.0,
        382.0,
        334.0,
        312.0,
        289.0,
        298.0,
        318.0,
        327.0,
        331.0,
        286.0,
        284.0,
        255.0,
        240.0,
        244.0,
        206.0,
        209.0,
        211.0,
        190.0,
        174.0,
        193.0,
        156.0,
        174.0,
        198.0,
        182.0,
        184.0,
        177.0,
        187.0,
        166.0,
        195.0,
        197.0,
        205.0,
        185.0,
        162.0,
        129.0,
        144.0,
        184.0,
        141.0,
        153.0,
        140.0,
        151.0,
        140.0,
        124.0,
        123.0,
        99.0,
        122.0,
        126.0,
        107.0,
        104.0,
        106.0,
        113.0,
        93.0,
        104.0,
        91.0,
        129.0,
        113.0,
        130.0,
        141.0,
        124.0,
        111.0,
        128.0,
        111.0,
        109.0,
        121.0,
        122.0,
        106.0,
        101.0,
        106.0,
        91.0,
        113.0,
        123.0,
        134.0,
        121.0,
        135.0,
        142.0,
        118.0,
        146.0,
        161.0,
        132.0,
        139.0,
        157.0,
        165.0,
        148.0,
        158.0,
        156.0,
        159.0,
        192.0,
        193.0,
        226.0,
        242.0,
        281.0,
        276.0,
        320.0,
        299.0,
        301.0,
        340.0,
        396.0,
        423.0,
        399.0,
        423.0,
        466.0,
        523.0,
        535.0,
        594.0,
        705.0,
        678.0,
        722.0,
        709.0,
        835.0,
        840.0,
        805.0,
        723.0,
        753.0,
        717.0,
        645.0,
        626.0,
        507.0,
        456.0,
        414.0,
        348.0,
        336.0,
        328.0,
        324.0,
        307.0,
        302.0,
        279.0,
        272.0,
        252.0,
        261.0,
        289.0,
        301.0,
        341.0,
        391.0,
        401.0,
        358.0,
        369.0,
        521.0,
        419.0,
        434.0,
        461.0,
        476.0,
        427.0,
        423.0,
        421.0,
        426.0,
        421.0,
        425.0,
        377.0,
        363.0,
        416.0,
        422.0,
        455.0,
        422.0,
        469.0,
        395.0,
        491.0,
        443.0,
        497.0,
        451.0,
        561.0,
        693.0,
        486.0,
        491.0,
        452.0,
        476.0,
        444.0,
        581.0,
        608.0,
        773.0,
        717.0,
        517.0,
        574.0,
        527.0,
        485.0,
        450.0,
        355.0,
        361.0,
        368.0,
        316.0,
        252.0,
        243.0,
        210.0,
        190.0,
        163.0,
        132.0,
        140.0,
        122.0,
        109.0,
        103.0,
        81.0,
        71.0,
        89.0,
        83.0,
        79.0,
        76.0,
        81.0,
        89.0,
        64.0,
        80.0,
        78.0,
        88.0,
        53.0,
        47.0,
        34.0,
        24.0,
        41.0,
        22.0,
        3.0
      ],
      "silhouette_mask_path": "C:\\Users\\shrad\\TrendWeave\\MERGE_OUTPUT_FINAL\\Catwalks__Women_s_Key_Items___Knitwear_A_W_25_26_en\\page_6\\img_3_mask_0.png"
    },
    {
      "yolo_label": "handbag",
      "bbox": [
        201.13819885253906,
        334.1904602050781,
        244.56893920898438,
        420.5467529296875
      ],
      "confidence": 0.359879732131958,
      "clip_attributes": {
        "palette": {
          "label": "bold colors",
          "confidence": 0.2327605038881302
        },
        "dress_silhouette": {
          "label": "maxi dress",
          "confidence": 0.266123503446579
        },
        "neckline": {
          "label": "square neckline",
          "confidence": 0.2617948651313782
        },
        "sleeve_type": {
          "label": "puffed sleeves",
          "confidence": 0.25911611318588257
        },
        "top_silhouette": {
          "label": "peplum",
          "confidence": 0.24344128370285034
        },
        "bottom_style": {
          "label": "culottes",
          "confidence": 0.2468038946390152
        },
        "outerwear": {
          "label": "long coat",
          "confidence": 0.2427644282579422
        },
        "shoe_type": {
          "label": "ballet flats",
          "confidence": 0.23452459275722504
        },
        "bag_type": {
          "label": "shoulder bag",
          "confidence": 0.254380464553833
        },
        "accessory": {
          "label": "scarf",
          "confidence": 0.222520649433136
        },
        "hairstyle": {
          "label": "ponytail",
          "confidence": 0.2008114755153656
        },
        "setting": {
          "label": "office wear",
          "confidence": 0.23214034736156464
        },
        "fabric_type": {
          "label": "organza",
          "confidence": 0.2682783007621765
        },
        "season": {
          "label": "spring",
          "confidence": 0.22039932012557983
        },
        "style_theme": {
          "label": "elegant chic",
          "confidence": 0.23965086042881012
        }
      },
      "dominant_colors": [
        [
          196,
          133,
          144
        ],
        [
          48,
          139,
          140
        ],
        [
          136,
          143,
          147
        ]
      ],
      "texture_histogram": [
        0.0,
        0.0,
        2.0,
        2.0,
        1.0,
        2.0,
        1.0,
        4.0,
        0.0,
        3.0,
        8.0,
        4.0,
        8.0,
        7.0,
        8.0,
        10.0,
        5.0,
        7.0,
        8.0,
        11.0,
        12.0,
        9.0,
        12.0,
        22.0,
        11.0,
        6.0,
        15.0,
        10.0,
        10.0,
        18.0,
        10.0,
        8.0,
        15.0,
        15.0,
        9.0,
        7.0,
        13.0,
        7.0,
        7.0,
        8.0,
        11.0,
        8.0,
        8.0,
        7.0,
        6.0,
        6.0,
        9.0,
        4.0,
        5.0,
        13.0,
        10.0,
        9.0,
        9.0,
        16.0,
        15.0,
        12.0,
        12.0,
        17.0,
        15.0,
        14.0,
        9.0,
        15.0,
        13.0,
        7.0,
        11.0,
        5.0,
        6.0,
        7.0,
        11.0,
        6.0,
        10.0,
        8.0,
        8.0,
        5.0,
        7.0,
        8.0,
        11.0,
        13.0,
        8.0,
        4.0,
        7.0,
        6.0,
        9.0,
        6.0,
        14.0,
        17.0,
        8.0,
        12.0,
        11.0,
        8.0,
        8.0,
        7.0,
        11.0,
        10.0,
        9.0,
        5.0,
        6.0,
        8.0,
        13.0,
        7.0,
        13.0,
        11.0,
        8.0,
        11.0,
        10.0,
        6.0,
        13.0,
        8.0,
        7.0,
        10.0,
        9.0,
        11.0,
        10.0,
        8.0,
        5.0,
        14.0,
        11.0,
        11.0,
        10.0,
        11.0,
        7.0,
        6.0,
        11.0,
        11.0,
        11.0,
        14.0,
        13.0,
        12.0,
        10.0,
        15.0,
        8.0,
        12.0,
        18.0,
        12.0,
        14.0,
        17.0,
        15.0,
        14.0,
        25.0,
        13.0,
        18.0,
        13.0,
        20.0,
        21.0,
        12.0,
        25.0,
        19.0,
        16.0,
        23.0,
        29.0,
        17.0,
        17.0,
        22.0,
        16.0,
        22.0,
        24.0,
        16.0,
        25.0,
        23.0,
        23.0,
        20.0,
        27.0,
        33.0,
        15.0,
        28.0,
        24.0,
        22.0,
        21.0,
        25.0,
        15.0,
        36.0,
        25.0,
        37.0,
        20.0,
        23.0,
        19.0,
        27.0,
        29.0,
        28.0,
        32.0,
        28.0,
        35.0,
        26.0,
        28.0,
        27.0,
        25.0,
        28.0,
        23.0,
        40.0,
        28.0,
        34.0,
        37.0,
        62.0,
        57.0,
        76.0,
        62.0,
        48.0,
        74.0,
        61.0,
        42.0,
        56.0,
        42.0,
        43.0,
        44.0,
        23.0,
        45.0,
        37.0,
        78.0,
        33.0,
        38.0,
        39.0,
        24.0,
        30.0,
        9.0,
        18.0,
        11.0,
        13.0,
        8.0,
        5.0,
        7.0,
        4.0,
        5.0,
        1.0,
        1.0,
        3.0,
        1.0,
        1.0,
        0.0,
        1.0,
        0.0,
        0.0,
        0.0,
        0.0,
        0.0,
        0.0,
        0.0,
        0.0,
        0.0,
        0.0,
        0.0,
        0.0,
        0.0,
        0.0,
        0.0,
        0.0,
        0.0,
        0.0,
        0.0,
        0.0,
        0.0,
        0.0,
        0.0,
        0.0,
        0.0,
        0.0,
        0.0
      ],
      "silhouette_mask_path": "C:\\Users\\shrad\\TrendWeave\\MERGE_OUTPUT_FINAL\\Catwalks__Women_s_Key_Items___Knitwear_A_W_25_26_en\\page_6\\img_3_mask_1.png"
    }
  ],
  "pose_keypoints": [
    {
      "x": 0.47348615527153015,
      "y": 0.12681615352630615,
      "z": -1.262433648109436,
      "visibility": 0.9999908208847046
    },
    {
      "x": 0.4997219145298004,
      "y": 0.1077878475189209,
      "z": -1.229027509689331,
      "visibility": 0.9999682903289795
    },
    {
      "x": 0.5174856185913086,
      "y": 0.10775724053382874,
      "z": -1.2291767597198486,
      "visibility": 0.9999686479568481
    },
    {
      "x": 0.5324755907058716,
      "y": 0.10792312026023865,
      "z": -1.2294055223464966,
      "visibility": 0.9999680519104004
    },
    {
      "x": 0.4497333765029907,
      "y": 0.10837680101394653,
      "z": -1.2221533060073853,
      "visibility": 0.9999594688415527
    },
    {
      "x": 0.4347270727157593,
      "y": 0.10880520939826965,
      "z": -1.2222601175308228,
      "visibility": 0.9999566078186035
    },
    {
      "x": 0.42542994022369385,
      "y": 0.10965484380722046,
      "z": -1.2224714756011963,
      "visibility": 0.9999544620513916
    },
    {
      "x": 0.5567024946212769,
      "y": 0.11566829681396484,
      "z": -0.8839238286018372,
      "visibility": 0.9999631643295288
    },
    {
      "x": 0.41505905985832214,
      "y": 0.119932621717453,
      "z": -0.8520570993423462,
      "visibility": 0.9999375343322754
    },
    {
      "x": 0.5088650584220886,
      "y": 0.14887121319770813,
      "z": -1.1209361553192139,
      "visibility": 0.9999948740005493
    },
    {
      "x": 0.4468402564525604,
      "y": 0.1494503915309906,
      "z": -1.1117408275604248,
      "visibility": 0.9999927282333374
    },
    {
      "x": 0.6867071986198425,
      "y": 0.246709406375885,
      "z": -0.560123085975647,
      "visibility": 0.9999749660491943
    },
    {
      "x": 0.3216332793235779,
      "y": 0.2549833655357361,
      "z": -0.5852463841438293,
      "visibility": 0.9999464750289917
    },
    {
      "x": 0.7071991562843323,
      "y": 0.3967599868774414,
      "z": -0.34074604511260986,
      "visibility": 0.9824925661087036
    },
    {
      "x": 0.29994913935661316,
      "y": 0.4102727472782135,
      "z": -0.4301712214946747,
      "visibility": 0.9497491121292114
    },
    {
      "x": 0.7390263080596924,
      "y": 0.5353728532791138,
      "z": -0.6019879579544067,
      "visibility": 0.9665150046348572
    },
    {
      "x": 0.2610883116722107,
      "y": 0.5587434768676758,
      "z": -0.7075620293617249,
      "visibility": 0.9162900447845459
    },
    {
      "x": 0.7571703195571899,
      "y": 0.5770477056503296,
      "z": -0.6936532855033875,
      "visibility": 0.9378222227096558
    },
    {
      "x": 0.2388308048248291,
      "y": 0.5971311330795288,
      "z": -0.8034720420837402,
      "visibility": 0.8793737292289734
    },
    {
      "x": 0.730915367603302,
      "y": 0.5799325108528137,
      "z": -0.8155695796012878,
      "visibility": 0.9431957006454468
    },
    {
      "x": 0.26054269075393677,
      "y": 0.6000543236732483,
      "z": -0.9306014776229858,
      "visibility": 0.8888751268386841
    },
    {
      "x": 0.7209343910217285,
      "y": 0.566756546497345,
      "z": -0.6539865136146545,
      "visibility": 0.9430673122406006
    },
    {
      "x": 0.2728920876979828,
      "y": 0.586905300617218,
      "z": -0.7652190923690796,
      "visibility": 0.8910961151123047
    },
    {
      "x": 0.5965408682823181,
      "y": 0.518405020236969,
      "z": 0.0225612111389637,
      "visibility": 0.9987971782684326
    },
    {
      "x": 0.40412813425064087,
      "y": 0.5137113928794861,
      "z": -0.022820262238383293,
      "visibility": 0.9986131191253662
    },
    {
      "x": 0.5517954230308533,
      "y": 0.736104428768158,
      "z": -0.032689593732357025,
      "visibility": 0.9559029936790466
    },
    {
      "x": 0.4293351471424103,
      "y": 0.7309480905532837,
      "z": -0.04656005650758743,
      "visibility": 0.9605717658996582
    },
    {
      "x": 0.5358681678771973,
      "y": 0.9029061198234558,
      "z": 0.7059972286224365,
      "visibility": 0.9182298183441162
    },
    {
      "x": 0.4950929582118988,
      "y": 0.9226665496826172,
      "z": 0.5300935506820679,
      "visibility": 0.9188390374183655
    },
    {
      "x": 0.5366021990776062,
      "y": 0.9123586416244507,
      "z": 0.7549079656600952,
      "visibility": 0.6280822157859802
    },
    {
      "x": 0.5056966543197632,
      "y": 0.9363715648651123,
      "z": 0.5667438507080078,
      "visibility": 0.5871087312698364
    },
    {
      "x": 0.5462276935577393,
      "y": 0.9705377817153931,
      "z": 0.3454568386077881,
      "visibility": 0.8588814735412598
    },
    {
      "x": 0.5211646556854248,
      "y": 0.9931782484054565,
      "z": 0.10297725349664688,
      "visibility": 0.863747775554657
    }
  ]
}