{
  "image": "C:\\Users\\shrad\\TrendWeave\\TrendWeave\\extracted_data\\Catwalks__Women_s_Key_Items___Knitwear_A_W_25_26_en\\page_6\\img_5.jpeg",
  "items": [
    {
      "yolo_label": "person",
      "bbox": [
        41.145790100097656,
        25.15117073059082,
        219.2162322998047,
        584.0
      ],
      "confidence": 0.8931034207344055,
      "clip_attributes": {
        "palette": {
          "label": "bold colors",
          "confidence": 0.2569752335548401
        },
        "dress_silhouette": {
          "label": "fit and flare",
          "confidence": 0.26110631227493286
        },
        "neckline": {
          "label": "square neckline",
          "confidence": 0.265967458486557
        },
        "sleeve_type": {
          "label": "puffed sleeves",
          "confidence": 0.27992790937423706
        },
        "top_silhouette": {
          "label": "wrap top",
          "confidence": 0.24641311168670654
        },
        "bottom_style": {
          "label": "culottes",
          "confidence": 0.28665590286254883
        },
        "outerwear": {
          "label": "long coat",
          "confidence": 0.2591594457626343
        },
        "shoe_type": {
          "label": "ankle boots",
          "confidence": 0.2443677932024002
        },
        "bag_type": {
          "label": "crossbody bag",
          "confidence": 0.23155996203422546
        },
        "accessory": {
          "label": "sunglasses",
          "confidence": 0.2254316359758377
        },
        "hairstyle": {
          "label": "ponytail",
          "confidence": 0.22987015545368195
        },
        "setting": {
          "label": "street style",
          "confidence": 0.2638029456138611
        },
        "fabric_type": {
          "label": "linen",
          "confidence": 0.24960048496723175
        },
        "season": {
          "label": "spring",
          "confidence": 0.228268101811409
        },
        "style_theme": {
          "label": "elegant chic",
          "confidence": 0.23924410343170166
        }
      },
      "dominant_colors": [
        [
          161,
          172,
          142
        ],
        [
          201,
          130,
          130
        ],
        [
          74,
          142,
          136
        ]
      ],
      "texture_histogram": [
        0.0,
        1.0,
        2.0,
        0.0,
        1.0,
        5.0,
        9.0,
        18.0,
        29.0,
        38.0,
        34.0,
        35.0,
        43.0,
        40.0,
        69.0,
        77.0,
        52.0,
        49.0,
        47.0,
        36.0,
        38.0,
        45.0,
        35.0,
        55.0,
        40.0,
        51.0,
        40.0,
        54.0,
        77.0,
        60.0,
        61.0,
        69.0,
        78.0,
        68.0,
        71.0,
        53.0,
        59.0,
        75.0,
        72.0,
        67.0,
        68.0,
        55.0,
        57.0,
        56.0,
        54.0,
        69.0,
        66.0,
        75.0,
        71.0,
        78.0,
        68.0,
        53.0,
        63.0,
        100.0,
        97.0,
        75.0,
        77.0,
        82.0,
        101.0,
        80.0,
        105.0,
        84.0,
        71.0,
        68.0,
        95.0,
        81.0,
        76.0,
        83.0,
        89.0,
        78.0,
        88.0,
        75.0,
        78.0,
        88.0,
        97.0,
        90.0,
        80.0,
        93.0,
        82.0,
        107.0,
        117.0,
        109.0,
        112.0,
        102.0,
        95.0,
        116.0,
        86.0,
        122.0,
        102.0,
        101.0,
        111.0,
        120.0,
        128.0,
        137.0,
        120.0,
        144.0,
        178.0,
        191.0,
        174.0,
        217.0,
        221.0,
        250.0,
        225.0,
        273.0,
        242.0,
        257.0,
        240.0,
        234.0,
        242.0,
        227.0,
        222.0,
        231.0,
        241.0,
        227.0,
        223.0,
        225.0,
        228.0,
        241.0,
        268.0,
        275.0,
        276.0,
        335.0,
        335.0,
        416.0,
        417.0,
        418.0,
        387.0,
        408.0,
        495.0,
        506.0,
        541.0,
        514.0,
        552.0,
        554.0,
        569.0,
        561.0,
        619.0,
        547.0,
        516.0,
        531.0,
        530.0,
        609.0,
        557.0,
        534.0,
        619.0,
        653.0,
        639.0,
        633.0,
        697.0,
        694.0,
        751.0,
        847.0,
        884.0,
        913.0,
        948.0,
        984.0,
        1111.0,
        1156.0,
        1157.0,
        1288.0,
        1370.0,
        1303.0,
        1381.0,
        1452.0,
        1436.0,
        1490.0,
        1414.0,
        1538.0,
        1418.0,
        1588.0,
        1566.0,
        1627.0,
        1631.0,
        1538.0,
        1294.0,
        1285.0,
        1167.0,
        1005.0,
        1039.0,
        1412.0,
        1763.0,
        1577.0,
        1393.0,
        1170.0,
        955.0,
        747.0,
        704.0,
        632.0,
        552.0,
        460.0,
        436.0,
        400.0,
        419.0,
        457.0,
        505.0,
        583.0,
        624.0,
        594.0,
        628.0,
        555.0,
        526.0,
        534.0,
        573.0,
        634.0,
        714.0,
        761.0,
        796.0,
        983.0,
        1129.0,
        1092.0,
        1082.0,
        1072.0,
        949.0,
        933.0,
        902.0,
        834.0,
        684.0,
        633.0,
        613.0,
        554.0,
        496.0,
        366.0,
        319.0,
        279.0,
        247.0,
        162.0,
        156.0,
        102.0,
        68.0,
        48.0,
        56.0,
        38.0,
        19.0,
        13.0,
        17.0,
        10.0,
        10.0,
        1.0,
        4.0,
        1.0,
        0.0,
        2.0,
        1.0,
        0.0,
        0.0,
        0.0,
        0.0,
        0.0,
        0.0,
        0.0,
        0.0,
        0.0,
        0.0,
        0.0,
        0.0,
        0.0
      ],
      "silhouette_mask_path": "C:\\Users\\shrad\\TrendWeave\\MERGE_OUTPUT_FINAL\\Catwalks__Women_s_Key_Items___Knitwear_A_W_25_26_en\\page_6\\img_5_mask_0.png"
    },
    {
      "yolo_label": "person",
      "bbox": [
        219.41415405273438,
        115.74915313720703,
        293.0,
        355.05902099609375
      ],
      "confidence": 0.7498466372489929,
      "clip_attributes": {
        "palette": {
          "label": "earth tones",
          "confidence": 0.23283445835113525
        },
        "dress_silhouette": {
          "label": "fit and flare",
          "confidence": 0.22115473449230194
        },
        "neckline": {
          "label": "square neckline",
          "confidence": 0.23169687390327454
        },
        "sleeve_type": {
          "label": "bell sleeves",
          "confidence": 0.2415318638086319
        },
        "top_silhouette": {
          "label": "wrap top",
          "confidence": 0.21350303292274475
        },
        "bottom_style": {
          "label": "flared pants",
          "confidence": 0.23260922729969025
        },
        "outerwear": {
          "label": "blazer",
          "confidence": 0.24973328411579132
        },
        "shoe_type": {
          "label": "ankle boots",
          "confidence": 0.2338198721408844
        },
        "bag_type": {
          "label": "shoulder bag",
          "confidence": 0.245414137840271
        },
        "accessory": {
          "label": "hairband",
          "confidence": 0.2352898120880127
        },
        "hairstyle": {
          "label": "high bun",
          "confidence": 0.2259320616722107
        },
        "setting": {
          "label": "office wear",
          "confidence": 0.21488246321678162
        },
        "fabric_type": {
          "label": "organza",
          "confidence": 0.2305513322353363
        },
        "season": {
          "label": "fall",
          "confidence": 0.2126241773366928
        },
        "style_theme": {
          "label": "elegant chic",
          "confidence": 0.22709648311138153
        }
      },
      "dominant_colors": [
        [
          28,
          130,
          125
        ],
        [
          177,
          129,
          131
        ],
        [
          77,
          132,
          132
        ]
      ],
      "texture_histogram": [
        0.0,
        3.0,
        2.0,
        7.0,
        11.0,
        53.0,
        95.0,
        136.0,
        164.0,
        197.0,
        174.0,
        193.0,
        151.0,
        163.0,
        169.0,
        161.0,
        175.0,
        165.0,
        137.0,
        126.0,
        171.0,
        161.0,
        162.0,
        243.0,
        230.0,
        194.0,
        233.0,
        248.0,
        282.0,
        296.0,
        268.0,
        370.0,
        492.0,
        548.0,
        549.0,
        478.0,
        403.0,
        348.0,
        341.0,
        286.0,
        213.0,
        205.0,
        224.0,
        187.0,
        168.0,
        175.0,
        157.0,
        163.0,
        190.0,
        166.0,
        163.0,
        145.0,
        143.0,
        151.0,
        159.0,
        125.0,
        136.0,
        128.0,
        138.0,
        143.0,
        117.0,
        128.0,
        136.0,
        118.0,
        107.0,
        126.0,
        107.0,
        107.0,
        92.0,
        84.0,
        77.0,
        99.0,
        80.0,
        92.0,
        77.0,
        60.0,
        61.0,
        83.0,
        65.0,
        54.0,
        60.0,
        49.0,
        56.0,
        43.0,
        56.0,
        43.0,
        45.0,
        43.0,
        53.0,
        36.0,
        33.0,
        31.0,
        32.0,
        32.0,
        39.0,
        31.0,
        25.0,
        22.0,
        31.0,
        22.0,
        22.0,
        30.0,
        29.0,
        24.0,
        31.0,
        30.0,
        20.0,
        23.0,
        25.0,
        28.0,
        18.0,
        14.0,
        24.0,
        37.0,
        29.0,
        33.0,
        22.0,
        22.0,
        31.0,
        21.0,
        19.0,
        17.0,
        16.0,
        21.0,
        27.0,
        27.0,
        24.0,
        19.0,
        22.0,
        21.0,
        30.0,
        26.0,
        32.0,
        19.0,
        20.0,
        20.0,
        22.0,
        16.0,
        27.0,
        23.0,
        19.0,
        31.0,
        22.0,
        36.0,
        25.0,
        29.0,
        27.0,
        18.0,
        28.0,
        33.0,
        29.0,
        24.0,
        22.0,
        40.0,
        33.0,
        29.0,
        31.0,
        24.0,
        22.0,
        28.0,
        28.0,
        24.0,
        32.0,
        25.0,
        26.0,
        31.0,
        19.0,
        27.0,
        27.0,
        37.0,
        36.0,
        36.0,
        34.0,
        37.0,
        38.0,
        43.0,
        33.0,
        25.0,
        27.0,
        21.0,
        28.0,
        31.0,
        30.0,
        33.0,
        40.0,
        50.0,
        52.0,
        51.0,
        56.0,
        52.0,
        36.0,
        38.0,
        21.0,
        22.0,
        13.0,
        17.0,
        16.0,
        15.0,
        13.0,
        15.0,
        19.0,
        14.0,
        19.0,
        21.0,
        23.0,
        26.0,
        24.0,
        32.0,
        33.0,
        46.0,
        46.0,
        71.0,
        47.0,
        26.0,
        17.0,
        16.0,
        8.0,
        4.0,
        4.0,
        1.0,
        1.0,
        0.0,
        0.0,
        0.0,
        0.0,
        0.0,
        0.0,
        0.0,
        0.0,
        0.0,
        0.0,
        0.0,
        0.0,
        0.0,
        0.0,
        0.0,
        0.0,
        0.0,
        0.0,
        0.0,
        0.0,
        0.0,
        0.0,
        0.0,
        0.0,
        0.0,
        0.0,
        0.0,
        0.0,
        0.0,
        0.0,
        0.0,
        0.0,
        0.0,
        0.0,
        0.0
      ],
      "silhouette_mask_path": "C:\\Users\\shrad\\TrendWeave\\MERGE_OUTPUT_FINAL\\Catwalks__Women_s_Key_Items___Knitwear_A_W_25_26_en\\page_6\\img_5_mask_1.png"
    },
    {
      "yolo_label": "person",
      "bbox": [
        205.20242309570312,
        111.80305480957031,
        254.9395751953125,
        352.09783935546875
      ],
      "confidence": 0.6131994724273682,
      "clip_attributes": {
        "palette": {
          "label": "earth tones",
          "confidence": 0.21196486055850983
        },
        "neckline": {
          "label": "buttoned collar",
          "confidence": 0.21708367764949799
        },
        "sleeve_type": {
          "label": "sleeveless",
          "confidence": 0.2115301638841629
        },
        "top_silhouette": {
          "label": "hoodie",
          "confidence": 0.22246100008487701
        },
        "bottom_style": {
          "label": "chinos",
          "confidence": 0.23150447010993958
        },
        "outerwear": {
          "label": "leather jacket",
          "confidence": 0.22771324217319489
        },
        "shoe_type": {
          "label": "sneakers",
          "confidence": 0.2232472449541092
        },
        "bag_type": {
          "label": "backpack",
          "confidence": 0.21480369567871094
        },
        "accessory": {
          "label": "bracelet",
          "confidence": 0.23322635889053345
        },
        "hairstyle": {
          "label": "buzz cut",
          "confidence": 0.21948158740997314
        },
        "setting": {
          "label": "smart casual",
          "confidence": 0.2280273288488388
        },
        "fabric_type": {
          "label": "wool",
          "confidence": 0.2214842587709427
        },
        "season": {
          "label": "spring",
          "confidence": 0.21002139151096344
        },
        "style_theme": {
          "label": "grunge",
          "confidence": 0.21189609169960022
        }
      },
      "dominant_colors": [
        [
          25,
          130,
          125
        ],
        [
          173,
          149,
          133
        ],
        [
          80,
          134,
          134
        ]
      ],
      "texture_histogram": [
        0.0,
        3.0,
        1.0,
        5.0,
        7.0,
        37.0,
        88.0,
        123.0,
        141.0,
        176.0,
        158.0,
        164.0,
        131.0,
        135.0,
        143.0,
        129.0,
        148.0,
        124.0,
        112.0,
        98.0,
        134.0,
        113.0,
        107.0,
        141.0,
        128.0,
        118.0,
        115.0,
        118.0,
        151.0,
        138.0,
        143.0,
        201.0,
        271.0,
        307.0,
        283.0,
        253.0,
        190.0,
        167.0,
        139.0,
        94.0,
        96.0,
        88.0,
        88.0,
        75.0,
        61.0,
        88.0,
        80.0,
        67.0,
        81.0,
        78.0,
        70.0,
        54.0,
        58.0,
        61.0,
        87.0,
        79.0,
        84.0,
        78.0,
        89.0,
        90.0,
        77.0,
        91.0,
        90.0,
        72.0,
        66.0,
        82.0,
        71.0,
        82.0,
        73.0,
        56.0,
        67.0,
        68.0,
        54.0,
        73.0,
        50.0,
        35.0,
        34.0,
        60.0,
        41.0,
        43.0,
        53.0,
        32.0,
        35.0,
        29.0,
        38.0,
        32.0,
        33.0,
        43.0,
        34.0,
        25.0,
        30.0,
        29.0,
        30.0,
        23.0,
        32.0,
        36.0,
        29.0,
        24.0,
        22.0,
        23.0,
        20.0,
        23.0,
        32.0,
        24.0,
        30.0,
        23.0,
        17.0,
        23.0,
        27.0,
        27.0,
        17.0,
        16.0,
        19.0,
        35.0,
        18.0,
        24.0,
        17.0,
        11.0,
        19.0,
        21.0,
        14.0,
        13.0,
        17.0,
        15.0,
        22.0,
        20.0,
        18.0,
        15.0,
        23.0,
        23.0,
        17.0,
        18.0,
        25.0,
        15.0,
        14.0,
        15.0,
        27.0,
        31.0,
        17.0,
        26.0,
        25.0,
        30.0,
        23.0,
        31.0,
        34.0,
        39.0,
        33.0,
        29.0,
        19.0,
        25.0,
        31.0,
        30.0,
        27.0,
        25.0,
        40.0,
        28.0,
        26.0,
        38.0,
        22.0,
        40.0,
        30.0,
        37.0,
        28.0,
        28.0,
        30.0,
        35.0,
        29.0,
        39.0,
        40.0,
        32.0,
        36.0,
        40.0,
        37.0,
        42.0,
        37.0,
        43.0,
        32.0,
        40.0,
        46.0,
        37.0,
        44.0,
        38.0,
        52.0,
        39.0,
        68.0,
        63.0,
        82.0,
        86.0,
        88.0,
        69.0,
        54.0,
        45.0,
        34.0,
        34.0,
        29.0,
        25.0,
        23.0,
        18.0,
        17.0,
        8.0,
        14.0,
        9.0,
        7.0,
        5.0,
        7.0,
        1.0,
        2.0,
        1.0,
        1.0,
        0.0,
        1.0,
        0.0,
        1.0,
        0.0,
        0.0,
        0.0,
        0.0,
        0.0,
        0.0,
        0.0,
        0.0,
        0.0,
        0.0,
        0.0,
        0.0,
        0.0,
        0.0,
        0.0,
        0.0,
        0.0,
        0.0,
        0.0,
        0.0,
        0.0,
        0.0,
        0.0,
        0.0,
        0.0,
        0.0,
        0.0,
        0.0,
        0.0,
        0.0,
        0.0,
        0.0,
        0.0,
        0.0,
        0.0,
        0.0,
        0.0,
        0.0,
        0.0,
        0.0,
        0.0,
        0.0,
        0.0
      ],
      "silhouette_mask_path": "C:\\Users\\shrad\\TrendWeave\\MERGE_OUTPUT_FINAL\\Catwalks__Women_s_Key_Items___Knitwear_A_W_25_26_en\\page_6\\img_5_mask_2.png"
    },
    {
      "yolo_label": "person",
      "bbox": [
        48.367095947265625,
        103.94483184814453,
        82.27149200439453,
        152.24893188476562
      ],
      "confidence": 0.5876772403717041,
      "clip_attributes": {
        "palette": {
          "label": "pastel",
          "confidence": 0.22578488290309906
        },
        "dress_silhouette": {
          "label": "fit and flare",
          "confidence": 0.20526906847953796
        },
        "neckline": {
          "label": "square neckline",
          "confidence": 0.22751304507255554
        },
        "sleeve_type": {
          "label": "cap sleeves",
          "confidence": 0.21645332872867584
        },
        "top_silhouette": {
          "label": "crop top",
          "confidence": 0.21090123057365417
        },
        "bottom_style": {
          "label": "flared pants",
          "confidence": 0.22026009857654572
        },
        "outerwear": {
          "label": "shrug",
          "confidence": 0.22300994396209717
        },
        "shoe_type": {
          "label": "ankle boots",
          "confidence": 0.2196814864873886
        },
        "bag_type": {
          "label": "clutch",
          "confidence": 0.22130821645259857
        },
        "accessory": {
          "label": "hairband",
          "confidence": 0.24160261452198029
        },
        "hairstyle": {
          "label": "loose curls",
          "confidence": 0.22959665954113007
        },
        "setting": {
          "label": "brunch look",
          "confidence": 0.2062274068593979
        },
        "fabric_type": {
          "label": "cotton",
          "confidence": 0.22130422294139862
        },
        "season": {
          "label": "summer",
          "confidence": 0.21278777718544006
        },
        "style_theme": {
          "label": "vintage",
          "confidence": 0.20777279138565063
        }
      },
      "dominant_colors": [
        [
          76,
          138,
          143
        ],
        [
          173,
          150,
          134
        ],
        [
          128,
          137,
          140
        ]
      ],
      "texture_histogram": [
        0.0,
        0.0,
        0.0,
        0.0,
        0.0,
        0.0,
        0.0,
        0.0,
        0.0,
        0.0,
        0.0,
        0.0,
        0.0,
        0.0,
        0.0,
        0.0,
        0.0,
        0.0,
        0.0,
        0.0,
        0.0,
        0.0,
        0.0,
        0.0,
        0.0,
        0.0,
        0.0,
        0.0,
        0.0,
        0.0,
        0.0,
        0.0,
        0.0,
        0.0,
        0.0,
        0.0,
        0.0,
        0.0,
        0.0,
        0.0,
        0.0,
        0.0,
        0.0,
        0.0,
        2.0,
        2.0,
        0.0,
        6.0,
        1.0,
        3.0,
        3.0,
        3.0,
        6.0,
        3.0,
        4.0,
        4.0,
        8.0,
        5.0,
        13.0,
        12.0,
        19.0,
        12.0,
        20.0,
        15.0,
        21.0,
        16.0,
        12.0,
        10.0,
        15.0,
        12.0,
        16.0,
        9.0,
        9.0,
        15.0,
        14.0,
        12.0,
        13.0,
        8.0,
        8.0,
        9.0,
        13.0,
        10.0,
        16.0,
        4.0,
        13.0,
        8.0,
        4.0,
        9.0,
        5.0,
        6.0,
        3.0,
        6.0,
        9.0,
        9.0,
        7.0,
        3.0,
        11.0,
        8.0,
        10.0,
        12.0,
        5.0,
        11.0,
        7.0,
        8.0,
        7.0,
        9.0,
        11.0,
        5.0,
        9.0,
        8.0,
        7.0,
        7.0,
        11.0,
        10.0,
        10.0,
        10.0,
        12.0,
        3.0,
        17.0,
        12.0,
        8.0,
        17.0,
        12.0,
        14.0,
        12.0,
        22.0,
        7.0,
        15.0,
        8.0,
        9.0,
        9.0,
        13.0,
        10.0,
        13.0,
        12.0,
        5.0,
        9.0,
        6.0,
        3.0,
        9.0,
        7.0,
        6.0,
        6.0,
        15.0,
        15.0,
        6.0,
        13.0,
        19.0,
        18.0,
        17.0,
        19.0,
        26.0,
        26.0,
        27.0,
        11.0,
        30.0,
        12.0,
        16.0,
        12.0,
        14.0,
        14.0,
        7.0,
        14.0,
        9.0,
        15.0,
        15.0,
        15.0,
        16.0,
        13.0,
        10.0,
        16.0,
        14.0,
        23.0,
        18.0,
        29.0,
        45.0,
        26.0,
        18.0,
        15.0,
        12.0,
        3.0,
        2.0,
        7.0,
        9.0,
        3.0,
        9.0,
        8.0,
        2.0,
        4.0,
        3.0,
        4.0,
        4.0,
        4.0,
        4.0,
        3.0,
        3.0,
        2.0,
        1.0,
        3.0,
        3.0,
        3.0,
        2.0,
        2.0,
        1.0,
        2.0,
        3.0,
        3.0,
        0.0,
        2.0,
        1.0,
        2.0,
        3.0,
        2.0,
        1.0,
        1.0,
        0.0,
        0.0,
        0.0,
        0.0,
        0.0,
        0.0,
        0.0,
        0.0,
        0.0,
        0.0,
        0.0,
        0.0,
        0.0,
        0.0,
        0.0,
        0.0,
        0.0,
        0.0,
        0.0,
        0.0,
        0.0,
        0.0,
        0.0,
        0.0,
        0.0,
        0.0,
        0.0,
        0.0,
        0.0,
        0.0,
        0.0,
        0.0,
        0.0,
        0.0,
        0.0,
        0.0,
        0.0,
        0.0,
        0.0,
        0.0,
        0.0
      ],
      "silhouette_mask_path": "C:\\Users\\shrad\\TrendWeave\\MERGE_OUTPUT_FINAL\\Catwalks__Women_s_Key_Items___Knitwear_A_W_25_26_en\\page_6\\img_5_mask_3.png"
    },
    {
      "yolo_label": "person",
      "bbox": [
        0.0,
        115.70649719238281,
        21.464162826538086,
        226.32244873046875
      ],
      "confidence": 0.447904109954834,
      "clip_attributes": {
        "palette": {
          "label": "muted tones",
          "confidence": 0.2232791632413864
        },
        "neckline": {
          "label": "v-neck",
          "confidence": 0.2328091561794281
        },
        "sleeve_type": {
          "label": "sleeveless",
          "confidence": 0.22214098274707794
        },
        "top_silhouette": {
          "label": "hoodie",
          "confidence": 0.23704302310943604
        },
        "bottom_style": {
          "label": "tailored trousers",
          "confidence": 0.22252024710178375
        },
        "outerwear": {
          "label": "blazer",
          "confidence": 0.2385651022195816
        },
        "shoe_type": {
          "label": "boots",
          "confidence": 0.22545409202575684
        },
        "bag_type": {
          "label": "duffel bag",
          "confidence": 0.22455061972141266
        },
        "accessory": {
          "label": "watch",
          "confidence": 0.2257148027420044
        },
        "hairstyle": {
          "label": "undercut",
          "confidence": 0.22052791714668274
        },
        "setting": {
          "label": "smart casual",
          "confidence": 0.2200634628534317
        },
        "fabric_type": {
          "label": "polyester",
          "confidence": 0.22241656482219696
        },
        "season": {
          "label": "winter",
          "confidence": 0.2113531231880188
        },
        "style_theme": {
          "label": "minimalist",
          "confidence": 0.22063617408275604
        }
      },
      "dominant_colors": [
        [
          14,
          128,
          125
        ],
        [
          97,
          130,
          130
        ],
        [
          145,
          128,
          126
        ]
      ],
      "texture_histogram": [
        0.0,
        0.0,
        1.0,
        1.0,
        1.0,
        3.0,
        5.0,
        19.0,
        47.0,
        102.0,
        138.0,
        149.0,
        158.0,
        116.0,
        87.0,
        71.0,
        50.0,
        28.0,
        13.0,
        13.0,
        12.0,
        8.0,
        7.0,
        9.0,
        2.0,
        10.0,
        8.0,
        6.0,
        7.0,
        7.0,
        4.0,
        5.0,
        8.0,
        10.0,
        16.0,
        9.0,
        10.0,
        9.0,
        11.0,
        11.0,
        11.0,
        10.0,
        10.0,
        6.0,
        6.0,
        6.0,
        11.0,
        9.0,
        5.0,
        5.0,
        2.0,
        3.0,
        6.0,
        4.0,
        6.0,
        6.0,
        3.0,
        7.0,
        3.0,
        5.0,
        4.0,
        4.0,
        4.0,
        2.0,
        6.0,
        4.0,
        6.0,
        6.0,
        2.0,
        7.0,
        3.0,
        6.0,
        6.0,
        10.0,
        3.0,
        2.0,
        3.0,
        5.0,
        6.0,
        3.0,
        3.0,
        3.0,
        8.0,
        7.0,
        3.0,
        4.0,
        2.0,
        5.0,
        4.0,
        9.0,
        10.0,
        10.0,
        6.0,
        11.0,
        10.0,
        13.0,
        7.0,
        5.0,
        10.0,
        14.0,
        13.0,
        14.0,
        18.0,
        10.0,
        22.0,
        11.0,
        10.0,
        21.0,
        9.0,
        16.0,
        7.0,
        16.0,
        16.0,
        10.0,
        14.0,
        21.0,
        17.0,
        12.0,
        24.0,
        26.0,
        19.0,
        11.0,
        14.0,
        12.0,
        8.0,
        13.0,
        16.0,
        12.0,
        18.0,
        10.0,
        16.0,
        12.0,
        2.0,
        8.0,
        4.0,
        11.0,
        10.0,
        12.0,
        7.0,
        10.0,
        2.0,
        10.0,
        18.0,
        16.0,
        11.0,
        8.0,
        11.0,
        14.0,
        13.0,
        9.0,
        8.0,
        6.0,
        15.0,
        8.0,
        10.0,
        13.0,
        14.0,
        10.0,
        10.0,
        6.0,
        8.0,
        7.0,
        12.0,
        6.0,
        2.0,
        6.0,
        2.0,
        2.0,
        3.0,
        2.0,
        1.0,
        2.0,
        1.0,
        0.0,
        1.0,
        1.0,
        0.0,
        0.0,
        0.0,
        0.0,
        0.0,
        0.0,
        0.0,
        0.0,
        0.0,
        0.0,
        0.0,
        0.0,
        0.0,
        0.0,
        0.0,
        0.0,
        0.0,
        0.0,
        0.0,
        0.0,
        0.0,
        0.0,
        0.0,
        0.0,
        0.0,
        0.0,
        0.0,
        0.0,
        0.0,
        0.0,
        0.0,
        0.0,
        0.0,
        0.0,
        0.0,
        0.0,
        0.0,
        0.0,
        0.0,
        0.0,
        0.0,
        0.0,
        0.0,
        0.0,
        0.0,
        0.0,
        0.0,
        0.0,
        0.0,
        0.0,
        0.0,
        0.0,
        0.0,
        0.0,
        0.0,
        0.0,
        0.0,
        0.0,
        0.0,
        0.0,
        0.0,
        0.0,
        0.0,
        0.0,
        0.0,
        0.0,
        0.0,
        0.0,
        0.0,
        0.0,
        0.0,
        0.0,
        0.0,
        0.0,
        0.0,
        0.0,
        0.0,
        0.0,
        0.0,
        0.0
      ],
      "silhouette_mask_path": "C:\\Users\\shrad\\TrendWeave\\MERGE_OUTPUT_FINAL\\Catwalks__Women_s_Key_Items___Knitwear_A_W_25_26_en\\page_6\\img_5_mask_4.png"
    },
    {
      "yolo_label": "person",
      "bbox": [
        0.1254868507385254,
        112.61781311035156,
        61.80744934082031,
        317.8387145996094
      ],
      "confidence": 0.39702358841896057,
      "clip_attributes": {
        "palette": {
          "label": "earth tones",
          "confidence": 0.22464387118816376
        },
        "neckline": {
          "label": "crew neck",
          "confidence": 0.23549284040927887
        },
        "sleeve_type": {
          "label": "long sleeves",
          "confidence": 0.23513631522655487
        },
        "top_silhouette": {
          "label": "hoodie",
          "confidence": 0.23604214191436768
        },
        "bottom_style": {
          "label": "cargo shorts",
          "confidence": 0.2449624389410019
        },
        "outerwear": {
          "label": "bomber jacket",
          "confidence": 0.24749381840229034
        },
        "shoe_type": {
          "label": "sneakers",
          "confidence": 0.23139919340610504
        },
        "bag_type": {
          "label": "crossbody bag",
          "confidence": 0.22167761623859406
        },
        "accessory": {
          "label": "bracelet",
          "confidence": 0.235970139503479
        },
        "hairstyle": {
          "label": "buzz cut",
          "confidence": 0.2250991016626358
        },
        "setting": {
          "label": "smart casual",
          "confidence": 0.25089994072914124
        },
        "fabric_type": {
          "label": "wool",
          "confidence": 0.22768667340278625
        },
        "season": {
          "label": "spring",
          "confidence": 0.21367576718330383
        },
        "style_theme": {
          "label": "streetwear",
          "confidence": 0.23176054656505585
        }
      },
      "dominant_colors": [
        [
          93,
          132,
          129
        ],
        [
          21,
          128,
          125
        ],
        [
          155,
          145,
          130
        ]
      ],
      "texture_histogram": [
        0.0,
        0.0,
        5.0,
        10.0,
        17.0,
        25.0,
        79.0,
        141.0,
        169.0,
        267.0,
        289.0,
        267.0,
        274.0,
        198.0,
        155.0,
        139.0,
        97.0,
        79.0,
        62.0,
        47.0,
        65.0,
        53.0,
        48.0,
        59.0,
        50.0,
        53.0,
        57.0,
        54.0,
        77.0,
        59.0,
        44.0,
        53.0,
        66.0,
        63.0,
        63.0,
        68.0,
        60.0,
        64.0,
        49.0,
        67.0,
        53.0,
        65.0,
        56.0,
        60.0,
        39.0,
        52.0,
        82.0,
        73.0,
        51.0,
        45.0,
        52.0,
        54.0,
        50.0,
        62.0,
        43.0,
        44.0,
        48.0,
        53.0,
        50.0,
        53.0,
        53.0,
        53.0,
        60.0,
        72.0,
        76.0,
        69.0,
        58.0,
        52.0,
        56.0,
        58.0,
        55.0,
        57.0,
        52.0,
        57.0,
        55.0,
        63.0,
        64.0,
        61.0,
        57.0,
        58.0,
        53.0,
        60.0,
        59.0,
        40.0,
        43.0,
        46.0,
        44.0,
        56.0,
        49.0,
        55.0,
        51.0,
        56.0,
        47.0,
        67.0,
        54.0,
        51.0,
        61.0,
        52.0,
        61.0,
        63.0,
        59.0,
        51.0,
        59.0,
        71.0,
        72.0,
        55.0,
        69.0,
        70.0,
        69.0,
        55.0,
        51.0,
        64.0,
        71.0,
        76.0,
        77.0,
        73.0,
        60.0,
        56.0,
        70.0,
        86.0,
        77.0,
        83.0,
        80.0,
        92.0,
        94.0,
        108.0,
        95.0,
        89.0,
        77.0,
        73.0,
        99.0,
        84.0,
        91.0,
        95.0,
        82.0,
        76.0,
        72.0,
        81.0,
        81.0,
        82.0,
        68.0,
        74.0,
        80.0,
        65.0,
        67.0,
        63.0,
        51.0,
        70.0,
        78.0,
        68.0,
        72.0,
        56.0,
        79.0,
        65.0,
        81.0,
        80.0,
        79.0,
        59.0,
        75.0,
        74.0,
        81.0,
        70.0,
        55.0,
        68.0,
        41.0,
        52.0,
        47.0,
        55.0,
        52.0,
        45.0,
        38.0,
        40.0,
        38.0,
        28.0,
        37.0,
        37.0,
        37.0,
        35.0,
        28.0,
        23.0,
        35.0,
        29.0,
        25.0,
        25.0,
        27.0,
        12.0,
        15.0,
        14.0,
        10.0,
        8.0,
        3.0,
        2.0,
        9.0,
        6.0,
        8.0,
        6.0,
        5.0,
        6.0,
        8.0,
        9.0,
        9.0,
        8.0,
        8.0,
        5.0,
        11.0,
        4.0,
        6.0,
        3.0,
        4.0,
        4.0,
        0.0,
        2.0,
        3.0,
        3.0,
        2.0,
        0.0,
        1.0,
        1.0,
        1.0,
        0.0,
        0.0,
        0.0,
        0.0,
        1.0,
        0.0,
        0.0,
        0.0,
        0.0,
        0.0,
        0.0,
        0.0,
        0.0,
        0.0,
        0.0,
        0.0,
        0.0,
        0.0,
        0.0,
        0.0,
        0.0,
        0.0,
        0.0,
        0.0,
        0.0,
        0.0,
        0.0,
        0.0,
        0.0,
        0.0,
        0.0,
        0.0,
        0.0,
        0.0,
        0.0,
        0.0,
        0.0
      ],
      "silhouette_mask_path": "C:\\Users\\shrad\\TrendWeave\\MERGE_OUTPUT_FINAL\\Catwalks__Women_s_Key_Items___Knitwear_A_W_25_26_en\\page_6\\img_5_mask_5.png"
    },
    {
      "yolo_label": "person",
      "bbox": [
        12.733333587646484,
        112.52335357666016,
        61.87652587890625,
        229.02911376953125
      ],
      "confidence": 0.27593421936035156,
      "clip_attributes": {
        "palette": {
          "label": "pastel",
          "confidence": 0.22740282118320465
        },
        "dress_silhouette": {
          "label": "fit and flare",
          "confidence": 0.22920598089694977
        },
        "neckline": {
          "label": "square neckline",
          "confidence": 0.2541394531726837
        },
        "sleeve_type": {
          "label": "bell sleeves",
          "confidence": 0.23811015486717224
        },
        "top_silhouette": {
          "label": "wrap top",
          "confidence": 0.23139315843582153
        },
        "bottom_style": {
          "label": "flared pants",
          "confidence": 0.2430737465620041
        },
        "outerwear": {
          "label": "blazer",
          "confidence": 0.26151806116104126
        },
        "shoe_type": {
          "label": "ankle boots",
          "confidence": 0.2199627310037613
        },
        "bag_type": {
          "label": "shoulder bag",
          "confidence": 0.2284812182188034
        },
        "accessory": {
          "label": "hairband",
          "confidence": 0.24021875858306885
        },
        "hairstyle": {
          "label": "ponytail",
          "confidence": 0.22128775715827942
        },
        "setting": {
          "label": "office wear",
          "confidence": 0.23337408900260925
        },
        "fabric_type": {
          "label": "organza",
          "confidence": 0.23030833899974823
        },
        "season": {
          "label": "spring",
          "confidence": 0.20447689294815063
        },
        "style_theme": {
          "label": "elegant chic",
          "confidence": 0.22675389051437378
        }
      },
      "dominant_colors": [
        [
          153,
          138,
          129
        ],
        [
          36,
          130,
          128
        ],
        [
          100,
          132,
          132
        ]
      ],
      "texture_histogram": [
        0.0,
        0.0,
        1.0,
        1.0,
        1.0,
        2.0,
        6.0,
        12.0,
        28.0,
        31.0,
        27.0,
        33.0,
        27.0,
        30.0,
        21.0,
        18.0,
        20.0,
        18.0,
        12.0,
        10.0,
        9.0,
        7.0,
        9.0,
        7.0,
        5.0,
        9.0,
        13.0,
        7.0,
        10.0,
        12.0,
        5.0,
        15.0,
        19.0,
        20.0,
        22.0,
        14.0,
        23.0,
        15.0,
        11.0,
        20.0,
        14.0,
        13.0,
        11.0,
        20.0,
        11.0,
        13.0,
        27.0,
        26.0,
        22.0,
        16.0,
        22.0,
        21.0,
        20.0,
        26.0,
        21.0,
        20.0,
        21.0,
        27.0,
        33.0,
        29.0,
        32.0,
        30.0,
        34.0,
        30.0,
        36.0,
        35.0,
        26.0,
        27.0,
        31.0,
        36.0,
        37.0,
        31.0,
        28.0,
        36.0,
        37.0,
        39.0,
        44.0,
        38.0,
        32.0,
        35.0,
        34.0,
        40.0,
        33.0,
        25.0,
        24.0,
        35.0,
        33.0,
        34.0,
        37.0,
        42.0,
        42.0,
        43.0,
        35.0,
        46.0,
        36.0,
        39.0,
        43.0,
        36.0,
        47.0,
        49.0,
        47.0,
        36.0,
        40.0,
        52.0,
        51.0,
        43.0,
        52.0,
        51.0,
        52.0,
        38.0,
        38.0,
        49.0,
        44.0,
        63.0,
        59.0,
        52.0,
        52.0,
        41.0,
        50.0,
        59.0,
        51.0,
        59.0,
        43.0,
        47.0,
        42.0,
        63.0,
        55.0,
        59.0,
        52.0,
        54.0,
        77.0,
        54.0,
        72.0,
        64.0,
        60.0,
        58.0,
        51.0,
        62.0,
        62.0,
        63.0,
        51.0,
        53.0,
        35.0,
        37.0,
        35.0,
        28.0,
        26.0,
        25.0,
        30.0,
        29.0,
        29.0,
        21.0,
        38.0,
        33.0,
        39.0,
        27.0,
        23.0,
        22.0,
        27.0,
        22.0,
        23.0,
        36.0,
        35.0,
        33.0,
        21.0,
        26.0,
        27.0,
        33.0,
        24.0,
        23.0,
        18.0,
        20.0,
        16.0,
        9.0,
        8.0,
        16.0,
        14.0,
        9.0,
        10.0,
        10.0,
        12.0,
        10.0,
        5.0,
        8.0,
        4.0,
        3.0,
        8.0,
        6.0,
        6.0,
        3.0,
        2.0,
        2.0,
        5.0,
        6.0,
        6.0,
        6.0,
        3.0,
        5.0,
        7.0,
        9.0,
        8.0,
        8.0,
        7.0,
        5.0,
        10.0,
        4.0,
        6.0,
        3.0,
        4.0,
        4.0,
        0.0,
        1.0,
        3.0,
        3.0,
        0.0,
        0.0,
        1.0,
        1.0,
        1.0,
        0.0,
        0.0,
        0.0,
        0.0,
        0.0,
        0.0,
        0.0,
        0.0,
        0.0,
        0.0,
        0.0,
        0.0,
        0.0,
        0.0,
        0.0,
        0.0,
        0.0,
        0.0,
        0.0,
        0.0,
        0.0,
        0.0,
        0.0,
        0.0,
        0.0,
        0.0,
        0.0,
        0.0,
        0.0,
        0.0,
        0.0,
        0.0,
        0.0,
        0.0,
        0.0,
        0.0,
        0.0
      ],
      "silhouette_mask_path": "C:\\Users\\shrad\\TrendWeave\\MERGE_OUTPUT_FINAL\\Catwalks__Women_s_Key_Items___Knitwear_A_W_25_26_en\\page_6\\img_5_mask_6.png"
    }
  ],
  "pose_keypoints": [
    {
      "x": 0.4962223172187805,
      "y": 0.1276889145374298,
      "z": -0.4951052665710449,
      "visibility": 0.9999570846557617
    },
    {
      "x": 0.5208667516708374,
      "y": 0.11273637413978577,
      "z": -0.4645647704601288,
      "visibility": 0.999822199344635
    },
    {
      "x": 0.5336549282073975,
      "y": 0.11355074495077133,
      "z": -0.4647555351257324,
      "visibility": 0.99983811378479
    },
    {
      "x": 0.5466995239257812,
      "y": 0.11453349143266678,
      "z": -0.46502190828323364,
      "visibility": 0.9998558759689331
    },
    {
      "x": 0.47169071435928345,
      "y": 0.11164011806249619,
      "z": -0.4771766662597656,
      "visibility": 0.9997970461845398
    },
    {
      "x": 0.452856183052063,
      "y": 0.11208213120698929,
      "z": -0.47732076048851013,
      "visibility": 0.9997965693473816
    },
    {
      "x": 0.43750813603401184,
      "y": 0.11280331760644913,
      "z": -0.47758352756500244,
      "visibility": 0.9997952580451965
    },
    {
      "x": 0.5573148131370544,
      "y": 0.12592759728431702,
      "z": -0.2779506742954254,
      "visibility": 0.9997792840003967
    },
    {
      "x": 0.4173187017440796,
      "y": 0.12448543310165405,
      "z": -0.33515414595603943,
      "visibility": 0.9998124241828918
    },
    {
      "x": 0.519656240940094,
      "y": 0.14958053827285767,
      "z": -0.42485570907592773,
      "visibility": 0.9999810457229614
    },
    {
      "x": 0.45911431312561035,
      "y": 0.1484525203704834,
      "z": -0.4412653148174286,
      "visibility": 0.9999773502349854
    },
    {
      "x": 0.6534221172332764,
      "y": 0.2586180567741394,
      "z": -0.2266378104686737,
      "visibility": 0.9999527931213379
    },
    {
      "x": 0.2843267619609833,
      "y": 0.2400313913822174,
      "z": -0.2751343548297882,
      "visibility": 0.9997895359992981
    },
    {
      "x": 0.6854556202888489,
      "y": 0.40797778964042664,
      "z": -0.06411512941122055,
      "visibility": 0.9495334625244141
    },
    {
      "x": 0.21681660413742065,
      "y": 0.3823900818824768,
      "z": -0.18168847262859344,
      "visibility": 0.9718337059020996
    },
    {
      "x": 0.6929754018783569,
      "y": 0.5369541049003601,
      "z": -0.15591004490852356,
      "visibility": 0.8239770531654358
    },
    {
      "x": 0.24397674202919006,
      "y": 0.47922953963279724,
      "z": -0.2395387440919876,
      "visibility": 0.8227019309997559
    },
    {
      "x": 0.690738320350647,
      "y": 0.5728663206100464,
      "z": -0.19102977216243744,
      "visibility": 0.8099035620689392
    },
    {
      "x": 0.25065118074417114,
      "y": 0.5142719149589539,
      "z": -0.27350926399230957,
      "visibility": 0.7839353084564209
    },
    {
      "x": 0.6784237623214722,
      "y": 0.5720158219337463,
      "z": -0.2719167470932007,
      "visibility": 0.8097557425498962
    },
    {
      "x": 0.2530558109283447,
      "y": 0.5186553597450256,
      "z": -0.34054598212242126,
      "visibility": 0.7832122445106506
    },
    {
      "x": 0.6666173934936523,
      "y": 0.5605555772781372,
      "z": -0.18740463256835938,
      "visibility": 0.8198330998420715
    },
    {
      "x": 0.2684585750102997,
      "y": 0.5065268278121948,
      "z": -0.2674579620361328,
      "visibility": 0.7916704416275024
    },
    {
      "x": 0.5777852535247803,
      "y": 0.528182327747345,
      "z": -0.003347318386659026,
      "visibility": 0.9998202919960022
    },
    {
      "x": 0.36336809396743774,
      "y": 0.5271745920181274,
      "z": 0.0029949352610856295,
      "visibility": 0.999397873878479
    },
    {
      "x": 0.5021806359291077,
      "y": 0.7289162874221802,
      "z": -0.22223307192325592,
      "visibility": 0.9373303651809692
    },
    {
      "x": 0.3394012451171875,
      "y": 0.7205173373222351,
      "z": 0.09658731520175934,
      "visibility": 0.8819407820701599
    },
    {
      "x": 0.47967249155044556,
      "y": 0.9355126023292542,
      "z": -0.017453717067837715,
      "visibility": 0.9032772779464722
    },
    {
      "x": 0.3879309594631195,
      "y": 0.851736307144165,
      "z": 0.5646858811378479,
      "visibility": 0.7207427620887756
    },
    {
      "x": 0.4725480377674103,
      "y": 0.9512810111045837,
      "z": -0.022182023152709007,
      "visibility": 0.4572615623474121
    },
    {
      "x": 0.4015229046344757,
      "y": 0.8849836587905884,
      "z": 0.5971300005912781,
      "visibility": 0.3550017178058624
    },
    {
      "x": 0.43925565481185913,
      "y": 0.9876168370246887,
      "z": -0.3553723692893982,
      "visibility": 0.8359225392341614
    },
    {
      "x": 0.3867698609828949,
      "y": 0.939704179763794,
      "z": 0.3674730956554413,
      "visibility": 0.7303456664085388
    }
  ]
}