{
  "image": "C:\\Users\\shrad\\TrendWeave\\TrendWeave\\extracted_data\\Catwalks__Women_s_Key_Items___Knitwear_A_W_25_26_en\\page_6\\img_2.jpeg",
  "items": [
    {
      "yolo_label": "person",
      "bbox": [
        76.49705505371094,
        22.24268913269043,
        225.77374267578125,
        583.4200439453125
      ],
      "confidence": 0.805685818195343,
      "clip_attributes": {
        "palette": {
          "label": "earth tones",
          "confidence": 0.2554064989089966
        },
        "neckline": {
          "label": "polo",
          "confidence": 0.26717662811279297
        },
        "sleeve_type": {
          "label": "rolled sleeves",
          "confidence": 0.22695259749889374
        },
        "top_silhouette": {
          "label": "fitted t-shirt",
          "confidence": 0.23834912478923798
        },
        "bottom_style": {
          "label": "cargo shorts",
          "confidence": 0.2687900960445404
        },
        "outerwear": {
          "label": "hoodie",
          "confidence": 0.21454457938671112
        },
        "shoe_type": {
          "label": "sneakers",
          "confidence": 0.22842107713222504
        },
        "bag_type": {
          "label": "crossbody bag",
          "confidence": 0.23931822180747986
        },
        "accessory": {
          "label": "chain",
          "confidence": 0.21915775537490845
        },
        "hairstyle": {
          "label": "slick back",
          "confidence": 0.20851603150367737
        },
        "setting": {
          "label": "gym wear",
          "confidence": 0.2580703794956207
        },
        "fabric_type": {
          "label": "linen",
          "confidence": 0.2351996749639511
        },
        "season": {
          "label": "summer",
          "confidence": 0.20490886270999908
        },
        "style_theme": {
          "label": "sporty",
          "confidence": 0.25402694940567017
        }
      },
      "dominant_colors": [
        [
          108,
          139,
          159
        ],
        [
          169,
          139,
          157
        ],
        [
          37,
          136,
          141
        ]
      ],
      "texture_histogram": [
        12.0,
        45.0,
        82.0,
        110.0,
        145.0,
        241.0,
        554.0,
        424.0,
        371.0,
        404.0,
        412.0,
        290.0,
        263.0,
        220.0,
        255.0,
        295.0,
        281.0,
        229.0,
        211.0,
        231.0,
        219.0,
        248.0,
        227.0,
        247.0,
        201.0,
        213.0,
        216.0,
        202.0,
        230.0,
        223.0,
        243.0,
        276.0,
        266.0,
        288.0,
        270.0,
        261.0,
        301.0,
        334.0,
        369.0,
        440.0,
        525.0,
        576.0,
        462.0,
        472.0,
        450.0,
        389.0,
        352.0,
        329.0,
        413.0,
        416.0,
        410.0,
        400.0,
        391.0,
        373.0,
        344.0,
        341.0,
        301.0,
        306.0,
        259.0,
        262.0,
        319.0,
        284.0,
        301.0,
        341.0,
        375.0,
        355.0,
        419.0,
        438.0,
        456.0,
        467.0,
        514.0,
        554.0,
        604.0,
        585.0,
        594.0,
        617.0,
        623.0,
        594.0,
        598.0,
        587.0,
        635.0,
        617.0,
        635.0,
        559.0,
        575.0,
        661.0,
        655.0,
        671.0,
        678.0,
        686.0,
        700.0,
        704.0,
        681.0,
        692.0,
        755.0,
        745.0,
        837.0,
        899.0,
        894.0,
        911.0,
        910.0,
        971.0,
        950.0,
        932.0,
        957.0,
        1035.0,
        1090.0,
        1080.0,
        1130.0,
        1264.0,
        1238.0,
        1375.0,
        1447.0,
        1415.0,
        1173.0,
        937.0,
        825.0,
        651.0,
        581.0,
        569.0,
        504.0,
        521.0,
        504.0,
        432.0,
        472.0,
        491.0,
        458.0,
        423.0,
        442.0,
        412.0,
        430.0,
        432.0,
        388.0,
        380.0,
        410.0,
        402.0,
        367.0,
        408.0,
        357.0,
        351.0,
        337.0,
        343.0,
        362.0,
        316.0,
        376.0,
        356.0,
        324.0,
        337.0,
        338.0,
        310.0,
        333.0,
        297.0,
        305.0,
        331.0,
        295.0,
        266.0,
        264.0,
        266.0,
        264.0,
        231.0,
        209.0,
        208.0,
        201.0,
        191.0,
        176.0,
        208.0,
        180.0,
        176.0,
        148.0,
        173.0,
        143.0,
        136.0,
        129.0,
        124.0,
        109.0,
        71.0,
        78.0,
        65.0,
        62.0,
        73.0,
        72.0,
        66.0,
        64.0,
        78.0,
        67.0,
        62.0,
        55.0,
        47.0,
        45.0,
        66.0,
        57.0,
        57.0,
        65.0,
        54.0,
        74.0,
        60.0,
        65.0,
        63.0,
        73.0,
        70.0,
        47.0,
        68.0,
        58.0,
        75.0,
        61.0,
        73.0,
        59.0,
        59.0,
        55.0,
        39.0,
        33.0,
        50.0,
        58.0,
        62.0,
        52.0,
        73.0,
        82.0,
        50.0,
        78.0,
        89.0,
        84.0,
        58.0,
        70.0,
        60.0,
        57.0,
        48.0,
        48.0,
        41.0,
        36.0,
        37.0,
        45.0,
        25.0,
        32.0,
        20.0,
        15.0,
        15.0,
        22.0,
        15.0,
        13.0,
        13.0,
        11.0,
        11.0,
        13.0,
        7.0,
        9.0,
        9.0,
        11.0,
        17.0,
        16.0,
        11.0,
        15.0,
        13.0,
        14.0,
        17.0,
        18.0,
        2.0
      ],
      "silhouette_mask_path": "C:\\Users\\shrad\\TrendWeave\\MERGE_OUTPUT_FINAL\\Catwalks__Women_s_Key_Items___Knitwear_A_W_25_26_en\\page_6\\img_2_mask_0.png"
    },
    {
      "yolo_label": "person",
      "bbox": [
        201.8357696533203,
        47.265541076660156,
        291.2420654296875,
        326.1333312988281
      ],
      "confidence": 0.7924891114234924,
      "clip_attributes": {
        "palette": {
          "label": "earth tones",
          "confidence": 0.2298489362001419
        },
        "dress_silhouette": {
          "label": "fit and flare",
          "confidence": 0.24546673893928528
        },
        "neckline": {
          "label": "square neckline",
          "confidence": 0.243883416056633
        },
        "sleeve_type": {
          "label": "bell sleeves",
          "confidence": 0.23550480604171753
        },
        "top_silhouette": {
          "label": "peplum",
          "confidence": 0.24697735905647278
        },
        "bottom_style": {
          "label": "mini skirt",
          "confidence": 0.24585303664207458
        },
        "outerwear": {
          "label": "blazer",
          "confidence": 0.22471308708190918
        },
        "shoe_type": {
          "label": "ankle boots",
          "confidence": 0.23817996680736542
        },
        "bag_type": {
          "label": "crossbody bag",
          "confidence": 0.22193248569965363
        },
        "accessory": {
          "label": "watch",
          "confidence": 0.23173992335796356
        },
        "hairstyle": {
          "label": "straight hair",
          "confidence": 0.21017032861709595
        },
        "setting": {
          "label": "beach casual",
          "confidence": 0.23994217813014984
        },
        "fabric_type": {
          "label": "linen",
          "confidence": 0.23005007207393646
        },
        "season": {
          "label": "summer",
          "confidence": 0.2202841341495514
        },
        "style_theme": {
          "label": "elegant chic",
          "confidence": 0.235019251704216
        }
      },
      "dominant_colors": [
        [
          179,
          129,
          136
        ],
        [
          28,
          135,
          138
        ],
        [
          103,
          142,
          153
        ]
      ],
      "texture_histogram": [
        7.0,
        56.0,
        128.0,
        216.0,
        246.0,
        206.0,
        309.0,
        210.0,
        203.0,
        183.0,
        180.0,
        178.0,
        170.0,
        118.0,
        167.0,
        149.0,
        145.0,
        152.0,
        171.0,
        176.0,
        176.0,
        166.0,
        164.0,
        128.0,
        81.0,
        99.0,
        96.0,
        70.0,
        95.0,
        76.0,
        73.0,
        101.0,
        98.0,
        104.0,
        97.0,
        94.0,
        101.0,
        115.0,
        114.0,
        93.0,
        96.0,
        101.0,
        104.0,
        113.0,
        111.0,
        126.0,
        134.0,
        154.0,
        170.0,
        177.0,
        193.0,
        182.0,
        148.0,
        137.0,
        132.0,
        130.0,
        116.0,
        109.0,
        115.0,
        103.0,
        105.0,
        98.0,
        95.0,
        111.0,
        116.0,
        102.0,
        103.0,
        124.0,
        117.0,
        112.0,
        93.0,
        95.0,
        112.0,
        93.0,
        102.0,
        85.0,
        103.0,
        109.0,
        90.0,
        109.0,
        87.0,
        110.0,
        107.0,
        84.0,
        95.0,
        102.0,
        103.0,
        83.0,
        110.0,
        108.0,
        91.0,
        107.0,
        98.0,
        96.0,
        101.0,
        96.0,
        102.0,
        105.0,
        128.0,
        128.0,
        128.0,
        151.0,
        155.0,
        143.0,
        158.0,
        143.0,
        158.0,
        165.0,
        140.0,
        161.0,
        140.0,
        147.0,
        125.0,
        110.0,
        144.0,
        130.0,
        109.0,
        98.0,
        81.0,
        96.0,
        77.0,
        83.0,
        79.0,
        70.0,
        63.0,
        79.0,
        76.0,
        75.0,
        80.0,
        59.0,
        55.0,
        58.0,
        64.0,
        66.0,
        58.0,
        77.0,
        59.0,
        45.0,
        73.0,
        71.0,
        55.0,
        55.0,
        73.0,
        66.0,
        62.0,
        55.0,
        93.0,
        75.0,
        84.0,
        94.0,
        99.0,
        103.0,
        106.0,
        103.0,
        90.0,
        105.0,
        125.0,
        106.0,
        141.0,
        113.0,
        135.0,
        168.0,
        150.0,
        157.0,
        187.0,
        177.0,
        164.0,
        190.0,
        201.0,
        209.0,
        213.0,
        233.0,
        246.0,
        217.0,
        238.0,
        233.0,
        202.0,
        206.0,
        171.0,
        184.0,
        160.0,
        149.0,
        107.0,
        128.0,
        124.0,
        89.0,
        110.0,
        110.0,
        86.0,
        109.0,
        140.0,
        127.0,
        137.0,
        157.0,
        147.0,
        139.0,
        154.0,
        151.0,
        133.0,
        103.0,
        97.0,
        94.0,
        70.0,
        63.0,
        51.0,
        53.0,
        35.0,
        32.0,
        28.0,
        7.0,
        3.0,
        4.0,
        1.0,
        1.0,
        1.0,
        0.0,
        0.0,
        0.0,
        0.0,
        0.0,
        0.0,
        0.0,
        0.0,
        0.0,
        0.0,
        0.0,
        0.0,
        0.0,
        0.0,
        0.0,
        0.0,
        0.0,
        0.0,
        0.0,
        0.0,
        0.0,
        0.0,
        0.0,
        0.0,
        0.0,
        0.0,
        0.0,
        0.0,
        0.0,
        0.0,
        0.0,
        0.0,
        0.0,
        0.0,
        0.0,
        0.0,
        0.0,
        0.0,
        0.0,
        0.0,
        0.0
      ],
      "silhouette_mask_path": "C:\\Users\\shrad\\TrendWeave\\MERGE_OUTPUT_FINAL\\Catwalks__Women_s_Key_Items___Knitwear_A_W_25_26_en\\page_6\\img_2_mask_1.png"
    },
    {
      "yolo_label": "person",
      "bbox": [
        1.5667407512664795,
        38.19743347167969,
        88.98037719726562,
        304.5643615722656
      ],
      "confidence": 0.47129881381988525,
      "clip_attributes": {
        "palette": {
          "label": "earth tones",
          "confidence": 0.2503933608531952
        },
        "dress_silhouette": {
          "label": "bodycon dress",
          "confidence": 0.22937071323394775
        },
        "neckline": {
          "label": "square neckline",
          "confidence": 0.25835445523262024
        },
        "sleeve_type": {
          "label": "sleeveless",
          "confidence": 0.23365436494350433
        },
        "top_silhouette": {
          "label": "peplum",
          "confidence": 0.2350659817457199
        },
        "bottom_style": {
          "label": "culottes",
          "confidence": 0.24718794226646423
        },
        "outerwear": {
          "label": "shrug",
          "confidence": 0.2259684056043625
        },
        "shoe_type": {
          "label": "ballet flats",
          "confidence": 0.2352924942970276
        },
        "bag_type": {
          "label": "shoulder bag",
          "confidence": 0.24469143152236938
        },
        "accessory": {
          "label": "watch",
          "confidence": 0.23277980089187622
        },
        "hairstyle": {
          "label": "loose curls",
          "confidence": 0.21268564462661743
        },
        "setting": {
          "label": "office wear",
          "confidence": 0.22868123650550842
        },
        "fabric_type": {
          "label": "organza",
          "confidence": 0.23630468547344208
        },
        "season": {
          "label": "fall",
          "confidence": 0.21071757376194
        },
        "style_theme": {
          "label": "elegant chic",
          "confidence": 0.240908682346344
        }
      },
      "dominant_colors": [
        [
          13,
          128,
          130
        ],
        [
          63,
          138,
          145
        ],
        [
          114,
          140,
          151
        ]
      ],
      "texture_histogram": [
        23.0,
        281.0,
        525.0,
        575.0,
        558.0,
        452.0,
        420.0,
        402.0,
        406.0,
        502.0,
        530.0,
        600.0,
        549.0,
        522.0,
        531.0,
        601.0,
        610.0,
        585.0,
        529.0,
        597.0,
        593.0,
        532.0,
        527.0,
        369.0,
        348.0,
        250.0,
        206.0,
        190.0,
        187.0,
        172.0,
        188.0,
        146.0,
        146.0,
        159.0,
        149.0,
        152.0,
        138.0,
        130.0,
        151.0,
        167.0,
        158.0,
        147.0,
        129.0,
        145.0,
        137.0,
        117.0,
        124.0,
        126.0,
        126.0,
        111.0,
        113.0,
        109.0,
        106.0,
        110.0,
        103.0,
        136.0,
        126.0,
        114.0,
        106.0,
        105.0,
        125.0,
        127.0,
        103.0,
        109.0,
        117.0,
        138.0,
        155.0,
        153.0,
        140.0,
        170.0,
        165.0,
        151.0,
        141.0,
        162.0,
        117.0,
        138.0,
        111.0,
        98.0,
        88.0,
        73.0,
        70.0,
        64.0,
        76.0,
        54.0,
        63.0,
        69.0,
        76.0,
        70.0,
        79.0,
        67.0,
        83.0,
        72.0,
        71.0,
        56.0,
        51.0,
        67.0,
        72.0,
        88.0,
        54.0,
        88.0,
        86.0,
        64.0,
        74.0,
        80.0,
        86.0,
        83.0,
        85.0,
        65.0,
        47.0,
        63.0,
        75.0,
        62.0,
        65.0,
        61.0,
        54.0,
        42.0,
        50.0,
        50.0,
        52.0,
        50.0,
        51.0,
        44.0,
        55.0,
        48.0,
        50.0,
        46.0,
        38.0,
        47.0,
        38.0,
        33.0,
        32.0,
        33.0,
        30.0,
        19.0,
        19.0,
        25.0,
        18.0,
        18.0,
        20.0,
        14.0,
        9.0,
        7.0,
        7.0,
        2.0,
        7.0,
        7.0,
        6.0,
        2.0,
        1.0,
        3.0,
        0.0,
        0.0,
        1.0,
        0.0,
        1.0,
        0.0,
        0.0,
        0.0,
        0.0,
        0.0,
        0.0,
        0.0,
        0.0,
        0.0,
        0.0,
        0.0,
        0.0,
        0.0,
        0.0,
        0.0,
        0.0,
        0.0,
        0.0,
        0.0,
        0.0,
        0.0,
        0.0,
        0.0,
        0.0,
        0.0,
        0.0,
        0.0,
        0.0,
        0.0,
        0.0,
        0.0,
        0.0,
        0.0,
        0.0,
        0.0,
        0.0,
        0.0,
        0.0,
        0.0,
        0.0,
        0.0,
        0.0,
        0.0,
        0.0,
        0.0,
        0.0,
        0.0,
        0.0,
        0.0,
        0.0,
        0.0,
        0.0,
        0.0,
        0.0,
        0.0,
        0.0,
        0.0,
        0.0,
        0.0,
        0.0,
        0.0,
        0.0,
        0.0,
        0.0,
        0.0,
        0.0,
        0.0,
        0.0,
        0.0,
        0.0,
        0.0,
        0.0,
        0.0,
        0.0,
        0.0,
        0.0,
        0.0,
        0.0,
        0.0,
        0.0,
        0.0,
        0.0,
        0.0,
        0.0,
        0.0,
        0.0,
        0.0,
        0.0,
        0.0,
        0.0,
        0.0,
        0.0,
        0.0,
        0.0,
        0.0,
        0.0,
        0.0,
        0.0,
        0.0,
        0.0,
        0.0
      ],
      "silhouette_mask_path": "C:\\Users\\shrad\\TrendWeave\\MERGE_OUTPUT_FINAL\\Catwalks__Women_s_Key_Items___Knitwear_A_W_25_26_en\\page_6\\img_2_mask_2.png"
    },
    {
      "yolo_label": "person",
      "bbox": [
        155.5658721923828,
        43.752662658691406,
        210.7130889892578,
        122.42337036132812
      ],
      "confidence": 0.46560046076774597,
      "clip_attributes": {
        "palette": {
          "label": "earth tones",
          "confidence": 0.2360878586769104
        },
        "dress_silhouette": {
          "label": "maxi dress",
          "confidence": 0.21676255762577057
        },
        "neckline": {
          "label": "square neckline",
          "confidence": 0.24909095466136932
        },
        "sleeve_type": {
          "label": "puffed sleeves",
          "confidence": 0.22363826632499695
        },
        "top_silhouette": {
          "label": "peplum",
          "confidence": 0.2311466783285141
        },
        "bottom_style": {
          "label": "culottes",
          "confidence": 0.22540417313575745
        },
        "outerwear": {
          "label": "long coat",
          "confidence": 0.21877476572990417
        },
        "shoe_type": {
          "label": "ankle boots",
          "confidence": 0.21339024603366852
        },
        "bag_type": {
          "label": "shoulder bag",
          "confidence": 0.22084462642669678
        },
        "accessory": {
          "label": "hoop earrings",
          "confidence": 0.23843926191329956
        },
        "hairstyle": {
          "label": "straight hair",
          "confidence": 0.2211487591266632
        },
        "setting": {
          "label": "street style",
          "confidence": 0.2198648452758789
        },
        "fabric_type": {
          "label": "organza",
          "confidence": 0.2391415536403656
        },
        "season": {
          "label": "fall",
          "confidence": 0.21406325697898865
        },
        "style_theme": {
          "label": "vintage",
          "confidence": 0.22296908497810364
        }
      },
      "dominant_colors": [
        [
          8,
          129,
          128
        ],
        [
          127,
          134,
          149
        ],
        [
          56,
          140,
          143
        ]
      ],
      "texture_histogram": [
        5.0,
        10.0,
        26.0,
        43.0,
        49.0,
        161.0,
        456.0,
        312.0,
        263.0,
        276.0,
        269.0,
        152.0,
        110.0,
        72.0,
        80.0,
        46.0,
        44.0,
        43.0,
        47.0,
        48.0,
        36.0,
        38.0,
        30.0,
        32.0,
        28.0,
        24.0,
        20.0,
        20.0,
        37.0,
        30.0,
        24.0,
        30.0,
        21.0,
        23.0,
        20.0,
        25.0,
        14.0,
        21.0,
        17.0,
        22.0,
        30.0,
        43.0,
        22.0,
        24.0,
        30.0,
        50.0,
        38.0,
        34.0,
        63.0,
        54.0,
        36.0,
        21.0,
        18.0,
        16.0,
        15.0,
        14.0,
        10.0,
        11.0,
        6.0,
        11.0,
        10.0,
        5.0,
        13.0,
        11.0,
        9.0,
        9.0,
        7.0,
        7.0,
        7.0,
        6.0,
        10.0,
        5.0,
        8.0,
        10.0,
        8.0,
        6.0,
        8.0,
        10.0,
        13.0,
        12.0,
        5.0,
        8.0,
        6.0,
        13.0,
        12.0,
        10.0,
        7.0,
        16.0,
        5.0,
        10.0,
        10.0,
        11.0,
        14.0,
        9.0,
        6.0,
        13.0,
        13.0,
        12.0,
        9.0,
        6.0,
        10.0,
        7.0,
        13.0,
        14.0,
        12.0,
        13.0,
        12.0,
        6.0,
        1.0,
        7.0,
        5.0,
        5.0,
        3.0,
        9.0,
        3.0,
        3.0,
        8.0,
        6.0,
        11.0,
        12.0,
        5.0,
        6.0,
        8.0,
        8.0,
        4.0,
        5.0,
        8.0,
        8.0,
        11.0,
        6.0,
        10.0,
        8.0,
        5.0,
        6.0,
        9.0,
        4.0,
        8.0,
        3.0,
        3.0,
        5.0,
        5.0,
        5.0,
        4.0,
        8.0,
        1.0,
        2.0,
        2.0,
        5.0,
        6.0,
        5.0,
        4.0,
        2.0,
        3.0,
        4.0,
        5.0,
        2.0,
        4.0,
        1.0,
        3.0,
        3.0,
        0.0,
        4.0,
        2.0,
        1.0,
        0.0,
        2.0,
        1.0,
        1.0,
        1.0,
        2.0,
        4.0,
        4.0,
        4.0,
        1.0,
        1.0,
        0.0,
        3.0,
        1.0,
        0.0,
        1.0,
        0.0,
        0.0,
        1.0,
        2.0,
        0.0,
        1.0,
        0.0,
        0.0,
        0.0,
        0.0,
        1.0,
        0.0,
        0.0,
        0.0,
        0.0,
        0.0,
        0.0,
        2.0,
        0.0,
        0.0,
        0.0,
        0.0,
        0.0,
        0.0,
        0.0,
        0.0,
        0.0,
        0.0,
        0.0,
        1.0,
        0.0,
        0.0,
        0.0,
        0.0,
        0.0,
        0.0,
        1.0,
        0.0,
        0.0,
        0.0,
        0.0,
        0.0,
        0.0,
        0.0,
        0.0,
        0.0,
        0.0,
        0.0,
        0.0,
        0.0,
        0.0,
        0.0,
        0.0,
        0.0,
        0.0,
        0.0,
        0.0,
        0.0,
        0.0,
        0.0,
        0.0,
        0.0,
        0.0,
        0.0,
        0.0,
        0.0,
        0.0,
        0.0,
        0.0,
        0.0,
        0.0,
        0.0,
        0.0,
        0.0,
        0.0,
        0.0
      ],
      "silhouette_mask_path": "C:\\Users\\shrad\\TrendWeave\\MERGE_OUTPUT_FINAL\\Catwalks__Women_s_Key_Items___Knitwear_A_W_25_26_en\\page_6\\img_2_mask_3.png"
    },
    {
      "yolo_label": "person",
      "bbox": [
        8.865727424621582,
        43.035133361816406,
        89.15679168701172,
        177.6529083251953
      ],
      "confidence": 0.45416393876075745,
      "clip_attributes": {
        "palette": {
          "label": "earth tones",
          "confidence": 0.2374241203069687
        },
        "dress_silhouette": {
          "label": "fit and flare",
          "confidence": 0.21834796667099
        },
        "neckline": {
          "label": "v-neck",
          "confidence": 0.23738960921764374
        },
        "sleeve_type": {
          "label": "sleeveless",
          "confidence": 0.21242092549800873
        },
        "top_silhouette": {
          "label": "fitted blouse",
          "confidence": 0.21350713074207306
        },
        "bottom_style": {
          "label": "flared pants",
          "confidence": 0.2137216031551361
        },
        "outerwear": {
          "label": "shrug",
          "confidence": 0.22788584232330322
        },
        "shoe_type": {
          "label": "ballet flats",
          "confidence": 0.19869491457939148
        },
        "bag_type": {
          "label": "shoulder bag",
          "confidence": 0.21460819244384766
        },
        "accessory": {
          "label": "watch",
          "confidence": 0.22454439103603363
        },
        "hairstyle": {
          "label": "high bun",
          "confidence": 0.2091887891292572
        },
        "setting": {
          "label": "brunch look",
          "confidence": 0.21916376054286957
        },
        "fabric_type": {
          "label": "cotton",
          "confidence": 0.21332983672618866
        },
        "season": {
          "label": "summer",
          "confidence": 0.20005442202091217
        },
        "style_theme": {
          "label": "elegant chic",
          "confidence": 0.21111397445201874
        }
      },
      "dominant_colors": [
        [
          13,
          127,
          129
        ],
        [
          117,
          139,
          151
        ],
        [
          60,
          135,
          141
        ]
      ],
      "texture_histogram": [
        8.0,
        53.0,
        148.0,
        211.0,
        216.0,
        230.0,
        216.0,
        182.0,
        198.0,
        282.0,
        279.0,
        296.0,
        228.0,
        235.0,
        250.0,
        300.0,
        316.0,
        278.0,
        223.0,
        263.0,
        286.0,
        294.0,
        336.0,
        209.0,
        184.0,
        120.0,
        83.0,
        96.0,
        86.0,
        73.0,
        79.0,
        67.0,
        66.0,
        72.0,
        74.0,
        56.0,
        46.0,
        61.0,
        74.0,
        64.0,
        66.0,
        68.0,
        54.0,
        53.0,
        53.0,
        42.0,
        45.0,
        48.0,
        44.0,
        41.0,
        37.0,
        39.0,
        36.0,
        41.0,
        39.0,
        42.0,
        39.0,
        46.0,
        34.0,
        29.0,
        35.0,
        27.0,
        33.0,
        29.0,
        27.0,
        40.0,
        31.0,
        40.0,
        30.0,
        25.0,
        38.0,
        34.0,
        26.0,
        44.0,
        32.0,
        44.0,
        34.0,
        37.0,
        39.0,
        38.0,
        31.0,
        30.0,
        39.0,
        29.0,
        35.0,
        34.0,
        44.0,
        39.0,
        42.0,
        43.0,
        53.0,
        49.0,
        45.0,
        40.0,
        38.0,
        51.0,
        37.0,
        61.0,
        38.0,
        47.0,
        55.0,
        37.0,
        48.0,
        50.0,
        57.0,
        48.0,
        56.0,
        29.0,
        33.0,
        38.0,
        51.0,
        43.0,
        45.0,
        47.0,
        42.0,
        28.0,
        43.0,
        43.0,
        46.0,
        51.0,
        49.0,
        43.0,
        54.0,
        47.0,
        45.0,
        46.0,
        38.0,
        47.0,
        38.0,
        33.0,
        32.0,
        33.0,
        30.0,
        19.0,
        19.0,
        25.0,
        18.0,
        18.0,
        20.0,
        14.0,
        9.0,
        7.0,
        7.0,
        2.0,
        8.0,
        7.0,
        6.0,
        2.0,
        1.0,
        3.0,
        0.0,
        0.0,
        1.0,
        0.0,
        1.0,
        0.0,
        0.0,
        0.0,
        0.0,
        0.0,
        0.0,
        0.0,
        0.0,
        0.0,
        0.0,
        0.0,
        0.0,
        0.0,
        0.0,
        0.0,
        0.0,
        0.0,
        0.0,
        0.0,
        0.0,
        0.0,
        0.0,
        0.0,
        0.0,
        0.0,
        0.0,
        0.0,
        0.0,
        0.0,
        0.0,
        0.0,
        0.0,
        0.0,
        0.0,
        0.0,
        0.0,
        0.0,
        0.0,
        0.0,
        0.0,
        0.0,
        0.0,
        0.0,
        0.0,
        0.0,
        0.0,
        0.0,
        0.0,
        0.0,
        0.0,
        0.0,
        0.0,
        0.0,
        0.0,
        0.0,
        0.0,
        0.0,
        0.0,
        0.0,
        0.0,
        0.0,
        0.0,
        0.0,
        0.0,
        0.0,
        0.0,
        0.0,
        0.0,
        0.0,
        0.0,
        0.0,
        0.0,
        0.0,
        0.0,
        0.0,
        0.0,
        0.0,
        0.0,
        0.0,
        0.0,
        0.0,
        0.0,
        0.0,
        0.0,
        0.0,
        0.0,
        0.0,
        0.0,
        0.0,
        0.0,
        0.0,
        0.0,
        0.0,
        0.0,
        0.0,
        0.0,
        0.0,
        0.0,
        0.0,
        0.0,
        0.0
      ],
      "silhouette_mask_path": "C:\\Users\\shrad\\TrendWeave\\MERGE_OUTPUT_FINAL\\Catwalks__Women_s_Key_Items___Knitwear_A_W_25_26_en\\page_6\\img_2_mask_4.png"
    },
    {
      "yolo_label": "person",
      "bbox": [
        61.49838638305664,
        14.246460914611816,
        109.32694244384766,
        126.8504638671875
      ],
      "confidence": 0.44134271144866943,
      "clip_attributes": {
        "palette": {
          "label": "earth tones",
          "confidence": 0.23574134707450867
        },
        "neckline": {
          "label": "v-neck",
          "confidence": 0.2296241819858551
        },
        "sleeve_type": {
          "label": "rolled sleeves",
          "confidence": 0.22258494794368744
        },
        "top_silhouette": {
          "label": "hoodie",
          "confidence": 0.22790418565273285
        },
        "bottom_style": {
          "label": "chinos",
          "confidence": 0.2229994535446167
        },
        "outerwear": {
          "label": "hoodie",
          "confidence": 0.22790418565273285
        },
        "shoe_type": {
          "label": "boots",
          "confidence": 0.22630032896995544
        },
        "bag_type": {
          "label": "duffel bag",
          "confidence": 0.22893351316452026
        },
        "accessory": {
          "label": "cap",
          "confidence": 0.23829764127731323
        },
        "hairstyle": {
          "label": "undercut",
          "confidence": 0.2415124922990799
        },
        "setting": {
          "label": "smart casual",
          "confidence": 0.21849346160888672
        },
        "fabric_type": {
          "label": "wool",
          "confidence": 0.22761404514312744
        },
        "season": {
          "label": "monsoon",
          "confidence": 0.21182146668434143
        },
        "style_theme": {
          "label": "grunge",
          "confidence": 0.22652491927146912
        }
      },
      "dominant_colors": [
        [
          16,
          130,
          131
        ],
        [
          110,
          132,
          139
        ],
        [
          50,
          134,
          139
        ]
      ],
      "texture_histogram": [
        2.0,
        16.0,
        26.0,
        31.0,
        44.0,
        52.0,
        57.0,
        74.0,
        73.0,
        82.0,
        80.0,
        73.0,
        74.0,
        66.0,
        70.0,
        128.0,
        164.0,
        154.0,
        136.0,
        112.0,
        125.0,
        131.0,
        145.0,
        112.0,
        82.0,
        107.0,
        78.0,
        92.0,
        91.0,
        82.0,
        93.0,
        89.0,
        97.0,
        96.0,
        74.0,
        73.0,
        93.0,
        95.0,
        102.0,
        96.0,
        84.0,
        86.0,
        84.0,
        79.0,
        83.0,
        75.0,
        62.0,
        51.0,
        59.0,
        45.0,
        51.0,
        40.0,
        29.0,
        37.0,
        27.0,
        36.0,
        38.0,
        45.0,
        59.0,
        51.0,
        24.0,
        34.0,
        23.0,
        15.0,
        27.0,
        25.0,
        15.0,
        23.0,
        13.0,
        15.0,
        18.0,
        13.0,
        20.0,
        20.0,
        22.0,
        11.0,
        16.0,
        12.0,
        13.0,
        15.0,
        10.0,
        15.0,
        9.0,
        9.0,
        9.0,
        6.0,
        8.0,
        9.0,
        10.0,
        7.0,
        6.0,
        7.0,
        12.0,
        5.0,
        6.0,
        6.0,
        6.0,
        10.0,
        7.0,
        1.0,
        9.0,
        4.0,
        10.0,
        1.0,
        12.0,
        5.0,
        5.0,
        6.0,
        7.0,
        7.0,
        7.0,
        4.0,
        9.0,
        10.0,
        10.0,
        12.0,
        5.0,
        6.0,
        7.0,
        8.0,
        9.0,
        6.0,
        8.0,
        5.0,
        4.0,
        5.0,
        8.0,
        1.0,
        6.0,
        10.0,
        3.0,
        6.0,
        8.0,
        6.0,
        3.0,
        5.0,
        7.0,
        1.0,
        1.0,
        1.0,
        2.0,
        1.0,
        1.0,
        0.0,
        0.0,
        0.0,
        0.0,
        0.0,
        0.0,
        1.0,
        0.0,
        0.0,
        1.0,
        0.0,
        0.0,
        0.0,
        1.0,
        1.0,
        0.0,
        0.0,
        1.0,
        0.0,
        0.0,
        0.0,
        0.0,
        0.0,
        0.0,
        0.0,
        0.0,
        0.0,
        0.0,
        0.0,
        0.0,
        0.0,
        0.0,
        0.0,
        0.0,
        0.0,
        0.0,
        0.0,
        0.0,
        0.0,
        0.0,
        0.0,
        0.0,
        0.0,
        0.0,
        0.0,
        0.0,
        0.0,
        0.0,
        0.0,
        0.0,
        0.0,
        0.0,
        0.0,
        0.0,
        0.0,
        0.0,
        0.0,
        0.0,
        0.0,
        0.0,
        0.0,
        0.0,
        0.0,
        0.0,
        0.0,
        0.0,
        0.0,
        0.0,
        0.0,
        0.0,
        0.0,
        0.0,
        0.0,
        0.0,
        0.0,
        0.0,
        0.0,
        0.0,
        0.0,
        0.0,
        0.0,
        0.0,
        0.0,
        0.0,
        0.0,
        0.0,
        0.0,
        0.0,
        0.0,
        0.0,
        0.0,
        0.0,
        0.0,
        0.0,
        0.0,
        0.0,
        0.0,
        0.0,
        0.0,
        0.0,
        0.0,
        0.0,
        0.0,
        0.0,
        0.0,
        0.0,
        0.0,
        0.0,
        0.0,
        0.0,
        0.0,
        0.0,
        0.0
      ],
      "silhouette_mask_path": "C:\\Users\\shrad\\TrendWeave\\MERGE_OUTPUT_FINAL\\Catwalks__Women_s_Key_Items___Knitwear_A_W_25_26_en\\page_6\\img_2_mask_5.png"
    },
    {
      "yolo_label": "person",
      "bbox": [
        186.37550354003906,
        4.928580284118652,
        240.92877197265625,
        103.30628967285156
      ],
      "confidence": 0.41671550273895264,
      "clip_attributes": {
        "palette": {
          "label": "muted tones",
          "confidence": 0.20262563228607178
        },
        "neckline": {
          "label": "polo",
          "confidence": 0.22358611226081848
        },
        "sleeve_type": {
          "label": "rolled sleeves",
          "confidence": 0.22420673072338104
        },
        "top_silhouette": {
          "label": "hoodie",
          "confidence": 0.21982567012310028
        },
        "bottom_style": {
          "label": "chinos",
          "confidence": 0.23573513329029083
        },
        "outerwear": {
          "label": "blazer",
          "confidence": 0.23379077017307281
        },
        "shoe_type": {
          "label": "sneakers",
          "confidence": 0.22130486369132996
        },
        "bag_type": {
          "label": "backpack",
          "confidence": 0.220535546541214
        },
        "accessory": {
          "label": "cap",
          "confidence": 0.24965454638004303
        },
        "hairstyle": {
          "label": "slick back",
          "confidence": 0.21720030903816223
        },
        "setting": {
          "label": "smart casual",
          "confidence": 0.225620299577713
        },
        "fabric_type": {
          "label": "polyester",
          "confidence": 0.23500585556030273
        },
        "season": {
          "label": "monsoon",
          "confidence": 0.20569497346878052
        },
        "style_theme": {
          "label": "streetwear",
          "confidence": 0.22439754009246826
        }
      },
      "dominant_colors": [
        [
          60,
          145,
          148
        ],
        [
          137,
          133,
          131
        ],
        [
          11,
          130,
          130
        ]
      ],
      "texture_histogram": [
        2.0,
        6.0,
        18.0,
        56.0,
        73.0,
        186.0,
        339.0,
        126.0,
        115.0,
        74.0,
        77.0,
        65.0,
        46.0,
        31.0,
        38.0,
        32.0,
        28.0,
        32.0,
        35.0,
        31.0,
        28.0,
        44.0,
        22.0,
        29.0,
        23.0,
        42.0,
        26.0,
        30.0,
        40.0,
        22.0,
        25.0,
        28.0,
        29.0,
        26.0,
        37.0,
        29.0,
        27.0,
        29.0,
        21.0,
        46.0,
        45.0,
        100.0,
        81.0,
        112.0,
        135.0,
        98.0,
        111.0,
        105.0,
        169.0,
        137.0,
        144.0,
        113.0,
        84.0,
        73.0,
        59.0,
        59.0,
        34.0,
        36.0,
        36.0,
        40.0,
        27.0,
        30.0,
        34.0,
        44.0,
        45.0,
        40.0,
        33.0,
        35.0,
        27.0,
        39.0,
        35.0,
        36.0,
        30.0,
        29.0,
        26.0,
        21.0,
        34.0,
        30.0,
        29.0,
        23.0,
        16.0,
        20.0,
        18.0,
        21.0,
        15.0,
        23.0,
        14.0,
        13.0,
        18.0,
        21.0,
        12.0,
        23.0,
        14.0,
        9.0,
        19.0,
        17.0,
        11.0,
        23.0,
        25.0,
        17.0,
        19.0,
        23.0,
        21.0,
        28.0,
        24.0,
        18.0,
        15.0,
        27.0,
        13.0,
        13.0,
        15.0,
        11.0,
        12.0,
        7.0,
        13.0,
        12.0,
        3.0,
        3.0,
        5.0,
        1.0,
        3.0,
        0.0,
        1.0,
        3.0,
        1.0,
        1.0,
        1.0,
        3.0,
        4.0,
        1.0,
        0.0,
        3.0,
        0.0,
        4.0,
        3.0,
        1.0,
        1.0,
        1.0,
        1.0,
        1.0,
        0.0,
        0.0,
        1.0,
        5.0,
        2.0,
        0.0,
        4.0,
        3.0,
        1.0,
        4.0,
        2.0,
        1.0,
        3.0,
        1.0,
        0.0,
        2.0,
        1.0,
        5.0,
        3.0,
        2.0,
        4.0,
        1.0,
        2.0,
        2.0,
        4.0,
        3.0,
        6.0,
        4.0,
        5.0,
        3.0,
        7.0,
        2.0,
        4.0,
        0.0,
        1.0,
        1.0,
        4.0,
        6.0,
        2.0,
        5.0,
        3.0,
        4.0,
        1.0,
        7.0,
        12.0,
        12.0,
        13.0,
        14.0,
        9.0,
        8.0,
        10.0,
        9.0,
        7.0,
        10.0,
        2.0,
        2.0,
        3.0,
        3.0,
        0.0,
        0.0,
        0.0,
        2.0,
        0.0,
        0.0,
        1.0,
        2.0,
        1.0,
        2.0,
        3.0,
        2.0,
        1.0,
        1.0,
        0.0,
        0.0,
        0.0,
        0.0,
        0.0,
        0.0,
        0.0,
        0.0,
        0.0,
        0.0,
        0.0,
        0.0,
        0.0,
        0.0,
        0.0,
        0.0,
        0.0,
        0.0,
        0.0,
        0.0,
        0.0,
        0.0,
        0.0,
        0.0,
        0.0,
        0.0,
        0.0,
        0.0,
        0.0,
        0.0,
        0.0,
        0.0,
        0.0,
        0.0,
        0.0,
        0.0,
        0.0,
        0.0,
        0.0,
        0.0,
        0.0,
        0.0,
        0.0,
        0.0
      ],
      "silhouette_mask_path": "C:\\Users\\shrad\\TrendWeave\\MERGE_OUTPUT_FINAL\\Catwalks__Women_s_Key_Items___Knitwear_A_W_25_26_en\\page_6\\img_2_mask_6.png"
    },
    {
      "yolo_label": "person",
      "bbox": [
        264.303955078125,
        16.103239059448242,
        292.8413391113281,
        75.7619400024414
      ],
      "confidence": 0.380109041929245,
      "clip_attributes": {
        "palette": {
          "label": "muted tones",
          "confidence": 0.22858639061450958
        },
        "neckline": {
          "label": "v-neck",
          "confidence": 0.23618224263191223
        },
        "sleeve_type": {
          "label": "half sleeves",
          "confidence": 0.21959547698497772
        },
        "top_silhouette": {
          "label": "hoodie",
          "confidence": 0.2250027060508728
        },
        "bottom_style": {
          "label": "chinos",
          "confidence": 0.24755388498306274
        },
        "outerwear": {
          "label": "hoodie",
          "confidence": 0.2250027060508728
        },
        "shoe_type": {
          "label": "boots",
          "confidence": 0.2261955738067627
        },
        "bag_type": {
          "label": "backpack",
          "confidence": 0.22089162468910217
        },
        "accessory": {
          "label": "watch",
          "confidence": 0.2428559511899948
        },
        "hairstyle": {
          "label": "undercut",
          "confidence": 0.24715805053710938
        },
        "setting": {
          "label": "date night",
          "confidence": 0.22421759366989136
        },
        "fabric_type": {
          "label": "cotton",
          "confidence": 0.22446520626544952
        },
        "season": {
          "label": "monsoon",
          "confidence": 0.2251431941986084
        },
        "style_theme": {
          "label": "minimalist",
          "confidence": 0.22923855483531952
        }
      },
      "dominant_colors": [
        [
          59,
          143,
          149
        ],
        [
          109,
          141,
          149
        ],
        [
          15,
          131,
          131
        ]
      ],
      "texture_histogram": [
        0.0,
        0.0,
        0.0,
        1.0,
        5.0,
        15.0,
        11.0,
        17.0,
        22.0,
        11.0,
        10.0,
        11.0,
        13.0,
        18.0,
        11.0,
        26.0,
        19.0,
        21.0,
        19.0,
        12.0,
        27.0,
        11.0,
        14.0,
        14.0,
        15.0,
        13.0,
        13.0,
        7.0,
        6.0,
        12.0,
        6.0,
        9.0,
        6.0,
        9.0,
        8.0,
        6.0,
        8.0,
        11.0,
        11.0,
        15.0,
        13.0,
        20.0,
        23.0,
        39.0,
        32.0,
        32.0,
        34.0,
        29.0,
        24.0,
        34.0,
        31.0,
        30.0,
        20.0,
        19.0,
        25.0,
        18.0,
        16.0,
        14.0,
        17.0,
        23.0,
        11.0,
        24.0,
        16.0,
        15.0,
        11.0,
        13.0,
        13.0,
        12.0,
        8.0,
        12.0,
        15.0,
        11.0,
        15.0,
        13.0,
        12.0,
        10.0,
        13.0,
        17.0,
        9.0,
        18.0,
        6.0,
        12.0,
        6.0,
        9.0,
        13.0,
        10.0,
        15.0,
        5.0,
        9.0,
        19.0,
        9.0,
        13.0,
        9.0,
        6.0,
        9.0,
        11.0,
        9.0,
        12.0,
        11.0,
        10.0,
        4.0,
        10.0,
        11.0,
        17.0,
        15.0,
        13.0,
        7.0,
        7.0,
        10.0,
        12.0,
        4.0,
        4.0,
        5.0,
        6.0,
        4.0,
        7.0,
        4.0,
        2.0,
        2.0,
        8.0,
        2.0,
        5.0,
        1.0,
        5.0,
        3.0,
        5.0,
        2.0,
        7.0,
        5.0,
        4.0,
        2.0,
        4.0,
        3.0,
        4.0,
        2.0,
        2.0,
        4.0,
        3.0,
        1.0,
        3.0,
        2.0,
        2.0,
        0.0,
        1.0,
        1.0,
        0.0,
        0.0,
        0.0,
        0.0,
        0.0,
        0.0,
        0.0,
        0.0,
        0.0,
        0.0,
        0.0,
        0.0,
        0.0,
        0.0,
        0.0,
        0.0,
        0.0,
        0.0,
        0.0,
        0.0,
        0.0,
        0.0,
        0.0,
        0.0,
        0.0,
        0.0,
        0.0,
        0.0,
        0.0,
        0.0,
        0.0,
        0.0,
        0.0,
        0.0,
        0.0,
        0.0,
        0.0,
        0.0,
        0.0,
        0.0,
        0.0,
        0.0,
        0.0,
        0.0,
        0.0,
        0.0,
        0.0,
        0.0,
        0.0,
        0.0,
        0.0,
        0.0,
        0.0,
        0.0,
        0.0,
        0.0,
        0.0,
        0.0,
        0.0,
        0.0,
        0.0,
        0.0,
        0.0,
        0.0,
        0.0,
        0.0,
        0.0,
        0.0,
        0.0,
        0.0,
        0.0,
        0.0,
        0.0,
        0.0,
        0.0,
        0.0,
        0.0,
        0.0,
        0.0,
        0.0,
        0.0,
        0.0,
        0.0,
        0.0,
        0.0,
        0.0,
        0.0,
        0.0,
        0.0,
        0.0,
        0.0,
        0.0,
        0.0,
        0.0,
        0.0,
        0.0,
        0.0,
        0.0,
        0.0,
        0.0,
        0.0,
        0.0,
        0.0,
        0.0,
        0.0,
        0.0,
        0.0,
        0.0,
        0.0,
        0.0,
        0.0
      ],
      "silhouette_mask_path": "C:\\Users\\shrad\\TrendWeave\\MERGE_OUTPUT_FINAL\\Catwalks__Women_s_Key_Items___Knitwear_A_W_25_26_en\\page_6\\img_2_mask_7.png"
    },
    {
      "yolo_label": "person",
      "bbox": [
        257.1983947753906,
        67.03976440429688,
        293.0,
        263.563720703125
      ],
      "confidence": 0.27652493119239807,
      "clip_attributes": {
        "palette": {
          "label": "earth tones",
          "confidence": 0.24383385479450226
        },
        "dress_silhouette": {
          "label": "maxi dress",
          "confidence": 0.22620494663715363
        },
        "neckline": {
          "label": "square neckline",
          "confidence": 0.25385648012161255
        },
        "sleeve_type": {
          "label": "bell sleeves",
          "confidence": 0.23628868162631989
        },
        "top_silhouette": {
          "label": "camisole",
          "confidence": 0.2334420084953308
        },
        "bottom_style": {
          "label": "culottes",
          "confidence": 0.23987816274166107
        },
        "outerwear": {
          "label": "cardigan",
          "confidence": 0.23682840168476105
        },
        "shoe_type": {
          "label": "ankle boots",
          "confidence": 0.23594222962856293
        },
        "bag_type": {
          "label": "shoulder bag",
          "confidence": 0.23770880699157715
        },
        "accessory": {
          "label": "hairband",
          "confidence": 0.25721192359924316
        },
        "hairstyle": {
          "label": "ponytail",
          "confidence": 0.24378681182861328
        },
        "setting": {
          "label": "office wear",
          "confidence": 0.2132585048675537
        },
        "fabric_type": {
          "label": "organza",
          "confidence": 0.25346437096595764
        },
        "season": {
          "label": "winter",
          "confidence": 0.22968220710754395
        },
        "style_theme": {
          "label": "minimalist",
          "confidence": 0.2411671280860901
        }
      },
      "dominant_colors": [
        [
          186,
          129,
          137
        ],
        [
          32,
          135,
          139
        ],
        [
          111,
          140,
          150
        ]
      ],
      "texture_histogram": [
        0.0,
        27.0,
        59.0,
        75.0,
        84.0,
        54.0,
        52.0,
        58.0,
        44.0,
        60.0,
        48.0,
        32.0,
        26.0,
        20.0,
        35.0,
        32.0,
        30.0,
        29.0,
        37.0,
        20.0,
        32.0,
        13.0,
        24.0,
        17.0,
        25.0,
        29.0,
        31.0,
        15.0,
        32.0,
        21.0,
        25.0,
        24.0,
        34.0,
        30.0,
        26.0,
        42.0,
        38.0,
        29.0,
        52.0,
        32.0,
        37.0,
        33.0,
        40.0,
        43.0,
        53.0,
        43.0,
        48.0,
        54.0,
        55.0,
        52.0,
        49.0,
        52.0,
        55.0,
        43.0,
        37.0,
        54.0,
        40.0,
        47.0,
        34.0,
        29.0,
        20.0,
        29.0,
        16.0,
        14.0,
        19.0,
        15.0,
        18.0,
        20.0,
        11.0,
        19.0,
        13.0,
        11.0,
        14.0,
        16.0,
        20.0,
        15.0,
        15.0,
        17.0,
        14.0,
        24.0,
        15.0,
        16.0,
        17.0,
        22.0,
        25.0,
        24.0,
        19.0,
        11.0,
        17.0,
        23.0,
        17.0,
        20.0,
        15.0,
        11.0,
        23.0,
        19.0,
        20.0,
        19.0,
        33.0,
        26.0,
        27.0,
        31.0,
        25.0,
        24.0,
        31.0,
        25.0,
        21.0,
        31.0,
        37.0,
        38.0,
        23.0,
        33.0,
        24.0,
        20.0,
        39.0,
        27.0,
        22.0,
        18.0,
        18.0,
        15.0,
        16.0,
        21.0,
        23.0,
        18.0,
        11.0,
        22.0,
        17.0,
        14.0,
        23.0,
        14.0,
        11.0,
        16.0,
        13.0,
        19.0,
        14.0,
        22.0,
        18.0,
        17.0,
        21.0,
        18.0,
        20.0,
        15.0,
        24.0,
        13.0,
        24.0,
        14.0,
        23.0,
        25.0,
        20.0,
        20.0,
        24.0,
        20.0,
        18.0,
        21.0,
        25.0,
        17.0,
        29.0,
        20.0,
        25.0,
        36.0,
        35.0,
        36.0,
        50.0,
        37.0,
        47.0,
        35.0,
        41.0,
        37.0,
        50.0,
        47.0,
        56.0,
        55.0,
        55.0,
        56.0,
        55.0,
        58.0,
        53.0,
        73.0,
        64.0,
        72.0,
        73.0,
        71.0,
        45.0,
        68.0,
        51.0,
        36.0,
        37.0,
        47.0,
        49.0,
        49.0,
        71.0,
        76.0,
        82.0,
        86.0,
        90.0,
        90.0,
        94.0,
        88.0,
        87.0,
        58.0,
        73.0,
        58.0,
        43.0,
        40.0,
        35.0,
        38.0,
        27.0,
        21.0,
        19.0,
        4.0,
        2.0,
        3.0,
        0.0,
        0.0,
        0.0,
        0.0,
        0.0,
        0.0,
        0.0,
        0.0,
        0.0,
        0.0,
        0.0,
        0.0,
        0.0,
        0.0,
        0.0,
        0.0,
        0.0,
        0.0,
        0.0,
        0.0,
        0.0,
        0.0,
        0.0,
        0.0,
        0.0,
        0.0,
        0.0,
        0.0,
        0.0,
        0.0,
        0.0,
        0.0,
        0.0,
        0.0,
        0.0,
        0.0,
        0.0,
        0.0,
        0.0,
        0.0,
        0.0,
        0.0,
        0.0,
        0.0
      ],
      "silhouette_mask_path": "C:\\Users\\shrad\\TrendWeave\\MERGE_OUTPUT_FINAL\\Catwalks__Women_s_Key_Items___Knitwear_A_W_25_26_en\\page_6\\img_2_mask_8.png"
    },
    {
      "yolo_label": "handbag",
      "bbox": [
        70.1335678100586,
        347.248291015625,
        106.56840515136719,
        464.3703918457031
      ],
      "confidence": 0.2641941010951996,
      "clip_attributes": {
        "palette": {
          "label": "bold primary colors",
          "confidence": 0.2158980369567871
        },
        "shoe_type": {
          "label": "sandals",
          "confidence": 0.22118791937828064
        },
        "bag_type": {
          "label": "belt bag",
          "confidence": 0.2512950897216797
        },
        "accessory": {
          "label": "bracelet",
          "confidence": 0.22573967278003693
        },
        "setting": {
          "label": "travel outfit",
          "confidence": 0.19767852127552032
        },
        "fabric_type": {
          "label": "nylon",
          "confidence": 0.20499999821186066
        },
        "season": {
          "label": "summer",
          "confidence": 0.1953585147857666
        },
        "style_theme": {
          "label": "y2k",
          "confidence": 0.20645779371261597
        }
      },
      "dominant_colors": [
        [
          162,
          139,
          176
        ],
        [
          117,
          140,
          171
        ],
        [
          67,
          142,
          157
        ]
      ],
      "texture_histogram": [
        0.0,
        0.0,
        0.0,
        0.0,
        0.0,
        0.0,
        0.0,
        0.0,
        1.0,
        0.0,
        1.0,
        1.0,
        0.0,
        0.0,
        1.0,
        1.0,
        2.0,
        2.0,
        1.0,
        1.0,
        2.0,
        3.0,
        1.0,
        0.0,
        0.0,
        4.0,
        1.0,
        5.0,
        2.0,
        3.0,
        0.0,
        6.0,
        1.0,
        4.0,
        4.0,
        6.0,
        4.0,
        6.0,
        6.0,
        4.0,
        6.0,
        4.0,
        3.0,
        4.0,
        7.0,
        9.0,
        4.0,
        11.0,
        7.0,
        13.0,
        7.0,
        4.0,
        10.0,
        8.0,
        10.0,
        8.0,
        12.0,
        10.0,
        7.0,
        9.0,
        10.0,
        7.0,
        18.0,
        12.0,
        13.0,
        5.0,
        11.0,
        12.0,
        8.0,
        16.0,
        10.0,
        17.0,
        19.0,
        14.0,
        20.0,
        24.0,
        19.0,
        19.0,
        26.0,
        24.0,
        30.0,
        26.0,
        27.0,
        27.0,
        22.0,
        31.0,
        32.0,
        22.0,
        24.0,
        34.0,
        24.0,
        25.0,
        25.0,
        23.0,
        33.0,
        18.0,
        29.0,
        35.0,
        23.0,
        17.0,
        22.0,
        18.0,
        23.0,
        20.0,
        27.0,
        22.0,
        15.0,
        22.0,
        21.0,
        34.0,
        33.0,
        71.0,
        122.0,
        85.0,
        81.0,
        30.0,
        37.0,
        33.0,
        30.0,
        37.0,
        22.0,
        23.0,
        29.0,
        19.0,
        28.0,
        33.0,
        18.0,
        29.0,
        33.0,
        27.0,
        30.0,
        33.0,
        25.0,
        25.0,
        36.0,
        29.0,
        32.0,
        53.0,
        33.0,
        50.0,
        54.0,
        69.0,
        79.0,
        62.0,
        54.0,
        73.0,
        72.0,
        93.0,
        74.0,
        67.0,
        78.0,
        63.0,
        50.0,
        54.0,
        45.0,
        43.0,
        51.0,
        53.0,
        50.0,
        33.0,
        52.0,
        46.0,
        49.0,
        59.0,
        46.0,
        49.0,
        47.0,
        27.0,
        25.0,
        23.0,
        20.0,
        22.0,
        13.0,
        18.0,
        15.0,
        8.0,
        4.0,
        3.0,
        0.0,
        2.0,
        0.0,
        0.0,
        4.0,
        1.0,
        3.0,
        3.0,
        2.0,
        1.0,
        1.0,
        1.0,
        1.0,
        0.0,
        0.0,
        0.0,
        2.0,
        0.0,
        0.0,
        0.0,
        1.0,
        0.0,
        0.0,
        0.0,
        0.0,
        0.0,
        0.0,
        0.0,
        0.0,
        0.0,
        0.0,
        0.0,
        0.0,
        0.0,
        0.0,
        0.0,
        0.0,
        0.0,
        0.0,
        0.0,
        0.0,
        0.0,
        0.0,
        0.0,
        0.0,
        0.0,
        0.0,
        0.0,
        0.0,
        0.0,
        0.0,
        0.0,
        0.0,
        0.0,
        0.0,
        0.0,
        0.0,
        0.0,
        0.0,
        0.0,
        0.0,
        0.0,
        0.0,
        0.0,
        0.0,
        0.0,
        0.0,
        0.0,
        0.0,
        0.0,
        0.0,
        0.0,
        0.0,
        0.0,
        0.0,
        0.0,
        0.0,
        0.0
      ],
      "silhouette_mask_path": "C:\\Users\\shrad\\TrendWeave\\MERGE_OUTPUT_FINAL\\Catwalks__Women_s_Key_Items___Knitwear_A_W_25_26_en\\page_6\\img_2_mask_9.png"
    }
  ],
  "pose_keypoints": [
    {
      "x": 0.7891545295715332,
      "y": 0.12706586718559265,
      "z": -0.6213052272796631,
      "visibility": 0.9987694621086121
    },
    {
      "x": 0.8100037574768066,
      "y": 0.1160588189959526,
      "z": -0.5787839293479919,
      "visibility": 0.9983131885528564
    },
    {
      "x": 0.8205510973930359,
      "y": 0.11514905095100403,
      "z": -0.5790680646896362,
      "visibility": 0.9980290532112122
    },
    {
      "x": 0.8380457162857056,
      "y": 0.11258208751678467,
      "z": -0.5793620347976685,
      "visibility": 0.9976715445518494
    },
    {
      "x": 0.7846279740333557,
      "y": 0.11904844641685486,
      "z": -0.541768491268158,
      "visibility": 0.9985501170158386
    },
    {
      "x": 0.775496780872345,
      "y": 0.12045246362686157,
      "z": -0.5416848659515381,
      "visibility": 0.9980582594871521
    },
    {
      "x": 0.7677745223045349,
      "y": 0.12126845866441727,
      "z": -0.5418049693107605,
      "visibility": 0.9983357787132263
    },
    {
      "x": 0.8677067160606384,
      "y": 0.11690295487642288,
      "z": -0.31385084986686707,
      "visibility": 0.9965399503707886
    },
    {
      "x": 0.7651062607765198,
      "y": 0.12938788533210754,
      "z": -0.13519315421581268,
      "visibility": 0.9984927177429199
    },
    {
      "x": 0.8122281432151794,
      "y": 0.1411394476890564,
      "z": -0.5188849568367004,
      "visibility": 0.9945545196533203
    },
    {
      "x": 0.7822291851043701,
      "y": 0.14267344772815704,
      "z": -0.46738019585609436,
      "visibility": 0.9956400394439697
    },
    {
      "x": 0.9448179602622986,
      "y": 0.16346056759357452,
      "z": -0.22437067329883575,
      "visibility": 0.9923088550567627
    },
    {
      "x": 0.7707234621047974,
      "y": 0.19356492161750793,
      "z": 0.17001856863498688,
      "visibility": 0.9953287839889526
    },
    {
      "x": 0.98975670337677,
      "y": 0.1888938546180725,
      "z": -0.509617030620575,
      "visibility": 0.7229535579681396
    },
    {
      "x": 0.7684932351112366,
      "y": 0.2739620506763458,
      "z": 0.4006098806858063,
      "visibility": 0.2956840395927429
    },
    {
      "x": 0.9347901940345764,
      "y": 0.17153839766979218,
      "z": -0.8816856145858765,
      "visibility": 0.3955610692501068
    },
    {
      "x": 0.816078782081604,
      "y": 0.26846975088119507,
      "z": 0.22082534432411194,
      "visibility": 0.451482355594635
    },
    {
      "x": 0.9296175241470337,
      "y": 0.16587716341018677,
      "z": -0.9884150624275208,
      "visibility": 0.3541983366012573
    },
    {
      "x": 0.836682915687561,
      "y": 0.273925244808197,
      "z": 0.19457794725894928,
      "visibility": 0.44457393884658813
    },
    {
      "x": 0.9193524718284607,
      "y": 0.15993794798851013,
      "z": -0.9747073650360107,
      "visibility": 0.3540394604206085
    },
    {
      "x": 0.8274455666542053,
      "y": 0.25893765687942505,
      "z": 0.13571549952030182,
      "visibility": 0.45156484842300415
    },
    {
      "x": 0.9182935953140259,
      "y": 0.16368895769119263,
      "z": -0.8894919157028198,
      "visibility": 0.3226499855518341
    },
    {
      "x": 0.8226243853569031,
      "y": 0.2579197287559509,
      "z": 0.19679594039916992,
      "visibility": 0.42334070801734924
    },
    {
      "x": 0.9738540649414062,
      "y": 0.35978275537490845,
      "z": -0.1638743132352829,
      "visibility": 0.997461199760437
    },
    {
      "x": 0.8625791072845459,
      "y": 0.3603755235671997,
      "z": 0.16447415947914124,
      "visibility": 0.996802806854248
    },
    {
      "x": 0.9012317657470703,
      "y": 0.45950180292129517,
      "z": -0.5789833664894104,
      "visibility": 0.7384074926376343
    },
    {
      "x": 0.8361266851425171,
      "y": 0.42691946029663086,
      "z": -0.3221913278102875,
      "visibility": 0.6574116349220276
    },
    {
      "x": 0.9703784584999084,
      "y": 0.5552887916564941,
      "z": -0.2468622326850891,
      "visibility": 0.6594902873039246
    },
    {
      "x": 0.8998737931251526,
      "y": 0.549699068069458,
      "z": -0.02426067180931568,
      "visibility": 0.6617979407310486
    },
    {
      "x": 0.9911245703697205,
      "y": 0.5635230541229248,
      "z": -0.22260835766792297,
      "visibility": 0.7650956511497498
    },
    {
      "x": 0.9297701716423035,
      "y": 0.5654222965240479,
      "z": -0.000930137699469924,
      "visibility": 0.7444310784339905
    },
    {
      "x": 0.9870920181274414,
      "y": 0.6049394607543945,
      "z": -0.4328390657901764,
      "visibility": 0.6229344010353088
    },
    {
      "x": 0.8535817861557007,
      "y": 0.6036783456802368,
      "z": -0.23960410058498383,
      "visibility": 0.6887297034263611
    }
  ]
}