{
  "image": "C:\\Users\\shrad\\TrendWeave\\TrendWeave\\extracted_data\\Catwalks__Women_s_APAC_Key_Trends_A_W_25_26_en\\page_2\\img_1.jpeg",
  "items": [
    {
      "yolo_label": "person",
      "bbox": [
        110.59151458740234,
        483.3050537109375,
        528.4127197265625,
        1332.0693359375
      ],
      "confidence": 0.8828890919685364,
      "clip_attributes": {
        "palette": {
          "label": "monochrome",
          "confidence": 0.21177533268928528
        },
        "dress_silhouette": {
          "label": "shirt dress",
          "confidence": 0.23688746988773346
        },
        "neckline": {
          "label": "halter neck",
          "confidence": 0.25310418009757996
        },
        "sleeve_type": {
          "label": "sleeveless",
          "confidence": 0.267810195684433
        },
        "top_silhouette": {
          "label": "camisole",
          "confidence": 0.24577248096466064
        },
        "bottom_style": {
          "label": "mini skirt",
          "confidence": 0.24381132423877716
        },
        "outerwear": {
          "label": "blazer",
          "confidence": 0.23243603110313416
        },
        "shoe_type": {
          "label": "heels",
          "confidence": 0.24211381375789642
        },
        "bag_type": {
          "label": "shoulder bag",
          "confidence": 0.21938832104206085
        },
        "accessory": {
          "label": "hoop earrings",
          "confidence": 0.24153737723827362
        },
        "hairstyle": {
          "label": "ponytail",
          "confidence": 0.23570114374160767
        },
        "setting": {
          "label": "office wear",
          "confidence": 0.23427249491214752
        },
        "fabric_type": {
          "label": "satin",
          "confidence": 0.24570225179195404
        },
        "season": {
          "label": "winter",
          "confidence": 0.19635626673698425
        },
        "style_theme": {
          "label": "minimalist",
          "confidence": 0.23277990520000458
        }
      },
      "dominant_colors": [
        [
          77,
          127,
          136
        ],
        [
          155,
          131,
          142
        ],
        [
          14,
          128,
          127
        ]
      ],
      "texture_histogram": [
        123.0,
        565.0,
        1952.0,
        6041.0,
        10877.0,
        11884.0,
        13232.0,
        14463.0,
        13654.0,
        12064.0,
        11012.0,
        9460.0,
        8374.0,
        7198.0,
        5808.0,
        4938.0,
        4500.0,
        4344.0,
        4370.0,
        4364.0,
        4366.0,
        4403.0,
        4263.0,
        4167.0,
        4235.0,
        4213.0,
        4196.0,
        4109.0,
        4307.0,
        4258.0,
        4037.0,
        3734.0,
        3486.0,
        3439.0,
        3235.0,
        2966.0,
        2752.0,
        2580.0,
        2508.0,
        2330.0,
        2130.0,
        2111.0,
        2135.0,
        1994.0,
        1704.0,
        1592.0,
        1531.0,
        1394.0,
        1350.0,
        1345.0,
        1331.0,
        1314.0,
        1282.0,
        1211.0,
        1227.0,
        1149.0,
        1071.0,
        1100.0,
        1086.0,
        1081.0,
        1080.0,
        1001.0,
        943.0,
        950.0,
        876.0,
        809.0,
        764.0,
        788.0,
        772.0,
        737.0,
        716.0,
        756.0,
        791.0,
        780.0,
        800.0,
        788.0,
        829.0,
        842.0,
        866.0,
        901.0,
        846.0,
        831.0,
        832.0,
        833.0,
        800.0,
        796.0,
        772.0,
        787.0,
        810.0,
        805.0,
        737.0,
        725.0,
        737.0,
        751.0,
        716.0,
        688.0,
        691.0,
        633.0,
        670.0,
        660.0,
        672.0,
        711.0,
        674.0,
        721.0,
        751.0,
        735.0,
        700.0,
        738.0,
        747.0,
        785.0,
        744.0,
        657.0,
        692.0,
        734.0,
        713.0,
        697.0,
        716.0,
        787.0,
        749.0,
        777.0,
        727.0,
        799.0,
        770.0,
        813.0,
        842.0,
        754.0,
        727.0,
        749.0,
        743.0,
        691.0,
        701.0,
        696.0,
        751.0,
        756.0,
        746.0,
        801.0,
        792.0,
        796.0,
        831.0,
        797.0,
        751.0,
        810.0,
        786.0,
        787.0,
        810.0,
        819.0,
        892.0,
        943.0,
        923.0,
        973.0,
        946.0,
        1029.0,
        1115.0,
        1112.0,
        1180.0,
        1214.0,
        1225.0,
        1183.0,
        1177.0,
        1153.0,
        1134.0,
        1144.0,
        1258.0,
        1349.0,
        1327.0,
        1399.0,
        1397.0,
        1277.0,
        1241.0,
        1059.0,
        952.0,
        708.0,
        495.0,
        365.0,
        344.0,
        308.0,
        300.0,
        268.0,
        280.0,
        279.0,
        285.0,
        244.0,
        261.0,
        296.0,
        264.0,
        261.0,
        240.0,
        226.0,
        181.0,
        184.0,
        185.0,
        161.0,
        158.0,
        146.0,
        146.0,
        115.0,
        130.0,
        131.0,
        99.0,
        89.0,
        73.0,
        75.0,
        53.0,
        63.0,
        39.0,
        36.0,
        30.0,
        20.0,
        10.0,
        17.0,
        25.0,
        14.0,
        13.0,
        21.0,
        18.0,
        13.0,
        9.0,
        16.0,
        12.0,
        13.0,
        10.0,
        22.0,
        11.0,
        21.0,
        15.0,
        6.0,
        2.0,
        9.0,
        2.0,
        3.0,
        0.0,
        3.0,
        2.0,
        1.0,
        3.0,
        3.0,
        2.0,
        2.0,
        3.0,
        4.0,
        3.0,
        8.0,
        4.0,
        3.0,
        12.0,
        5.0,
        2.0,
        1.0,
        0.0,
        0.0,
        0.0,
        0.0,
        0.0,
        0.0,
        0.0,
        0.0
      ],
      "silhouette_mask_path": "C:\\Users\\shrad\\TrendWeave\\MERGE_OUTPUT_FINAL\\Catwalks__Women_s_APAC_Key_Trends_A_W_25_26_en\\page_2\\img_1_mask_0.png"
    },
    {
      "yolo_label": "person",
      "bbox": [
        1102.7874755859375,
        536.5845947265625,
        1435.7747802734375,
        1235.6260986328125
      ],
      "confidence": 0.8380728363990784,
      "clip_attributes": {
        "palette": {
          "label": "black & white",
          "confidence": 0.2192603051662445
        },
        "shoe_type": {
          "label": "boots",
          "confidence": 0.22709722816944122
        },
        "bag_type": {
          "label": "backpack",
          "confidence": 0.23289616405963898
        },
        "accessory": {
          "label": "bracelet",
          "confidence": 0.2285820096731186
        },
        "setting": {
          "label": "streetwear",
          "confidence": 0.23467227816581726
        },
        "fabric_type": {
          "label": "nylon",
          "confidence": 0.2576833963394165
        },
        "season": {
          "label": "rainy",
          "confidence": 0.21251539885997772
        },
        "style_theme": {
          "label": "athleisure",
          "confidence": 0.22410495579242706
        }
      },
      "dominant_colors": [
        [
          11,
          128,
          126
        ],
        [
          178,
          126,
          132
        ],
        [
          91,
          126,
          132
        ]
      ],
      "texture_histogram": [
        7.0,
        68.0,
        205.0,
        637.0,
        1759.0,
        3747.0,
        6758.0,
        11049.0,
        13444.0,
        13399.0,
        11313.0,
        7814.0,
        5399.0,
        4249.0,
        3858.0,
        3444.0,
        3110.0,
        2555.0,
        2128.0,
        1906.0,
        1661.0,
        1498.0,
        1416.0,
        1288.0,
        1178.0,
        1179.0,
        1150.0,
        1144.0,
        1104.0,
        1012.0,
        890.0,
        771.0,
        704.0,
        735.0,
        701.0,
        615.0,
        587.0,
        600.0,
        592.0,
        569.0,
        634.0,
        650.0,
        707.0,
        724.0,
        630.0,
        576.0,
        537.0,
        507.0,
        469.0,
        446.0,
        483.0,
        507.0,
        512.0,
        484.0,
        465.0,
        458.0,
        410.0,
        460.0,
        445.0,
        413.0,
        444.0,
        459.0,
        500.0,
        466.0,
        509.0,
        448.0,
        508.0,
        511.0,
        498.0,
        514.0,
        493.0,
        476.0,
        498.0,
        504.0,
        482.0,
        492.0,
        503.0,
        515.0,
        471.0,
        458.0,
        470.0,
        472.0,
        442.0,
        489.0,
        446.0,
        468.0,
        477.0,
        426.0,
        364.0,
        416.0,
        399.0,
        389.0,
        393.0,
        392.0,
        380.0,
        404.0,
        361.0,
        395.0,
        375.0,
        386.0,
        397.0,
        376.0,
        417.0,
        433.0,
        391.0,
        401.0,
        385.0,
        338.0,
        367.0,
        344.0,
        366.0,
        327.0,
        383.0,
        360.0,
        361.0,
        355.0,
        350.0,
        373.0,
        369.0,
        336.0,
        357.0,
        392.0,
        349.0,
        398.0,
        433.0,
        459.0,
        390.0,
        387.0,
        384.0,
        407.0,
        463.0,
        478.0,
        505.0,
        528.0,
        616.0,
        655.0,
        661.0,
        638.0,
        671.0,
        712.0,
        801.0,
        823.0,
        870.0,
        857.0,
        966.0,
        973.0,
        1014.0,
        1109.0,
        1122.0,
        1061.0,
        1050.0,
        1028.0,
        1070.0,
        1160.0,
        1263.0,
        1426.0,
        1653.0,
        1946.0,
        2153.0,
        1967.0,
        1656.0,
        1240.0,
        986.0,
        794.0,
        741.0,
        681.0,
        661.0,
        704.0,
        822.0,
        838.0,
        767.0,
        809.0,
        803.0,
        801.0,
        904.0,
        1004.0,
        1076.0,
        1145.0,
        1227.0,
        1203.0,
        1400.0,
        1346.0,
        1242.0,
        1218.0,
        981.0,
        943.0,
        840.0,
        752.0,
        532.0,
        517.0,
        411.0,
        476.0,
        557.0,
        608.0,
        621.0,
        643.0,
        555.0,
        549.0,
        643.0,
        631.0,
        508.0,
        505.0,
        480.0,
        509.0,
        495.0,
        552.0,
        612.0,
        640.0,
        674.0,
        722.0,
        661.0,
        574.0,
        555.0,
        483.0,
        480.0,
        413.0,
        380.0,
        327.0,
        291.0,
        293.0,
        260.0,
        309.0,
        226.0,
        186.0,
        162.0,
        155.0,
        159.0,
        138.0,
        58.0,
        26.0,
        29.0,
        6.0,
        3.0,
        6.0,
        9.0,
        4.0,
        5.0,
        4.0,
        3.0,
        5.0,
        2.0,
        4.0,
        7.0,
        2.0,
        5.0,
        6.0,
        8.0,
        2.0,
        7.0,
        3.0,
        7.0,
        2.0,
        1.0,
        0.0,
        0.0,
        0.0
      ],
      "silhouette_mask_path": "C:\\Users\\shrad\\TrendWeave\\MERGE_OUTPUT_FINAL\\Catwalks__Women_s_APAC_Key_Trends_A_W_25_26_en\\page_2\\img_1_mask_1.png"
    },
    {
      "yolo_label": "person",
      "bbox": [
        393.4867248535156,
        2.36663818359375,
        1135.528076171875,
        1339.0
      ],
      "confidence": 0.8101540207862854,
      "clip_attributes": {
        "palette": {
          "label": "earth tones",
          "confidence": 0.2480127513408661
        },
        "dress_silhouette": {
          "label": "fit and flare",
          "confidence": 0.23137174546718597
        },
        "neckline": {
          "label": "square neckline",
          "confidence": 0.21777218580245972
        },
        "sleeve_type": {
          "label": "cap sleeves",
          "confidence": 0.24234570562839508
        },
        "top_silhouette": {
          "label": "crop top",
          "confidence": 0.2273043692111969
        },
        "bottom_style": {
          "label": "wide-leg pants",
          "confidence": 0.256313294172287
        },
        "outerwear": {
          "label": "long coat",
          "confidence": 0.23262928426265717
        },
        "shoe_type": {
          "label": "platform sneakers",
          "confidence": 0.21553973853588104
        },
        "bag_type": {
          "label": "shoulder bag",
          "confidence": 0.2299571931362152
        },
        "accessory": {
          "label": "scarf",
          "confidence": 0.22451917827129364
        },
        "hairstyle": {
          "label": "high bun",
          "confidence": 0.23520678281784058
        },
        "setting": {
          "label": "brunch look",
          "confidence": 0.24241013824939728
        },
        "fabric_type": {
          "label": "linen",
          "confidence": 0.24391178786754608
        },
        "season": {
          "label": "winter",
          "confidence": 0.19967003166675568
        },
        "style_theme": {
          "label": "boho",
          "confidence": 0.2504809498786926
        }
      },
      "dominant_colors": [
        [
          31,
          126,
          129
        ],
        [
          101,
          126,
          137
        ],
        [
          170,
          127,
          136
        ]
      ],
      "texture_histogram": [
        55.0,
        150.0,
        251.0,
        646.0,
        1359.0,
        2080.0,
        2887.0,
        3544.0,
        4170.0,
        4637.0,
        5232.0,
        5817.0,
        6324.0,
        6604.0,
        7419.0,
        8299.0,
        9230.0,
        9756.0,
        10517.0,
        11142.0,
        11700.0,
        12340.0,
        12655.0,
        12899.0,
        13244.0,
        13169.0,
        13656.0,
        13466.0,
        13276.0,
        13401.0,
        13040.0,
        12732.0,
        12137.0,
        11871.0,
        11285.0,
        10870.0,
        10105.0,
        9466.0,
        9075.0,
        8656.0,
        7910.0,
        7729.0,
        7947.0,
        7489.0,
        7234.0,
        7130.0,
        6981.0,
        6787.0,
        6513.0,
        6336.0,
        6222.0,
        5998.0,
        6028.0,
        5695.0,
        5700.0,
        5404.0,
        5221.0,
        4925.0,
        4955.0,
        4838.0,
        4763.0,
        4740.0,
        4751.0,
        4601.0,
        4782.0,
        4575.0,
        4376.0,
        4469.0,
        4450.0,
        4373.0,
        4291.0,
        4253.0,
        4259.0,
        4308.0,
        4330.0,
        4296.0,
        4157.0,
        4064.0,
        4083.0,
        3983.0,
        3964.0,
        3843.0,
        3929.0,
        3855.0,
        3932.0,
        4235.0,
        4276.0,
        4436.0,
        4555.0,
        4666.0,
        4637.0,
        4640.0,
        4632.0,
        4518.0,
        4345.0,
        4137.0,
        3922.0,
        3873.0,
        3748.0,
        3565.0,
        3574.0,
        3668.0,
        3661.0,
        3680.0,
        3643.0,
        3683.0,
        3762.0,
        3785.0,
        3947.0,
        4039.0,
        4208.0,
        4132.0,
        4157.0,
        4205.0,
        4137.0,
        4061.0,
        4067.0,
        3960.0,
        4125.0,
        4033.0,
        4144.0,
        4206.0,
        4053.0,
        4253.0,
        4232.0,
        4183.0,
        4089.0,
        4261.0,
        4141.0,
        4159.0,
        4223.0,
        4075.0,
        4076.0,
        3976.0,
        4096.0,
        3872.0,
        3953.0,
        3924.0,
        4034.0,
        3912.0,
        4073.0,
        4064.0,
        4016.0,
        4121.0,
        4154.0,
        4162.0,
        4145.0,
        3991.0,
        3889.0,
        3917.0,
        3694.0,
        3569.0,
        3651.0,
        3447.0,
        3520.0,
        3395.0,
        3352.0,
        3245.0,
        3297.0,
        3213.0,
        3316.0,
        3159.0,
        3375.0,
        3274.0,
        3415.0,
        3678.0,
        3434.0,
        3392.0,
        3495.0,
        3262.0,
        3204.0,
        3145.0,
        3019.0,
        2981.0,
        2996.0,
        2994.0,
        2939.0,
        2884.0,
        2921.0,
        2886.0,
        2957.0,
        2770.0,
        2820.0,
        2865.0,
        2708.0,
        2636.0,
        2632.0,
        2488.0,
        2479.0,
        2353.0,
        2220.0,
        1989.0,
        1955.0,
        1801.0,
        1720.0,
        1443.0,
        1174.0,
        973.0,
        830.0,
        677.0,
        533.0,
        460.0,
        410.0,
        386.0,
        376.0,
        348.0,
        342.0,
        319.0,
        301.0,
        277.0,
        322.0,
        299.0,
        292.0,
        285.0,
        310.0,
        259.0,
        254.0,
        243.0,
        243.0,
        218.0,
        212.0,
        232.0,
        185.0,
        206.0,
        197.0,
        153.0,
        171.0,
        159.0,
        151.0,
        127.0,
        118.0,
        99.0,
        85.0,
        98.0,
        79.0,
        86.0,
        77.0,
        74.0,
        68.0,
        53.0,
        64.0,
        59.0,
        64.0,
        52.0,
        60.0,
        80.0,
        97.0,
        82.0,
        115.0,
        146.0,
        189.0,
        254.0,
        351.0,
        616.0,
        1272.0,
        1067.0
      ],
      "silhouette_mask_path": "C:\\Users\\shrad\\TrendWeave\\MERGE_OUTPUT_FINAL\\Catwalks__Women_s_APAC_Key_Trends_A_W_25_26_en\\page_2\\img_1_mask_2.png"
    },
    {
      "yolo_label": "person",
      "bbox": [
        0.4181060791015625,
        526.7796630859375,
        183.44520568847656,
        1331.262451171875
      ],
      "confidence": 0.5870228409767151,
      "clip_attributes": {
        "palette": {
          "label": "bold colors",
          "confidence": 0.2212560474872589
        },
        "dress_silhouette": {
          "label": "bodycon dress",
          "confidence": 0.24223272502422333
        },
        "neckline": {
          "label": "off-shoulder",
          "confidence": 0.23848174512386322
        },
        "sleeve_type": {
          "label": "cap sleeves",
          "confidence": 0.25410696864128113
        },
        "top_silhouette": {
          "label": "camisole",
          "confidence": 0.2390180081129074
        },
        "bottom_style": {
          "label": "mini skirt",
          "confidence": 0.26581957936286926
        },
        "outerwear": {
          "label": "blazer",
          "confidence": 0.24864576756954193
        },
        "shoe_type": {
          "label": "ballet flats",
          "confidence": 0.25183701515197754
        },
        "bag_type": {
          "label": "shoulder bag",
          "confidence": 0.23017092049121857
        },
        "accessory": {
          "label": "watch",
          "confidence": 0.24340030550956726
        },
        "hairstyle": {
          "label": "high bun",
          "confidence": 0.2422463446855545
        },
        "setting": {
          "label": "office wear",
          "confidence": 0.22652053833007812
        },
        "fabric_type": {
          "label": "satin",
          "confidence": 0.24938902258872986
        },
        "season": {
          "label": "fall",
          "confidence": 0.2159607708454132
        },
        "style_theme": {
          "label": "minimalist",
          "confidence": 0.24141809344291687
        }
      },
      "dominant_colors": [
        [
          16,
          128,
          125
        ],
        [
          151,
          130,
          138
        ],
        [
          89,
          128,
          134
        ]
      ],
      "texture_histogram": [
        33.0,
        222.0,
        650.0,
        1645.0,
        2371.0,
        2618.0,
        2911.0,
        3463.0,
        3981.0,
        4161.0,
        4030.0,
        4117.0,
        3942.0,
        3833.0,
        3516.0,
        3422.0,
        3434.0,
        3299.0,
        3422.0,
        3483.0,
        3585.0,
        3679.0,
        3380.0,
        2901.0,
        2803.0,
        2589.0,
        2443.0,
        2256.0,
        2146.0,
        1946.0,
        1749.0,
        1594.0,
        1460.0,
        1357.0,
        1235.0,
        1050.0,
        912.0,
        825.0,
        746.0,
        709.0,
        579.0,
        572.0,
        659.0,
        566.0,
        498.0,
        471.0,
        389.0,
        329.0,
        325.0,
        244.0,
        259.0,
        254.0,
        256.0,
        267.0,
        257.0,
        268.0,
        247.0,
        244.0,
        262.0,
        263.0,
        298.0,
        324.0,
        272.0,
        328.0,
        325.0,
        272.0,
        302.0,
        304.0,
        359.0,
        316.0,
        305.0,
        320.0,
        349.0,
        386.0,
        353.0,
        392.0,
        426.0,
        417.0,
        446.0,
        466.0,
        437.0,
        393.0,
        375.0,
        376.0,
        402.0,
        407.0,
        454.0,
        427.0,
        471.0,
        457.0,
        404.0,
        382.0,
        343.0,
        335.0,
        347.0,
        334.0,
        372.0,
        400.0,
        397.0,
        408.0,
        411.0,
        357.0,
        344.0,
        298.0,
        364.0,
        340.0,
        355.0,
        358.0,
        329.0,
        381.0,
        375.0,
        352.0,
        345.0,
        361.0,
        378.0,
        344.0,
        343.0,
        367.0,
        329.0,
        405.0,
        336.0,
        336.0,
        392.0,
        401.0,
        400.0,
        390.0,
        385.0,
        358.0,
        390.0,
        359.0,
        362.0,
        350.0,
        309.0,
        338.0,
        343.0,
        370.0,
        310.0,
        325.0,
        319.0,
        291.0,
        300.0,
        300.0,
        289.0,
        303.0,
        305.0,
        308.0,
        363.0,
        357.0,
        368.0,
        383.0,
        447.0,
        535.0,
        588.0,
        676.0,
        668.0,
        802.0,
        690.0,
        649.0,
        638.0,
        549.0,
        507.0,
        450.0,
        467.0,
        383.0,
        296.0,
        221.0,
        152.0,
        93.0,
        64.0,
        32.0,
        20.0,
        23.0,
        26.0,
        24.0,
        18.0,
        20.0,
        23.0,
        21.0,
        21.0,
        24.0,
        25.0,
        32.0,
        23.0,
        43.0,
        37.0,
        28.0,
        23.0,
        32.0,
        19.0,
        21.0,
        18.0,
        17.0,
        19.0,
        13.0,
        16.0,
        16.0,
        17.0,
        21.0,
        16.0,
        20.0,
        14.0,
        18.0,
        13.0,
        15.0,
        13.0,
        13.0,
        10.0,
        8.0,
        11.0,
        12.0,
        13.0,
        7.0,
        5.0,
        7.0,
        8.0,
        5.0,
        4.0,
        2.0,
        7.0,
        11.0,
        9.0,
        9.0,
        4.0,
        9.0,
        7.0,
        4.0,
        6.0,
        2.0,
        2.0,
        0.0,
        0.0,
        0.0,
        0.0,
        0.0,
        0.0,
        0.0,
        0.0,
        0.0,
        0.0,
        0.0,
        0.0,
        0.0,
        0.0,
        0.0,
        0.0,
        0.0,
        0.0,
        0.0,
        0.0,
        0.0,
        0.0,
        0.0,
        0.0,
        0.0,
        0.0,
        0.0
      ],
      "silhouette_mask_path": "C:\\Users\\shrad\\TrendWeave\\MERGE_OUTPUT_FINAL\\Catwalks__Women_s_APAC_Key_Trends_A_W_25_26_en\\page_2\\img_1_mask_3.png"
    },
    {
      "yolo_label": "person",
      "bbox": [
        1110.0216064453125,
        422.9039001464844,
        1266.244384765625,
        652.953857421875
      ],
      "confidence": 0.5204117298126221,
      "clip_attributes": {
        "palette": {
          "label": "earth tones",
          "confidence": 0.20963363349437714
        },
        "dress_silhouette": {
          "label": "maxi dress",
          "confidence": 0.21433767676353455
        },
        "neckline": {
          "label": "square neckline",
          "confidence": 0.2440451979637146
        },
        "sleeve_type": {
          "label": "puffed sleeves",
          "confidence": 0.24097789824008942
        },
        "top_silhouette": {
          "label": "peplum",
          "confidence": 0.22387894988059998
        },
        "bottom_style": {
          "label": "flared pants",
          "confidence": 0.22704635560512543
        },
        "outerwear": {
          "label": "blazer",
          "confidence": 0.23872578144073486
        },
        "shoe_type": {
          "label": "ballet flats",
          "confidence": 0.22129720449447632
        },
        "bag_type": {
          "label": "shoulder bag",
          "confidence": 0.222603440284729
        },
        "accessory": {
          "label": "hoop earrings",
          "confidence": 0.2411346286535263
        },
        "hairstyle": {
          "label": "loose curls",
          "confidence": 0.24040153622627258
        },
        "setting": {
          "label": "party night",
          "confidence": 0.215904101729393
        },
        "fabric_type": {
          "label": "organza",
          "confidence": 0.2415083795785904
        },
        "season": {
          "label": "summer",
          "confidence": 0.1945805847644806
        },
        "style_theme": {
          "label": "y2k",
          "confidence": 0.2229059785604477
        }
      },
      "dominant_colors": [
        [
          199,
          125,
          130
        ],
        [
          40,
          126,
          126
        ],
        [
          132,
          130,
          137
        ]
      ],
      "texture_histogram": [
        0.0,
        0.0,
        0.0,
        0.0,
        0.0,
        8.0,
        24.0,
        56.0,
        109.0,
        195.0,
        181.0,
        249.0,
        238.0,
        243.0,
        225.0,
        217.0,
        340.0,
        398.0,
        494.0,
        539.0,
        425.0,
        338.0,
        299.0,
        246.0,
        194.0,
        182.0,
        184.0,
        178.0,
        204.0,
        217.0,
        233.0,
        287.0,
        279.0,
        301.0,
        353.0,
        370.0,
        315.0,
        294.0,
        326.0,
        314.0,
        352.0,
        353.0,
        358.0,
        404.0,
        425.0,
        513.0,
        559.0,
        549.0,
        508.0,
        551.0,
        542.0,
        464.0,
        395.0,
        272.0,
        197.0,
        163.0,
        156.0,
        176.0,
        118.0,
        156.0,
        153.0,
        152.0,
        146.0,
        143.0,
        134.0,
        149.0,
        140.0,
        117.0,
        144.0,
        122.0,
        131.0,
        96.0,
        125.0,
        126.0,
        117.0,
        128.0,
        112.0,
        130.0,
        107.0,
        113.0,
        99.0,
        86.0,
        93.0,
        96.0,
        92.0,
        98.0,
        84.0,
        88.0,
        81.0,
        94.0,
        92.0,
        87.0,
        84.0,
        94.0,
        90.0,
        89.0,
        77.0,
        91.0,
        78.0,
        70.0,
        91.0,
        80.0,
        84.0,
        100.0,
        88.0,
        92.0,
        82.0,
        91.0,
        85.0,
        87.0,
        90.0,
        87.0,
        93.0,
        95.0,
        91.0,
        94.0,
        96.0,
        90.0,
        115.0,
        94.0,
        104.0,
        113.0,
        107.0,
        116.0,
        114.0,
        111.0,
        105.0,
        108.0,
        123.0,
        131.0,
        126.0,
        131.0,
        140.0,
        165.0,
        165.0,
        157.0,
        174.0,
        175.0,
        186.0,
        195.0,
        221.0,
        209.0,
        197.0,
        173.0,
        189.0,
        200.0,
        155.0,
        183.0,
        176.0,
        152.0,
        147.0,
        129.0,
        135.0,
        101.0,
        124.0,
        130.0,
        122.0,
        94.0,
        104.0,
        100.0,
        93.0,
        94.0,
        89.0,
        84.0,
        84.0,
        95.0,
        85.0,
        92.0,
        94.0,
        94.0,
        97.0,
        83.0,
        95.0,
        98.0,
        80.0,
        88.0,
        96.0,
        94.0,
        84.0,
        95.0,
        100.0,
        107.0,
        113.0,
        115.0,
        113.0,
        144.0,
        157.0,
        192.0,
        163.0,
        170.0,
        149.0,
        193.0,
        229.0,
        275.0,
        277.0,
        228.0,
        135.0,
        131.0,
        157.0,
        162.0,
        131.0,
        128.0,
        152.0,
        179.0,
        178.0,
        133.0,
        104.0,
        59.0,
        57.0,
        34.0,
        42.0,
        42.0,
        45.0,
        68.0,
        67.0,
        66.0,
        62.0,
        78.0,
        71.0,
        56.0,
        52.0,
        59.0,
        48.0,
        53.0,
        60.0,
        62.0,
        52.0,
        56.0,
        44.0,
        32.0,
        35.0,
        27.0,
        29.0,
        23.0,
        30.0,
        20.0,
        13.0,
        11.0,
        9.0,
        7.0,
        2.0,
        4.0,
        7.0,
        2.0,
        5.0,
        6.0,
        8.0,
        2.0,
        7.0,
        3.0,
        7.0,
        2.0,
        1.0,
        0.0,
        0.0,
        0.0
      ],
      "silhouette_mask_path": "C:\\Users\\shrad\\TrendWeave\\MERGE_OUTPUT_FINAL\\Catwalks__Women_s_APAC_Key_Trends_A_W_25_26_en\\page_2\\img_1_mask_4.png"
    },
    {
      "yolo_label": "person",
      "bbox": [
        1143.5009765625,
        551.9507446289062,
        1266.1419677734375,
        796.1950073242188
      ],
      "confidence": 0.34688109159469604,
      "clip_attributes": {
        "palette": {
          "label": "muted tones",
          "confidence": 0.2210398018360138
        },
        "neckline": {
          "label": "mandarin collar",
          "confidence": 0.25637295842170715
        },
        "sleeve_type": {
          "label": "rolled sleeves",
          "confidence": 0.23603081703186035
        },
        "top_silhouette": {
          "label": "button-up shirt",
          "confidence": 0.23020528256893158
        },
        "bottom_style": {
          "label": "tailored trousers",
          "confidence": 0.2443915158510208
        },
        "outerwear": {
          "label": "blazer",
          "confidence": 0.24386730790138245
        },
        "shoe_type": {
          "label": "boots",
          "confidence": 0.22182542085647583
        },
        "bag_type": {
          "label": "backpack",
          "confidence": 0.22927440702915192
        },
        "accessory": {
          "label": "cap",
          "confidence": 0.24864594638347626
        },
        "hairstyle": {
          "label": "undercut",
          "confidence": 0.24402274191379547
        },
        "setting": {
          "label": "smart casual",
          "confidence": 0.22482892870903015
        },
        "fabric_type": {
          "label": "linen",
          "confidence": 0.2413674145936966
        },
        "season": {
          "label": "summer",
          "confidence": 0.20702143013477325
        },
        "style_theme": {
          "label": "minimalist",
          "confidence": 0.22711730003356934
        }
      },
      "dominant_colors": [
        [
          121,
          130,
          138
        ],
        [
          17,
          128,
          128
        ],
        [
          201,
          125,
          130
        ]
      ],
      "texture_histogram": [
        0.0,
        9.0,
        17.0,
        40.0,
        143.0,
        356.0,
        812.0,
        1555.0,
        1362.0,
        1124.0,
        868.0,
        719.0,
        559.0,
        450.0,
        334.0,
        263.0,
        297.0,
        236.0,
        234.0,
        269.0,
        227.0,
        182.0,
        207.0,
        165.0,
        149.0,
        129.0,
        130.0,
        122.0,
        110.0,
        122.0,
        117.0,
        116.0,
        108.0,
        132.0,
        142.0,
        130.0,
        109.0,
        115.0,
        110.0,
        123.0,
        137.0,
        137.0,
        127.0,
        133.0,
        98.0,
        89.0,
        94.0,
        114.0,
        93.0,
        69.0,
        76.0,
        92.0,
        68.0,
        82.0,
        72.0,
        64.0,
        70.0,
        75.0,
        53.0,
        46.0,
        73.0,
        66.0,
        67.0,
        67.0,
        67.0,
        70.0,
        89.0,
        71.0,
        69.0,
        69.0,
        70.0,
        57.0,
        76.0,
        63.0,
        57.0,
        55.0,
        49.0,
        50.0,
        41.0,
        51.0,
        44.0,
        31.0,
        39.0,
        37.0,
        48.0,
        54.0,
        46.0,
        42.0,
        34.0,
        46.0,
        36.0,
        35.0,
        48.0,
        38.0,
        40.0,
        42.0,
        40.0,
        40.0,
        32.0,
        35.0,
        44.0,
        36.0,
        47.0,
        62.0,
        33.0,
        32.0,
        42.0,
        33.0,
        35.0,
        33.0,
        42.0,
        36.0,
        39.0,
        35.0,
        40.0,
        40.0,
        38.0,
        35.0,
        37.0,
        44.0,
        27.0,
        43.0,
        41.0,
        54.0,
        52.0,
        51.0,
        37.0,
        39.0,
        39.0,
        54.0,
        51.0,
        47.0,
        53.0,
        57.0,
        55.0,
        58.0,
        62.0,
        51.0,
        74.0,
        63.0,
        67.0,
        80.0,
        78.0,
        64.0,
        78.0,
        77.0,
        66.0,
        90.0,
        93.0,
        70.0,
        96.0,
        98.0,
        119.0,
        124.0,
        136.0,
        107.0,
        111.0,
        89.0,
        74.0,
        58.0,
        88.0,
        80.0,
        69.0,
        52.0,
        58.0,
        58.0,
        51.0,
        50.0,
        73.0,
        67.0,
        59.0,
        64.0,
        64.0,
        70.0,
        63.0,
        58.0,
        88.0,
        85.0,
        85.0,
        76.0,
        80.0,
        90.0,
        98.0,
        114.0,
        92.0,
        133.0,
        152.0,
        183.0,
        155.0,
        182.0,
        139.0,
        215.0,
        271.0,
        344.0,
        356.0,
        345.0,
        247.0,
        247.0,
        303.0,
        289.0,
        249.0,
        242.0,
        225.0,
        250.0,
        243.0,
        294.0,
        362.0,
        385.0,
        411.0,
        431.0,
        331.0,
        226.0,
        222.0,
        165.0,
        138.0,
        108.0,
        88.0,
        95.0,
        67.0,
        58.0,
        48.0,
        68.0,
        42.0,
        34.0,
        8.0,
        5.0,
        5.0,
        1.0,
        2.0,
        7.0,
        8.0,
        2.0,
        3.0,
        4.0,
        9.0,
        4.0,
        5.0,
        4.0,
        3.0,
        4.0,
        1.0,
        4.0,
        7.0,
        2.0,
        5.0,
        6.0,
        8.0,
        2.0,
        7.0,
        3.0,
        7.0,
        2.0,
        1.0,
        0.0,
        0.0,
        0.0
      ],
      "silhouette_mask_path": "C:\\Users\\shrad\\TrendWeave\\MERGE_OUTPUT_FINAL\\Catwalks__Women_s_APAC_Key_Trends_A_W_25_26_en\\page_2\\img_1_mask_5.png"
    },
    {
      "yolo_label": "person",
      "bbox": [
        290.7557678222656,
        346.7781677246094,
        431.7098693847656,
        864.339111328125
      ],
      "confidence": 0.304555207490921,
      "clip_attributes": {
        "palette": {
          "label": "pastel",
          "confidence": 0.2107052057981491
        },
        "dress_silhouette": {
          "label": "wrap dress",
          "confidence": 0.22607673704624176
        },
        "neckline": {
          "label": "square neckline",
          "confidence": 0.24345839023590088
        },
        "sleeve_type": {
          "label": "sleeveless",
          "confidence": 0.2339446097612381
        },
        "top_silhouette": {
          "label": "camisole",
          "confidence": 0.22716131806373596
        },
        "bottom_style": {
          "label": "flared pants",
          "confidence": 0.22509118914604187
        },
        "outerwear": {
          "label": "blazer",
          "confidence": 0.23873743414878845
        },
        "shoe_type": {
          "label": "heels",
          "confidence": 0.22130727767944336
        },
        "bag_type": {
          "label": "shoulder bag",
          "confidence": 0.2256190925836563
        },
        "accessory": {
          "label": "scarf",
          "confidence": 0.24317455291748047
        },
        "hairstyle": {
          "label": "ponytail",
          "confidence": 0.23859068751335144
        },
        "setting": {
          "label": "party night",
          "confidence": 0.20874513685703278
        },
        "fabric_type": {
          "label": "linen",
          "confidence": 0.23635151982307434
        },
        "season": {
          "label": "fall",
          "confidence": 0.20174424350261688
        },
        "style_theme": {
          "label": "elegant chic",
          "confidence": 0.2229592353105545
        }
      },
      "dominant_colors": [
        [
          164,
          134,
          146
        ],
        [
          16,
          128,
          126
        ],
        [
          74,
          126,
          133
        ]
      ],
      "texture_histogram": [
        0.0,
        3.0,
        9.0,
        57.0,
        134.0,
        279.0,
        534.0,
        970.0,
        1604.0,
        2167.0,
        2644.0,
        2613.0,
        2464.0,
        2109.0,
        1945.0,
        1838.0,
        1765.0,
        1654.0,
        1550.0,
        1450.0,
        1317.0,
        1167.0,
        1034.0,
        1023.0,
        1026.0,
        919.0,
        835.0,
        807.0,
        786.0,
        775.0,
        761.0,
        684.0,
        616.0,
        625.0,
        596.0,
        527.0,
        484.0,
        511.0,
        493.0,
        483.0,
        444.0,
        486.0,
        441.0,
        455.0,
        465.0,
        455.0,
        484.0,
        502.0,
        454.0,
        490.0,
        455.0,
        398.0,
        373.0,
        371.0,
        432.0,
        366.0,
        324.0,
        331.0,
        310.0,
        313.0,
        326.0,
        281.0,
        279.0,
        277.0,
        288.0,
        268.0,
        268.0,
        267.0,
        275.0,
        275.0,
        264.0,
        264.0,
        264.0,
        262.0,
        263.0,
        265.0,
        250.0,
        274.0,
        266.0,
        242.0,
        225.0,
        221.0,
        237.0,
        225.0,
        217.0,
        203.0,
        195.0,
        187.0,
        196.0,
        188.0,
        166.0,
        179.0,
        178.0,
        165.0,
        155.0,
        153.0,
        153.0,
        133.0,
        155.0,
        140.0,
        126.0,
        127.0,
        138.0,
        110.0,
        138.0,
        114.0,
        107.0,
        100.0,
        80.0,
        100.0,
        71.0,
        74.0,
        86.0,
        69.0,
        74.0,
        70.0,
        60.0,
        60.0,
        58.0,
        76.0,
        65.0,
        80.0,
        79.0,
        76.0,
        67.0,
        80.0,
        69.0,
        88.0,
        77.0,
        76.0,
        78.0,
        65.0,
        83.0,
        105.0,
        77.0,
        93.0,
        77.0,
        101.0,
        100.0,
        114.0,
        99.0,
        106.0,
        106.0,
        86.0,
        105.0,
        89.0,
        120.0,
        114.0,
        109.0,
        131.0,
        122.0,
        141.0,
        158.0,
        163.0,
        188.0,
        169.0,
        202.0,
        182.0,
        210.0,
        211.0,
        253.0,
        281.0,
        354.0,
        534.0,
        615.0,
        796.0,
        865.0,
        848.0,
        852.0,
        731.0,
        651.0,
        443.0,
        240.0,
        153.0,
        99.0,
        69.0,
        57.0,
        35.0,
        35.0,
        24.0,
        22.0,
        23.0,
        14.0,
        7.0,
        9.0,
        10.0,
        4.0,
        3.0,
        2.0,
        3.0,
        4.0,
        4.0,
        2.0,
        1.0,
        0.0,
        0.0,
        0.0,
        0.0,
        0.0,
        0.0,
        0.0,
        0.0,
        0.0,
        0.0,
        0.0,
        0.0,
        0.0,
        0.0,
        0.0,
        0.0,
        0.0,
        0.0,
        0.0,
        0.0,
        0.0,
        0.0,
        0.0,
        0.0,
        0.0,
        0.0,
        0.0,
        0.0,
        0.0,
        0.0,
        0.0,
        0.0,
        0.0,
        0.0,
        0.0,
        0.0,
        0.0,
        0.0,
        0.0,
        0.0,
        0.0,
        0.0,
        0.0,
        0.0,
        0.0,
        0.0,
        0.0,
        0.0,
        0.0,
        0.0,
        0.0,
        0.0,
        0.0,
        0.0,
        0.0,
        0.0,
        0.0,
        0.0,
        0.0,
        0.0,
        0.0,
        0.0
      ],
      "silhouette_mask_path": "C:\\Users\\shrad\\TrendWeave\\MERGE_OUTPUT_FINAL\\Catwalks__Women_s_APAC_Key_Trends_A_W_25_26_en\\page_2\\img_1_mask_6.png"
    },
    {
      "yolo_label": "person",
      "bbox": [
        1095.7076416015625,
        550.2191772460938,
        1214.05078125,
        1098.847412109375
      ],
      "confidence": 0.28205087780952454,
      "clip_attributes": {
        "palette": {
          "label": "monochrome",
          "confidence": 0.2277640849351883
        },
        "dress_silhouette": {
          "label": "maxi dress",
          "confidence": 0.2284746617078781
        },
        "neckline": {
          "label": "square neckline",
          "confidence": 0.25956597924232483
        },
        "sleeve_type": {
          "label": "cap sleeves",
          "confidence": 0.2516699433326721
        },
        "top_silhouette": {
          "label": "camisole",
          "confidence": 0.23405613005161285
        },
        "bottom_style": {
          "label": "flared pants",
          "confidence": 0.2342001348733902
        },
        "outerwear": {
          "label": "blazer",
          "confidence": 0.2387193888425827
        },
        "shoe_type": {
          "label": "ballet flats",
          "confidence": 0.23303048312664032
        },
        "bag_type": {
          "label": "shoulder bag",
          "confidence": 0.23614180088043213
        },
        "accessory": {
          "label": "hairband",
          "confidence": 0.2511551082134247
        },
        "hairstyle": {
          "label": "loose curls",
          "confidence": 0.24088406562805176
        },
        "setting": {
          "label": "brunch look",
          "confidence": 0.2130013406276703
        },
        "fabric_type": {
          "label": "cotton",
          "confidence": 0.24305932223796844
        },
        "season": {
          "label": "winter",
          "confidence": 0.21860133111476898
        },
        "style_theme": {
          "label": "vintage",
          "confidence": 0.23446369171142578
        }
      },
      "dominant_colors": [
        [
          112,
          126,
          137
        ],
        [
          21,
          128,
          127
        ],
        [
          196,
          127,
          131
        ]
      ],
      "texture_histogram": [
        0.0,
        9.0,
        7.0,
        9.0,
        29.0,
        71.0,
        153.0,
        256.0,
        437.0,
        549.0,
        572.0,
        792.0,
        815.0,
        1066.0,
        1388.0,
        1425.0,
        1450.0,
        1179.0,
        1019.0,
        943.0,
        862.0,
        718.0,
        729.0,
        619.0,
        545.0,
        482.0,
        450.0,
        431.0,
        397.0,
        364.0,
        276.0,
        228.0,
        184.0,
        209.0,
        211.0,
        168.0,
        157.0,
        168.0,
        151.0,
        139.0,
        151.0,
        133.0,
        150.0,
        148.0,
        131.0,
        118.0,
        127.0,
        130.0,
        136.0,
        131.0,
        154.0,
        185.0,
        161.0,
        142.0,
        170.0,
        178.0,
        171.0,
        197.0,
        195.0,
        191.0,
        196.0,
        236.0,
        259.0,
        228.0,
        227.0,
        237.0,
        268.0,
        251.0,
        262.0,
        255.0,
        245.0,
        251.0,
        262.0,
        259.0,
        248.0,
        251.0,
        260.0,
        252.0,
        244.0,
        221.0,
        252.0,
        227.0,
        207.0,
        229.0,
        196.0,
        210.0,
        198.0,
        168.0,
        157.0,
        169.0,
        163.0,
        163.0,
        146.0,
        164.0,
        148.0,
        177.0,
        150.0,
        145.0,
        129.0,
        138.0,
        137.0,
        138.0,
        126.0,
        149.0,
        125.0,
        146.0,
        151.0,
        119.0,
        154.0,
        123.0,
        147.0,
        116.0,
        137.0,
        130.0,
        142.0,
        133.0,
        129.0,
        153.0,
        121.0,
        131.0,
        148.0,
        165.0,
        126.0,
        178.0,
        172.0,
        202.0,
        151.0,
        187.0,
        183.0,
        197.0,
        186.0,
        196.0,
        185.0,
        203.0,
        252.0,
        239.0,
        259.0,
        271.0,
        266.0,
        331.0,
        382.0,
        393.0,
        403.0,
        374.0,
        365.0,
        361.0,
        316.0,
        358.0,
        319.0,
        278.0,
        278.0,
        291.0,
        284.0,
        283.0,
        335.0,
        309.0,
        304.0,
        257.0,
        281.0,
        238.0,
        303.0,
        260.0,
        274.0,
        229.0,
        282.0,
        251.0,
        230.0,
        210.0,
        186.0,
        203.0,
        173.0,
        190.0,
        162.0,
        181.0,
        162.0,
        163.0,
        178.0,
        166.0,
        157.0,
        172.0,
        161.0,
        153.0,
        177.0,
        191.0,
        194.0,
        200.0,
        218.0,
        232.0,
        207.0,
        234.0,
        196.0,
        258.0,
        305.0,
        343.0,
        355.0,
        424.0,
        361.0,
        382.0,
        473.0,
        492.0,
        400.0,
        411.0,
        396.0,
        447.0,
        424.0,
        505.0,
        585.0,
        611.0,
        660.0,
        706.0,
        641.0,
        561.0,
        529.0,
        467.0,
        463.0,
        393.0,
        361.0,
        315.0,
        283.0,
        290.0,
        256.0,
        302.0,
        219.0,
        177.0,
        160.0,
        150.0,
        154.0,
        137.0,
        56.0,
        19.0,
        21.0,
        4.0,
        0.0,
        2.0,
        0.0,
        0.0,
        0.0,
        0.0,
        0.0,
        1.0,
        1.0,
        0.0,
        0.0,
        0.0,
        0.0,
        0.0,
        0.0,
        0.0,
        0.0,
        0.0,
        0.0,
        0.0,
        0.0,
        0.0,
        0.0,
        0.0
      ],
      "silhouette_mask_path": "C:\\Users\\shrad\\TrendWeave\\MERGE_OUTPUT_FINAL\\Catwalks__Women_s_APAC_Key_Trends_A_W_25_26_en\\page_2\\img_1_mask_7.png"
    }
  ],
  "pose_keypoints": [
    {
      "x": 0.5292585492134094,
      "y": 0.09792882204055786,
      "z": -0.2454378604888916,
      "visibility": 0.9999510049819946
    },
    {
      "x": 0.5435348749160767,
      "y": 0.07370257377624512,
      "z": -0.2132175862789154,
      "visibility": 0.9999070167541504
    },
    {
      "x": 0.5524006485939026,
      "y": 0.07433819770812988,
      "z": -0.2134072333574295,
      "visibility": 0.9998776912689209
    },
    {
      "x": 0.5597892999649048,
      "y": 0.0750809907913208,
      "z": -0.21363596618175507,
      "visibility": 0.999891996383667
    },
    {
      "x": 0.5147129893302917,
      "y": 0.0735403299331665,
      "z": -0.21768254041671753,
      "visibility": 0.999929666519165
    },
    {
      "x": 0.504949152469635,
      "y": 0.07415342330932617,
      "z": -0.21757787466049194,
      "visibility": 0.9999195337295532
    },
    {
      "x": 0.4961767792701721,
      "y": 0.07539504766464233,
      "z": -0.2177967131137848,
      "visibility": 0.999947190284729
    },
    {
      "x": 0.5713937282562256,
      "y": 0.08951181173324585,
      "z": -0.0646442398428917,
      "visibility": 0.9997764229774475
    },
    {
      "x": 0.48196884989738464,
      "y": 0.09033423662185669,
      "z": -0.08119143545627594,
      "visibility": 0.9999254941940308
    },
    {
      "x": 0.5476736426353455,
      "y": 0.12937256693840027,
      "z": -0.19130808115005493,
      "visibility": 0.9999369382858276
    },
    {
      "x": 0.5100822448730469,
      "y": 0.12568414211273193,
      "z": -0.19585932791233063,
      "visibility": 0.9999679327011108
    },
    {
      "x": 0.6388082504272461,
      "y": 0.25746530294418335,
      "z": -0.013497893698513508,
      "visibility": 0.9992341995239258
    },
    {
      "x": 0.39349859952926636,
      "y": 0.2450062334537506,
      "z": -0.049072228372097015,
      "visibility": 0.9998540878295898
    },
    {
      "x": 0.6643948554992676,
      "y": 0.4467531740665436,
      "z": -0.0045958892442286015,
      "visibility": 0.3436969220638275
    },
    {
      "x": 0.31513363122940063,
      "y": 0.4454715847969055,
      "z": -0.05256142094731331,
      "visibility": 0.9224991798400879
    },
    {
      "x": 0.6650377511978149,
      "y": 0.574057936668396,
      "z": -0.13818798959255219,
      "visibility": 0.16656099259853363
    },
    {
      "x": 0.25690415501594543,
      "y": 0.6134634017944336,
      "z": -0.18418294191360474,
      "visibility": 0.8263267278671265
    },
    {
      "x": 0.6768754720687866,
      "y": 0.6191933751106262,
      "z": -0.18444553017616272,
      "visibility": 0.19367821514606476
    },
    {
      "x": 0.22774028778076172,
      "y": 0.6701821088790894,
      "z": -0.21943601965904236,
      "visibility": 0.7939761877059937
    },
    {
      "x": 0.6561511754989624,
      "y": 0.6033867001533508,
      "z": -0.2180677205324173,
      "visibility": 0.20780308544635773
    },
    {
      "x": 0.25360262393951416,
      "y": 0.6629270911216736,
      "z": -0.27690285444259644,
      "visibility": 0.811470091342926
    },
    {
      "x": 0.6416783332824707,
      "y": 0.5910891890525818,
      "z": -0.15910977125167847,
      "visibility": 0.26631930470466614
    },
    {
      "x": 0.27282586693763733,
      "y": 0.6529944539070129,
      "z": -0.21117770671844482,
      "visibility": 0.8359034657478333
    },
    {
      "x": 0.5591233372688293,
      "y": 0.59905606508255,
      "z": 0.002761658513918519,
      "visibility": 0.9984972476959229
    },
    {
      "x": 0.4319031536579132,
      "y": 0.5976781249046326,
      "z": -0.002394403563812375,
      "visibility": 0.998730480670929
    },
    {
      "x": 0.5902261734008789,
      "y": 0.6441223621368408,
      "z": -0.18639661371707916,
      "visibility": 0.8510026335716248
    },
    {
      "x": 0.44116681814193726,
      "y": 0.723912239074707,
      "z": 0.03861548379063606,
      "visibility": 0.823265016078949
    },
    {
      "x": 0.5152315497398376,
      "y": 0.9239141941070557,
      "z": -0.00280395126901567,
      "visibility": 0.7211958169937134
    },
    {
      "x": 0.428646057844162,
      "y": 0.9405768513679504,
      "z": 0.18541879951953888,
      "visibility": 0.686229407787323
    },
    {
      "x": 0.4980437457561493,
      "y": 0.9467257261276245,
      "z": 0.007243323139846325,
      "visibility": 0.7068299055099487
    },
    {
      "x": 0.4357197880744934,
      "y": 0.9715695381164551,
      "z": 0.19467376172542572,
      "visibility": 0.6573920249938965
    },
    {
      "x": 0.5300333499908447,
      "y": 1.0379035472869873,
      "z": -0.121488057076931,
      "visibility": 0.543060839176178
    },
    {
      "x": 0.3952495753765106,
      "y": 1.045780897140503,
      "z": 0.058042123913764954,
      "visibility": 0.5154199004173279
    }
  ]
}