{
  "image": "C:\\Users\\shrad\\TrendWeave\\TrendWeave\\extracted_data\\Catwalks__Women_s_Key_Items___Jewellery_A_W_25_26_en\\page_8\\img_1.jpeg",
  "items": [
    {
      "yolo_label": "person",
      "bbox": [
        0.0,
        0.44611358642578125,
        293.0,
        561.7127075195312
      ],
      "confidence": 0.8933438062667847,
      "clip_attributes": {
        "palette": {
          "label": "pastel",
          "confidence": 0.22648800909519196
        },
        "dress_silhouette": {
          "label": "fit and flare",
          "confidence": 0.24118439853191376
        },
        "neckline": {
          "label": "square neckline",
          "confidence": 0.2971174716949463
        },
        "sleeve_type": {
          "label": "bell sleeves",
          "confidence": 0.27695542573928833
        },
        "top_silhouette": {
          "label": "camisole",
          "confidence": 0.25559380650520325
        },
        "bottom_style": {
          "label": "mini skirt",
          "confidence": 0.19589100778102875
        },
        "outerwear": {
          "label": "cardigan",
          "confidence": 0.23668630421161652
        },
        "shoe_type": {
          "label": "ballet flats",
          "confidence": 0.21629387140274048
        },
        "bag_type": {
          "label": "shoulder bag",
          "confidence": 0.2328224927186966
        },
        "accessory": {
          "label": "hoop earrings",
          "confidence": 0.24940413236618042
        },
        "hairstyle": {
          "label": "loose curls",
          "confidence": 0.2279142290353775
        },
        "setting": {
          "label": "brunch look",
          "confidence": 0.23988105356693268
        },
        "fabric_type": {
          "label": "chiffon",
          "confidence": 0.2558017075061798
        },
        "season": {
          "label": "spring",
          "confidence": 0.218305766582489
        },
        "style_theme": {
          "label": "boho",
          "confidence": 0.29173049330711365
        }
      },
      "dominant_colors": [
        [
          209,
          133,
          136
        ],
        [
          74,
          137,
          152
        ],
        [
          165,
          135,
          145
        ]
      ],
      "texture_histogram": [
        0.0,
        0.0,
        1.0,
        5.0,
        20.0,
        20.0,
        17.0,
        33.0,
        43.0,
        39.0,
        80.0,
        119.0,
        135.0,
        107.0,
        89.0,
        98.0,
        82.0,
        100.0,
        78.0,
        96.0,
        77.0,
        53.0,
        58.0,
        66.0,
        54.0,
        68.0,
        55.0,
        89.0,
        82.0,
        94.0,
        102.0,
        105.0,
        73.0,
        95.0,
        94.0,
        89.0,
        73.0,
        95.0,
        69.0,
        107.0,
        97.0,
        101.0,
        97.0,
        118.0,
        115.0,
        128.0,
        122.0,
        110.0,
        125.0,
        128.0,
        126.0,
        123.0,
        115.0,
        115.0,
        131.0,
        153.0,
        144.0,
        160.0,
        175.0,
        192.0,
        195.0,
        190.0,
        240.0,
        208.0,
        238.0,
        252.0,
        250.0,
        261.0,
        240.0,
        236.0,
        223.0,
        245.0,
        228.0,
        222.0,
        229.0,
        216.0,
        188.0,
        195.0,
        213.0,
        203.0,
        206.0,
        209.0,
        217.0,
        187.0,
        201.0,
        223.0,
        226.0,
        204.0,
        237.0,
        218.0,
        203.0,
        195.0,
        238.0,
        259.0,
        267.0,
        257.0,
        265.0,
        228.0,
        235.0,
        210.0,
        193.0,
        180.0,
        201.0,
        166.0,
        189.0,
        186.0,
        173.0,
        168.0,
        176.0,
        151.0,
        169.0,
        192.0,
        172.0,
        219.0,
        190.0,
        217.0,
        209.0,
        200.0,
        168.0,
        200.0,
        175.0,
        220.0,
        195.0,
        211.0,
        191.0,
        177.0,
        199.0,
        200.0,
        212.0,
        204.0,
        221.0,
        234.0,
        215.0,
        255.0,
        271.0,
        294.0,
        326.0,
        280.0,
        328.0,
        336.0,
        354.0,
        339.0,
        371.0,
        356.0,
        331.0,
        354.0,
        396.0,
        416.0,
        406.0,
        451.0,
        459.0,
        446.0,
        453.0,
        478.0,
        471.0,
        499.0,
        497.0,
        526.0,
        539.0,
        601.0,
        594.0,
        629.0,
        653.0,
        713.0,
        662.0,
        701.0,
        779.0,
        766.0,
        829.0,
        821.0,
        841.0,
        827.0,
        903.0,
        980.0,
        982.0,
        1062.0,
        1072.0,
        1068.0,
        1133.0,
        1204.0,
        1225.0,
        1308.0,
        1301.0,
        1310.0,
        1362.0,
        1501.0,
        1604.0,
        1621.0,
        1723.0,
        1768.0,
        1788.0,
        1909.0,
        1954.0,
        2025.0,
        2126.0,
        2300.0,
        2445.0,
        2722.0,
        2878.0,
        2966.0,
        3164.0,
        3334.0,
        3322.0,
        3647.0,
        3596.0,
        3716.0,
        3941.0,
        4007.0,
        4433.0,
        4660.0,
        4613.0,
        4322.0,
        3703.0,
        3025.0,
        2282.0,
        1785.0,
        1586.0,
        1443.0,
        1240.0,
        1189.0,
        1010.0,
        1078.0,
        1016.0,
        1061.0,
        1049.0,
        1026.0,
        892.0,
        789.0,
        749.0,
        624.0,
        558.0,
        553.0,
        487.0,
        436.0,
        405.0,
        398.0,
        411.0,
        353.0,
        308.0,
        290.0,
        275.0,
        199.0,
        192.0,
        173.0,
        148.0,
        110.0,
        76.0,
        61.0,
        44.0,
        19.0,
        7.0,
        4.0,
        1.0,
        5.0,
        4.0,
        1.0
      ],
      "silhouette_mask_path": "C:\\Users\\shrad\\TrendWeave\\MERGE_OUTPUT_FINAL\\Catwalks__Women_s_Key_Items___Jewellery_A_W_25_26_en\\page_8\\img_1_mask_0.png"
    }
  ],
  "pose_keypoints": [
    {
      "x": 0.5459916591644287,
      "y": -0.04186445474624634,
      "z": -3.629304885864258,
      "visibility": 0.9961381554603577
    },
    {
      "x": 0.6435731649398804,
      "y": -0.09905087947845459,
      "z": -3.4565987586975098,
      "visibility": 0.9939788579940796
    },
    {
      "x": 0.6967592835426331,
      "y": -0.09376931190490723,
      "z": -3.4575154781341553,
      "visibility": 0.993938684463501
    },
    {
      "x": 0.7438544034957886,
      "y": -0.08848786354064941,
      "z": -3.458221673965454,
      "visibility": 0.9890937805175781
    },
    {
      "x": 0.471908301115036,
      "y": -0.10376226902008057,
      "z": -3.5700199604034424,
      "visibility": 0.9947301149368286
    },
    {
      "x": 0.40617382526397705,
      "y": -0.1025087833404541,
      "z": -3.570631265640259,
      "visibility": 0.9960894584655762
    },
    {
      "x": 0.34529557824134827,
      "y": -0.1060405969619751,
      "z": -3.5717852115631104,
      "visibility": 0.9944210648536682
    },
    {
      "x": 0.7575767636299133,
      "y": -0.05231201648712158,
      "z": -2.363070249557495,
      "visibility": 0.9882130026817322
    },
    {
      "x": 0.25672999024391174,
      "y": -0.0814027190208435,
      "z": -2.9058420658111572,
      "visibility": 0.9972551465034485
    },
    {
      "x": 0.6198813915252686,
      "y": 0.039252638816833496,
      "z": -3.2065770626068115,
      "visibility": 0.9956206679344177
    },
    {
      "x": 0.43823540210723877,
      "y": 0.024994850158691406,
      "z": -3.359941005706787,
      "visibility": 0.9983881711959839
    },
    {
      "x": 0.8898842334747314,
      "y": 0.20483613014221191,
      "z": -1.4616775512695312,
      "visibility": 0.9953749775886536
    },
    {
      "x": 0.022960364818572998,
      "y": 0.24812990427017212,
      "z": -2.276869535446167,
      "visibility": 0.992565393447876
    },
    {
      "x": 1.0253183841705322,
      "y": 0.46143007278442383,
      "z": -0.641035258769989,
      "visibility": 0.39637696743011475
    },
    {
      "x": -0.3223683834075928,
      "y": 0.6367511749267578,
      "z": -1.939157485961914,
      "visibility": 0.8800681233406067
    },
    {
      "x": 1.0867993831634521,
      "y": 0.563065767288208,
      "z": -1.2149673700332642,
      "visibility": 0.48490381240844727
    },
    {
      "x": -0.5178654193878174,
      "y": 0.8781968355178833,
      "z": -2.3931634426116943,
      "visibility": 0.787028968334198
    },
    {
      "x": 1.1135393381118774,
      "y": 0.6167000532150269,
      "z": -1.3943120241165161,
      "visibility": 0.48774170875549316
    },
    {
      "x": -0.6053346395492554,
      "y": 0.9481016397476196,
      "z": -2.6127071380615234,
      "visibility": 0.7438848614692688
    },
    {
      "x": 1.1022965908050537,
      "y": 0.5711066722869873,
      "z": -1.5553679466247559,
      "visibility": 0.5071492195129395
    },
    {
      "x": -0.5627501010894775,
      "y": 0.9266660213470459,
      "z": -2.860018491744995,
      "visibility": 0.7761479020118713
    },
    {
      "x": 1.0412206649780273,
      "y": 0.5572026968002319,
      "z": -1.2989349365234375,
      "visibility": 0.5027806758880615
    },
    {
      "x": -0.4807290732860565,
      "y": 0.9026694297790527,
      "z": -2.504025459289551,
      "visibility": 0.793215811252594
    },
    {
      "x": 0.7195701003074646,
      "y": 0.760663628578186,
      "z": 0.2874748408794403,
      "visibility": 0.9580358862876892
    },
    {
      "x": 0.2598172724246979,
      "y": 0.8266808986663818,
      "z": -0.28575119376182556,
      "visibility": 0.9088310599327087
    },
    {
      "x": 1.1217105388641357,
      "y": 0.9371725916862488,
      "z": 0.8334083557128906,
      "visibility": 0.4241081774234772
    },
    {
      "x": 0.3006160259246826,
      "y": 1.054793119430542,
      "z": 0.41877299547195435,
      "visibility": 0.2695726454257965
    },
    {
      "x": 0.7203959822654724,
      "y": 1.0908160209655762,
      "z": 3.9341633319854736,
      "visibility": 0.1423390656709671
    },
    {
      "x": 0.4215712547302246,
      "y": 1.1367145776748657,
      "z": 3.056868553161621,
      "visibility": 0.1548921763896942
    },
    {
      "x": 0.6270431280136108,
      "y": 1.092869520187378,
      "z": 4.221965312957764,
      "visibility": 0.18523454666137695
    },
    {
      "x": 0.38585251569747925,
      "y": 1.1374355554580688,
      "z": 3.306612730026245,
      "visibility": 0.19280323386192322
    },
    {
      "x": 0.7209746241569519,
      "y": 1.2699276208877563,
      "z": 3.940945863723755,
      "visibility": 0.10325638949871063
    },
    {
      "x": 0.6052483320236206,
      "y": 1.267013430595398,
      "z": 2.7188608646392822,
      "visibility": 0.12272661924362183
    }
  ]
}