{
  "image": "C:\\Users\\shrad\\TrendWeave\\TrendWeave\\extracted_data\\Catwalks__Women_s_Colour_A_W_25_26_en\\page_30\\img_1.jpeg",
  "items": [
    {
      "yolo_label": "stop sign",
      "bbox": [
        121.21151733398438,
        37.6517333984375,
        1475.73291015625,
        704.5300903320312
      ],
      "confidence": 0.5460399389266968,
      "clip_attributes": {
        "palette": {
          "label": "bold primary colors",
          "confidence": 0.19414041936397552
        },
        "shoe_type": {
          "label": "canvas shoes",
          "confidence": 0.16589535772800446
        },
        "bag_type": {
          "label": "tote bag",
          "confidence": 0.17750446498394012
        },
        "accessory": {
          "label": "watch",
          "confidence": 0.19693373143672943
        },
        "setting": {
          "label": "streetwear",
          "confidence": 0.1685611605644226
        },
        "fabric_type": {
          "label": "nylon",
          "confidence": 0.16955968737602234
        },
        "season": {
          "label": "summer",
          "confidence": 0.17311228811740875
        },
        "style_theme": {
          "label": "y2k",
          "confidence": 0.2277095913887024
        }
      },
      "dominant_colors": [
        [
          67,
          146,
          136
        ],
        [
          241,
          128,
          128
        ],
        [
          180,
          129,
          139
        ]
      ],
      "texture_histogram": [
        607.0,
        1005.0,
        441.0,
        268.0,
        206.0,
        170.0,
        137.0,
        191.0,
        672.0,
        1728.0,
        1623.0,
        789.0,
        671.0,
        593.0,
        425.0,
        334.0,
        340.0,
        285.0,
        341.0,
        290.0,
        289.0,
        262.0,
        260.0,
        249.0,
        372.0,
        468.0,
        846.0,
        1584.0,
        2905.0,
        3249.0,
        2783.0,
        2830.0,
        2872.0,
        3089.0,
        3366.0,
        3350.0,
        2938.0,
        2199.0,
        1792.0,
        1626.0,
        1597.0,
        1462.0,
        1445.0,
        1383.0,
        1367.0,
        1380.0,
        1344.0,
        1552.0,
        1518.0,
        1525.0,
        1317.0,
        1282.0,
        1118.0,
        1251.0,
        1228.0,
        1456.0,
        1640.0,
        1782.0,
        1911.0,
        1906.0,
        1811.0,
        1894.0,
        1933.0,
        1969.0,
        1854.0,
        1826.0,
        1711.0,
        1674.0,
        1565.0,
        1578.0,
        1405.0,
        1222.0,
        1309.0,
        1243.0,
        1295.0,
        1258.0,
        1302.0,
        1378.0,
        1485.0,
        1635.0,
        1666.0,
        1542.0,
        1666.0,
        1639.0,
        1520.0,
        1592.0,
        1572.0,
        1415.0,
        1248.0,
        1044.0,
        1044.0,
        913.0,
        876.0,
        782.0,
        719.0,
        679.0,
        576.0,
        551.0,
        452.0,
        501.0,
        496.0,
        522.0,
        544.0,
        533.0,
        555.0,
        640.0,
        609.0,
        570.0,
        601.0,
        610.0,
        620.0,
        581.0,
        622.0,
        696.0,
        671.0,
        654.0,
        635.0,
        580.0,
        610.0,
        569.0,
        499.0,
        406.0,
        425.0,
        406.0,
        405.0,
        439.0,
        443.0,
        508.0,
        512.0,
        576.0,
        604.0,
        475.0,
        554.0,
        494.0,
        516.0,
        506.0,
        614.0,
        723.0,
        915.0,
        1673.0,
        4345.0,
        6570.0,
        6228.0,
        2886.0,
        1817.0,
        2275.0,
        1709.0,
        1816.0,
        1945.0,
        1701.0,
        1876.0,
        1802.0,
        1624.0,
        1680.0,
        1664.0,
        1803.0,
        2360.0,
        3146.0,
        2916.0,
        3329.0,
        8276.0,
        4214.0,
        3249.0,
        3397.0,
        3415.0,
        3796.0,
        4137.0,
        4230.0,
        4725.0,
        5475.0,
        5874.0,
        6212.0,
        5689.0,
        4743.0,
        4230.0,
        4006.0,
        3630.0,
        3583.0,
        3668.0,
        3553.0,
        3701.0,
        3792.0,
        3869.0,
        3894.0,
        3924.0,
        4128.0,
        4299.0,
        4235.0,
        4104.0,
        4029.0,
        4033.0,
        4099.0,
        4296.0,
        4747.0,
        5406.0,
        6012.0,
        7473.0,
        7905.0,
        8355.0,
        8849.0,
        7619.0,
        6994.0,
        6966.0,
        6289.0,
        5203.0,
        5387.0,
        4693.0,
        4859.0,
        5611.0,
        4438.0,
        4352.0,
        5015.0,
        4078.0,
        3663.0,
        4943.0,
        3855.0,
        4415.0,
        4589.0,
        4080.0,
        4048.0,
        5561.0,
        4080.0,
        4984.0,
        7190.0,
        6004.0,
        6181.0,
        8723.0,
        7658.0,
        7729.0,
        8558.0,
        6072.0,
        5856.0,
        7498.0,
        5050.0,
        6079.0,
        9560.0,
        9275.0,
        4062.0,
        4306.0,
        4589.0,
        5140.0,
        5574.0,
        6170.0,
        7133.0,
        7730.0,
        8898.0,
        10219.0,
        11682.0,
        14082.0,
        15921.0,
        20104.0,
        23597.0,
        30264.0,
        40080.0,
        47203.0,
        19601.0
      ],
      "silhouette_mask_path": "C:\\Users\\shrad\\TrendWeave\\MERGE_OUTPUT_FINAL\\Catwalks__Women_s_Colour_A_W_25_26_en\\page_30\\img_1_mask_0.png"
    }
  ],
  "pose_keypoints": null
}