{
  "image": "C:\\Users\\shrad\\TrendWeave\\TrendWeave\\extracted_data\\Catwalks__Women_s_Key_Items___Cut___Sew_A_W_25_26_en\\page_7\\img_2.jpeg",
  "items": [
    {
      "yolo_label": "person",
      "bbox": [
        12.483327865600586,
        38.5343017578125,
        539.1498413085938,
        1161.7652587890625
      ],
      "confidence": 0.838092029094696,
      "clip_attributes": {
        "palette": {
          "label": "monochrome",
          "confidence": 0.21362392604351044
        },
        "dress_silhouette": {
          "label": "shirt dress",
          "confidence": 0.23479390144348145
        },
        "neckline": {
          "label": "square neckline",
          "confidence": 0.28158730268478394
        },
        "sleeve_type": {
          "label": "sleeveless",
          "confidence": 0.2591665983200073
        },
        "top_silhouette": {
          "label": "camisole",
          "confidence": 0.2678143084049225
        },
        "bottom_style": {
          "label": "wide-leg pants",
          "confidence": 0.21919667720794678
        },
        "outerwear": {
          "label": "long coat",
          "confidence": 0.2201617807149887
        },
        "shoe_type": {
          "label": "ballet flats",
          "confidence": 0.21878132224082947
        },
        "bag_type": {
          "label": "shoulder bag",
          "confidence": 0.2422160506248474
        },
        "accessory": {
          "label": "scarf",
          "confidence": 0.2239183634519577
        },
        "hairstyle": {
          "label": "ponytail",
          "confidence": 0.2103751301765442
        },
        "setting": {
          "label": "street style",
          "confidence": 0.2396252453327179
        },
        "fabric_type": {
          "label": "organza",
          "confidence": 0.23334002494812012
        },
        "season": {
          "label": "spring",
          "confidence": 0.19771936535835266
        },
        "style_theme": {
          "label": "elegant chic",
          "confidence": 0.2622143030166626
        }
      },
      "dominant_colors": [
        [
          219,
          130,
          145
        ],
        [
          31,
          131,
          134
        ],
        [
          144,
          140,
          152
        ]
      ],
      "texture_histogram": [
        188.0,
        328.0,
        333.0,
        727.0,
        1286.0,
        1985.0,
        3055.0,
        3252.0,
        3427.0,
        3927.0,
        5136.0,
        6210.0,
        6143.0,
        5958.0,
        6156.0,
        5814.0,
        5224.0,
        4697.0,
        4541.0,
        4374.0,
        4176.0,
        3901.0,
        3435.0,
        3300.0,
        3118.0,
        2962.0,
        2913.0,
        2780.0,
        2801.0,
        2782.0,
        2773.0,
        2804.0,
        2961.0,
        3027.0,
        3045.0,
        3190.0,
        3337.0,
        3394.0,
        3431.0,
        3516.0,
        3564.0,
        3594.0,
        3574.0,
        3413.0,
        3242.0,
        3183.0,
        2956.0,
        2827.0,
        2628.0,
        2466.0,
        2328.0,
        2059.0,
        2000.0,
        1809.0,
        1651.0,
        1684.0,
        1590.0,
        1532.0,
        1406.0,
        1373.0,
        1251.0,
        1256.0,
        1154.0,
        1094.0,
        1154.0,
        1076.0,
        1084.0,
        1098.0,
        1108.0,
        1145.0,
        1172.0,
        1184.0,
        1068.0,
        1013.0,
        951.0,
        926.0,
        927.0,
        904.0,
        885.0,
        874.0,
        859.0,
        905.0,
        868.0,
        829.0,
        812.0,
        819.0,
        775.0,
        788.0,
        789.0,
        860.0,
        795.0,
        774.0,
        773.0,
        739.0,
        805.0,
        804.0,
        840.0,
        809.0,
        869.0,
        897.0,
        921.0,
        939.0,
        945.0,
        962.0,
        982.0,
        1088.0,
        1094.0,
        1183.0,
        1151.0,
        1142.0,
        1211.0,
        1077.0,
        1187.0,
        1216.0,
        1222.0,
        1122.0,
        1198.0,
        1060.0,
        1064.0,
        1114.0,
        1053.0,
        1070.0,
        1128.0,
        1150.0,
        1180.0,
        1275.0,
        1215.0,
        1317.0,
        1174.0,
        1199.0,
        1248.0,
        1321.0,
        1325.0,
        1434.0,
        1418.0,
        1365.0,
        1330.0,
        1450.0,
        1411.0,
        1462.0,
        1463.0,
        1486.0,
        1514.0,
        1551.0,
        1591.0,
        1642.0,
        1618.0,
        1674.0,
        1645.0,
        1726.0,
        1636.0,
        1603.0,
        1688.0,
        1734.0,
        1759.0,
        1684.0,
        1641.0,
        1652.0,
        1614.0,
        1637.0,
        1591.0,
        1694.0,
        1648.0,
        1675.0,
        1656.0,
        1648.0,
        1731.0,
        1814.0,
        1777.0,
        1803.0,
        1813.0,
        1837.0,
        2022.0,
        1948.0,
        2036.0,
        1877.0,
        1932.0,
        2020.0,
        2151.0,
        2236.0,
        2253.0,
        2329.0,
        2145.0,
        2159.0,
        2157.0,
        2169.0,
        2273.0,
        2259.0,
        2472.0,
        2805.0,
        2964.0,
        2811.0,
        3001.0,
        3131.0,
        3110.0,
        3368.0,
        3518.0,
        3386.0,
        3554.0,
        3611.0,
        3638.0,
        3718.0,
        3866.0,
        4111.0,
        3928.0,
        4179.0,
        3775.0,
        3870.0,
        3767.0,
        3768.0,
        4188.0,
        4346.0,
        4431.0,
        4324.0,
        4230.0,
        4380.0,
        4562.0,
        5170.0,
        5007.0,
        4385.0,
        3997.0,
        3967.0,
        3886.0,
        3698.0,
        3848.0,
        3718.0,
        4194.0,
        3822.0,
        3485.0,
        3985.0,
        3980.0,
        4287.0,
        4505.0,
        4693.0,
        5015.0,
        4857.0,
        4308.0,
        4532.0,
        4440.0,
        4336.0,
        5057.0,
        3823.0,
        2592.0,
        2275.0,
        2332.0,
        2360.0,
        2237.0,
        2174.0,
        1929.0,
        1666.0,
        1292.0,
        878.0,
        437.0,
        121.0,
        66.0,
        22.0
      ],
      "silhouette_mask_path": "C:\\Users\\shrad\\TrendWeave\\MERGE_OUTPUT_FINAL\\Catwalks__Women_s_Key_Items___Cut___Sew_A_W_25_26_en\\page_7\\img_2_mask_0.png"
    }
  ],
  "pose_keypoints": [
    {
      "x": 0.4761689007282257,
      "y": 0.17410999536514282,
      "z": -1.4356896877288818,
      "visibility": 0.9999500513076782
    },
    {
      "x": 0.5114303827285767,
      "y": 0.1500435471534729,
      "z": -1.3383665084838867,
      "visibility": 0.9999213218688965
    },
    {
      "x": 0.5314716696739197,
      "y": 0.14979737997055054,
      "z": -1.338566780090332,
      "visibility": 0.999910831451416
    },
    {
      "x": 0.5498430728912354,
      "y": 0.1496894359588623,
      "z": -1.3390886783599854,
      "visibility": 0.999915361404419
    },
    {
      "x": 0.4438997805118561,
      "y": 0.1500769853591919,
      "z": -1.3408468961715698,
      "visibility": 0.9999042749404907
    },
    {
      "x": 0.4208512604236603,
      "y": 0.15049129724502563,
      "z": -1.341119408607483,
      "visibility": 0.9998785257339478
    },
    {
      "x": 0.4005278944969177,
      "y": 0.151281476020813,
      "z": -1.3417164087295532,
      "visibility": 0.9998791217803955
    },
    {
      "x": 0.5782288312911987,
      "y": 0.15936410427093506,
      "z": -0.7932726144790649,
      "visibility": 0.9999250173568726
    },
    {
      "x": 0.38413524627685547,
      "y": 0.16554784774780273,
      "z": -0.8083596229553223,
      "visibility": 0.9998644590377808
    },
    {
      "x": 0.5133029818534851,
      "y": 0.20723435282707214,
      "z": -1.2317407131195068,
      "visibility": 0.999974250793457
    },
    {
      "x": 0.43827512860298157,
      "y": 0.20687872171401978,
      "z": -1.2360844612121582,
      "visibility": 0.9999697208404541
    },
    {
      "x": 0.7528425455093384,
      "y": 0.3474033772945404,
      "z": -0.509609043598175,
      "visibility": 0.9997813105583191
    },
    {
      "x": 0.22994518280029297,
      "y": 0.3495996296405792,
      "z": -0.510070264339447,
      "visibility": 0.998166024684906
    },
    {
      "x": 0.7876390814781189,
      "y": 0.5919286608695984,
      "z": -0.2923141121864319,
      "visibility": 0.9765710830688477
    },
    {
      "x": 0.06278923153877258,
      "y": 0.5498039126396179,
      "z": -0.9888748526573181,
      "visibility": 0.909949541091919
    },
    {
      "x": 0.8725734949111938,
      "y": 0.8034602999687195,
      "z": -0.627906322479248,
      "visibility": 0.9741320013999939
    },
    {
      "x": 0.14372149109840393,
      "y": 0.5242102742195129,
      "z": -2.031853437423706,
      "visibility": 0.9505159854888916
    },
    {
      "x": 0.9279234409332275,
      "y": 0.8603165745735168,
      "z": -0.7085273265838623,
      "visibility": 0.9513567090034485
    },
    {
      "x": 0.20027555525302887,
      "y": 0.5284010171890259,
      "z": -2.1917316913604736,
      "visibility": 0.9197234511375427
    },
    {
      "x": 0.8831121325492859,
      "y": 0.8674161434173584,
      "z": -0.8249527812004089,
      "visibility": 0.9579458236694336
    },
    {
      "x": 0.2234545201063156,
      "y": 0.4947341978549957,
      "z": -2.2118940353393555,
      "visibility": 0.9209670424461365
    },
    {
      "x": 0.856799840927124,
      "y": 0.8487750291824341,
      "z": -0.6692924499511719,
      "visibility": 0.9635046720504761
    },
    {
      "x": 0.21302995085716248,
      "y": 0.4857778251171112,
      "z": -2.053407907485962,
      "visibility": 0.909909725189209
    },
    {
      "x": 0.6191125512123108,
      "y": 0.706195592880249,
      "z": -0.006560893729329109,
      "visibility": 0.999225378036499
    },
    {
      "x": 0.31427040696144104,
      "y": 0.6985105276107788,
      "z": 0.006218863185495138,
      "visibility": 0.9994860887527466
    },
    {
      "x": 0.6018232107162476,
      "y": 1.0006866455078125,
      "z": -0.6469078063964844,
      "visibility": 0.3315669894218445
    },
    {
      "x": 0.2052258849143982,
      "y": 0.9205567836761475,
      "z": -0.746046245098114,
      "visibility": 0.4485124349594116
    },
    {
      "x": 0.5634691715240479,
      "y": 1.019411563873291,
      "z": 1.395117163658142,
      "visibility": 0.003934635315090418
    },
    {
      "x": 0.28878191113471985,
      "y": 1.0455125570297241,
      "z": 0.8958231210708618,
      "visibility": 0.017451239749789238
    },
    {
      "x": 0.5711119771003723,
      "y": 1.0103566646575928,
      "z": 1.5962333679199219,
      "visibility": 0.011707604862749577
    },
    {
      "x": 0.3135232925415039,
      "y": 1.0533121824264526,
      "z": 1.0719389915466309,
      "visibility": 0.025717739015817642
    },
    {
      "x": 0.5007239580154419,
      "y": 1.0985177755355835,
      "z": 1.4975919723510742,
      "visibility": 0.004277865402400494
    },
    {
      "x": 0.25630080699920654,
      "y": 1.141603946685791,
      "z": 0.8577583432197571,
      "visibility": 0.019770553335547447
    }
  ]
}