{
  "image": "C:\\Users\\shrad\\TrendWeave\\TrendWeave\\extracted_data\\Catwalks__Women_s_Footwear___Bags_Colour_A_W_25_26_en\\page_8\\img_3.jpeg",
  "items": [
    {
      "yolo_label": "person",
      "bbox": [
        2.151000499725342,
        222.1813201904297,
        155.8174591064453,
        521.7277221679688
      ],
      "confidence": 0.8506960272789001,
      "clip_attributes": {
        "palette": {
          "label": "pastel",
          "confidence": 0.2251083254814148
        },
        "dress_silhouette": {
          "label": "wrap dress",
          "confidence": 0.21738006174564362
        },
        "neckline": {
          "label": "square neckline",
          "confidence": 0.25370171666145325
        },
        "sleeve_type": {
          "label": "puffed sleeves",
          "confidence": 0.25664597749710083
        },
        "top_silhouette": {
          "label": "wrap top",
          "confidence": 0.22116108238697052
        },
        "bottom_style": {
          "label": "culottes",
          "confidence": 0.22060924768447876
        },
        "outerwear": {
          "label": "long coat",
          "confidence": 0.23233608901500702
        },
        "shoe_type": {
          "label": "ballet flats",
          "confidence": 0.20203572511672974
        },
        "bag_type": {
          "label": "tote bag",
          "confidence": 0.23318424820899963
        },
        "accessory": {
          "label": "scarf",
          "confidence": 0.22709663212299347
        },
        "hairstyle": {
          "label": "high bun",
          "confidence": 0.20634634792804718
        },
        "setting": {
          "label": "street style",
          "confidence": 0.21701519191265106
        },
        "fabric_type": {
          "label": "organza",
          "confidence": 0.267705500125885
        },
        "season": {
          "label": "winter",
          "confidence": 0.21245186030864716
        },
        "style_theme": {
          "label": "minimalist",
          "confidence": 0.22360357642173767
        }
      },
      "dominant_colors": [
        [
          220,
          126,
          122
        ],
        [
          15,
          129,
          130
        ],
        [
          73,
          129,
          126
        ]
      ],
      "texture_histogram": [
        7.0,
        10.0,
        27.0,
        329.0,
        4531.0,
        2595.0,
        1025.0,
        655.0,
        614.0,
        601.0,
        699.0,
        606.0,
        465.0,
        477.0,
        485.0,
        460.0,
        490.0,
        475.0,
        474.0,
        514.0,
        436.0,
        453.0,
        479.0,
        501.0,
        442.0,
        363.0,
        419.0,
        370.0,
        399.0,
        365.0,
        328.0,
        328.0,
        334.0,
        402.0,
        379.0,
        320.0,
        317.0,
        312.0,
        314.0,
        409.0,
        878.0,
        625.0,
        433.0,
        309.0,
        272.0,
        220.0,
        209.0,
        238.0,
        224.0,
        196.0,
        166.0,
        155.0,
        166.0,
        227.0,
        153.0,
        165.0,
        146.0,
        141.0,
        99.0,
        109.0,
        94.0,
        113.0,
        97.0,
        126.0,
        116.0,
        126.0,
        80.0,
        130.0,
        115.0,
        131.0,
        156.0,
        161.0,
        146.0,
        163.0,
        180.0,
        170.0,
        196.0,
        200.0,
        298.0,
        349.0,
        385.0,
        265.0,
        423.0,
        360.0,
        171.0,
        136.0,
        177.0,
        190.0,
        64.0,
        15.0,
        5.0,
        4.0,
        1.0,
        2.0,
        5.0,
        6.0,
        2.0,
        1.0,
        6.0,
        3.0,
        4.0,
        6.0,
        2.0,
        2.0,
        3.0,
        2.0,
        6.0,
        2.0,
        1.0,
        1.0,
        3.0,
        4.0,
        5.0,
        1.0,
        4.0,
        3.0,
        4.0,
        1.0,
        6.0,
        1.0,
        2.0,
        2.0,
        2.0,
        1.0,
        5.0,
        5.0,
        4.0,
        4.0,
        3.0,
        3.0,
        3.0,
        2.0,
        7.0,
        1.0,
        5.0,
        5.0,
        4.0,
        3.0,
        3.0,
        4.0,
        4.0,
        3.0,
        3.0,
        4.0,
        2.0,
        3.0,
        2.0,
        3.0,
        5.0,
        2.0,
        9.0,
        4.0,
        10.0,
        8.0,
        7.0,
        11.0,
        9.0,
        10.0,
        12.0,
        17.0,
        15.0,
        12.0,
        15.0,
        11.0,
        20.0,
        18.0,
        13.0,
        15.0,
        21.0,
        23.0,
        18.0,
        32.0,
        16.0,
        21.0,
        33.0,
        22.0,
        41.0,
        34.0,
        44.0,
        53.0,
        50.0,
        45.0,
        59.0,
        67.0,
        57.0,
        45.0,
        43.0,
        55.0,
        55.0,
        47.0,
        29.0,
        49.0,
        51.0,
        42.0,
        41.0,
        50.0,
        51.0,
        66.0,
        78.0,
        80.0,
        94.0,
        123.0,
        113.0,
        125.0,
        128.0,
        149.0,
        148.0,
        150.0,
        181.0,
        240.0,
        236.0,
        275.0,
        343.0,
        399.0,
        423.0,
        391.0,
        381.0,
        339.0,
        354.0,
        332.0,
        311.0,
        279.0,
        256.0,
        205.0,
        210.0,
        223.0,
        233.0,
        279.0,
        294.0,
        308.0,
        339.0,
        371.0,
        330.0,
        291.0,
        234.0,
        235.0,
        208.0,
        206.0,
        193.0,
        119.0,
        105.0,
        77.0,
        15.0,
        0.0,
        0.0,
        0.0,
        0.0,
        0.0,
        0.0,
        0.0,
        0.0,
        0.0,
        0.0,
        0.0,
        0.0,
        0.0
      ],
      "silhouette_mask_path": "C:\\Users\\shrad\\TrendWeave\\MERGE_OUTPUT_FINAL\\Catwalks__Women_s_Footwear___Bags_Colour_A_W_25_26_en\\page_8\\img_3_mask_0.png"
    },
    {
      "yolo_label": "person",
      "bbox": [
        20.106252670288086,
        0.0,
        563.254150390625,
        685.3225708007812
      ],
      "confidence": 0.7335886359214783,
      "clip_attributes": {
        "palette": {
          "label": "monochrome",
          "confidence": 0.2207482010126114
        },
        "dress_silhouette": {
          "label": "fit and flare",
          "confidence": 0.23791611194610596
        },
        "neckline": {
          "label": "square neckline",
          "confidence": 0.2543834149837494
        },
        "sleeve_type": {
          "label": "puffed sleeves",
          "confidence": 0.24570332467556
        },
        "top_silhouette": {
          "label": "wrap top",
          "confidence": 0.2420884370803833
        },
        "bottom_style": {
          "label": "flared pants",
          "confidence": 0.22957134246826172
        },
        "outerwear": {
          "label": "long coat",
          "confidence": 0.22513408958911896
        },
        "shoe_type": {
          "label": "strappy sandals",
          "confidence": 0.2140965610742569
        },
        "bag_type": {
          "label": "shoulder bag",
          "confidence": 0.2802774906158447
        },
        "accessory": {
          "label": "sunglasses",
          "confidence": 0.21759790182113647
        },
        "hairstyle": {
          "label": "high bun",
          "confidence": 0.2280256450176239
        },
        "setting": {
          "label": "street style",
          "confidence": 0.2454192340373993
        },
        "fabric_type": {
          "label": "satin",
          "confidence": 0.22728638350963593
        },
        "season": {
          "label": "spring",
          "confidence": 0.20321564376354218
        },
        "style_theme": {
          "label": "elegant chic",
          "confidence": 0.2523273229598999
        }
      },
      "dominant_colors": [
        [
          90,
          127,
          123
        ],
        [
          204,
          128,
          124
        ],
        [
          10,
          128,
          128
        ]
      ],
      "texture_histogram": [
        562.0,
        28317.0,
        21722.0,
        12593.0,
        14931.0,
        6908.0,
        4747.0,
        3265.0,
        2734.0,
        2403.0,
        2572.0,
        1929.0,
        1730.0,
        1718.0,
        1733.0,
        1617.0,
        1511.0,
        1458.0,
        1443.0,
        1517.0,
        1655.0,
        1954.0,
        2503.0,
        1986.0,
        1775.0,
        2359.0,
        1744.0,
        1618.0,
        2361.0,
        1620.0,
        1435.0,
        1627.0,
        1379.0,
        1392.0,
        2709.0,
        1818.0,
        1253.0,
        968.0,
        929.0,
        1056.0,
        1269.0,
        1175.0,
        943.0,
        987.0,
        1013.0,
        881.0,
        906.0,
        945.0,
        870.0,
        773.0,
        764.0,
        792.0,
        828.0,
        989.0,
        828.0,
        948.0,
        1044.0,
        1094.0,
        1410.0,
        1250.0,
        1278.0,
        1408.0,
        1314.0,
        1535.0,
        1696.0,
        1567.0,
        1733.0,
        1980.0,
        1693.0,
        1746.0,
        1848.0,
        1836.0,
        1931.0,
        1891.0,
        1824.0,
        1766.0,
        2162.0,
        1979.0,
        2033.0,
        2428.0,
        2242.0,
        2133.0,
        3133.0,
        2275.0,
        1799.0,
        1802.0,
        1121.0,
        612.0,
        509.0,
        486.0,
        490.0,
        492.0,
        506.0,
        477.0,
        475.0,
        490.0,
        466.0,
        485.0,
        469.0,
        497.0,
        457.0,
        500.0,
        463.0,
        460.0,
        449.0,
        498.0,
        475.0,
        536.0,
        462.0,
        505.0,
        489.0,
        510.0,
        514.0,
        471.0,
        404.0,
        494.0,
        485.0,
        474.0,
        516.0,
        535.0,
        521.0,
        526.0,
        590.0,
        539.0,
        552.0,
        572.0,
        576.0,
        553.0,
        550.0,
        550.0,
        590.0,
        620.0,
        587.0,
        519.0,
        575.0,
        550.0,
        585.0,
        591.0,
        603.0,
        606.0,
        623.0,
        625.0,
        635.0,
        609.0,
        621.0,
        624.0,
        619.0,
        604.0,
        625.0,
        690.0,
        729.0,
        708.0,
        747.0,
        721.0,
        725.0,
        691.0,
        683.0,
        697.0,
        719.0,
        700.0,
        717.0,
        681.0,
        649.0,
        708.0,
        701.0,
        698.0,
        663.0,
        681.0,
        692.0,
        738.0,
        685.0,
        776.0,
        828.0,
        865.0,
        837.0,
        880.0,
        921.0,
        927.0,
        910.0,
        878.0,
        904.0,
        917.0,
        1065.0,
        979.0,
        1004.0,
        1002.0,
        1069.0,
        1108.0,
        1124.0,
        1155.0,
        1148.0,
        1219.0,
        1331.0,
        1394.0,
        1400.0,
        1528.0,
        1495.0,
        1700.0,
        1641.0,
        1682.0,
        1699.0,
        1769.0,
        1708.0,
        1602.0,
        1550.0,
        1616.0,
        1732.0,
        1932.0,
        2123.0,
        2298.0,
        2329.0,
        2496.0,
        2593.0,
        2591.0,
        2422.0,
        2373.0,
        2203.0,
        2052.0,
        2025.0,
        1981.0,
        1966.0,
        2017.0,
        2012.0,
        2094.0,
        1898.0,
        1777.0,
        1762.0,
        1670.0,
        1769.0,
        1700.0,
        1552.0,
        1308.0,
        1110.0,
        976.0,
        816.0,
        752.0,
        682.0,
        671.0,
        627.0,
        597.0,
        601.0,
        593.0,
        459.0,
        307.0,
        161.0,
        92.0,
        54.0,
        66.0,
        61.0,
        25.0,
        26.0,
        18.0,
        8.0,
        9.0,
        11.0,
        0.0
      ],
      "silhouette_mask_path": "C:\\Users\\shrad\\TrendWeave\\MERGE_OUTPUT_FINAL\\Catwalks__Women_s_Footwear___Bags_Colour_A_W_25_26_en\\page_8\\img_3_mask_1.png"
    }
  ],
  "pose_keypoints": [
    {
      "x": 0.5563099384307861,
      "y": 0.15011239051818848,
      "z": -0.7029950618743896,
      "visibility": 0.9999668598175049
    },
    {
      "x": 0.5670970678329468,
      "y": 0.09254992008209229,
      "z": -0.6240835785865784,
      "visibility": 0.9999580383300781
    },
    {
      "x": 0.5813153386116028,
      "y": 0.09199559688568115,
      "z": -0.6247949004173279,
      "visibility": 0.9999611377716064
    },
    {
      "x": 0.5944574475288391,
      "y": 0.09148740768432617,
      "z": -0.6250054836273193,
      "visibility": 0.9999517202377319
    },
    {
      "x": 0.5053630471229553,
      "y": 0.09311937540769577,
      "z": -0.7300606966018677,
      "visibility": 0.9999605417251587
    },
    {
      "x": 0.4779849648475647,
      "y": 0.09335482120513916,
      "z": -0.7303673028945923,
      "visibility": 0.9999669790267944
    },
    {
      "x": 0.45301949977874756,
      "y": 0.09393632411956787,
      "z": -0.7306371331214905,
      "visibility": 0.9999611377716064
    },
    {
      "x": 0.54664546251297,
      "y": 0.1078793928027153,
      "z": -0.15026940405368805,
      "visibility": 0.9999622106552124
    },
    {
      "x": 0.3970676064491272,
      "y": 0.11123883724212646,
      "z": -0.6197042465209961,
      "visibility": 0.9999821186065674
    },
    {
      "x": 0.5571522116661072,
      "y": 0.21495378017425537,
      "z": -0.5108402371406555,
      "visibility": 0.9999618530273438
    },
    {
      "x": 0.4967285990715027,
      "y": 0.21621322631835938,
      "z": -0.6462854743003845,
      "visibility": 0.9999792575836182
    },
    {
      "x": 0.4931875169277191,
      "y": 0.4030824303627014,
      "z": 0.4177611172199249,
      "visibility": 0.9992916584014893
    },
    {
      "x": 0.31276702880859375,
      "y": 0.40139949321746826,
      "z": -0.8027553558349609,
      "visibility": 0.9996935129165649
    },
    {
      "x": 0.4898981750011444,
      "y": 0.7891613245010376,
      "z": 0.6204392313957214,
      "visibility": 0.4942096471786499
    },
    {
      "x": 0.20634008944034576,
      "y": 0.8248859643936157,
      "z": -0.8198056817054749,
      "visibility": 0.8498898148536682
    },
    {
      "x": 0.5423574447631836,
      "y": 0.9218525290489197,
      "z": 0.33868369460105896,
      "visibility": 0.40499070286750793
    },
    {
      "x": 0.4842528700828552,
      "y": 0.9011619687080383,
      "z": -0.6490654349327087,
      "visibility": 0.5398478507995605
    },
    {
      "x": 0.5640608072280884,
      "y": 0.987224817276001,
      "z": 0.2608259916305542,
      "visibility": 0.435897558927536
    },
    {
      "x": 0.5411232709884644,
      "y": 0.9421966075897217,
      "z": -0.7363699674606323,
      "visibility": 0.5314485430717468
    },
    {
      "x": 0.567562997341156,
      "y": 0.946057140827179,
      "z": 0.16770018637180328,
      "visibility": 0.46403932571411133
    },
    {
      "x": 0.5603968501091003,
      "y": 0.8681455850601196,
      "z": -0.737801194190979,
      "visibility": 0.575761616230011
    },
    {
      "x": 0.5513121485710144,
      "y": 0.9221731424331665,
      "z": 0.2785489559173584,
      "visibility": 0.4657844305038452
    },
    {
      "x": 0.5128272771835327,
      "y": 0.8609673976898193,
      "z": -0.6464830040931702,
      "visibility": 0.6072967052459717
    },
    {
      "x": 0.41464048624038696,
      "y": 1.1365939378738403,
      "z": 0.4126259684562683,
      "visibility": 0.3903864920139313
    },
    {
      "x": 0.26000386476516724,
      "y": 1.1656807661056519,
      "z": -0.41040754318237305,
      "visibility": 0.40468311309814453
    },
    {
      "x": 0.4490642845630646,
      "y": 1.6833168268203735,
      "z": 0.5960138440132141,
      "visibility": 0.07918184250593185
    },
    {
      "x": 0.30393582582473755,
      "y": 1.7322750091552734,
      "z": -0.19223222136497498,
      "visibility": 0.23712779581546783
    },
    {
      "x": 0.4695161283016205,
      "y": 2.220555305480957,
      "z": 1.0427697896957397,
      "visibility": 0.018002206459641457
    },
    {
      "x": 0.2859642505645752,
      "y": 2.3201441764831543,
      "z": 0.07172548025846481,
      "visibility": 0.09742724895477295
    },
    {
      "x": 0.4414258897304535,
      "y": 2.3062405586242676,
      "z": 1.0593314170837402,
      "visibility": 0.02231740765273571
    },
    {
      "x": 0.21433521807193756,
      "y": 2.4208593368530273,
      "z": 0.0800275057554245,
      "visibility": 0.1097654178738594
    },
    {
      "x": 0.607731819152832,
      "y": 2.372577428817749,
      "z": 0.742480456829071,
      "visibility": 0.08057533949613571
    },
    {
      "x": 0.4746738076210022,
      "y": 2.444064140319824,
      "z": -0.3993784189224243,
      "visibility": 0.17618870735168457
    }
  ]
}