{
  "image": "C:\\Users\\shrad\\TrendWeave\\TrendWeave\\extracted_data\\Catwalks__Women_s_Footwear___Bags_Colour_A_W_25_26_en\\page_8\\img_1.jpeg",
  "items": [
    {
      "yolo_label": "person",
      "bbox": [
        253.52365112304688,
        0.3322071135044098,
        1314.4298095703125,
        677.890625
      ],
      "confidence": 0.4831685423851013,
      "clip_attributes": {
        "palette": {
          "label": "bold colors",
          "confidence": 0.2363128811120987
        },
        "dress_silhouette": {
          "label": "fit and flare",
          "confidence": 0.21761292219161987
        },
        "neckline": {
          "label": "square neckline",
          "confidence": 0.25778526067733765
        },
        "sleeve_type": {
          "label": "bell sleeves",
          "confidence": 0.26360639929771423
        },
        "top_silhouette": {
          "label": "peplum",
          "confidence": 0.2215263694524765
        },
        "bottom_style": {
          "label": "culottes",
          "confidence": 0.22321820259094238
        },
        "outerwear": {
          "label": "long coat",
          "confidence": 0.2248995006084442
        },
        "shoe_type": {
          "label": "ballet flats",
          "confidence": 0.20986127853393555
        },
        "bag_type": {
          "label": "shoulder bag",
          "confidence": 0.29081445932388306
        },
        "accessory": {
          "label": "scarf",
          "confidence": 0.22349540889263153
        },
        "hairstyle": {
          "label": "high bun",
          "confidence": 0.19427910447120667
        },
        "setting": {
          "label": "office wear",
          "confidence": 0.22050946950912476
        },
        "fabric_type": {
          "label": "satin",
          "confidence": 0.25997185707092285
        },
        "season": {
          "label": "spring",
          "confidence": 0.21038150787353516
        },
        "style_theme": {
          "label": "elegant chic",
          "confidence": 0.23732978105545044
        }
      },
      "dominant_colors": [
        [
          200,
          141,
          113
        ],
        [
          87,
          142,
          147
        ],
        [
          205,
          132,
          166
        ]
      ],
      "texture_histogram": [
        0.0,
        0.0,
        0.0,
        0.0,
        0.0,
        0.0,
        3.0,
        0.0,
        2.0,
        0.0,
        0.0,
        2.0,
        4.0,
        9.0,
        7.0,
        15.0,
        4.0,
        8.0,
        9.0,
        13.0,
        9.0,
        7.0,
        21.0,
        29.0,
        31.0,
        25.0,
        46.0,
        51.0,
        62.0,
        49.0,
        97.0,
        133.0,
        213.0,
        451.0,
        819.0,
        828.0,
        875.0,
        963.0,
        729.0,
        507.0,
        505.0,
        555.0,
        534.0,
        647.0,
        852.0,
        662.0,
        535.0,
        482.0,
        297.0,
        275.0,
        241.0,
        235.0,
        228.0,
        209.0,
        269.0,
        238.0,
        339.0,
        421.0,
        628.0,
        885.0,
        1014.0,
        1258.0,
        1509.0,
        1720.0,
        1932.0,
        2279.0,
        2230.0,
        2399.0,
        2868.0,
        3269.0,
        3125.0,
        2903.0,
        2675.0,
        2685.0,
        2938.0,
        3065.0,
        3231.0,
        2608.0,
        2082.0,
        1721.0,
        1404.0,
        1196.0,
        1086.0,
        872.0,
        932.0,
        706.0,
        723.0,
        678.0,
        836.0,
        1069.0,
        1695.0,
        2281.0,
        1630.0,
        1480.0,
        1120.0,
        1093.0,
        913.0,
        772.0,
        603.0,
        577.0,
        541.0,
        544.0,
        536.0,
        512.0,
        573.0,
        541.0,
        528.0,
        572.0,
        576.0,
        603.0,
        589.0,
        589.0,
        643.0,
        608.0,
        621.0,
        652.0,
        713.0,
        682.0,
        695.0,
        733.0,
        767.0,
        785.0,
        812.0,
        822.0,
        851.0,
        857.0,
        876.0,
        857.0,
        862.0,
        929.0,
        958.0,
        985.0,
        924.0,
        974.0,
        1017.0,
        1038.0,
        1040.0,
        1022.0,
        1071.0,
        1130.0,
        1192.0,
        1251.0,
        1198.0,
        1252.0,
        1233.0,
        1271.0,
        1334.0,
        1279.0,
        1371.0,
        1378.0,
        1336.0,
        1351.0,
        1395.0,
        1442.0,
        1507.0,
        1549.0,
        1568.0,
        1700.0,
        1659.0,
        1729.0,
        1869.0,
        1996.0,
        2000.0,
        2125.0,
        2248.0,
        2255.0,
        2370.0,
        2425.0,
        2515.0,
        2641.0,
        2700.0,
        2920.0,
        2914.0,
        3025.0,
        3161.0,
        3345.0,
        3522.0,
        3764.0,
        3809.0,
        4039.0,
        4209.0,
        4550.0,
        4826.0,
        5101.0,
        5286.0,
        5528.0,
        5793.0,
        6265.0,
        6704.0,
        7050.0,
        7835.0,
        8372.0,
        9205.0,
        9825.0,
        11424.0,
        13066.0,
        14236.0,
        14313.0,
        13938.0,
        12768.0,
        11774.0,
        12059.0,
        13749.0,
        14675.0,
        16406.0,
        20538.0,
        19740.0,
        22826.0,
        31112.0,
        23753.0,
        23149.0,
        22119.0,
        20660.0,
        20395.0,
        18393.0,
        15617.0,
        12869.0,
        9634.0,
        6718.0,
        4288.0,
        2791.0,
        1724.0,
        1118.0,
        715.0,
        490.0,
        310.0,
        248.0,
        170.0,
        138.0,
        111.0,
        106.0,
        103.0,
        86.0,
        91.0,
        74.0,
        80.0,
        73.0,
        72.0,
        67.0,
        56.0,
        53.0,
        58.0,
        53.0,
        44.0,
        37.0,
        44.0,
        31.0,
        28.0,
        26.0,
        13.0,
        5.0,
        8.0,
        4.0,
        1.0,
        0.0,
        0.0
      ],
      "silhouette_mask_path": "C:\\Users\\shrad\\TrendWeave\\MERGE_OUTPUT_FINAL\\Catwalks__Women_s_Footwear___Bags_Colour_A_W_25_26_en\\page_8\\img_1_mask_0.png"
    }
  ],
  "pose_keypoints": null
}