{
  "image": "C:\\Users\\shrad\\TrendWeave\\TrendWeave\\extracted_data\\Catwalks__Women_s_Footwear___Bags_Colour_A_W_25_26_en\\page_8\\img_4.jpeg",
  "items": [
    {
      "yolo_label": "person",
      "bbox": [
        165.30165100097656,
        27.509475708007812,
        477.2621154785156,
        687.46337890625
      ],
      "confidence": 0.7860478162765503,
      "clip_attributes": {
        "palette": {
          "label": "pastel",
          "confidence": 0.2395627498626709
        },
        "dress_silhouette": {
          "label": "fit and flare",
          "confidence": 0.23558123409748077
        },
        "neckline": {
          "label": "square neckline",
          "confidence": 0.25616732239723206
        },
        "sleeve_type": {
          "label": "puffed sleeves",
          "confidence": 0.2582499384880066
        },
        "top_silhouette": {
          "label": "crop top",
          "confidence": 0.25287753343582153
        },
        "bottom_style": {
          "label": "culottes",
          "confidence": 0.2533152401447296
        },
        "outerwear": {
          "label": "cardigan",
          "confidence": 0.2460746169090271
        },
        "shoe_type": {
          "label": "ballet flats",
          "confidence": 0.21165654063224792
        },
        "bag_type": {
          "label": "shoulder bag",
          "confidence": 0.2526289224624634
        },
        "accessory": {
          "label": "hairband",
          "confidence": 0.24443380534648895
        },
        "hairstyle": {
          "label": "high bun",
          "confidence": 0.22533100843429565
        },
        "setting": {
          "label": "brunch look",
          "confidence": 0.24388542771339417
        },
        "fabric_type": {
          "label": "chiffon",
          "confidence": 0.2534940838813782
        },
        "season": {
          "label": "spring",
          "confidence": 0.2322656810283661
        },
        "style_theme": {
          "label": "boho",
          "confidence": 0.248188316822052
        }
      },
      "dominant_colors": [
        [
          183,
          139,
          123
        ],
        [
          50,
          132,
          125
        ],
        [
          108,
          134,
          119
        ]
      ],
      "texture_histogram": [
        31.0,
        66.0,
        67.0,
        92.0,
        138.0,
        172.0,
        292.0,
        250.0,
        284.0,
        329.0,
        278.0,
        283.0,
        271.0,
        275.0,
        230.0,
        189.0,
        207.0,
        203.0,
        207.0,
        211.0,
        220.0,
        244.0,
        291.0,
        326.0,
        371.0,
        325.0,
        356.0,
        456.0,
        524.0,
        668.0,
        676.0,
        783.0,
        794.0,
        826.0,
        779.0,
        916.0,
        914.0,
        986.0,
        825.0,
        715.0,
        852.0,
        809.0,
        864.0,
        938.0,
        745.0,
        721.0,
        661.0,
        652.0,
        662.0,
        803.0,
        791.0,
        921.0,
        984.0,
        839.0,
        874.0,
        1035.0,
        859.0,
        940.0,
        966.0,
        1075.0,
        1107.0,
        1419.0,
        1297.0,
        1251.0,
        1225.0,
        1110.0,
        1226.0,
        1343.0,
        1362.0,
        1577.0,
        1745.0,
        1357.0,
        826.0,
        611.0,
        395.0,
        442.0,
        435.0,
        456.0,
        418.0,
        485.0,
        499.0,
        535.0,
        586.0,
        612.0,
        779.0,
        977.0,
        911.0,
        859.0,
        691.0,
        857.0,
        1097.0,
        1851.0,
        1718.0,
        1860.0,
        1726.0,
        1500.0,
        1633.0,
        1677.0,
        3035.0,
        2582.0,
        4403.0,
        3472.0,
        3835.0,
        5886.0,
        1760.0,
        1743.0,
        629.0,
        356.0,
        337.0,
        340.0,
        342.0,
        322.0,
        334.0,
        312.0,
        322.0,
        350.0,
        358.0,
        365.0,
        365.0,
        353.0,
        314.0,
        394.0,
        352.0,
        375.0,
        405.0,
        382.0,
        384.0,
        367.0,
        375.0,
        348.0,
        411.0,
        402.0,
        420.0,
        451.0,
        456.0,
        426.0,
        411.0,
        437.0,
        442.0,
        470.0,
        453.0,
        452.0,
        497.0,
        517.0,
        536.0,
        578.0,
        615.0,
        652.0,
        666.0,
        713.0,
        667.0,
        769.0,
        808.0,
        811.0,
        793.0,
        830.0,
        872.0,
        943.0,
        977.0,
        1021.0,
        1114.0,
        1151.0,
        1132.0,
        1246.0,
        1361.0,
        1379.0,
        1438.0,
        1531.0,
        1468.0,
        1615.0,
        1720.0,
        1771.0,
        1772.0,
        1769.0,
        1833.0,
        1793.0,
        1888.0,
        1925.0,
        1845.0,
        1753.0,
        1768.0,
        1816.0,
        1776.0,
        1977.0,
        1981.0,
        2093.0,
        2151.0,
        2194.0,
        2207.0,
        2203.0,
        2405.0,
        2490.0,
        2242.0,
        1916.0,
        1729.0,
        1542.0,
        1328.0,
        1131.0,
        1023.0,
        1014.0,
        911.0,
        866.0,
        757.0,
        683.0,
        698.0,
        598.0,
        519.0,
        494.0,
        484.0,
        393.0,
        376.0,
        318.0,
        319.0,
        282.0,
        246.0,
        215.0,
        188.0,
        160.0,
        134.0,
        124.0,
        104.0,
        92.0,
        85.0,
        70.0,
        83.0,
        50.0,
        51.0,
        61.0,
        62.0,
        67.0,
        35.0,
        56.0,
        33.0,
        43.0,
        31.0,
        29.0,
        30.0,
        34.0,
        28.0,
        19.0,
        18.0,
        6.0,
        14.0,
        9.0,
        11.0,
        11.0,
        3.0,
        3.0,
        4.0,
        0.0,
        2.0,
        2.0,
        1.0,
        4.0,
        5.0,
        0.0
      ],
      "silhouette_mask_path": "C:\\Users\\shrad\\TrendWeave\\MERGE_OUTPUT_FINAL\\Catwalks__Women_s_Footwear___Bags_Colour_A_W_25_26_en\\page_8\\img_4_mask_0.png"
    },
    {
      "yolo_label": "bottle",
      "bbox": [
        177.94007873535156,
        523.1604614257812,
        270.7679443359375,
        668.8541870117188
      ],
      "confidence": 0.28706321120262146,
      "clip_attributes": {
        "palette": {
          "label": "pastel",
          "confidence": 0.20962035655975342
        },
        "shoe_type": {
          "label": "sandals",
          "confidence": 0.19932657480239868
        },
        "bag_type": {
          "label": "tote bag",
          "confidence": 0.2208290845155716
        },
        "accessory": {
          "label": "bracelet",
          "confidence": 0.2617780566215515
        },
        "setting": {
          "label": "festival wear",
          "confidence": 0.20698295533657074
        },
        "fabric_type": {
          "label": "cotton",
          "confidence": 0.22419443726539612
        },
        "season": {
          "label": "winter",
          "confidence": 0.19684195518493652
        },
        "style_theme": {
          "label": "boho",
          "confidence": 0.18587060272693634
        }
      },
      "dominant_colors": [
        [
          177,
          139,
          120
        ],
        [
          50,
          130,
          124
        ],
        [
          119,
          137,
          126
        ]
      ],
      "texture_histogram": [
        0.0,
        0.0,
        0.0,
        0.0,
        0.0,
        0.0,
        0.0,
        0.0,
        0.0,
        0.0,
        0.0,
        0.0,
        0.0,
        0.0,
        1.0,
        0.0,
        0.0,
        0.0,
        0.0,
        0.0,
        1.0,
        4.0,
        3.0,
        0.0,
        8.0,
        13.0,
        17.0,
        17.0,
        21.0,
        32.0,
        53.0,
        123.0,
        135.0,
        115.0,
        93.0,
        91.0,
        100.0,
        109.0,
        141.0,
        166.0,
        265.0,
        278.0,
        296.0,
        411.0,
        225.0,
        194.0,
        154.0,
        126.0,
        137.0,
        130.0,
        163.0,
        143.0,
        270.0,
        239.0,
        247.0,
        325.0,
        208.0,
        192.0,
        202.0,
        254.0,
        170.0,
        58.0,
        54.0,
        43.0,
        48.0,
        51.0,
        54.0,
        46.0,
        39.0,
        30.0,
        29.0,
        29.0,
        25.0,
        22.0,
        33.0,
        29.0,
        32.0,
        38.0,
        21.0,
        31.0,
        25.0,
        28.0,
        29.0,
        24.0,
        32.0,
        19.0,
        28.0,
        27.0,
        18.0,
        37.0,
        22.0,
        40.0,
        31.0,
        24.0,
        31.0,
        24.0,
        32.0,
        26.0,
        31.0,
        35.0,
        30.0,
        22.0,
        42.0,
        35.0,
        34.0,
        41.0,
        38.0,
        39.0,
        21.0,
        43.0,
        37.0,
        30.0,
        44.0,
        35.0,
        39.0,
        34.0,
        39.0,
        33.0,
        39.0,
        34.0,
        27.0,
        31.0,
        35.0,
        28.0,
        33.0,
        35.0,
        40.0,
        30.0,
        23.0,
        29.0,
        37.0,
        43.0,
        36.0,
        32.0,
        45.0,
        34.0,
        42.0,
        39.0,
        45.0,
        37.0,
        44.0,
        32.0,
        38.0,
        53.0,
        57.0,
        45.0,
        60.0,
        72.0,
        54.0,
        69.0,
        53.0,
        71.0,
        70.0,
        65.0,
        62.0,
        55.0,
        55.0,
        74.0,
        48.0,
        61.0,
        61.0,
        67.0,
        54.0,
        61.0,
        82.0,
        93.0,
        104.0,
        109.0,
        131.0,
        142.0,
        166.0,
        166.0,
        170.0,
        145.0,
        173.0,
        151.0,
        142.0,
        191.0,
        177.0,
        135.0,
        132.0,
        127.0,
        89.0,
        82.0,
        64.0,
        53.0,
        55.0,
        38.0,
        38.0,
        32.0,
        25.0,
        24.0,
        21.0,
        28.0,
        27.0,
        25.0,
        34.0,
        26.0,
        20.0,
        15.0,
        17.0,
        21.0,
        14.0,
        13.0,
        6.0,
        12.0,
        10.0,
        16.0,
        15.0,
        10.0,
        10.0,
        13.0,
        13.0,
        8.0,
        5.0,
        9.0,
        6.0,
        7.0,
        3.0,
        3.0,
        5.0,
        3.0,
        3.0,
        8.0,
        6.0,
        6.0,
        5.0,
        4.0,
        3.0,
        5.0,
        3.0,
        6.0,
        2.0,
        4.0,
        4.0,
        5.0,
        3.0,
        4.0,
        2.0,
        3.0,
        3.0,
        0.0,
        0.0,
        1.0,
        2.0,
        3.0,
        1.0,
        0.0,
        0.0,
        0.0,
        0.0,
        1.0,
        1.0,
        4.0,
        4.0,
        0.0
      ],
      "silhouette_mask_path": "C:\\Users\\shrad\\TrendWeave\\MERGE_OUTPUT_FINAL\\Catwalks__Women_s_Footwear___Bags_Colour_A_W_25_26_en\\page_8\\img_4_mask_1.png"
    }
  ],
  "pose_keypoints": [
    {
      "x": 0.4835566282272339,
      "y": 0.13881978392601013,
      "z": -0.89811772108078,
      "visibility": 0.9986503720283508
    },
    {
      "x": 0.4983214735984802,
      "y": 0.11549156904220581,
      "z": -0.8687471151351929,
      "visibility": 0.9973202347755432
    },
    {
      "x": 0.5077108144760132,
      "y": 0.1153850257396698,
      "z": -0.868914008140564,
      "visibility": 0.9973199963569641
    },
    {
      "x": 0.5151942372322083,
      "y": 0.11593940854072571,
      "z": -0.8692557215690613,
      "visibility": 0.9974467754364014
    },
    {
      "x": 0.47034260630607605,
      "y": 0.11673607677221298,
      "z": -0.8707754611968994,
      "visibility": 0.9973758459091187
    },
    {
      "x": 0.4620904326438904,
      "y": 0.1176755353808403,
      "z": -0.8709332346916199,
      "visibility": 0.9971191883087158
    },
    {
      "x": 0.45352762937545776,
      "y": 0.11924505233764648,
      "z": -0.871306836605072,
      "visibility": 0.997462272644043
    },
    {
      "x": 0.5319905877113342,
      "y": 0.12737199664115906,
      "z": -0.6066091656684875,
      "visibility": 0.9969804883003235
    },
    {
      "x": 0.4480125904083252,
      "y": 0.13200044631958008,
      "z": -0.6137880086898804,
      "visibility": 0.9967833757400513
    },
    {
      "x": 0.5056825876235962,
      "y": 0.162840336561203,
      "z": -0.7926021814346313,
      "visibility": 0.999431312084198
    },
    {
      "x": 0.4707694947719574,
      "y": 0.16504192352294922,
      "z": -0.7946714162826538,
      "visibility": 0.9994000196456909
    },
    {
      "x": 0.6267781257629395,
      "y": 0.2622382342815399,
      "z": -0.3666512370109558,
      "visibility": 0.9987636804580688
    },
    {
      "x": 0.3882487714290619,
      "y": 0.28247159719467163,
      "z": -0.4370599091053009,
      "visibility": 0.9990012049674988
    },
    {
      "x": 0.6474034786224365,
      "y": 0.4457983374595642,
      "z": -0.24359674751758575,
      "visibility": 0.88238525390625
    },
    {
      "x": 0.3559218943119049,
      "y": 0.47640934586524963,
      "z": -0.35185542702674866,
      "visibility": 0.878922700881958
    },
    {
      "x": 0.6522287130355835,
      "y": 0.6029735803604126,
      "z": -0.46044784784317017,
      "visibility": 0.5400033593177795
    },
    {
      "x": 0.3275827169418335,
      "y": 0.6603642702102661,
      "z": -0.509507954120636,
      "visibility": 0.43296846747398376
    },
    {
      "x": 0.6644065976142883,
      "y": 0.6563245058059692,
      "z": -0.5206292271614075,
      "visibility": 0.43704962730407715
    },
    {
      "x": 0.32667964696884155,
      "y": 0.7089234590530396,
      "z": -0.5592769980430603,
      "visibility": 0.3313973844051361
    },
    {
      "x": 0.6527674794197083,
      "y": 0.6550946831703186,
      "z": -0.5974710583686829,
      "visibility": 0.4743383824825287
    },
    {
      "x": 0.34040236473083496,
      "y": 0.7120707631111145,
      "z": -0.6401330232620239,
      "visibility": 0.3555395305156708
    },
    {
      "x": 0.6372034549713135,
      "y": 0.6377532482147217,
      "z": -0.49452656507492065,
      "visibility": 0.49219244718551636
    },
    {
      "x": 0.3473729193210602,
      "y": 0.6945123672485352,
      "z": -0.5436272025108337,
      "visibility": 0.38630178570747375
    },
    {
      "x": 0.5691797137260437,
      "y": 0.5951862931251526,
      "z": 0.05671599507331848,
      "visibility": 0.987463116645813
    },
    {
      "x": 0.43507301807403564,
      "y": 0.5954287648200989,
      "z": -0.05666026473045349,
      "visibility": 0.9902300238609314
    },
    {
      "x": 0.5508248209953308,
      "y": 0.9181878566741943,
      "z": -0.17076918482780457,
      "visibility": 0.8031812906265259
    },
    {
      "x": 0.48098817467689514,
      "y": 0.9075307846069336,
      "z": -0.21514025330543518,
      "visibility": 0.845984697341919
    },
    {
      "x": 0.5489182472229004,
      "y": 0.9628573656082153,
      "z": 0.5929717421531677,
      "visibility": 0.26155346632003784
    },
    {
      "x": 0.4834437072277069,
      "y": 1.063590168952942,
      "z": 0.3547828197479248,
      "visibility": 0.39836955070495605
    },
    {
      "x": 0.5472426414489746,
      "y": 0.9605002403259277,
      "z": 0.6567697525024414,
      "visibility": 0.1893564909696579
    },
    {
      "x": 0.4852880835533142,
      "y": 1.0739177465438843,
      "z": 0.40212881565093994,
      "visibility": 0.14723914861679077
    },
    {
      "x": 0.5723986625671387,
      "y": 1.09982430934906,
      "z": 0.45427581667900085,
      "visibility": 0.17859110236167908
    },
    {
      "x": 0.4988201856613159,
      "y": 1.1665533781051636,
      "z": 0.12565770745277405,
      "visibility": 0.2484876811504364
    }
  ]
}