{
  "image": "C:\\Users\\shrad\\TrendWeave\\TrendWeave\\extracted_data\\Catwalks__Women_s_Colour_A_W_25_26_en\\page_8\\img_1.jpeg",
  "items": [
    {
      "yolo_label": "person",
      "bbox": [
        222.78887939453125,
        33.8191032409668,
        632.4851684570312,
        1248.3514404296875
      ],
      "confidence": 0.9112500548362732,
      "clip_attributes": {
        "palette": {
          "label": "bold colors",
          "confidence": 0.25638821721076965
        },
        "dress_silhouette": {
          "label": "wrap dress",
          "confidence": 0.2739861011505127
        },
        "neckline": {
          "label": "square neckline",
          "confidence": 0.2599979043006897
        },
        "sleeve_type": {
          "label": "bell sleeves",
          "confidence": 0.2711055874824524
        },
        "top_silhouette": {
          "label": "peplum",
          "confidence": 0.24681194126605988
        },
        "bottom_style": {
          "label": "culottes",
          "confidence": 0.2561476528644562
        },
        "outerwear": {
          "label": "long coat",
          "confidence": 0.2494007647037506
        },
        "shoe_type": {
          "label": "ballet flats",
          "confidence": 0.24353942275047302
        },
        "bag_type": {
          "label": "shoulder bag",
          "confidence": 0.23363925516605377
        },
        "accessory": {
          "label": "scarf",
          "confidence": 0.23314699530601501
        },
        "hairstyle": {
          "label": "ponytail",
          "confidence": 0.20967844128608704
        },
        "setting": {
          "label": "office wear",
          "confidence": 0.23984166979789734
        },
        "fabric_type": {
          "label": "satin",
          "confidence": 0.28122448921203613
        },
        "season": {
          "label": "spring",
          "confidence": 0.2060481160879135
        },
        "style_theme": {
          "label": "elegant chic",
          "confidence": 0.2529906928539276
        }
      },
      "dominant_colors": [
        [
          34,
          146,
          134
        ],
        [
          176,
          135,
          152
        ],
        [
          94,
          180,
          129
        ]
      ],
      "texture_histogram": [
        41.0,
        176.0,
        1541.0,
        5118.0,
        7482.0,
        1988.0,
        741.0,
        536.0,
        522.0,
        570.0,
        648.0,
        741.0,
        762.0,
        910.0,
        1067.0,
        1074.0,
        1155.0,
        1265.0,
        1355.0,
        1496.0,
        1580.0,
        1825.0,
        1997.0,
        2375.0,
        2646.0,
        2858.0,
        3016.0,
        3002.0,
        2986.0,
        2934.0,
        2884.0,
        2954.0,
        2824.0,
        2810.0,
        2861.0,
        2942.0,
        2970.0,
        3039.0,
        3153.0,
        3181.0,
        3161.0,
        3309.0,
        3106.0,
        3263.0,
        3132.0,
        3200.0,
        3305.0,
        3227.0,
        3506.0,
        3695.0,
        3982.0,
        4157.0,
        4346.0,
        4813.0,
        4965.0,
        5108.0,
        5088.0,
        4606.0,
        4393.0,
        3934.0,
        3730.0,
        3358.0,
        3103.0,
        3086.0,
        2981.0,
        2963.0,
        2824.0,
        2812.0,
        2704.0,
        2562.0,
        2775.0,
        2775.0,
        2864.0,
        2826.0,
        2899.0,
        3009.0,
        2947.0,
        2811.0,
        2656.0,
        2644.0,
        2521.0,
        2469.0,
        2464.0,
        2378.0,
        2435.0,
        2440.0,
        2403.0,
        2426.0,
        2386.0,
        2318.0,
        2229.0,
        2206.0,
        2074.0,
        1945.0,
        1875.0,
        1812.0,
        1760.0,
        1714.0,
        1590.0,
        1494.0,
        1409.0,
        1349.0,
        1238.0,
        1129.0,
        1046.0,
        974.0,
        933.0,
        990.0,
        947.0,
        917.0,
        949.0,
        929.0,
        965.0,
        903.0,
        868.0,
        932.0,
        921.0,
        898.0,
        891.0,
        959.0,
        921.0,
        989.0,
        1034.0,
        980.0,
        1013.0,
        1042.0,
        1148.0,
        1147.0,
        1097.0,
        1282.0,
        1326.0,
        1474.0,
        1579.0,
        1627.0,
        1678.0,
        1803.0,
        1793.0,
        1838.0,
        1897.0,
        1892.0,
        2113.0,
        1936.0,
        2003.0,
        2096.0,
        1990.0,
        2099.0,
        2080.0,
        2080.0,
        2034.0,
        2014.0,
        2176.0,
        2027.0,
        2008.0,
        1994.0,
        2070.0,
        2226.0,
        2216.0,
        2292.0,
        2277.0,
        2447.0,
        2490.0,
        2584.0,
        2624.0,
        2472.0,
        2585.0,
        2587.0,
        2604.0,
        2497.0,
        2549.0,
        2563.0,
        2466.0,
        2505.0,
        2609.0,
        2655.0,
        2678.0,
        2790.0,
        2984.0,
        3138.0,
        3269.0,
        3316.0,
        3357.0,
        3527.0,
        3464.0,
        3666.0,
        3667.0,
        3695.0,
        3738.0,
        3933.0,
        3970.0,
        4273.0,
        4645.0,
        4664.0,
        4568.0,
        4623.0,
        4373.0,
        4042.0,
        3958.0,
        3544.0,
        3373.0,
        2921.0,
        2602.0,
        2191.0,
        1800.0,
        1284.0,
        1186.0,
        772.0,
        621.0,
        542.0,
        405.0,
        297.0,
        253.0,
        125.0,
        72.0,
        71.0,
        41.0,
        32.0,
        36.0,
        21.0,
        24.0,
        22.0,
        28.0,
        22.0,
        28.0,
        22.0,
        21.0,
        20.0,
        20.0,
        25.0,
        22.0,
        19.0,
        25.0,
        15.0,
        9.0,
        13.0,
        8.0,
        3.0,
        3.0,
        4.0,
        1.0,
        2.0,
        2.0,
        0.0,
        0.0,
        0.0,
        0.0,
        0.0,
        0.0,
        0.0,
        1.0,
        0.0,
        0.0,
        0.0,
        0.0,
        0.0,
        0.0,
        0.0
      ],
      "silhouette_mask_path": "C:\\Users\\shrad\\TrendWeave\\MERGE_OUTPUT_FINAL\\Catwalks__Women_s_Colour_A_W_25_26_en\\page_8\\img_1_mask_0.png"
    }
  ],
  "pose_keypoints": [
    {
      "x": 0.4916553497314453,
      "y": 0.11495716124773026,
      "z": -0.2807047665119171,
      "visibility": 0.9986518025398254
    },
    {
      "x": 0.498491108417511,
      "y": 0.09646770358085632,
      "z": -0.26840540766716003,
      "visibility": 0.9974690675735474
    },
    {
      "x": 0.5031654238700867,
      "y": 0.09654399752616882,
      "z": -0.26854509115219116,
      "visibility": 0.9974328875541687
    },
    {
      "x": 0.5081971287727356,
      "y": 0.09705376625061035,
      "z": -0.26871487498283386,
      "visibility": 0.9977447986602783
    },
    {
      "x": 0.48413002490997314,
      "y": 0.09657147526741028,
      "z": -0.2800666093826294,
      "visibility": 0.9978908896446228
    },
    {
      "x": 0.4778706729412079,
      "y": 0.0969056487083435,
      "z": -0.28007546067237854,
      "visibility": 0.9979385733604431
    },
    {
      "x": 0.4706439971923828,
      "y": 0.09772929549217224,
      "z": -0.28023791313171387,
      "visibility": 0.9983311295509338
    },
    {
      "x": 0.5128957033157349,
      "y": 0.10864485055208206,
      "z": -0.15294970571994781,
      "visibility": 0.9958620071411133
    },
    {
      "x": 0.4588645100593567,
      "y": 0.1099710687994957,
      "z": -0.20927637815475464,
      "visibility": 0.9975218176841736
    },
    {
      "x": 0.5003886222839355,
      "y": 0.13519060611724854,
      "z": -0.23009784519672394,
      "visibility": 0.99819415807724
    },
    {
      "x": 0.48136934638023376,
      "y": 0.13525819778442383,
      "z": -0.24621179699897766,
      "visibility": 0.9985190033912659
    },
    {
      "x": 0.5433979630470276,
      "y": 0.20983794331550598,
      "z": -0.08569195121526718,
      "visibility": 0.996606707572937
    },
    {
      "x": 0.41685324907302856,
      "y": 0.2188778817653656,
      "z": -0.13958093523979187,
      "visibility": 0.9981465339660645
    },
    {
      "x": 0.5428054332733154,
      "y": 0.3379104733467102,
      "z": -0.011628237552940845,
      "visibility": 0.40956175327301025
    },
    {
      "x": 0.32999035716056824,
      "y": 0.3499164283275604,
      "z": -0.09582164883613586,
      "visibility": 0.680092990398407
    },
    {
      "x": 0.5143545269966125,
      "y": 0.422861784696579,
      "z": 0.0100828493013978,
      "visibility": 0.10804875195026398
    },
    {
      "x": 0.4309733510017395,
      "y": 0.42908111214637756,
      "z": -0.09770985692739487,
      "visibility": 0.22147789597511292
    },
    {
      "x": 0.5120673179626465,
      "y": 0.44845473766326904,
      "z": -0.00613588560372591,
      "visibility": 0.09910409897565842
    },
    {
      "x": 0.44427597522735596,
      "y": 0.45198091864585876,
      "z": -0.1185072660446167,
      "visibility": 0.1938130408525467
    },
    {
      "x": 0.5074623823165894,
      "y": 0.44270965456962585,
      "z": -0.02245791256427765,
      "visibility": 0.09923894703388214
    },
    {
      "x": 0.4469418227672577,
      "y": 0.44245395064353943,
      "z": -0.13741400837898254,
      "visibility": 0.19633977115154266
    },
    {
      "x": 0.5045890212059021,
      "y": 0.4329688251018524,
      "z": 0.002600941341370344,
      "visibility": 0.10731937736272812
    },
    {
      "x": 0.44341152906417847,
      "y": 0.4337860643863678,
      "z": -0.10558564960956573,
      "visibility": 0.209553524851799
    },
    {
      "x": 0.5406147837638855,
      "y": 0.4526083171367645,
      "z": 0.02027628757059574,
      "visibility": 0.9870104789733887
    },
    {
      "x": 0.4884021282196045,
      "y": 0.4486806392669678,
      "z": -0.020497292280197144,
      "visibility": 0.9853940010070801
    },
    {
      "x": 0.5240323543548584,
      "y": 0.6698588132858276,
      "z": -0.026194307953119278,
      "visibility": 0.7923569083213806
    },
    {
      "x": 0.486526221036911,
      "y": 0.6762654781341553,
      "z": -0.09160659462213516,
      "visibility": 0.7994208335876465
    },
    {
      "x": 0.5194060802459717,
      "y": 0.8548681735992432,
      "z": 0.03861396014690399,
      "visibility": 0.7541894316673279
    },
    {
      "x": 0.49917668104171753,
      "y": 0.8640404939651489,
      "z": -0.029370754957199097,
      "visibility": 0.7056803107261658
    },
    {
      "x": 0.5134653449058533,
      "y": 0.8722535371780396,
      "z": 0.03083130717277527,
      "visibility": 0.4535546600818634
    },
    {
      "x": 0.5008818507194519,
      "y": 0.8820819854736328,
      "z": -0.03190719708800316,
      "visibility": 0.4519940912723541
    },
    {
      "x": 0.5126696228981018,
      "y": 0.9326973557472229,
      "z": -0.1925974041223526,
      "visibility": 0.6573914289474487
    },
    {
      "x": 0.5011501312255859,
      "y": 0.9414976239204407,
      "z": -0.2603810131549835,
      "visibility": 0.6275530457496643
    }
  ]
}