{
  "image": "C:\\Users\\shrad\\TrendWeave\\TrendWeave\\extracted_data\\Catwalks__Women_s_Colour_A_W_25_26_en\\page_8\\img_3.jpeg",
  "items": [
    {
      "yolo_label": "person",
      "bbox": [
        227.97386169433594,
        31.147958755493164,
        664.258056640625,
        1237.0609130859375
      ],
      "confidence": 0.8687456250190735,
      "clip_attributes": {
        "palette": {
          "label": "bold colors",
          "confidence": 0.23226487636566162
        },
        "dress_silhouette": {
          "label": "maxi dress",
          "confidence": 0.23248650133609772
        },
        "neckline": {
          "label": "square neckline",
          "confidence": 0.24505789577960968
        },
        "sleeve_type": {
          "label": "puffed sleeves",
          "confidence": 0.2815316617488861
        },
        "top_silhouette": {
          "label": "peplum",
          "confidence": 0.2126556634902954
        },
        "bottom_style": {
          "label": "culottes",
          "confidence": 0.23509915173053741
        },
        "outerwear": {
          "label": "long coat",
          "confidence": 0.2154761105775833
        },
        "shoe_type": {
          "label": "ballet flats",
          "confidence": 0.2264673113822937
        },
        "bag_type": {
          "label": "shoulder bag",
          "confidence": 0.20472098886966705
        },
        "accessory": {
          "label": "scarf",
          "confidence": 0.1945836991071701
        },
        "hairstyle": {
          "label": "loose curls",
          "confidence": 0.18945838510990143
        },
        "setting": {
          "label": "brunch look",
          "confidence": 0.21404390037059784
        },
        "fabric_type": {
          "label": "organza",
          "confidence": 0.27043095231056213
        },
        "season": {
          "label": "spring",
          "confidence": 0.2009972333908081
        },
        "style_theme": {
          "label": "elegant chic",
          "confidence": 0.23942968249320984
        }
      },
      "dominant_colors": [
        [
          136,
          189,
          139
        ],
        [
          163,
          135,
          139
        ],
        [
          77,
          149,
          141
        ]
      ],
      "texture_histogram": [
        0.0,
        7.0,
        9.0,
        16.0,
        28.0,
        22.0,
        24.0,
        31.0,
        27.0,
        41.0,
        35.0,
        37.0,
        27.0,
        31.0,
        39.0,
        47.0,
        55.0,
        75.0,
        62.0,
        100.0,
        143.0,
        184.0,
        196.0,
        242.0,
        253.0,
        212.0,
        254.0,
        294.0,
        307.0,
        289.0,
        323.0,
        342.0,
        383.0,
        395.0,
        475.0,
        517.0,
        624.0,
        720.0,
        808.0,
        900.0,
        1013.0,
        999.0,
        1106.0,
        1217.0,
        1359.0,
        1438.0,
        1641.0,
        1788.0,
        1974.0,
        2189.0,
        2591.0,
        2811.0,
        3066.0,
        3420.0,
        3622.0,
        3955.0,
        4092.0,
        4196.0,
        4087.0,
        4144.0,
        4144.0,
        4172.0,
        4013.0,
        4030.0,
        3876.0,
        3654.0,
        3803.0,
        3625.0,
        3551.0,
        3570.0,
        3582.0,
        3436.0,
        3411.0,
        3396.0,
        3279.0,
        3283.0,
        3190.0,
        3078.0,
        3047.0,
        2972.0,
        2898.0,
        2802.0,
        2739.0,
        2636.0,
        2548.0,
        2558.0,
        2658.0,
        2461.0,
        2491.0,
        2565.0,
        2521.0,
        2569.0,
        2597.0,
        2501.0,
        2589.0,
        2614.0,
        2592.0,
        2634.0,
        2719.0,
        2660.0,
        2716.0,
        2867.0,
        2932.0,
        2858.0,
        3005.0,
        3007.0,
        3101.0,
        3397.0,
        3301.0,
        3410.0,
        3488.0,
        3647.0,
        3697.0,
        3745.0,
        3984.0,
        4132.0,
        4089.0,
        4155.0,
        4203.0,
        4216.0,
        4362.0,
        4359.0,
        4460.0,
        4469.0,
        4509.0,
        4478.0,
        4577.0,
        4574.0,
        4612.0,
        4595.0,
        4609.0,
        4645.0,
        4738.0,
        4895.0,
        4779.0,
        4875.0,
        5089.0,
        4978.0,
        5142.0,
        4994.0,
        5035.0,
        4856.0,
        4929.0,
        4770.0,
        4640.0,
        4572.0,
        4317.0,
        4138.0,
        3954.0,
        3711.0,
        3679.0,
        3420.0,
        3322.0,
        3488.0,
        3400.0,
        3350.0,
        3295.0,
        3241.0,
        3157.0,
        3255.0,
        3211.0,
        3285.0,
        3243.0,
        3343.0,
        3379.0,
        3409.0,
        3329.0,
        3478.0,
        3360.0,
        3391.0,
        3239.0,
        3045.0,
        2965.0,
        2645.0,
        2428.0,
        2174.0,
        2083.0,
        1837.0,
        1596.0,
        1460.0,
        1312.0,
        1281.0,
        1121.0,
        1088.0,
        1100.0,
        1010.0,
        969.0,
        1005.0,
        1074.0,
        1172.0,
        1139.0,
        1145.0,
        1158.0,
        1233.0,
        1149.0,
        1172.0,
        1192.0,
        1270.0,
        1280.0,
        1276.0,
        1249.0,
        1218.0,
        1422.0,
        1494.0,
        1475.0,
        1553.0,
        1495.0,
        1455.0,
        1571.0,
        1545.0,
        1534.0,
        1310.0,
        1140.0,
        1061.0,
        866.0,
        586.0,
        332.0,
        226.0,
        157.0,
        93.0,
        61.0,
        42.0,
        36.0,
        18.0,
        23.0,
        8.0,
        6.0,
        6.0,
        2.0,
        3.0,
        3.0,
        2.0,
        4.0,
        2.0,
        1.0,
        2.0,
        3.0,
        2.0,
        1.0,
        0.0,
        1.0,
        1.0,
        0.0,
        1.0,
        1.0,
        0.0,
        1.0,
        0.0,
        0.0,
        0.0,
        0.0,
        0.0,
        0.0,
        0.0,
        0.0,
        0.0
      ],
      "silhouette_mask_path": "C:\\Users\\shrad\\TrendWeave\\MERGE_OUTPUT_FINAL\\Catwalks__Women_s_Colour_A_W_25_26_en\\page_8\\img_3_mask_0.png"
    }
  ],
  "pose_keypoints": [
    {
      "x": 0.5073108077049255,
      "y": 0.12112844735383987,
      "z": -0.867495059967041,
      "visibility": 0.9999219179153442
    },
    {
      "x": 0.5253588557243347,
      "y": 0.10127075761556625,
      "z": -0.8360244035720825,
      "visibility": 0.9997500777244568
    },
    {
      "x": 0.5362116694450378,
      "y": 0.10162446647882462,
      "z": -0.836151659488678,
      "visibility": 0.9997525811195374
    },
    {
      "x": 0.5458611845970154,
      "y": 0.10171803086996078,
      "z": -0.8362874984741211,
      "visibility": 0.9997510313987732
    },
    {
      "x": 0.4906589090824127,
      "y": 0.09955990314483643,
      "z": -0.8364397883415222,
      "visibility": 0.9996165037155151
    },
    {
      "x": 0.47902151942253113,
      "y": 0.09919503331184387,
      "z": -0.8364423513412476,
      "visibility": 0.9996011853218079
    },
    {
      "x": 0.46854734420776367,
      "y": 0.099202960729599,
      "z": -0.8365522027015686,
      "visibility": 0.9995742440223694
    },
    {
      "x": 0.5564468502998352,
      "y": 0.10592970252037048,
      "z": -0.559009313583374,
      "visibility": 0.9997226595878601
    },
    {
      "x": 0.4559626579284668,
      "y": 0.10667938739061356,
      "z": -0.5625317692756653,
      "visibility": 0.999367892742157
    },
    {
      "x": 0.527394711971283,
      "y": 0.13963249325752258,
      "z": -0.7557281851768494,
      "visibility": 0.9999319314956665
    },
    {
      "x": 0.48789331316947937,
      "y": 0.13949179649353027,
      "z": -0.7567263841629028,
      "visibility": 0.9998623132705688
    },
    {
      "x": 0.6259452700614929,
      "y": 0.216497540473938,
      "z": -0.31869593262672424,
      "visibility": 0.9999562501907349
    },
    {
      "x": 0.39371877908706665,
      "y": 0.21572859585285187,
      "z": -0.3286430835723877,
      "visibility": 0.9997857213020325
    },
    {
      "x": 0.6473726630210876,
      "y": 0.36243438720703125,
      "z": -0.08547376096248627,
      "visibility": 0.9039323329925537
    },
    {
      "x": 0.3811572790145874,
      "y": 0.35503560304641724,
      "z": -0.17308610677719116,
      "visibility": 0.8187862634658813
    },
    {
      "x": 0.6563751697540283,
      "y": 0.46925196051597595,
      "z": -0.2332736700773239,
      "visibility": 0.7559448480606079
    },
    {
      "x": 0.3441384732723236,
      "y": 0.4605783522129059,
      "z": -0.3705191910266876,
      "visibility": 0.654118001461029
    },
    {
      "x": 0.6603289246559143,
      "y": 0.5017651915550232,
      "z": -0.27854102849960327,
      "visibility": 0.6966626048088074
    },
    {
      "x": 0.3334881067276001,
      "y": 0.4869076609611511,
      "z": -0.4339037537574768,
      "visibility": 0.6146143078804016
    },
    {
      "x": 0.6509716510772705,
      "y": 0.4992883801460266,
      "z": -0.36879250407218933,
      "visibility": 0.7151718139648438
    },
    {
      "x": 0.33439338207244873,
      "y": 0.4852212369441986,
      "z": -0.5362405180931091,
      "visibility": 0.635138213634491
    },
    {
      "x": 0.6411833167076111,
      "y": 0.48800551891326904,
      "z": -0.2707834243774414,
      "visibility": 0.7256098985671997
    },
    {
      "x": 0.34070760011672974,
      "y": 0.47887349128723145,
      "z": -0.4175574779510498,
      "visibility": 0.637752890586853
    },
    {
      "x": 0.5714916586875916,
      "y": 0.45904409885406494,
      "z": -0.010664802975952625,
      "visibility": 0.9996309280395508
    },
    {
      "x": 0.4343924820423126,
      "y": 0.4549029767513275,
      "z": 0.010716699995100498,
      "visibility": 0.9991095662117004
    },
    {
      "x": 0.5309962630271912,
      "y": 0.6567792296409607,
      "z": -0.11078222095966339,
      "visibility": 0.7558192014694214
    },
    {
      "x": 0.4127263128757477,
      "y": 0.6367892026901245,
      "z": -0.03326432406902313,
      "visibility": 0.8112846612930298
    },
    {
      "x": 0.49224647879600525,
      "y": 0.8222723007202148,
      "z": 0.3743171989917755,
      "visibility": 0.7589158415794373
    },
    {
      "x": 0.4220677316188812,
      "y": 0.8066284656524658,
      "z": 0.43781521916389465,
      "visibility": 0.7801382541656494
    },
    {
      "x": 0.48104241490364075,
      "y": 0.8380059599876404,
      "z": 0.40371498465538025,
      "visibility": 0.3994525074958801
    },
    {
      "x": 0.43435829877853394,
      "y": 0.8235169649124146,
      "z": 0.4692511558532715,
      "visibility": 0.46836891770362854
    },
    {
      "x": 0.4866091310977936,
      "y": 0.8998825550079346,
      "z": 0.09295231103897095,
      "visibility": 0.7434165477752686
    },
    {
      "x": 0.40521636605262756,
      "y": 0.8874281644821167,
      "z": 0.16450920701026917,
      "visibility": 0.7854853868484497
    }
  ]
}