{
  "image": "C:\\Users\\shrad\\TrendWeave\\TrendWeave\\extracted_data\\Catwalks__Women_s_Key_Items___Jewellery_A_W_25_26_en\\page_5\\img_5.jpeg",
  "items": [
    {
      "yolo_label": "person",
      "bbox": [
        0.0,
        26.970178604125977,
        292.7292785644531,
        580.44580078125
      ],
      "confidence": 0.9145901203155518,
      "clip_attributes": {
        "palette": {
          "label": "earth tones",
          "confidence": 0.2276332676410675
        },
        "dress_silhouette": {
          "label": "fit and flare",
          "confidence": 0.22053033113479614
        },
        "neckline": {
          "label": "square neckline",
          "confidence": 0.26045623421669006
        },
        "sleeve_type": {
          "label": "puffed sleeves",
          "confidence": 0.22813379764556885
        },
        "top_silhouette": {
          "label": "fitted blouse",
          "confidence": 0.22466400265693665
        },
        "bottom_style": {
          "label": "culottes",
          "confidence": 0.20890013873577118
        },
        "outerwear": {
          "label": "long coat",
          "confidence": 0.20435112714767456
        },
        "shoe_type": {
          "label": "strappy sandals",
          "confidence": 0.21355919539928436
        },
        "bag_type": {
          "label": "shoulder bag",
          "confidence": 0.2066516876220703
        },
        "accessory": {
          "label": "hoop earrings",
          "confidence": 0.2655821442604065
        },
        "hairstyle": {
          "label": "loose curls",
          "confidence": 0.21840520203113556
        },
        "setting": {
          "label": "brunch look",
          "confidence": 0.22686634957790375
        },
        "fabric_type": {
          "label": "organza",
          "confidence": 0.22485706210136414
        },
        "season": {
          "label": "fall",
          "confidence": 0.20329546928405762
        },
        "style_theme": {
          "label": "elegant chic",
          "confidence": 0.24713312089443207
        }
      },
      "dominant_colors": [
        [
          195,
          141,
          150
        ],
        [
          17,
          130,
          131
        ],
        [
          108,
          134,
          146
        ]
      ],
      "texture_histogram": [
        1.0,
        12.0,
        21.0,
        46.0,
        89.0,
        208.0,
        655.0,
        1389.0,
        4239.0,
        8532.0,
        11224.0,
        8819.0,
        5503.0,
        3126.0,
        1894.0,
        1385.0,
        1127.0,
        1050.0,
        983.0,
        957.0,
        966.0,
        890.0,
        879.0,
        907.0,
        821.0,
        798.0,
        818.0,
        776.0,
        764.0,
        727.0,
        716.0,
        744.0,
        729.0,
        753.0,
        706.0,
        660.0,
        652.0,
        608.0,
        646.0,
        645.0,
        639.0,
        610.0,
        552.0,
        584.0,
        589.0,
        551.0,
        561.0,
        542.0,
        494.0,
        539.0,
        556.0,
        543.0,
        565.0,
        568.0,
        518.0,
        480.0,
        501.0,
        522.0,
        496.0,
        551.0,
        540.0,
        521.0,
        489.0,
        524.0,
        474.0,
        484.0,
        481.0,
        479.0,
        471.0,
        431.0,
        422.0,
        473.0,
        482.0,
        442.0,
        474.0,
        401.0,
        420.0,
        435.0,
        436.0,
        447.0,
        398.0,
        408.0,
        400.0,
        496.0,
        448.0,
        511.0,
        578.0,
        702.0,
        724.0,
        760.0,
        609.0,
        749.0,
        723.0,
        579.0,
        570.0,
        595.0,
        518.0,
        525.0,
        475.0,
        513.0,
        512.0,
        643.0,
        884.0,
        1172.0,
        1012.0,
        942.0,
        1342.0,
        889.0,
        659.0,
        533.0,
        551.0,
        504.0,
        463.0,
        480.0,
        506.0,
        582.0,
        542.0,
        492.0,
        550.0,
        545.0,
        601.0,
        606.0,
        614.0,
        501.0,
        582.0,
        478.0,
        494.0,
        504.0,
        459.0,
        437.0,
        448.0,
        420.0,
        393.0,
        390.0,
        391.0,
        377.0,
        368.0,
        380.0,
        425.0,
        403.0,
        361.0,
        384.0,
        387.0,
        377.0,
        388.0,
        384.0,
        363.0,
        413.0,
        360.0,
        379.0,
        346.0,
        349.0,
        421.0,
        358.0,
        331.0,
        308.0,
        290.0,
        292.0,
        296.0,
        296.0,
        298.0,
        293.0,
        266.0,
        263.0,
        279.0,
        260.0,
        296.0,
        283.0,
        287.0,
        289.0,
        284.0,
        305.0,
        304.0,
        325.0,
        317.0,
        343.0,
        333.0,
        334.0,
        331.0,
        341.0,
        358.0,
        403.0,
        401.0,
        355.0,
        417.0,
        402.0,
        414.0,
        431.0,
        458.0,
        458.0,
        468.0,
        495.0,
        454.0,
        476.0,
        546.0,
        554.0,
        635.0,
        626.0,
        625.0,
        669.0,
        680.0,
        796.0,
        895.0,
        1052.0,
        936.0,
        1008.0,
        975.0,
        945.0,
        946.0,
        896.0,
        933.0,
        982.0,
        874.0,
        890.0,
        824.0,
        816.0,
        722.0,
        562.0,
        502.0,
        402.0,
        318.0,
        216.0,
        155.0,
        76.0,
        50.0,
        42.0,
        47.0,
        30.0,
        25.0,
        21.0,
        24.0,
        23.0,
        18.0,
        15.0,
        16.0,
        13.0,
        13.0,
        6.0,
        13.0,
        12.0,
        10.0,
        11.0,
        12.0,
        14.0,
        11.0,
        18.0,
        9.0,
        5.0,
        8.0,
        11.0,
        15.0,
        8.0,
        1.0,
        0.0,
        0.0,
        0.0
      ],
      "silhouette_mask_path": "C:\\Users\\shrad\\TrendWeave\\MERGE_OUTPUT_FINAL\\Catwalks__Women_s_Key_Items___Jewellery_A_W_25_26_en\\page_5\\img_5_mask_0.png"
    },
    {
      "yolo_label": "cell phone",
      "bbox": [
        68.32381439208984,
        231.9369659423828,
        98.8028564453125,
        294.14007568359375
      ],
      "confidence": 0.27468013763427734,
      "clip_attributes": {
        "palette": {
          "label": "earth tones",
          "confidence": 0.23560509085655212
        },
        "dress_silhouette": {
          "label": "maxi dress",
          "confidence": 0.21717339754104614
        },
        "neckline": {
          "label": "halter neck",
          "confidence": 0.22122032940387726
        },
        "sleeve_type": {
          "label": "bell sleeves",
          "confidence": 0.23260606825351715
        },
        "top_silhouette": {
          "label": "peplum",
          "confidence": 0.22219552099704742
        },
        "bottom_style": {
          "label": "flared pants",
          "confidence": 0.22435365617275238
        },
        "outerwear": {
          "label": "long coat",
          "confidence": 0.2180076241493225
        },
        "shoe_type": {
          "label": "ballet flats",
          "confidence": 0.21158789098262787
        },
        "bag_type": {
          "label": "shoulder bag",
          "confidence": 0.22135888040065765
        },
        "accessory": {
          "label": "watch",
          "confidence": 0.21483303606510162
        },
        "hairstyle": {
          "label": "braids",
          "confidence": 0.20395377278327942
        },
        "setting": {
          "label": "office wear",
          "confidence": 0.19763648509979248
        },
        "fabric_type": {
          "label": "organza",
          "confidence": 0.22315646708011627
        },
        "season": {
          "label": "winter",
          "confidence": 0.20593930780887604
        },
        "style_theme": {
          "label": "vintage",
          "confidence": 0.21155500411987305
        }
      },
      "dominant_colors": [
        [
          71,
          134,
          149
        ],
        [
          21,
          133,
          136
        ],
        [
          171,
          132,
          159
        ]
      ],
      "texture_histogram": [
        1.0,
        2.0,
        3.0,
        5.0,
        14.0,
        8.0,
        20.0,
        27.0,
        16.0,
        22.0,
        24.0,
        16.0,
        10.0,
        34.0,
        26.0,
        39.0,
        43.0,
        33.0,
        35.0,
        38.0,
        38.0,
        32.0,
        26.0,
        21.0,
        21.0,
        21.0,
        19.0,
        23.0,
        14.0,
        20.0,
        20.0,
        22.0,
        27.0,
        23.0,
        29.0,
        20.0,
        22.0,
        19.0,
        12.0,
        14.0,
        23.0,
        17.0,
        25.0,
        17.0,
        22.0,
        21.0,
        23.0,
        19.0,
        20.0,
        22.0,
        20.0,
        17.0,
        25.0,
        18.0,
        17.0,
        8.0,
        18.0,
        19.0,
        14.0,
        14.0,
        11.0,
        8.0,
        11.0,
        11.0,
        15.0,
        18.0,
        15.0,
        9.0,
        13.0,
        13.0,
        8.0,
        12.0,
        9.0,
        10.0,
        9.0,
        14.0,
        5.0,
        6.0,
        8.0,
        6.0,
        8.0,
        2.0,
        6.0,
        4.0,
        8.0,
        4.0,
        4.0,
        0.0,
        2.0,
        4.0,
        4.0,
        3.0,
        4.0,
        5.0,
        4.0,
        5.0,
        4.0,
        9.0,
        4.0,
        5.0,
        3.0,
        3.0,
        0.0,
        6.0,
        1.0,
        2.0,
        6.0,
        5.0,
        3.0,
        4.0,
        3.0,
        1.0,
        2.0,
        2.0,
        3.0,
        2.0,
        1.0,
        1.0,
        0.0,
        1.0,
        3.0,
        8.0,
        3.0,
        2.0,
        2.0,
        2.0,
        2.0,
        2.0,
        3.0,
        3.0,
        3.0,
        3.0,
        5.0,
        2.0,
        2.0,
        3.0,
        4.0,
        1.0,
        4.0,
        4.0,
        1.0,
        1.0,
        2.0,
        2.0,
        3.0,
        6.0,
        4.0,
        0.0,
        4.0,
        7.0,
        4.0,
        3.0,
        3.0,
        3.0,
        3.0,
        2.0,
        1.0,
        4.0,
        3.0,
        5.0,
        7.0,
        2.0,
        3.0,
        2.0,
        3.0,
        2.0,
        7.0,
        3.0,
        0.0,
        2.0,
        2.0,
        8.0,
        4.0,
        5.0,
        4.0,
        2.0,
        6.0,
        1.0,
        6.0,
        2.0,
        5.0,
        2.0,
        11.0,
        11.0,
        12.0,
        4.0,
        5.0,
        8.0,
        9.0,
        6.0,
        6.0,
        8.0,
        2.0,
        3.0,
        2.0,
        1.0,
        1.0,
        2.0,
        3.0,
        2.0,
        0.0,
        2.0,
        0.0,
        0.0,
        1.0,
        1.0,
        0.0,
        0.0,
        0.0,
        0.0,
        0.0,
        2.0,
        0.0,
        0.0,
        0.0,
        0.0,
        0.0,
        0.0,
        0.0,
        0.0,
        0.0,
        0.0,
        1.0,
        0.0,
        0.0,
        0.0,
        0.0,
        0.0,
        0.0,
        0.0,
        0.0,
        0.0,
        0.0,
        0.0,
        0.0,
        0.0,
        0.0,
        0.0,
        0.0,
        0.0,
        0.0,
        0.0,
        0.0,
        0.0,
        0.0,
        0.0,
        0.0,
        0.0,
        0.0,
        0.0,
        0.0,
        0.0,
        0.0,
        0.0,
        0.0,
        0.0
      ],
      "silhouette_mask_path": "C:\\Users\\shrad\\TrendWeave\\MERGE_OUTPUT_FINAL\\Catwalks__Women_s_Key_Items___Jewellery_A_W_25_26_en\\page_5\\img_5_mask_1.png"
    }
  ],
  "pose_keypoints": [
    {
      "x": 0.7455613613128662,
      "y": 0.4358861446380615,
      "z": -3.7181780338287354,
      "visibility": 0.9998074173927307
    },
    {
      "x": 0.7934399843215942,
      "y": 0.3718513250350952,
      "z": -3.5003104209899902,
      "visibility": 0.9995936751365662
    },
    {
      "x": 0.830277144908905,
      "y": 0.37221360206604004,
      "z": -3.5015110969543457,
      "visibility": 0.9995731711387634
    },
    {
      "x": 0.8667381405830383,
      "y": 0.3727632761001587,
      "z": -3.5022218227386475,
      "visibility": 0.9994561076164246
    },
    {
      "x": 0.652130663394928,
      "y": 0.3684316873550415,
      "z": -3.552900552749634,
      "visibility": 0.9996553659439087
    },
    {
      "x": 0.5785118341445923,
      "y": 0.3667227029800415,
      "z": -3.55169415473938,
      "visibility": 0.9996985197067261
    },
    {
      "x": 0.5133084654808044,
      "y": 0.3657500743865967,
      "z": -3.5530271530151367,
      "visibility": 0.9996880292892456
    },
    {
      "x": 0.8879899978637695,
      "y": 0.392583966255188,
      "z": -2.1341018676757812,
      "visibility": 0.9993771910667419
    },
    {
      "x": 0.3910597860813141,
      "y": 0.3841656446456909,
      "z": -2.3282320499420166,
      "visibility": 0.9997696280479431
    },
    {
      "x": 0.7888699769973755,
      "y": 0.5072924494743347,
      "z": -3.201641798019409,
      "visibility": 0.9998403787612915
    },
    {
      "x": 0.6239751577377319,
      "y": 0.49791914224624634,
      "z": -3.2609825134277344,
      "visibility": 0.9998964071273804
    },
    {
      "x": 1.0567877292633057,
      "y": 0.7545047998428345,
      "z": -1.2388726472854614,
      "visibility": 0.995943009853363
    },
    {
      "x": -0.005292236804962158,
      "y": 0.7593663930892944,
      "z": -1.5316712856292725,
      "visibility": 0.9970059990882874
    },
    {
      "x": 1.3853788375854492,
      "y": 1.1488564014434814,
      "z": -0.9530443549156189,
      "visibility": 0.15738901495933533
    },
    {
      "x": -0.4473382830619812,
      "y": 1.1617162227630615,
      "z": -1.3827680349349976,
      "visibility": 0.5977888703346252
    },
    {
      "x": 1.353109359741211,
      "y": 1.4523440599441528,
      "z": -2.0164546966552734,
      "visibility": 0.02430638112127781
    },
    {
      "x": -0.4448678195476532,
      "y": 1.4564611911773682,
      "z": -2.786513566970825,
      "visibility": 0.0934724286198616
    },
    {
      "x": 1.398639440536499,
      "y": 1.57027006149292,
      "z": -2.344118118286133,
      "visibility": 0.025297805666923523
    },
    {
      "x": -0.4945322573184967,
      "y": 1.5654535293579102,
      "z": -3.1859865188598633,
      "visibility": 0.07044003158807755
    },
    {
      "x": 1.2936348915100098,
      "y": 1.5646331310272217,
      "z": -2.565152645111084,
      "visibility": 0.04147471860051155
    },
    {
      "x": -0.3858475685119629,
      "y": 1.554889440536499,
      "z": -3.4845335483551025,
      "visibility": 0.113848015666008
    },
    {
      "x": 1.2535580396652222,
      "y": 1.5180734395980835,
      "z": -2.16164493560791,
      "visibility": 0.03893741965293884
    },
    {
      "x": -0.3510105013847351,
      "y": 1.5120713710784912,
      "z": -2.9517436027526855,
      "visibility": 0.10939493775367737
    },
    {
      "x": 0.8778051137924194,
      "y": 1.530197024345398,
      "z": -0.19535960257053375,
      "visibility": 0.0012634696904569864
    },
    {
      "x": 0.1112644374370575,
      "y": 1.5431119203567505,
      "z": 0.20782530307769775,
      "visibility": 0.0011573976371437311
    },
    {
      "x": 0.8061408400535583,
      "y": 2.1420254707336426,
      "z": 0.03498469293117523,
      "visibility": 0.0032066036947071552
    },
    {
      "x": 0.11372789740562439,
      "y": 2.1360108852386475,
      "z": 0.4743548333644867,
      "visibility": 0.0012011148501187563
    },
    {
      "x": 0.7393529415130615,
      "y": 2.675435781478882,
      "z": 2.1364591121673584,
      "visibility": 0.0003241201920900494
    },
    {
      "x": 0.05785509943962097,
      "y": 2.666764259338379,
      "z": 2.254075050354004,
      "visibility": 6.556266453117132e-05
    },
    {
      "x": 0.7389304637908936,
      "y": 2.770381450653076,
      "z": 2.2313458919525146,
      "visibility": 0.00014201740850694478
    },
    {
      "x": 0.018197476863861084,
      "y": 2.7603986263275146,
      "z": 2.377058744430542,
      "visibility": 0.00020327206584624946
    },
    {
      "x": 0.6243349313735962,
      "y": 2.8502235412597656,
      "z": 0.39987701177597046,
      "visibility": 0.00022115159663371742
    },
    {
      "x": 0.17607522010803223,
      "y": 2.8467462062835693,
      "z": 0.4194807708263397,
      "visibility": 0.00040264413109980524
    }
  ]
}