{
  "image": "C:\\Users\\shrad\\TrendWeave\\TrendWeave\\extracted_data\\Catwalks__Women_s_Key_Items___Knitwear_A_W_25_26_en\\page_8\\img_4.jpeg",
  "items": [
    {
      "yolo_label": "person",
      "bbox": [
        51.90670394897461,
        42.57437515258789,
        224.96121215820312,
        579.2265625
      ],
      "confidence": 0.8758417963981628,
      "clip_attributes": {
        "palette": {
          "label": "earth tones",
          "confidence": 0.246999591588974
        },
        "neckline": {
          "label": "mandarin collar",
          "confidence": 0.2559646666049957
        },
        "sleeve_type": {
          "label": "rolled sleeves",
          "confidence": 0.23303724825382233
        },
        "top_silhouette": {
          "label": "button-up shirt",
          "confidence": 0.24421630799770355
        },
        "bottom_style": {
          "label": "tailored trousers",
          "confidence": 0.28940656781196594
        },
        "outerwear": {
          "label": "bomber jacket",
          "confidence": 0.24908307194709778
        },
        "shoe_type": {
          "label": "boots",
          "confidence": 0.2451748549938202
        },
        "bag_type": {
          "label": "crossbody bag",
          "confidence": 0.25399938225746155
        },
        "accessory": {
          "label": "cap",
          "confidence": 0.23781637847423553
        },
        "hairstyle": {
          "label": "undercut",
          "confidence": 0.21245478093624115
        },
        "setting": {
          "label": "smart casual",
          "confidence": 0.2685317397117615
        },
        "fabric_type": {
          "label": "linen",
          "confidence": 0.28096824884414673
        },
        "season": {
          "label": "spring",
          "confidence": 0.21073637902736664
        },
        "style_theme": {
          "label": "streetwear",
          "confidence": 0.24473240971565247
        }
      },
      "dominant_colors": [
        [
          160,
          130,
          126
        ],
        [
          19,
          134,
          125
        ],
        [
          99,
          138,
          143
        ]
      ],
      "texture_histogram": [
        7.0,
        25.0,
        59.0,
        96.0,
        183.0,
        205.0,
        198.0,
        263.0,
        373.0,
        368.0,
        350.0,
        263.0,
        272.0,
        326.0,
        598.0,
        958.0,
        1392.0,
        797.0,
        239.0,
        124.0,
        98.0,
        86.0,
        52.0,
        61.0,
        59.0,
        49.0,
        50.0,
        67.0,
        40.0,
        49.0,
        62.0,
        52.0,
        75.0,
        77.0,
        81.0,
        88.0,
        87.0,
        88.0,
        92.0,
        95.0,
        76.0,
        100.0,
        99.0,
        105.0,
        117.0,
        132.0,
        121.0,
        142.0,
        145.0,
        157.0,
        176.0,
        145.0,
        201.0,
        158.0,
        188.0,
        204.0,
        225.0,
        229.0,
        253.0,
        296.0,
        296.0,
        278.0,
        321.0,
        343.0,
        429.0,
        421.0,
        402.0,
        420.0,
        460.0,
        476.0,
        490.0,
        454.0,
        509.0,
        515.0,
        535.0,
        525.0,
        562.0,
        601.0,
        649.0,
        697.0,
        715.0,
        723.0,
        732.0,
        746.0,
        900.0,
        871.0,
        882.0,
        734.0,
        631.0,
        612.0,
        583.0,
        547.0,
        603.0,
        574.0,
        596.0,
        552.0,
        593.0,
        573.0,
        624.0,
        628.0,
        642.0,
        677.0,
        694.0,
        665.0,
        721.0,
        793.0,
        885.0,
        896.0,
        741.0,
        676.0,
        713.0,
        708.0,
        660.0,
        628.0,
        732.0,
        671.0,
        598.0,
        593.0,
        617.0,
        525.0,
        568.0,
        501.0,
        514.0,
        583.0,
        586.0,
        633.0,
        625.0,
        661.0,
        637.0,
        614.0,
        667.0,
        625.0,
        603.0,
        652.0,
        780.0,
        746.0,
        804.0,
        913.0,
        873.0,
        925.0,
        994.0,
        1025.0,
        1028.0,
        1110.0,
        1135.0,
        1182.0,
        1188.0,
        1151.0,
        1086.0,
        1128.0,
        1097.0,
        1047.0,
        1126.0,
        1061.0,
        1020.0,
        921.0,
        920.0,
        797.0,
        745.0,
        698.0,
        650.0,
        479.0,
        404.0,
        360.0,
        347.0,
        374.0,
        352.0,
        281.0,
        226.0,
        177.0,
        161.0,
        146.0,
        137.0,
        166.0,
        168.0,
        163.0,
        163.0,
        181.0,
        179.0,
        195.0,
        143.0,
        126.0,
        139.0,
        146.0,
        125.0,
        119.0,
        109.0,
        99.0,
        95.0,
        107.0,
        115.0,
        107.0,
        114.0,
        134.0,
        114.0,
        110.0,
        114.0,
        117.0,
        131.0,
        121.0,
        115.0,
        151.0,
        156.0,
        138.0,
        164.0,
        125.0,
        133.0,
        122.0,
        133.0,
        122.0,
        111.0,
        112.0,
        123.0,
        79.0,
        77.0,
        77.0,
        62.0,
        62.0,
        66.0,
        37.0,
        35.0,
        30.0,
        26.0,
        28.0,
        36.0,
        51.0,
        50.0,
        56.0,
        77.0,
        73.0,
        53.0,
        31.0,
        30.0,
        20.0,
        13.0,
        8.0,
        15.0,
        9.0,
        2.0,
        3.0,
        4.0,
        5.0,
        2.0,
        3.0,
        1.0,
        1.0,
        0.0,
        1.0,
        0.0,
        0.0,
        0.0,
        0.0,
        0.0,
        0.0,
        0.0,
        0.0
      ],
      "silhouette_mask_path": "C:\\Users\\shrad\\TrendWeave\\MERGE_OUTPUT_FINAL\\Catwalks__Women_s_Key_Items___Knitwear_A_W_25_26_en\\page_8\\img_4_mask_0.png"
    },
    {
      "yolo_label": "person",
      "bbox": [
        25.929391860961914,
        0.26436036825180054,
        111.53752899169922,
        225.36000061035156
      ],
      "confidence": 0.35816678404808044,
      "clip_attributes": {
        "palette": {
          "label": "pastel",
          "confidence": 0.2562154233455658
        },
        "shoe_type": {
          "label": "sandals",
          "confidence": 0.2100430727005005
        },
        "bag_type": {
          "label": "crossbody bag",
          "confidence": 0.22656111419200897
        },
        "accessory": {
          "label": "bracelet",
          "confidence": 0.22766004502773285
        },
        "setting": {
          "label": "streetwear",
          "confidence": 0.22501568496227264
        },
        "fabric_type": {
          "label": "cotton",
          "confidence": 0.2384139448404312
        },
        "season": {
          "label": "fall",
          "confidence": 0.21640266478061676
        },
        "style_theme": {
          "label": "athleisure",
          "confidence": 0.22400514781475067
        }
      },
      "dominant_colors": [
        [
          160,
          129,
          126
        ],
        [
          19,
          132,
          132
        ],
        [
          98,
          135,
          139
        ]
      ],
      "texture_histogram": [
        5.0,
        34.0,
        51.0,
        65.0,
        638.0,
        161.0,
        62.0,
        33.0,
        12.0,
        13.0,
        10.0,
        11.0,
        6.0,
        10.0,
        10.0,
        9.0,
        9.0,
        11.0,
        22.0,
        25.0,
        22.0,
        22.0,
        25.0,
        18.0,
        19.0,
        32.0,
        27.0,
        32.0,
        35.0,
        22.0,
        25.0,
        31.0,
        26.0,
        26.0,
        31.0,
        38.0,
        34.0,
        31.0,
        37.0,
        35.0,
        39.0,
        40.0,
        35.0,
        31.0,
        25.0,
        23.0,
        32.0,
        27.0,
        29.0,
        27.0,
        32.0,
        35.0,
        33.0,
        36.0,
        47.0,
        40.0,
        57.0,
        54.0,
        55.0,
        75.0,
        79.0,
        78.0,
        90.0,
        93.0,
        140.0,
        123.0,
        116.0,
        147.0,
        150.0,
        135.0,
        149.0,
        179.0,
        296.0,
        232.0,
        184.0,
        166.0,
        144.0,
        157.0,
        161.0,
        166.0,
        151.0,
        148.0,
        133.0,
        113.0,
        95.0,
        81.0,
        77.0,
        79.0,
        85.0,
        80.0,
        76.0,
        73.0,
        65.0,
        56.0,
        64.0,
        50.0,
        72.0,
        69.0,
        69.0,
        65.0,
        75.0,
        75.0,
        74.0,
        84.0,
        112.0,
        102.0,
        95.0,
        137.0,
        137.0,
        159.0,
        192.0,
        233.0,
        259.0,
        259.0,
        200.0,
        190.0,
        214.0,
        233.0,
        217.0,
        237.0,
        226.0,
        151.0,
        168.0,
        150.0,
        116.0,
        86.0,
        124.0,
        108.0,
        96.0,
        81.0,
        94.0,
        100.0,
        88.0,
        68.0,
        102.0,
        104.0,
        108.0,
        102.0,
        102.0,
        123.0,
        126.0,
        130.0,
        147.0,
        170.0,
        161.0,
        169.0,
        189.0,
        220.0,
        191.0,
        223.0,
        230.0,
        231.0,
        263.0,
        281.0,
        238.0,
        239.0,
        284.0,
        264.0,
        273.0,
        283.0,
        328.0,
        203.0,
        177.0,
        183.0,
        178.0,
        215.0,
        186.0,
        100.0,
        49.0,
        18.0,
        7.0,
        5.0,
        9.0,
        6.0,
        6.0,
        2.0,
        3.0,
        5.0,
        0.0,
        4.0,
        2.0,
        2.0,
        2.0,
        6.0,
        3.0,
        9.0,
        4.0,
        1.0,
        0.0,
        4.0,
        6.0,
        6.0,
        3.0,
        3.0,
        4.0,
        3.0,
        2.0,
        9.0,
        3.0,
        2.0,
        4.0,
        6.0,
        7.0,
        7.0,
        11.0,
        6.0,
        12.0,
        8.0,
        12.0,
        8.0,
        11.0,
        10.0,
        8.0,
        5.0,
        15.0,
        12.0,
        12.0,
        16.0,
        9.0,
        4.0,
        8.0,
        9.0,
        3.0,
        5.0,
        8.0,
        21.0,
        16.0,
        21.0,
        37.0,
        41.0,
        26.0,
        15.0,
        18.0,
        10.0,
        12.0,
        8.0,
        13.0,
        7.0,
        1.0,
        2.0,
        4.0,
        3.0,
        2.0,
        1.0,
        0.0,
        1.0,
        0.0,
        1.0,
        0.0,
        0.0,
        0.0,
        0.0,
        0.0,
        0.0,
        0.0,
        0.0
      ],
      "silhouette_mask_path": "C:\\Users\\shrad\\TrendWeave\\MERGE_OUTPUT_FINAL\\Catwalks__Women_s_Key_Items___Knitwear_A_W_25_26_en\\page_8\\img_4_mask_1.png"
    },
    {
      "yolo_label": "person",
      "bbox": [
        24.991764068603516,
        1.3081105947494507,
        112.14090728759766,
        378.73529052734375
      ],
      "confidence": 0.3516763746738434,
      "clip_attributes": {
        "palette": {
          "label": "earth tones",
          "confidence": 0.23703031241893768
        },
        "dress_silhouette": {
          "label": "bodycon dress",
          "confidence": 0.23919034004211426
        },
        "neckline": {
          "label": "square neckline",
          "confidence": 0.2677021324634552
        },
        "sleeve_type": {
          "label": "bell sleeves",
          "confidence": 0.2487017661333084
        },
        "top_silhouette": {
          "label": "peplum",
          "confidence": 0.25675636529922485
        },
        "bottom_style": {
          "label": "culottes",
          "confidence": 0.23509612679481506
        },
        "outerwear": {
          "label": "long coat",
          "confidence": 0.23401695489883423
        },
        "shoe_type": {
          "label": "ankle boots",
          "confidence": 0.22607852518558502
        },
        "bag_type": {
          "label": "shoulder bag",
          "confidence": 0.2804641127586365
        },
        "accessory": {
          "label": "watch",
          "confidence": 0.2118656039237976
        },
        "hairstyle": {
          "label": "ponytail",
          "confidence": 0.19929757714271545
        },
        "setting": {
          "label": "office wear",
          "confidence": 0.2343977689743042
        },
        "fabric_type": {
          "label": "organza",
          "confidence": 0.23752853274345398
        },
        "season": {
          "label": "spring",
          "confidence": 0.20024962723255157
        },
        "style_theme": {
          "label": "elegant chic",
          "confidence": 0.2219444215297699
        }
      },
      "dominant_colors": [
        [
          59,
          137,
          140
        ],
        [
          116,
          131,
          134
        ],
        [
          173,
          129,
          125
        ]
      ],
      "texture_histogram": [
        7.0,
        37.0,
        59.0,
        72.0,
        654.0,
        185.0,
        76.0,
        46.0,
        22.0,
        32.0,
        31.0,
        33.0,
        29.0,
        21.0,
        16.0,
        22.0,
        23.0,
        28.0,
        31.0,
        36.0,
        39.0,
        38.0,
        35.0,
        34.0,
        34.0,
        40.0,
        39.0,
        46.0,
        43.0,
        33.0,
        34.0,
        33.0,
        45.0,
        34.0,
        43.0,
        53.0,
        45.0,
        41.0,
        46.0,
        46.0,
        50.0,
        49.0,
        44.0,
        50.0,
        35.0,
        47.0,
        48.0,
        54.0,
        47.0,
        42.0,
        62.0,
        61.0,
        72.0,
        60.0,
        80.0,
        89.0,
        101.0,
        97.0,
        107.0,
        139.0,
        134.0,
        127.0,
        151.0,
        172.0,
        213.0,
        213.0,
        204.0,
        231.0,
        250.0,
        245.0,
        245.0,
        288.0,
        429.0,
        510.0,
        448.0,
        373.0,
        301.0,
        285.0,
        315.0,
        340.0,
        294.0,
        286.0,
        271.0,
        243.0,
        228.0,
        211.0,
        197.0,
        205.0,
        193.0,
        223.0,
        189.0,
        181.0,
        197.0,
        183.0,
        207.0,
        168.0,
        179.0,
        168.0,
        185.0,
        183.0,
        196.0,
        168.0,
        152.0,
        180.0,
        236.0,
        249.0,
        316.0,
        413.0,
        472.0,
        440.0,
        503.0,
        577.0,
        558.0,
        574.0,
        674.0,
        639.0,
        635.0,
        513.0,
        393.0,
        351.0,
        308.0,
        218.0,
        229.0,
        230.0,
        183.0,
        172.0,
        200.0,
        189.0,
        142.0,
        117.0,
        126.0,
        120.0,
        109.0,
        83.0,
        119.0,
        123.0,
        119.0,
        117.0,
        112.0,
        130.0,
        138.0,
        146.0,
        153.0,
        184.0,
        171.0,
        179.0,
        197.0,
        230.0,
        196.0,
        231.0,
        241.0,
        248.0,
        271.0,
        287.0,
        252.0,
        244.0,
        300.0,
        270.0,
        288.0,
        293.0,
        337.0,
        212.0,
        188.0,
        197.0,
        190.0,
        223.0,
        201.0,
        121.0,
        61.0,
        35.0,
        19.0,
        19.0,
        19.0,
        13.0,
        16.0,
        22.0,
        18.0,
        17.0,
        15.0,
        28.0,
        18.0,
        27.0,
        25.0,
        26.0,
        26.0,
        38.0,
        37.0,
        27.0,
        29.0,
        38.0,
        51.0,
        38.0,
        34.0,
        42.0,
        45.0,
        30.0,
        19.0,
        20.0,
        24.0,
        13.0,
        23.0,
        28.0,
        30.0,
        31.0,
        45.0,
        35.0,
        38.0,
        35.0,
        44.0,
        38.0,
        49.0,
        58.0,
        71.0,
        41.0,
        45.0,
        58.0,
        44.0,
        39.0,
        44.0,
        29.0,
        23.0,
        26.0,
        23.0,
        27.0,
        34.0,
        48.0,
        45.0,
        55.0,
        76.0,
        73.0,
        53.0,
        30.0,
        30.0,
        19.0,
        13.0,
        8.0,
        15.0,
        9.0,
        2.0,
        3.0,
        4.0,
        5.0,
        2.0,
        3.0,
        1.0,
        1.0,
        0.0,
        1.0,
        0.0,
        0.0,
        0.0,
        0.0,
        0.0,
        0.0,
        0.0,
        0.0
      ],
      "silhouette_mask_path": "C:\\Users\\shrad\\TrendWeave\\MERGE_OUTPUT_FINAL\\Catwalks__Women_s_Key_Items___Knitwear_A_W_25_26_en\\page_8\\img_4_mask_2.png"
    }
  ],
  "pose_keypoints": [
    {
      "x": 0.48585253953933716,
      "y": 0.14568442106246948,
      "z": -0.8748888373374939,
      "visibility": 0.9999707937240601
    },
    {
      "x": 0.5035199522972107,
      "y": 0.12730371952056885,
      "z": -0.8222526907920837,
      "visibility": 0.9999210834503174
    },
    {
      "x": 0.5157617330551147,
      "y": 0.12638074159622192,
      "z": -0.8223967552185059,
      "visibility": 0.9999154806137085
    },
    {
      "x": 0.5259230136871338,
      "y": 0.12597477436065674,
      "z": -0.8225762248039246,
      "visibility": 0.9999161958694458
    },
    {
      "x": 0.46516549587249756,
      "y": 0.13067278265953064,
      "z": -0.8186965584754944,
      "visibility": 0.9998985528945923
    },
    {
      "x": 0.45201125741004944,
      "y": 0.13220787048339844,
      "z": -0.8186944723129272,
      "visibility": 0.9998726844787598
    },
    {
      "x": 0.4397124648094177,
      "y": 0.133682519197464,
      "z": -0.8189474940299988,
      "visibility": 0.999871015548706
    },
    {
      "x": 0.5485740303993225,
      "y": 0.13358613848686218,
      "z": -0.4408263564109802,
      "visibility": 0.9999115467071533
    },
    {
      "x": 0.4265264570713043,
      "y": 0.1431465446949005,
      "z": -0.42733535170555115,
      "visibility": 0.9997542500495911
    },
    {
      "x": 0.5161027908325195,
      "y": 0.16408056020736694,
      "z": -0.7251337766647339,
      "visibility": 0.9999823570251465
    },
    {
      "x": 0.4694657027721405,
      "y": 0.1682744324207306,
      "z": -0.721950352191925,
      "visibility": 0.9999783039093018
    },
    {
      "x": 0.6793649196624756,
      "y": 0.2427540123462677,
      "z": -0.16843602061271667,
      "visibility": 0.9999485015869141
    },
    {
      "x": 0.3429145812988281,
      "y": 0.24703553318977356,
      "z": -0.18664732575416565,
      "visibility": 0.9997695088386536
    },
    {
      "x": 0.701860785484314,
      "y": 0.38895702362060547,
      "z": -0.018744323402643204,
      "visibility": 0.9792405366897583
    },
    {
      "x": 0.23937200009822845,
      "y": 0.3541093170642853,
      "z": -0.20935748517513275,
      "visibility": 0.9048535823822021
    },
    {
      "x": 0.7014542818069458,
      "y": 0.5214347839355469,
      "z": -0.29268917441368103,
      "visibility": 0.9642673134803772
    },
    {
      "x": 0.2695334553718567,
      "y": 0.4364917576313019,
      "z": -0.6380246877670288,
      "visibility": 0.7539520859718323
    },
    {
      "x": 0.7195761203765869,
      "y": 0.5614204406738281,
      "z": -0.37412890791893005,
      "visibility": 0.9318869709968567
    },
    {
      "x": 0.2809790372848511,
      "y": 0.4656074643135071,
      "z": -0.7423540949821472,
      "visibility": 0.6716825366020203
    },
    {
      "x": 0.6882530450820923,
      "y": 0.5616325736045837,
      "z": -0.4822196960449219,
      "visibility": 0.9363096356391907
    },
    {
      "x": 0.2982117533683777,
      "y": 0.4645746350288391,
      "z": -0.8168760538101196,
      "visibility": 0.6848734617233276
    },
    {
      "x": 0.674014151096344,
      "y": 0.548042893409729,
      "z": -0.33564719557762146,
      "visibility": 0.9285829067230225
    },
    {
      "x": 0.3071635365486145,
      "y": 0.45881304144859314,
      "z": -0.6755465269088745,
      "visibility": 0.6676663160324097
    },
    {
      "x": 0.5758941173553467,
      "y": 0.5043927431106567,
      "z": 0.04164518043398857,
      "visibility": 0.9994662404060364
    },
    {
      "x": 0.4144327938556671,
      "y": 0.49968844652175903,
      "z": -0.04176289215683937,
      "visibility": 0.9996716976165771
    },
    {
      "x": 0.5491181015968323,
      "y": 0.7110490202903748,
      "z": -0.07205091416835785,
      "visibility": 0.9292263984680176
    },
    {
      "x": 0.41300392150878906,
      "y": 0.7085806727409363,
      "z": -0.1858622133731842,
      "visibility": 0.9535002112388611
    },
    {
      "x": 0.511342465877533,
      "y": 0.8122640252113342,
      "z": 0.9559972882270813,
      "visibility": 0.7105781435966492
    },
    {
      "x": 0.45073795318603516,
      "y": 0.9049887657165527,
      "z": 0.2517189085483551,
      "visibility": 0.9463074803352356
    },
    {
      "x": 0.48950648307800293,
      "y": 0.8132710456848145,
      "z": 1.041858434677124,
      "visibility": 0.3184289038181305
    },
    {
      "x": 0.4530942142009735,
      "y": 0.9223758578300476,
      "z": 0.2741646468639374,
      "visibility": 0.6027476787567139
    },
    {
      "x": 0.5003618001937866,
      "y": 0.883138120174408,
      "z": 0.7303261756896973,
      "visibility": 0.7236825227737427
    },
    {
      "x": 0.4644913375377655,
      "y": 0.9696166515350342,
      "z": -0.1997017115354538,
      "visibility": 0.9132359027862549
    }
  ]
}