{
  "image": "C:\\Users\\shrad\\TrendWeave\\TrendWeave\\extracted_data\\Catwalks__Women_s_Colour_A_W_25_26_en\\page_1\\img_1.jpeg",
  "items": [
    {
      "yolo_label": "person",
      "bbox": [
        396.4739074707031,
        38.9105224609375,
        771.8078002929688,
        796.5304565429688
      ],
      "confidence": 0.8952717781066895,
      "clip_attributes": {
        "palette": {
          "label": "navy and grey",
          "confidence": 0.22978447377681732
        },
        "neckline": {
          "label": "buttoned collar",
          "confidence": 0.26346299052238464
        },
        "sleeve_type": {
          "label": "long sleeves",
          "confidence": 0.24206757545471191
        },
        "top_silhouette": {
          "label": "hoodie",
          "confidence": 0.25133436918258667
        },
        "bottom_style": {
          "label": "tailored trousers",
          "confidence": 0.2452019900083542
        },
        "outerwear": {
          "label": "hoodie",
          "confidence": 0.25133436918258667
        },
        "shoe_type": {
          "label": "loafers",
          "confidence": 0.2168561965227127
        },
        "bag_type": {
          "label": "backpack",
          "confidence": 0.21522589027881622
        },
        "accessory": {
          "label": "cap",
          "confidence": 0.23272745311260223
        },
        "hairstyle": {
          "label": "buzz cut",
          "confidence": 0.23799030482769012
        },
        "setting": {
          "label": "smart casual",
          "confidence": 0.23909297585487366
        },
        "fabric_type": {
          "label": "polyester",
          "confidence": 0.24272435903549194
        },
        "season": {
          "label": "winter",
          "confidence": 0.21435661613941193
        },
        "style_theme": {
          "label": "streetwear",
          "confidence": 0.22853128612041473
        }
      },
      "dominant_colors": [
        [
          9,
          138,
          116
        ],
        [
          174,
          152,
          163
        ],
        [
          60,
          150,
          153
        ]
      ],
      "texture_histogram": [
        1511.0,
        17433.0,
        7892.0,
        6022.0,
        5974.0,
        5965.0,
        6849.0,
        8024.0,
        9580.0,
        10432.0,
        10182.0,
        9690.0,
        9990.0,
        9947.0,
        9736.0,
        9371.0,
        9111.0,
        8388.0,
        7561.0,
        7140.0,
        6888.0,
        6837.0,
        6491.0,
        6061.0,
        5280.0,
        4082.0,
        2961.0,
        2208.0,
        1987.0,
        1709.0,
        1506.0,
        1318.0,
        1328.0,
        1406.0,
        1594.0,
        1660.0,
        1601.0,
        1593.0,
        1485.0,
        1301.0,
        1117.0,
        1012.0,
        875.0,
        848.0,
        799.0,
        776.0,
        717.0,
        717.0,
        782.0,
        770.0,
        783.0,
        803.0,
        714.0,
        708.0,
        695.0,
        735.0,
        664.0,
        568.0,
        601.0,
        519.0,
        564.0,
        485.0,
        458.0,
        435.0,
        429.0,
        391.0,
        379.0,
        414.0,
        399.0,
        425.0,
        422.0,
        418.0,
        479.0,
        474.0,
        510.0,
        486.0,
        553.0,
        471.0,
        455.0,
        435.0,
        412.0,
        472.0,
        464.0,
        482.0,
        405.0,
        383.0,
        373.0,
        381.0,
        315.0,
        330.0,
        314.0,
        322.0,
        264.0,
        253.0,
        264.0,
        231.0,
        259.0,
        262.0,
        251.0,
        222.0,
        230.0,
        214.0,
        200.0,
        193.0,
        169.0,
        218.0,
        193.0,
        238.0,
        168.0,
        195.0,
        172.0,
        166.0,
        156.0,
        151.0,
        150.0,
        155.0,
        150.0,
        131.0,
        132.0,
        136.0,
        140.0,
        115.0,
        123.0,
        134.0,
        131.0,
        128.0,
        136.0,
        149.0,
        127.0,
        128.0,
        112.0,
        142.0,
        138.0,
        147.0,
        144.0,
        174.0,
        171.0,
        156.0,
        151.0,
        172.0,
        186.0,
        213.0,
        186.0,
        229.0,
        239.0,
        187.0,
        195.0,
        176.0,
        195.0,
        163.0,
        184.0,
        153.0,
        175.0,
        153.0,
        171.0,
        207.0,
        171.0,
        232.0,
        239.0,
        207.0,
        238.0,
        229.0,
        187.0,
        228.0,
        191.0,
        227.0,
        222.0,
        208.0,
        248.0,
        218.0,
        254.0,
        209.0,
        163.0,
        155.0,
        157.0,
        168.0,
        188.0,
        171.0,
        172.0,
        154.0,
        188.0,
        168.0,
        152.0,
        193.0,
        193.0,
        203.0,
        213.0,
        214.0,
        224.0,
        249.0,
        283.0,
        298.0,
        315.0,
        353.0,
        342.0,
        359.0,
        371.0,
        303.0,
        344.0,
        374.0,
        376.0,
        397.0,
        391.0,
        355.0,
        305.0,
        213.0,
        229.0,
        195.0,
        256.0,
        204.0,
        126.0,
        92.0,
        87.0,
        88.0,
        71.0,
        49.0,
        48.0,
        53.0,
        52.0,
        45.0,
        23.0,
        25.0,
        6.0,
        2.0,
        0.0,
        0.0,
        0.0,
        0.0,
        1.0,
        1.0,
        0.0,
        0.0,
        0.0,
        0.0,
        0.0,
        0.0,
        0.0,
        0.0,
        0.0,
        0.0,
        0.0,
        0.0,
        0.0,
        0.0,
        0.0,
        0.0,
        0.0,
        0.0,
        0.0,
        0.0,
        0.0,
        0.0,
        0.0,
        0.0,
        0.0,
        0.0
      ],
      "silhouette_mask_path": "C:\\Users\\shrad\\TrendWeave\\MERGE_OUTPUT_FINAL\\Catwalks__Women_s_Colour_A_W_25_26_en\\page_1\\img_1_mask_0.png"
    },
    {
      "yolo_label": "person",
      "bbox": [
        241.04476928710938,
        100.57579040527344,
        459.1542053222656,
        799.0818481445312
      ],
      "confidence": 0.8059450387954712,
      "clip_attributes": {
        "palette": {
          "label": "bold colors",
          "confidence": 0.23831796646118164
        },
        "neckline": {
          "label": "mandarin collar",
          "confidence": 0.25773584842681885
        },
        "sleeve_type": {
          "label": "long sleeves",
          "confidence": 0.2320476919412613
        },
        "top_silhouette": {
          "label": "hoodie",
          "confidence": 0.24272440373897552
        },
        "bottom_style": {
          "label": "tailored trousers",
          "confidence": 0.23018279671669006
        },
        "outerwear": {
          "label": "blazer",
          "confidence": 0.2466736137866974
        },
        "shoe_type": {
          "label": "boots",
          "confidence": 0.2256723791360855
        },
        "bag_type": {
          "label": "backpack",
          "confidence": 0.22762097418308258
        },
        "accessory": {
          "label": "cap",
          "confidence": 0.25424259901046753
        },
        "hairstyle": {
          "label": "buzz cut",
          "confidence": 0.21777819097042084
        },
        "setting": {
          "label": "smart casual",
          "confidence": 0.2211700677871704
        },
        "fabric_type": {
          "label": "polyester",
          "confidence": 0.25729086995124817
        },
        "season": {
          "label": "spring",
          "confidence": 0.203132763504982
        },
        "style_theme": {
          "label": "minimalist",
          "confidence": 0.22707593441009521
        }
      },
      "dominant_colors": [
        [
          11,
          141,
          129
        ],
        [
          169,
          151,
          165
        ],
        [
          57,
          161,
          141
        ]
      ],
      "texture_histogram": [
        186.0,
        3075.0,
        5840.0,
        3744.0,
        2944.0,
        2667.0,
        2953.0,
        3197.0,
        3836.0,
        3939.0,
        3453.0,
        2960.0,
        2467.0,
        2588.0,
        2755.0,
        2601.0,
        2650.0,
        2498.0,
        2430.0,
        2612.0,
        2457.0,
        2947.0,
        2920.0,
        2794.0,
        2333.0,
        2042.0,
        1953.0,
        1937.0,
        1911.0,
        2170.0,
        2015.0,
        2058.0,
        1779.0,
        2206.0,
        2436.0,
        3047.0,
        3467.0,
        3955.0,
        3049.0,
        2758.0,
        2388.0,
        1210.0,
        555.0,
        331.0,
        260.0,
        300.0,
        249.0,
        261.0,
        234.0,
        235.0,
        265.0,
        325.0,
        244.0,
        281.0,
        298.0,
        286.0,
        341.0,
        303.0,
        315.0,
        282.0,
        323.0,
        328.0,
        284.0,
        340.0,
        365.0,
        349.0,
        337.0,
        367.0,
        371.0,
        376.0,
        402.0,
        402.0,
        394.0,
        455.0,
        419.0,
        407.0,
        429.0,
        396.0,
        336.0,
        347.0,
        322.0,
        344.0,
        342.0,
        314.0,
        301.0,
        302.0,
        298.0,
        265.0,
        261.0,
        276.0,
        268.0,
        283.0,
        247.0,
        218.0,
        254.0,
        274.0,
        310.0,
        288.0,
        246.0,
        235.0,
        232.0,
        235.0,
        249.0,
        234.0,
        218.0,
        212.0,
        202.0,
        269.0,
        177.0,
        205.0,
        203.0,
        182.0,
        184.0,
        208.0,
        199.0,
        192.0,
        198.0,
        181.0,
        182.0,
        191.0,
        173.0,
        184.0,
        208.0,
        172.0,
        180.0,
        176.0,
        146.0,
        170.0,
        160.0,
        157.0,
        162.0,
        157.0,
        163.0,
        172.0,
        182.0,
        172.0,
        156.0,
        161.0,
        161.0,
        158.0,
        176.0,
        180.0,
        159.0,
        142.0,
        181.0,
        126.0,
        158.0,
        125.0,
        120.0,
        119.0,
        116.0,
        112.0,
        104.0,
        119.0,
        139.0,
        124.0,
        137.0,
        144.0,
        164.0,
        124.0,
        124.0,
        119.0,
        137.0,
        150.0,
        133.0,
        131.0,
        130.0,
        131.0,
        125.0,
        211.0,
        181.0,
        168.0,
        150.0,
        127.0,
        121.0,
        115.0,
        121.0,
        116.0,
        114.0,
        125.0,
        126.0,
        127.0,
        122.0,
        139.0,
        139.0,
        146.0,
        141.0,
        156.0,
        189.0,
        182.0,
        174.0,
        185.0,
        188.0,
        200.0,
        218.0,
        280.0,
        251.0,
        200.0,
        226.0,
        247.0,
        249.0,
        300.0,
        277.0,
        207.0,
        207.0,
        194.0,
        219.0,
        210.0,
        230.0,
        203.0,
        246.0,
        185.0,
        129.0,
        153.0,
        153.0,
        201.0,
        201.0,
        120.0,
        108.0,
        69.0,
        50.0,
        28.0,
        35.0,
        16.0,
        2.0,
        1.0,
        1.0,
        1.0,
        2.0,
        1.0,
        0.0,
        0.0,
        0.0,
        2.0,
        0.0,
        2.0,
        1.0,
        1.0,
        0.0,
        3.0,
        0.0,
        0.0,
        0.0,
        5.0,
        6.0,
        4.0,
        9.0,
        5.0,
        3.0,
        6.0,
        4.0,
        8.0,
        1.0,
        0.0,
        0.0,
        0.0
      ],
      "silhouette_mask_path": "C:\\Users\\shrad\\TrendWeave\\MERGE_OUTPUT_FINAL\\Catwalks__Women_s_Colour_A_W_25_26_en\\page_1\\img_1_mask_1.png"
    },
    {
      "yolo_label": "person",
      "bbox": [
        131.75668334960938,
        148.11355590820312,
        291.4959716796875,
        774.0910034179688
      ],
      "confidence": 0.764152467250824,
      "clip_attributes": {
        "palette": {
          "label": "bold colors",
          "confidence": 0.2592089772224426
        },
        "neckline": {
          "label": "polo",
          "confidence": 0.2615792155265808
        },
        "sleeve_type": {
          "label": "half sleeves",
          "confidence": 0.2353896051645279
        },
        "top_silhouette": {
          "label": "button-up shirt",
          "confidence": 0.2281600683927536
        },
        "bottom_style": {
          "label": "chinos",
          "confidence": 0.23866355419158936
        },
        "outerwear": {
          "label": "blazer",
          "confidence": 0.23707976937294006
        },
        "shoe_type": {
          "label": "boots",
          "confidence": 0.22594977915287018
        },
        "bag_type": {
          "label": "backpack",
          "confidence": 0.22015897929668427
        },
        "accessory": {
          "label": "cap",
          "confidence": 0.25657135248184204
        },
        "hairstyle": {
          "label": "undercut",
          "confidence": 0.23285195231437683
        },
        "setting": {
          "label": "smart casual",
          "confidence": 0.2136015146970749
        },
        "fabric_type": {
          "label": "linen",
          "confidence": 0.2491144984960556
        },
        "season": {
          "label": "monsoon",
          "confidence": 0.21584954857826233
        },
        "style_theme": {
          "label": "minimalist",
          "confidence": 0.2396310418844223
        }
      },
      "dominant_colors": [
        [
          101,
          146,
          164
        ],
        [
          14,
          139,
          132
        ],
        [
          178,
          146,
          176
        ]
      ],
      "texture_histogram": [
        162.0,
        5360.0,
        6637.0,
        2734.0,
        2117.0,
        1696.0,
        1761.0,
        2034.0,
        1319.0,
        951.0,
        696.0,
        610.0,
        540.0,
        550.0,
        422.0,
        386.0,
        469.0,
        553.0,
        638.0,
        662.0,
        661.0,
        742.0,
        753.0,
        736.0,
        675.0,
        758.0,
        771.0,
        740.0,
        716.0,
        825.0,
        693.0,
        624.0,
        548.0,
        688.0,
        746.0,
        723.0,
        533.0,
        467.0,
        328.0,
        276.0,
        215.0,
        203.0,
        176.0,
        169.0,
        162.0,
        189.0,
        163.0,
        172.0,
        151.0,
        169.0,
        175.0,
        213.0,
        188.0,
        220.0,
        211.0,
        228.0,
        217.0,
        271.0,
        227.0,
        235.0,
        239.0,
        262.0,
        278.0,
        298.0,
        308.0,
        288.0,
        259.0,
        250.0,
        234.0,
        259.0,
        236.0,
        233.0,
        259.0,
        277.0,
        284.0,
        287.0,
        295.0,
        304.0,
        275.0,
        281.0,
        317.0,
        314.0,
        314.0,
        286.0,
        314.0,
        316.0,
        308.0,
        302.0,
        304.0,
        316.0,
        307.0,
        374.0,
        330.0,
        307.0,
        350.0,
        324.0,
        352.0,
        321.0,
        311.0,
        319.0,
        311.0,
        311.0,
        322.0,
        341.0,
        326.0,
        317.0,
        360.0,
        356.0,
        339.0,
        349.0,
        358.0,
        319.0,
        327.0,
        310.0,
        334.0,
        355.0,
        320.0,
        316.0,
        311.0,
        307.0,
        325.0,
        319.0,
        351.0,
        288.0,
        295.0,
        291.0,
        294.0,
        320.0,
        304.0,
        298.0,
        320.0,
        334.0,
        293.0,
        295.0,
        291.0,
        324.0,
        340.0,
        385.0,
        368.0,
        334.0,
        343.0,
        324.0,
        413.0,
        355.0,
        408.0,
        352.0,
        392.0,
        413.0,
        467.0,
        452.0,
        524.0,
        508.0,
        557.0,
        585.0,
        695.0,
        673.0,
        679.0,
        694.0,
        754.0,
        864.0,
        939.0,
        703.0,
        566.0,
        479.0,
        347.0,
        308.0,
        303.0,
        375.0,
        361.0,
        413.0,
        340.0,
        302.0,
        256.0,
        215.0,
        188.0,
        200.0,
        257.0,
        294.0,
        323.0,
        357.0,
        346.0,
        338.0,
        303.0,
        279.0,
        295.0,
        248.0,
        247.0,
        228.0,
        262.0,
        272.0,
        310.0,
        283.0,
        268.0,
        225.0,
        243.0,
        216.0,
        233.0,
        212.0,
        227.0,
        201.0,
        188.0,
        180.0,
        168.0,
        185.0,
        207.0,
        236.0,
        259.0,
        251.0,
        248.0,
        276.0,
        418.0,
        446.0,
        304.0,
        236.0,
        286.0,
        271.0,
        226.0,
        196.0,
        118.0,
        57.0,
        28.0,
        29.0,
        39.0,
        18.0,
        3.0,
        2.0,
        3.0,
        1.0,
        2.0,
        1.0,
        0.0,
        0.0,
        0.0,
        2.0,
        0.0,
        2.0,
        1.0,
        1.0,
        0.0,
        3.0,
        0.0,
        0.0,
        0.0,
        5.0,
        6.0,
        4.0,
        9.0,
        5.0,
        3.0,
        6.0,
        4.0,
        8.0,
        1.0,
        0.0,
        0.0,
        0.0
      ],
      "silhouette_mask_path": "C:\\Users\\shrad\\TrendWeave\\MERGE_OUTPUT_FINAL\\Catwalks__Women_s_Colour_A_W_25_26_en\\page_1\\img_1_mask_2.png"
    },
    {
      "yolo_label": "person",
      "bbox": [
        16.916784286499023,
        169.9037322998047,
        174.55545043945312,
        765.8445434570312
      ],
      "confidence": 0.7607781887054443,
      "clip_attributes": {
        "palette": {
          "label": "neon",
          "confidence": 0.23160560429096222
        },
        "dress_silhouette": {
          "label": "maxi dress",
          "confidence": 0.2190271019935608
        },
        "neckline": {
          "label": "square neckline",
          "confidence": 0.2314697951078415
        },
        "sleeve_type": {
          "label": "puffed sleeves",
          "confidence": 0.22691094875335693
        },
        "top_silhouette": {
          "label": "wrap top",
          "confidence": 0.21539881825447083
        },
        "bottom_style": {
          "label": "flared pants",
          "confidence": 0.2199193388223648
        },
        "outerwear": {
          "label": "blazer",
          "confidence": 0.227972611784935
        },
        "shoe_type": {
          "label": "ankle boots",
          "confidence": 0.22055749595165253
        },
        "bag_type": {
          "label": "shoulder bag",
          "confidence": 0.2106989026069641
        },
        "accessory": {
          "label": "sunglasses",
          "confidence": 0.23191165924072266
        },
        "hairstyle": {
          "label": "loose curls",
          "confidence": 0.21991902589797974
        },
        "setting": {
          "label": "party night",
          "confidence": 0.2166612595319748
        },
        "fabric_type": {
          "label": "organza",
          "confidence": 0.23389871418476105
        },
        "season": {
          "label": "summer",
          "confidence": 0.2170088291168213
        },
        "style_theme": {
          "label": "boho",
          "confidence": 0.2197241634130478
        }
      },
      "dominant_colors": [
        [
          15,
          133,
          134
        ],
        [
          187,
          147,
          164
        ],
        [
          112,
          125,
          169
        ]
      ],
      "texture_histogram": [
        193.0,
        5314.0,
        3554.0,
        1760.0,
        1378.0,
        1195.0,
        873.0,
        706.0,
        639.0,
        440.0,
        555.0,
        546.0,
        477.0,
        443.0,
        356.0,
        313.0,
        321.0,
        320.0,
        295.0,
        279.0,
        255.0,
        209.0,
        231.0,
        222.0,
        201.0,
        224.0,
        219.0,
        188.0,
        223.0,
        198.0,
        204.0,
        186.0,
        203.0,
        205.0,
        220.0,
        226.0,
        240.0,
        267.0,
        266.0,
        285.0,
        286.0,
        309.0,
        281.0,
        246.0,
        244.0,
        264.0,
        278.0,
        276.0,
        253.0,
        327.0,
        333.0,
        325.0,
        369.0,
        385.0,
        417.0,
        425.0,
        368.0,
        369.0,
        351.0,
        364.0,
        399.0,
        372.0,
        384.0,
        436.0,
        391.0,
        381.0,
        359.0,
        362.0,
        363.0,
        299.0,
        334.0,
        273.0,
        307.0,
        294.0,
        242.0,
        300.0,
        297.0,
        320.0,
        346.0,
        324.0,
        346.0,
        351.0,
        336.0,
        392.0,
        359.0,
        403.0,
        423.0,
        397.0,
        403.0,
        398.0,
        374.0,
        356.0,
        368.0,
        370.0,
        391.0,
        424.0,
        392.0,
        387.0,
        404.0,
        367.0,
        372.0,
        377.0,
        390.0,
        415.0,
        453.0,
        511.0,
        556.0,
        578.0,
        593.0,
        607.0,
        564.0,
        578.0,
        580.0,
        609.0,
        596.0,
        584.0,
        538.0,
        509.0,
        508.0,
        449.0,
        485.0,
        448.0,
        463.0,
        411.0,
        420.0,
        394.0,
        386.0,
        393.0,
        376.0,
        382.0,
        408.0,
        442.0,
        423.0,
        396.0,
        432.0,
        508.0,
        518.0,
        453.0,
        401.0,
        369.0,
        370.0,
        393.0,
        481.0,
        402.0,
        393.0,
        299.0,
        301.0,
        272.0,
        316.0,
        276.0,
        310.0,
        307.0,
        295.0,
        272.0,
        282.0,
        317.0,
        302.0,
        373.0,
        373.0,
        544.0,
        559.0,
        382.0,
        316.0,
        306.0,
        228.0,
        235.0,
        235.0,
        255.0,
        269.0,
        258.0,
        298.0,
        277.0,
        265.0,
        270.0,
        248.0,
        244.0,
        275.0,
        336.0,
        354.0,
        420.0,
        421.0,
        430.0,
        424.0,
        388.0,
        442.0,
        431.0,
        401.0,
        453.0,
        505.0,
        529.0,
        600.0,
        566.0,
        515.0,
        523.0,
        502.0,
        455.0,
        579.0,
        610.0,
        472.0,
        424.0,
        386.0,
        353.0,
        394.0,
        392.0,
        352.0,
        375.0,
        356.0,
        391.0,
        396.0,
        446.0,
        491.0,
        464.0,
        470.0,
        397.0,
        522.0,
        422.0,
        319.0,
        268.0,
        69.0,
        39.0,
        7.0,
        5.0,
        2.0,
        8.0,
        6.0,
        6.0,
        5.0,
        6.0,
        5.0,
        12.0,
        8.0,
        5.0,
        8.0,
        5.0,
        2.0,
        0.0,
        0.0,
        0.0,
        0.0,
        0.0,
        0.0,
        0.0,
        0.0,
        0.0,
        0.0,
        0.0,
        0.0,
        0.0,
        0.0,
        0.0,
        0.0,
        0.0,
        0.0,
        0.0,
        0.0,
        0.0
      ],
      "silhouette_mask_path": "C:\\Users\\shrad\\TrendWeave\\MERGE_OUTPUT_FINAL\\Catwalks__Women_s_Colour_A_W_25_26_en\\page_1\\img_1_mask_3.png"
    },
    {
      "yolo_label": "person",
      "bbox": [
        0.028715133666992188,
        197.2248077392578,
        70.39781951904297,
        766.0184326171875
      ],
      "confidence": 0.3633062243461609,
      "clip_attributes": {
        "palette": {
          "label": "earth tones",
          "confidence": 0.23664142191410065
        },
        "dress_silhouette": {
          "label": "maxi dress",
          "confidence": 0.22340290248394012
        },
        "neckline": {
          "label": "square neckline",
          "confidence": 0.24679656326770782
        },
        "sleeve_type": {
          "label": "puffed sleeves",
          "confidence": 0.22749769687652588
        },
        "top_silhouette": {
          "label": "camisole",
          "confidence": 0.224735826253891
        },
        "bottom_style": {
          "label": "culottes",
          "confidence": 0.23157893121242523
        },
        "outerwear": {
          "label": "blazer",
          "confidence": 0.2382328361272812
        },
        "shoe_type": {
          "label": "ballet flats",
          "confidence": 0.22707802057266235
        },
        "bag_type": {
          "label": "shoulder bag",
          "confidence": 0.22084417939186096
        },
        "accessory": {
          "label": "hairband",
          "confidence": 0.24560172855854034
        },
        "hairstyle": {
          "label": "loose curls",
          "confidence": 0.22963562607765198
        },
        "setting": {
          "label": "party night",
          "confidence": 0.22275273501873016
        },
        "fabric_type": {
          "label": "organza",
          "confidence": 0.2509622275829315
        },
        "season": {
          "label": "summer",
          "confidence": 0.23152808845043182
        },
        "style_theme": {
          "label": "minimalist",
          "confidence": 0.2347617894411087
        }
      },
      "dominant_colors": [
        [
          16,
          134,
          135
        ],
        [
          109,
          132,
          166
        ],
        [
          192,
          147,
          160
        ]
      ],
      "texture_histogram": [
        73.0,
        2364.0,
        1303.0,
        976.0,
        736.0,
        500.0,
        335.0,
        355.0,
        301.0,
        274.0,
        383.0,
        373.0,
        341.0,
        330.0,
        280.0,
        255.0,
        263.0,
        236.0,
        227.0,
        221.0,
        204.0,
        165.0,
        163.0,
        154.0,
        151.0,
        178.0,
        135.0,
        148.0,
        157.0,
        139.0,
        141.0,
        128.0,
        126.0,
        135.0,
        127.0,
        139.0,
        156.0,
        123.0,
        131.0,
        104.0,
        132.0,
        153.0,
        146.0,
        130.0,
        138.0,
        134.0,
        148.0,
        154.0,
        125.0,
        150.0,
        129.0,
        151.0,
        151.0,
        144.0,
        160.0,
        164.0,
        128.0,
        142.0,
        140.0,
        141.0,
        142.0,
        124.0,
        130.0,
        146.0,
        119.0,
        111.0,
        123.0,
        131.0,
        133.0,
        122.0,
        147.0,
        120.0,
        139.0,
        146.0,
        104.0,
        132.0,
        159.0,
        153.0,
        170.0,
        164.0,
        177.0,
        170.0,
        152.0,
        203.0,
        165.0,
        189.0,
        196.0,
        184.0,
        191.0,
        177.0,
        186.0,
        191.0,
        214.0,
        251.0,
        228.0,
        242.0,
        210.0,
        209.0,
        194.0,
        177.0,
        191.0,
        189.0,
        190.0,
        188.0,
        232.0,
        220.0,
        208.0,
        252.0,
        251.0,
        247.0,
        217.0,
        243.0,
        234.0,
        285.0,
        265.0,
        239.0,
        233.0,
        172.0,
        181.0,
        116.0,
        120.0,
        116.0,
        110.0,
        92.0,
        101.0,
        101.0,
        83.0,
        72.0,
        83.0,
        73.0,
        61.0,
        84.0,
        89.0,
        67.0,
        107.0,
        81.0,
        84.0,
        79.0,
        79.0,
        90.0,
        115.0,
        91.0,
        97.0,
        97.0,
        109.0,
        75.0,
        97.0,
        77.0,
        76.0,
        68.0,
        68.0,
        92.0,
        80.0,
        85.0,
        79.0,
        78.0,
        92.0,
        95.0,
        68.0,
        92.0,
        109.0,
        98.0,
        99.0,
        97.0,
        89.0,
        106.0,
        105.0,
        106.0,
        105.0,
        99.0,
        118.0,
        94.0,
        110.0,
        114.0,
        117.0,
        107.0,
        74.0,
        119.0,
        109.0,
        137.0,
        168.0,
        127.0,
        161.0,
        140.0,
        131.0,
        112.0,
        129.0,
        154.0,
        153.0,
        192.0,
        218.0,
        228.0,
        192.0,
        188.0,
        170.0,
        129.0,
        194.0,
        246.0,
        163.0,
        149.0,
        167.0,
        174.0,
        252.0,
        266.0,
        253.0,
        230.0,
        194.0,
        196.0,
        192.0,
        230.0,
        231.0,
        185.0,
        241.0,
        235.0,
        260.0,
        265.0,
        224.0,
        148.0,
        19.0,
        7.0,
        9.0,
        4.0,
        4.0,
        5.0,
        4.0,
        4.0,
        2.0,
        4.0,
        0.0,
        0.0,
        1.0,
        0.0,
        1.0,
        0.0,
        0.0,
        0.0,
        0.0,
        0.0,
        0.0,
        0.0,
        0.0,
        0.0,
        0.0,
        0.0,
        0.0,
        0.0,
        0.0,
        0.0,
        0.0,
        0.0,
        0.0,
        0.0,
        0.0,
        0.0,
        0.0,
        0.0
      ],
      "silhouette_mask_path": "C:\\Users\\shrad\\TrendWeave\\MERGE_OUTPUT_FINAL\\Catwalks__Women_s_Colour_A_W_25_26_en\\page_1\\img_1_mask_4.png"
    }
  ],
  "pose_keypoints": null
}